{
    "name": "Pinky4",
    "vendorId": "0x544E",
    "productId": "0x7034",
    "matrix": { "rows": 10, "cols": 7 },
    "layouts": {
        "keymap": [
            {
                "name": "Pinky4",
                "author": "Masayuki Sunahara"
            },
			
  [
    {
      "x": 3,
      "sm": "cherry"
    },
    "0,3",
    {
      "x": 7.25
    },
    "5,3"
  ],
  [
    {
      "y": -0.87,
      "x": 2
    },
    "0,2",
    {
      "x": 1
    },
    "0,4",
    {
      "x": 5.25
    },
    "5,4",
    {
      "x": 1
    },
    "5,2"
  ],
  [
    {
      "y": -0.88,
      "x": 5
    },
    "0,5",
    {
      "x": 3.25
    },
    "5,5"
  ],
  [
    {
      "y": -0.87
    },
    "0,0",
    "0,1",
    {
      "x": 11.25
    },
    "5,1",
    "5,0"
  ],
  [
    {
      "y": -0.88,
      "x": 6
    },
    "0,6",
    {
      "x": 1.25
    },
    "5,6"
  ],
  [
    {
      "y": -0.5,
      "x": 3
    },
    "1,3",
    {
      "x": 7.25
    },
    "6,3"
  ],
  [
    {
      "y": -0.8700000000000001,
      "x": 2
    },
    "1,2",
    {
      "x": 1
    },
    "1,4",
    {
      "x": 5.25
    },
    "6,4",
    {
      "x": 1
    },
    "6,2"
  ],
  [
    {
      "y": -0.8799999999999999,
      "x": 5
    },
    "1,5",
    {
      "x": 3.25
    },
    "6,5"
  ],
  [
    {
      "y": -0.8700000000000001
    },
    "1,0",
    "1,1",
    {
      "x": 11.25
    },
    "6,1",
    "6,0"
  ],
  [
    {
      "y": -0.8799999999999999,
      "x": 6
    },
    "1,6",
    {
      "x": 1.25
    },
    "6,6"
  ],
  [
    {
      "y": -0.5,
      "x": 3
    },
    "2,3",
    {
      "x": 7.25
    },
    "7,3"
  ],
  [
    {
      "y": -0.8700000000000001,
      "x": 2
    },
    "2,2",
    {
      "x": 1
    },
    "2,4",
    {
      "x": 5.25
    },
    "7,4",
    {
      "x": 1
    },
    "7,2"
  ],
  [
    {
      "y": -0.8799999999999999,
      "x": 5
    },
    "2,5",
    {
      "x": 3.25
    },
    "7,5"
  ],
  [
    {
      "y": -0.8700000000000001
    },
    "2,0",
    "2,1",
    {
      "x": 11.25
    },
    "7,1",
    "7,0"
  ],
  [
    {
      "y": -0.8799999999999999,
      "x": 6
    },
    "2,6",
    {
      "x": 1.25
    },
    "7,6"
  ],
  [
    {
      "y": -0.5,
      "x": 3
    },
    "3,3",
    {
      "x": 7.25
    },
    "8,3"
  ],
  [
    {
      "y": -0.8700000000000001,
      "x": 2
    },
    "3,2",
    {
      "x": 1
    },
    "3,4",
    {
      "x": 5.25
    },
    "8,4",
    {
      "x": 1
    },
    "8,2"
  ],
  [
    {
      "y": -0.8799999999999999,
      "x": 5
    },
    "3,5",
    {
      "x": 3.25
    },
    "8,5"
  ],
  [
    {
      "y": -0.8700000000000001
    },
    "3,0",
    "3,1",
    {
      "x": 11.25
    },
    "8,1",
    "8,0"
  ],
  [
    {
      "y": 0.5,
      "x": 3
    },
    "4,3",
    {
      "x": 7.25
    },
    "9,3"
  ],
  [
    {
      "r": 5,
      "rx": 6.5,
      "ry": 3,
      "y": 2.0780000000000003,
      "x": -2.25
    },
    "4,4"
  ],
  [
    {
      "r": 15,
      "y": -2.1980000000000004
    },
    "3,6"
  ],
  [
    {
      "y": 0.3700000000000001,
      "x": -0.7000000000000002
    },
    "4,5"
  ],
  [
    {
      "r": 23,
      "y": -1.04,
      "x": 0.7400000000000002
    },
    "4,6"
  ],
  [
    {
      "r": -23,
      "rx": 9,
      "y": 2.1100000000000003,
      "x": -1.9720000000000004
    },
    "9,6"
  ],
  [
    {
      "r": -15,
      "y": -2.289,
      "x": -1.25
    },
    "8,6"
  ],
  [
    {
      "y": 0.37400000000000055,
      "x": -0.5399999999999991
    },
    "9,5"
  ],
  [
    {
      "r": -5,
      "y": -1.1350000000000007,
      "x": 1
    },
    "9,4"
  ]

        ]
    }
}
