{
    "name": "Dactyl Manuform 5x6",
    "vendorId": "0x444D",
    "productId": "0x3536",
    "lighting": "qmk_rgblight",
    "matrix": {
        "rows": 12,
        "cols": 6
    },
    "layouts": {
        "keymap":
[
  [
    {
      "x": 3,
      "c": "#ebebeb",
      "p": "CHICKLET",
      "f": 4
    },
    "0,3",
    {
      "x": 8.65
    },
    "6,2"
  ],
  [
    {
      "y": -0.95,
      "x": 11.65
    },
    "6,1"
  ],
  [
    {
      "y": -0.9,
      "x": 2
    },
    "0,2",
    {
      "x": 1
    },
    "0,4",
    {
      "x": 8.65
    },
    "6,3"
  ],
  [
    {
      "y": -0.8499999999999999,
      "x": 1
    },
    "0,1",
    {
      "x": 3
    },
    "0,5",
    {
      "x": 4.65
    },
    "6,0",
    {
      "x": 3
    },
    "6,4"
  ],
  [
    {
      "y": -0.8500000000000001
    },
    "0,0",
    {
      "x": 14.65
    },
    "6,5"
  ],
  [
    {
      "y": -0.44999999999999996,
      "x": 3
    },
    "1,3",
    {
      "x": 8.65
    },
    "7,2"
  ],
  [
    {
      "y": -0.95,
      "x": 11.65
    },
    "7,1"
  ],
  [
    {
      "y": -0.8999999999999999,
      "x": 2
    },
    "1,2",
    {
      "x": 1
    },
    "1,4",
    {
      "x": 8.65
    },
    "7,3"
  ],
  [
    {
      "y": -0.8499999999999999,
      "x": 1
    },
    "1,1",
    {
      "x": 3
    },
    "1,5",
    {
      "a": 7,
      "w": 3,
      "h": 2.75,
      "d": true
    },
    "",
    {
      "x": -3,
      "w": 3,
      "h": 2.75,
      "d": true
    },
    "",
    {
      "x": 1.6500000000000004,
      "a": 4
    },
    "7,0",
    {
      "x": 3
    },
    "7,4"
  ],
  [
    {
      "y": -0.8499999999999999
    },
    "1,0",
    {
      "x": 14.65
    },
    "7,5"
  ],
  [
    {
      "y": -0.4500000000000002,
      "x": 3
    },
    "2,3",
    {
      "x": 8.65
    },
    "8,2"
  ],
  [
    {
      "y": -0.8500000000000001,
      "x": 2
    },
    "2,2",
    {
      "x": 1,
      "n": true
    },
    "2,4",
    {
      "x": 6.65,
      "n": true
    },
    "8,1",
    {
      "x": 1
    },
    "8,3"
  ],
  [
    {
      "y": -0.8500000000000001,
      "x": 1
    },
    "2,1",
    {
      "x": 3
    },
    "2,5",
    {
      "x": 4.65
    },
    "8,0",
    {
      "x": 3
    },
    "8,4"
  ],
  [
    {
      "y": -0.8499999999999996,
      "t": "#0d0d0b"
    },
    "2,0",
    {
      "x": 14.65
    },
    "8,5"
  ],
  [
    {
      "y": -0.4500000000000002,
      "x": 3,
      "t": "#000000"
    },
    "3,3",
    {
      "x": 8.65
    },
    "9,2"
  ],
  [
    {
      "y": -0.8500000000000001,
      "x": 2
    },
    "3,2",
    {
      "x": 1
    },
    "3,4",
    {
      "x": 6.65
    },
    "9,1",
    {
      "x": 1
    },
    "9,3"
  ],
  [
    {
      "y": -0.8500000000000005,
      "x": 1
    },
    "3,1",
    {
      "x": 3
    },
    "3,5",
    {
      "x": 4.65
    },
    "9,0",
    {
      "x": 3
    },
    "9,4"
  ],
  [
    {
      "y": -0.8499999999999996
    },
    "3,0",
    {
      "x": 14.65
    },
    "9,5"
  ],
  [
    {
      "y": -0.4500000000000002,
      "x": 3
    },
    "4,3",
    {
      "x": 8.65
    },
    "10,2"
  ],
  [
    {
      "y": -0.8499999999999996,
      "x": 2
    },
    "4,2"
  ],
  [
    {
      "rx": 0.25,
      "y": 4.15,
      "x": 13.4
    },
    "10,3"
  ],
  [
    {
      "r": 15,
      "rx": 0,
      "y": 2.75,
      "x": 6
    },
    "4,4"
  ],
  [
    {
      "y": -0.9500000000000002,
      "x": 7
    },
    "5,5",
    "5,3"
  ],
  [
    {
      "x": 7
    },
    "5,4",
    "5,2"
  ],
  [
    {
      "r": -15,
      "y": 2.299999999999998,
      "x": 7.2
    },
    "11,2"
  ],
  [
    {
      "y": -0.9999999999999982,
      "x": 8.2
    },
    "11,0"
  ],
  [
    {
      "x": 7.2
    },
    "11,3",
    "11,1"
  ],
  [
    {
      "rx": 0.5,
      "y": 6.95,
      "x": 8.7
    },
    "10,1"
  ]
]
    }
}

