{
  "name": "murcielago",
  "vendorId": "0x6166",
  "productId": "0x0001",
  "lighting": "none",
  "matrix": {
    "rows": 12,
    "cols": 6
  },
  "layouts": {
    "keymap": [
      [
        {
          "y": 0.25,
          "x": 3.5
        },
        "0,3",
        {
          "x": 7.5
        },
        "6,2"
      ],
      [
        {
          "y": -0.875,
          "x": 2.5
        },
        "0,2",
        {
          "x": 1
        },
        "0,4",
        {
          "x": 5.5
        },
        "6,1",
        {
          "x": 1
        },
        "6,3"
      ],
      [
        {
          "y": -0.875,
          "x": 1.5
        },
        "0,1",
        {
          "x": 3
        },
        "0,5",
        {
          "x": 3.5
        },
        "6,0",
        {
          "x": 3
        },
        "6,4"
      ],
      [
        {
          "y": -0.825,
          "x": 0.5
        },
        "0,0",
        {
          "x": 13.5
        },
        "6,5"
      ],
      [
        {
          "y": -0.42500000000000004,
          "x": 3.5
        },
        "1,3",
        {
          "x": 7.5
        },
        "7,2"
      ],
      [
        {
          "y": -0.875,
          "x": 2.5
        },
        "1,2",
        {
          "x": 1
        },
        "1,4",
        {
          "x": 5.5
        },
        "7,1",
        {
          "x": 1
        },
        "7,3"
      ],
      [
        {
          "y": -0.875,
          "x": 1.5
        },
        "1,1",
        {
          "x": 3
        },
        "1,5",
        {
          "x": 3.5
        },
        "7,0",
        {
          "x": 3
        },
        "7,4"
      ],
      [
        {
          "y": -0.825,
          "x": 0.5
        },
        "1,0",
        {
          "x": 13.5
        },
        "7,5"
      ],
      [
        {
          "y": -0.4249999999999998,
          "x": 3.5
        },
        "2,3",
        {
          "x": 7.5
        },
        "8,2"
      ],
      [
        {
          "y": -0.875,
          "x": 2.5
        },
        "2,2",
        {
          "x": 1
        },
        "2,4",
        {
          "x": 5.5
        },
        "8,1",
        {
          "x": 1
        },
        "8,3"
      ],
      [
        {
          "y": -0.875,
          "x": 1.5
        },
        "2,1",
        {
          "x": 3
        },
        "2,5",
        {
          "x": 3.5
        },
        "8,0",
        {
          "x": 3
        },
        "8,4"
      ],
      [
        {
          "y": -0.8250000000000002,
          "x": 0.5
        },
        "2,0",
        {
          "x": 13.5
        },
        "8,5"
      ],
      [
        {
          "y": -0.4249999999999998,
          "x": 3.5
        },
        "3,3",
        {
          "x": 7.5
        },
        "9,2"
      ],
      [
        {
          "y": -0.875,
          "x": 2.5
        },
        "3,2",
        {
          "x": 1
        },
        "3,4",
        {
          "x": 5.5
        },
        "9,1",
        {
          "x": 1
        },
        "9,3"
      ],
      [
        {
          "y": -0.875,
          "x": 1.5
        },
        "3,1",
        {
          "x": 3
        },
        "3,5",
        {
          "x": 3.5
        },
        "9,0",
        {
          "x": 3
        },
        "9,4"
      ],
      [
        {
          "y": -0.8250000000000002,
          "x": 0.5
        },
        "3,0",
        {
          "x": 13.5
        },
        "9,5"
      ],
      [
        {
          "r": 2,
          "rx": 10,
          "ry": 4.5,
          "y": -0.25,
          "x": 2.4000000000000004,
          "c": "#aaaaaa"
        },
        "10,3"
      ],
      [
        {
          "r": 4,
          "rx": 6.5,
          "x": -2.3
        },
        "4,3"
      ],
      [
        {
          "r": 10,
          "y": -2,
          "c": "#777777"
        },
        "5,5"
      ],
      [
        {
          "rx": 10,
          "y": -0.7000000000000002,
          "x": 3.4499999999999993,
          "c": "#aaaaaa"
        },
        "10,4"
      ],
      [
        {
          "r": 15,
          "rx": 6.5,
          "y": 0.25,
          "x": -1.0999999999999996
        },
        "4,4"
      ],
      [
        {
          "r": 20,
          "y": -1.25,
          "c": "#777777",
          "h": 1.5
        },
        "4,5"
      ],
      [
        {
          "r": -20,
          "rx": 10,
          "x": -1,
          "h": 1.5
        },
        "10,0"
      ],
      [
        {
          "r": -15,
          "y": -0.75,
          "x": 0.09999999999999964,
          "c": "#aaaaaa"
        },
        "10,1"
      ],
      [
        {
          "r": -10,
          "rx": 6.5,
          "y": -0.7000000000000002,
          "x": -4.45
        },
        "4,1"
      ],
      [
        {
          "rx": 10,
          "y": -1,
          "x": -1,
          "c": "#777777"
        },
        "11,0"
      ],
      [
        {
          "r": -4,
          "x": 1.3000000000000007,
          "c": "#aaaaaa"
        },
        "10,2"
      ],
      [
        {
          "r": -2,
          "rx": 6.5,
          "y": -0.25,
          "x": -3.4
        },
        "4,2"
      ]
    ]
  }
}