{
  "name": "Remnant",
  "lighting": "none",
    "matrix":{ "rows":8, "cols":5 },
    "layouts":{
        "keymap":[
            [{"c":"#000000","x":2.25},"0,2",{"x":9},"4,2"],
            [{"x":1.25,"y":-0.85},"0,1",{"x":1},"0,3",{"x":7},"4,1",{"x":1},"4,3"],
            [{"x":0.25,"y":-0.8499999999999999},"0,0",{"x":3},"0,4",{"x":5},"4,0",{"x":3},"4,4"],
            [{"x":2.25,"y":-0.30000000000000004},"1,2",{"x":9},"5,2"],
            [{"x":1.25,"y":-0.8500000000000001},"1,1",{"x":1},"1,3",{"x":7},"5,1",{"x":1},"5,3"],
            [{"x":0.25,"y":-0.8499999999999999},"1,0",{"x":3},"1,4",{"x":5},"5,0",{"x":3},"5,4"],
            [{"x":2.25,"y":-0.2999999999999998},"2,2",{"x":9},"6,2"],
            [{"x":1.25,"y":-0.8500000000000001},"2,1",{"x":1},"2,3",{"x":7},"6,1",{"x":1},"6,3"],
            [{"x":0.25,"y":-0.8500000000000001},"2,0",{"x":3},"2,4",{"x":5},"6,0",{"x":3},"6,4"],
            [{"x":2.25,"y":-0.2999999999999998},"3,2",{"x":9},"7,2"],
            [{"x":1.25,"y":-0.8500000000000001},"3,1",{"x":11},"7,3"],
            [{"x":3.9,"y":-0.6500000000000004},"3,3",{"x":5.699999999999999},"7,1"],
            [{"x":4.95,"y":-0.8999999999999999},"3,4",{"x":3.6000000000000005},"7,0"]
        ]
    }
}
