// Copyright 2025 QMK -- generated source code only, image retains original copyright
// SPDX-License-Identifier: GPL-2.0-or-later

// This file was auto-generated by `painter_convert_graphics` with arguments:
//    format | pal256
//    output | vial-qmk
//    input  | bao.jpg

// Image's metadata
// ----------------
// Width: 320
// Height: 240
// Single frame

#include <qp.h>

const uint32_t gfx_bao_length = 68290;

// clang-format off
const uint8_t gfx_bao[68290] = {
    0x00, 0xFF, 0x12, 0x00, 0x00, 0x51, 0x47, 0x46, 0x01, 0xC2, 0x0A, 0x01, 0x00, 0x3D, 0xF5, 0xFE,
    0xFF, 0x40, 0x01, 0xF0, 0x00, 0x01, 0x00, 0x01, 0xFE, 0x04, 0x00, 0x00, 0x20, 0x00, 0x00, 0x00,
    0x02, 0xFD, 0x06, 0x00, 0x00, 0x07, 0x00, 0x01, 0xFF, 0xE8, 0x03, 0x03, 0xFC, 0x00, 0x03, 0x00,
    0x00, 0x00, 0xFE, 0x6A, 0x02, 0xFE, 0xE9, 0x01, 0xFF, 0xAA, 0x01, 0xFF, 0x00, 0x00, 0xFD, 0x9B,
    0x02, 0xFF, 0x2A, 0x03, 0xFD, 0x00, 0x01, 0xFD, 0xE2, 0x03, 0xFD, 0x8A, 0x04, 0xFE, 0x63, 0x03,
    0xFD, 0x9B, 0x03, 0xFD, 0xAA, 0x03, 0xFC, 0x91, 0x07, 0xFD, 0x9D, 0x07, 0xFC, 0x8C, 0x0D, 0xFC,
    0x97, 0x09, 0xFB, 0xAA, 0x06, 0xF8, 0x92, 0x10, 0xFB, 0x99, 0x0F, 0xF9, 0x92, 0x14, 0xFA, 0x95,
    0x15, 0xFA, 0x97, 0x12, 0xF7, 0x90, 0x19, 0xF8, 0x92, 0x19, 0xF7, 0x97, 0x10, 0xF3, 0x90, 0x17,
    0xF2, 0x94, 0x22, 0xFA, 0x8B, 0x17, 0xEE, 0x95, 0x14, 0xEF, 0x91, 0x1D, 0xF1, 0x9E, 0x13, 0xED,
    0xDF, 0x1B, 0xE2, 0x8B, 0x25, 0xF2, 0x8F, 0x26, 0xF2, 0x90, 0x26, 0xF0, 0x92, 0x23, 0xF0, 0x8C,
    0x2B, 0xEC, 0x97, 0x2B, 0xF5, 0x8F, 0x1C, 0xE7, 0x8E, 0x2B, 0xEB, 0x8A, 0x30, 0xE8, 0x94, 0x26,
    0xEA, 0x92, 0x32, 0xEE, 0x96, 0x2C, 0xEA, 0x96, 0x3B, 0xF1, 0x8E, 0x2F, 0xE2, 0x92, 0x39, 0xE8,
    0x8F, 0x3E, 0xE6, 0x96, 0x33, 0xE4, 0x94, 0x40, 0xE6, 0xAA, 0x20, 0xDA, 0x98, 0x3A, 0xDF, 0x95,
    0x4D, 0xEB, 0x8E, 0x3C, 0xD7, 0x9D, 0x58, 0xF9, 0x96, 0x3D, 0xD7, 0x94, 0x4F, 0xE4, 0x97, 0x53,
    0xE6, 0x9C, 0x5D, 0xF5, 0x95, 0x47, 0xD6, 0x95, 0x56, 0xE0, 0x99, 0x5C, 0xE7, 0x94, 0x60, 0xDF,
    0xF1, 0x3B, 0xD5, 0xF6, 0x29, 0xBE, 0xF2, 0x25, 0xBC, 0xF6, 0x2F, 0xBB, 0xA3, 0x2B, 0xCB, 0xB1,
    0x25, 0xBF, 0xF2, 0x2A, 0xB6, 0xC1, 0x26, 0xB3, 0xF5, 0x72, 0xF1, 0xF1, 0x43, 0xBA, 0xE9, 0x2D,
    0xAC, 0xEF, 0x3D, 0xAA, 0xCE, 0x2D, 0xA4, 0xE3, 0x34, 0x9F, 0xE3, 0x36, 0x9E, 0xEC, 0x39, 0xA0,
    0x99, 0x5D, 0xE4, 0x95, 0x66, 0xDE, 0x9B, 0x5E, 0xE0, 0x97, 0x6B, 0xDF, 0x93, 0x4E, 0xC9, 0x77,
    0x31, 0xAB, 0x96, 0x4D, 0xC5, 0x7B, 0x30, 0xA4, 0xA0, 0x52, 0xCD, 0xA6, 0x50, 0xCA, 0x8C, 0x36,
    0xA9, 0xA1, 0x37, 0xAF, 0xAE, 0x46, 0xB8, 0xB8, 0x46, 0xAE, 0xD0, 0x28, 0x96, 0xD7, 0x2C, 0x95,
    0x95, 0x6F, 0xD9, 0x99, 0x79, 0xE4, 0x85, 0x4A, 0xAC, 0x92, 0x5D, 0xBE, 0x9D, 0x85, 0xF7, 0x9E,
    0x85, 0xF5, 0x96, 0x67, 0xC5, 0x8C, 0x46, 0xA7, 0x98, 0x84, 0xE5, 0x92, 0x6B, 0xBE, 0x95, 0x7E,
    0xD0, 0x97, 0x9A, 0xEE, 0x9B, 0x89, 0xEB, 0x94, 0x6D, 0xBD, 0x97, 0x86, 0xD5, 0x98, 0x98, 0xE7,
    0x9D, 0x7A, 0xDA, 0x99, 0x83, 0xD2, 0xA0, 0x80, 0xDE, 0xA2, 0x74, 0xCD, 0x95, 0x5D, 0xAF, 0x99,
    0x50, 0xA7, 0xA0, 0x60, 0xB3, 0x9E, 0x4F, 0xA3, 0x99, 0x8C, 0xD6, 0x9D, 0x91, 0xDD, 0x93, 0x76,
    0xB1, 0x95, 0x75, 0xAD, 0x99, 0xA6, 0xEA, 0x91, 0x81, 0xAB, 0x97, 0x86, 0xB6, 0x95, 0x92, 0xB5,
    0xF3, 0x85, 0xF0, 0xF5, 0x96, 0xEB, 0xEA, 0x42, 0xA2, 0xF1, 0x6E, 0xB6, 0xC9, 0x35, 0x99, 0xCC,
    0x2B, 0x93, 0xDB, 0x2B, 0x92, 0xD7, 0x30, 0x92, 0xE3, 0x48, 0x91, 0xAD, 0x59, 0xB3, 0xA6, 0x62,
    0xB3, 0xAF, 0x3F, 0x9C, 0xC2, 0x2A, 0x89, 0xB4, 0x4A, 0x96, 0xBB, 0x63, 0x9A, 0xCC, 0x2B, 0x7B,
    0xDB, 0x3D, 0x78, 0xA0, 0x73, 0xB5, 0xA5, 0x71, 0xB1, 0x9B, 0x99, 0xC2, 0x9D, 0x94, 0xB3, 0x9C,
    0x5F, 0x99, 0xA2, 0x5C, 0x95, 0x96, 0x7A, 0x96, 0x9B, 0x7E, 0x97, 0xA8, 0x70, 0xA6, 0xA1, 0x83,
    0xA3, 0x9C, 0x99, 0xA4, 0x9F, 0x94, 0xA1, 0xAA, 0x4F, 0x87, 0xB8, 0x33, 0x71, 0x9D, 0x6E, 0x86,
    0x99, 0x89, 0x89, 0xF4, 0xA9, 0xDF, 0xED, 0x83, 0x95, 0xCE, 0x49, 0x72, 0xDE, 0x63, 0x6E, 0xF3,
    0xBA, 0xB0, 0xF0, 0xAA, 0x87, 0xE8, 0x85, 0x6D, 0xEF, 0xA2, 0x6E, 0xAC, 0x5A, 0x81, 0xB4, 0x6C,
    0x7C, 0xBB, 0x3F, 0x65, 0xCA, 0x47, 0x5D, 0xC5, 0x6B, 0x64, 0xDC, 0x5E, 0x56, 0xE0, 0x78, 0x57,
    0xE9, 0x9B, 0x57, 0xA0, 0x8F, 0x95, 0xA4, 0x88, 0x8E, 0x9F, 0x6A, 0x73, 0xA5, 0x65, 0x6F, 0xAD,
    0x76, 0x79, 0xA6, 0x84, 0x7D, 0xB2, 0x4E, 0x5E, 0xA7, 0x56, 0x5E, 0xAF, 0x6C, 0x67, 0xB4, 0x75,
    0x62, 0xBD, 0x4D, 0x4F, 0xC5, 0x55, 0x4B, 0xC1, 0x6A, 0x4F, 0xCC, 0x51, 0x42, 0xD4, 0x65, 0x41,
    0xE4, 0x8E, 0x42, 0x99, 0xAA, 0x99, 0x9B, 0xA5, 0x8E, 0x9D, 0xA7, 0x8F, 0x9A, 0x99, 0x78, 0xA0,
    0xA1, 0x86, 0x9D, 0x8B, 0x6E, 0x9E, 0xB3, 0x8A, 0x96, 0xA3, 0x67, 0xA3, 0x9A, 0x7C, 0xA5, 0x9B,
    0x78, 0xA3, 0x8E, 0x6D, 0xA1, 0x6A, 0x56, 0xA1, 0xB2, 0x82, 0x9E, 0xBE, 0x7F, 0x9E, 0x9E, 0x6A,
    0x9A, 0xB2, 0x68, 0xA7, 0x9C, 0x77, 0xA4, 0xAC, 0x78, 0xA7, 0x8B, 0x68, 0xA2, 0x9F, 0x68, 0xAB,
    0x6A, 0x56, 0xAF, 0x4F, 0x47, 0xA2, 0x8A, 0x5A, 0xA1, 0x77, 0x4F, 0xA2, 0xBD, 0x85, 0xA1, 0xBB,
    0x7C, 0xA2, 0xBD, 0x7D, 0xA0, 0xC4, 0x7E, 0xA0, 0xB8, 0x73, 0x9F, 0xC0, 0x73, 0x9E, 0x9A, 0x59,
    0x9C, 0xB3, 0x5E, 0xAA, 0x87, 0x5E, 0xAB, 0x70, 0x4F, 0xA4, 0x96, 0x5A, 0xA4, 0x89, 0x50, 0xB6,
    0x5A, 0x44, 0xBD, 0x5F, 0x40, 0xA5, 0x69, 0x46, 0xAA, 0x66, 0x43, 0xA3, 0xBC, 0x76, 0xA3, 0xAC,
    0x63, 0xA1, 0xC5, 0x74, 0xA0, 0xC1, 0x67, 0xA1, 0x9A, 0x54, 0xA1, 0x83, 0x46, 0x9F, 0xAA, 0x54,
    0x9A, 0x9D, 0x44, 0xBC, 0x6F, 0x40, 0xAA, 0x78, 0x44, 0xC5, 0x53, 0x34, 0xAE, 0x58, 0x34, 0xA4,
    0xB8, 0x62, 0xA1, 0x98, 0x43, 0xA1, 0x78, 0x37, 0x99, 0xAA, 0x39, 0xC1, 0x6E, 0x33, 0xAD, 0x6E,
    0x33, 0xA0, 0x9F, 0x3B, 0x9E, 0x8A, 0x30, 0xB9, 0x77, 0x2F, 0xE2, 0x87, 0x22, 0xA7, 0x89, 0x25,
    0x05, 0xFA, 0x8D, 0x07, 0x01, 0x06, 0x37, 0x0B, 0x2D, 0x80, 0x35, 0x02, 0x39, 0x03, 0x2D, 0x80,
    0x26, 0x03, 0x2D, 0x80, 0x2B, 0x0A, 0x26, 0x81, 0x32, 0x35, 0x05, 0x26, 0x02, 0x39, 0x0C, 0x26,
    0x81, 0x2B, 0x2D, 0x03, 0x39, 0x86, 0x30, 0x2D, 0x2B, 0x2D, 0x39, 0x3D, 0x2D, 0x04, 0x2F, 0x04,
    0x32, 0x02, 0x35, 0x83, 0x3D, 0x35, 0x39, 0x54, 0x02, 0x39, 0x02, 0x3A, 0x06, 0x3D, 0x82, 0x63,
    0x66, 0x63, 0x03, 0x3F, 0x02, 0x51, 0x80, 0x60, 0x04, 0x51, 0x09, 0x60, 0x82, 0x6A, 0x6D, 0x69,
    0x02, 0x66, 0x02, 0x60, 0x07, 0x66, 0x83, 0x6A, 0x7A, 0x6A, 0x66, 0x02, 0x6A, 0x80, 0x69, 0x04,
    0x6A, 0x0A, 0x6D, 0x03, 0x7A, 0x80, 0x6D, 0x04, 0x7A, 0x80, 0x7B, 0x07, 0x7A, 0x02, 0x7D, 0x82,
    0x7B, 0x7A, 0x7B, 0x02, 0x7A, 0x83, 0x7B, 0x7A, 0x7D, 0x7A, 0x0D, 0x7B, 0x81, 0x7D, 0x7B, 0x05,
    0x7D, 0x80, 0x97, 0x08, 0x7D, 0x02, 0x97, 0x02, 0x7D, 0x04, 0x97, 0x80, 0x7D, 0x03, 0x97, 0x03,
    0x7F, 0x0E, 0x7D, 0x06, 0x7B, 0x0D, 0x7A, 0x06, 0x6D, 0x02, 0x7D, 0x80, 0x7A, 0x03, 0x6D, 0x07,
    0x6A, 0x06, 0x71, 0x80, 0x7A, 0x03, 0x71, 0x02, 0x7E, 0x80, 0x7A, 0x04, 0x6A, 0x81, 0x7A, 0x71,
    0x0B, 0x6A, 0x02, 0x60, 0x02, 0x6A, 0x81, 0x60, 0x7A, 0x03, 0x7D, 0x06, 0x97, 0x80, 0x35, 0x0F,
    0x2D, 0x80, 0x2B, 0x03, 0x39, 0x80, 0x2B, 0x05, 0x26, 0x80, 0x30, 0x0B, 0x26, 0x82, 0x30, 0x35,
    0x22, 0x02, 0x26, 0x83, 0x22, 0x26, 0x32, 0x39, 0x0C, 0x26, 0x02, 0x2B, 0x03, 0x39, 0x80, 0x2D,
    0x03, 0x2B, 0x02, 0x39, 0x82, 0x2D, 0x2F, 0x2D, 0x04, 0x2F, 0x02, 0x32, 0x03, 0x35, 0x83, 0x32,
    0x34, 0x39, 0x35, 0x02, 0x39, 0x03, 0x3A, 0x04, 0x3D, 0x80, 0x60, 0x02, 0x63, 0x05, 0x3F, 0x80,
    0x66, 0x06, 0x51, 0x08, 0x60, 0x82, 0x66, 0x6D, 0x66, 0x06, 0x60, 0x04, 0x66, 0x83, 0x6A, 0x7A,
    0x6A, 0x66, 0x07, 0x6A, 0x04, 0x6D, 0x80, 0x6A, 0x06, 0x6D, 0x02, 0x7A, 0x05, 0x6D, 0x80, 0x7B,
    0x07, 0x7A, 0x02, 0x7D, 0x07, 0x7A, 0x80, 0x7B, 0x02, 0x7A, 0x02, 0x7B, 0x80, 0x7A, 0x0B, 0x7B,
    0x0A, 0x7D, 0x80, 0x7B, 0x07, 0x7D, 0x80, 0x97, 0x0C, 0x7D, 0x80, 0x7F, 0x0B, 0x7D, 0x03, 0x7B,
    0x80, 0x7E, 0x02, 0x7B, 0x0C, 0x7A, 0x07, 0x6D, 0x02, 0x7D, 0x05, 0x6D, 0x06, 0x6A, 0x05, 0x71,
    0x82, 0x6A, 0x7A, 0x6A, 0x02, 0x71, 0x83, 0x7A, 0x7E, 0x7A, 0x6E, 0x03, 0x6A, 0x02, 0x71, 0x0B,
    0x6A, 0x02, 0x60, 0x02, 0x6A, 0x81, 0x60, 0x7A, 0x04, 0x7D, 0x05, 0x97, 0x0D, 0x2D, 0x04, 0x26,
    0x82, 0x39, 0x35, 0x39, 0x05, 0x26, 0x83, 0x22, 0x39, 0x26, 0x1B, 0x04, 0x26, 0x80, 0x1B, 0x04,
    0x26, 0x82, 0x2D, 0x35, 0x1B, 0x04, 0x26, 0x02, 0x32, 0x0E, 0x26, 0x82, 0x32, 0x39, 0x35, 0x03,
    0x2B, 0x80, 0x2D, 0x02, 0x39, 0x04, 0x2D, 0x03, 0x2F, 0x07, 0x32, 0x80, 0x34, 0x04, 0x39, 0x04,
    0x3A, 0x02, 0x3D, 0x83, 0x56, 0x63, 0x56, 0x3D, 0x02, 0x3F, 0x82, 0x51, 0x3F, 0x66, 0x07, 0x51,
    0x07, 0x60, 0x81, 0x66, 0x69, 0x08, 0x60, 0x03, 0x66, 0x81, 0x6A, 0x6D, 0x09, 0x66, 0x80, 0x69,
    0x02, 0x66, 0x80, 0x6D, 0x02, 0x66, 0x05, 0x6D, 0x80, 0x7A, 0x06, 0x6D, 0x02, 0x7A, 0x81, 0x6D,
    0x7A, 0x03, 0x6D, 0x80, 0x7A, 0x02, 0x7D, 0x15, 0x7A, 0x04, 0x7B, 0x02, 0x7D, 0x02, 0x7B, 0x81,
    0x7D, 0x7B, 0x20, 0x7D, 0x80, 0x7B, 0x03, 0x7D, 0x05, 0x7B, 0x02, 0x7A, 0x80, 0x7B, 0x0A, 0x7A,
    0x07, 0x6D, 0x02, 0x7A, 0x03, 0x6D, 0x06, 0x6A, 0x02, 0x71, 0x81, 0x7A, 0x71, 0x04, 0x6A, 0x80,
    0x7A, 0x02, 0x6A, 0x83, 0x71, 0x7A, 0x7E, 0x7A, 0x04, 0x6A, 0x02, 0x71, 0x09, 0x6A, 0x04, 0x60,
    0x02, 0x6A, 0x81, 0x60, 0x7A, 0x04, 0x7D, 0x05, 0x97, 0x08, 0x2D, 0x08, 0x26, 0x83, 0x22, 0x39,
    0x35, 0x39, 0x02, 0x26, 0x8A, 0x1B, 0x26, 0x22, 0x1B, 0x35, 0x26, 0x1B, 0x22, 0x1B, 0x22, 0x26,
    0x04, 0x1B, 0x82, 0x26, 0x2B, 0x32, 0x02, 0x22, 0x82, 0x26, 0x1B, 0x22, 0x02, 0x32, 0x0F, 0x26,
    0x81, 0x39, 0x32, 0x04, 0x2B, 0x02, 0x39, 0x06, 0x2D, 0x02, 0x2F, 0x06, 0x32, 0x02, 0x35, 0x03,
    0x39, 0x81, 0x3A, 0x39, 0x02, 0x3A, 0x02, 0x3D, 0x82, 0x56, 0x66, 0x60, 0x02, 0x3D, 0x03, 0x3F,
    0x80, 0x60, 0x03, 0x51, 0x80, 0x3F, 0x03, 0x51, 0x07, 0x60, 0x81, 0x66, 0x69, 0x0A, 0x60, 0x02,
    0x6A, 0x80, 0x6D, 0x02, 0x66, 0x80, 0x60, 0x03, 0x66, 0x80, 0x6A, 0x02, 0x66, 0x80, 0x69, 0x02,
    0x66, 0x80, 0x6D, 0x05, 0x66, 0x84, 0x6A, 0x6D, 0x7A, 0x6D, 0x69, 0x04, 0x6D, 0x02, 0x7A, 0x06,
    0x6D, 0x02, 0x7D, 0x80, 0x7A, 0x03, 0x6D, 0x80, 0x7A, 0x02, 0x6D, 0x0F, 0x7A, 0x03, 0x7B, 0x02,
    0x7D, 0x02, 0x7B, 0x80, 0x7D, 0x02, 0x7B, 0x80, 0x7D, 0x03, 0x7B, 0x81, 0x7D, 0x7B, 0x19, 0x7D,
    0x80, 0x7B, 0x02, 0x7D, 0x06, 0x7B, 0x0D, 0x7A, 0x07, 0x6D, 0x02, 0x7A, 0x03, 0x6D, 0x07, 0x6A,
    0x82, 0x71, 0x7A, 0x71, 0x04, 0x6A, 0x80, 0x7A, 0x02, 0x6A, 0x83, 0x71, 0x7A, 0x7E, 0x7A, 0x04,
    0x6A, 0x02, 0x71, 0x09, 0x6A, 0x07, 0x60, 0x80, 0x6D, 0x04, 0x7D, 0x05, 0x97, 0x03, 0x2D, 0x0D,
    0x26, 0x83, 0x1B, 0x32, 0x30, 0x32, 0x06, 0x1B, 0x81, 0x35, 0x26, 0x04, 0x1B, 0x80, 0x2E, 0x04,
    0x1B, 0x83, 0x22, 0x2B, 0x32, 0x1B, 0x02, 0x22, 0x02, 0x1B, 0x02, 0x32, 0x02, 0x26, 0x80, 0x22,
    0x0B, 0x26, 0x80, 0x2B, 0x02, 0x32, 0x02, 0x26, 0x02, 0x2B, 0x02, 0x39, 0x07, 0x2D, 0x80, 0x2F,
    0x07, 0x32, 0x80, 0x35, 0x05, 0x39, 0x04, 0x3A, 0x82, 0x56, 0x63, 0x54, 0x02, 0x3D, 0x05, 0x3F,
    0x02, 0x51, 0x80, 0x3F, 0x05, 0x51, 0x81, 0x60, 0x51, 0x03, 0x60, 0x82, 0x66, 0x6D, 0x66, 0x0B,
    0x60, 0x80, 0x6D, 0x07, 0x60, 0x02, 0x66, 0x80, 0x6A, 0x02, 0x66, 0x80, 0x6D, 0x05, 0x66, 0x84,
    0x6A, 0x69, 0x7A, 0x6D, 0x66, 0x02, 0x69, 0x02, 0x6D, 0x80, 0x7A, 0x07, 0x6D, 0x81, 0x7B, 0x7D,
    0x0A, 0x6D, 0x04, 0x7A, 0x80, 0x6D, 0x08, 0x7A, 0x02, 0x7B, 0x02, 0x7D, 0x02, 0x7B, 0x80, 0x7D,
    0x0B, 0x7B, 0x11, 0x7D, 0x02, 0x7B, 0x03, 0x7D, 0x80, 0x7B, 0x02, 0x7D, 0x06, 0x7B, 0x0D, 0x7A,
    0x07, 0x6D, 0x80, 0x7A, 0x04, 0x6D, 0x04, 0x6A, 0x80, 0x6D, 0x02, 0x6A, 0x83, 0x71, 0x7E, 0x6D,
    0x71, 0x03, 0x6A, 0x80, 0x7A, 0x02, 0x6A, 0x02, 0x71, 0x81, 0x7E, 0x7A, 0x04, 0x6A, 0x02, 0x71,
    0x09, 0x6A, 0x07, 0x60, 0x80, 0x6D, 0x04, 0x7D, 0x04, 0x97, 0x80, 0xA0, 0x0C, 0x26, 0x80, 0x22,
    0x04, 0x1B, 0x83, 0x32, 0x2F, 0x32, 0x26, 0x05, 0x1B, 0x81, 0x36, 0x2B, 0x04, 0x1B, 0x80, 0x30,
    0x05, 0x1B, 0x81, 0x2B, 0x32, 0x05, 0x1B, 0x82, 0x30, 0x32, 0x26, 0x02, 0x22, 0x0C, 0x26, 0x02,
    0x32, 0x02, 0x26, 0x81, 0x2B, 0x26, 0x02, 0x39, 0x07, 0x2D, 0x05, 0x2F, 0x05, 0x32, 0x06, 0x39,
    0x81, 0x3A, 0x39, 0x02, 0x56, 0x80, 0x54, 0x06, 0x3D, 0x04, 0x3F, 0x02, 0x51, 0x80, 0x52, 0x04,
    0x51, 0x02, 0x53, 0x83, 0x51, 0x66, 0x69, 0x66, 0x0B, 0x60, 0x80, 0x6D, 0x07, 0x60, 0x03, 0x66,
    0x80, 0x60, 0x08, 0x66, 0x82, 0x69, 0x6D, 0x69, 0x04, 0x66, 0x05, 0x6D, 0x03, 0x69, 0x82, 0x6D,
    0x7A, 0x7B, 0x0F, 0x6D, 0x81, 0x7A, 0x74, 0x07, 0x7A, 0x81, 0x7B, 0x7E, 0x03, 0x7B, 0x81, 0x7D,
    0x7A, 0x0A, 0x7B, 0x11, 0x7D, 0x02, 0x7B, 0x06, 0x7D, 0x05, 0x7B, 0x0B, 0x7A, 0x0A, 0x6D, 0x80,
    0x7A, 0x04, 0x6D, 0x08, 0x6A, 0x02, 0x7A, 0x80, 0x71, 0x03, 0x6A, 0x80, 0x71, 0x03, 0x6A, 0x82,
    0x71, 0x7E, 0x7A, 0x05, 0x6A, 0x80, 0x71, 0x08, 0x6A, 0x08, 0x60, 0x80, 0x6D, 0x05, 0x7D, 0x03,
    0x97, 0x80, 0xA0, 0x04, 0x26, 0x82, 0x1B, 0x26, 0x22, 0x0A, 0x1B, 0x80, 0x32, 0x02, 0x2F, 0x80,
    0x22, 0x05, 0x1B, 0x81, 0x30, 0x2F, 0x04, 0x1B, 0x80, 0x30, 0x05, 0x1B, 0x81, 0x26, 0x32, 0x05,
    0x1B, 0x02, 0x30, 0x06, 0x1B, 0x03, 0x26, 0x80, 0x1B, 0x02, 0x22, 0x03, 0x26, 0x81, 0x30, 0x32,
    0x02, 0x26, 0x81, 0x2B, 0x26, 0x02, 0x39, 0x81, 0x2D, 0x2B, 0x06, 0x2D, 0x05, 0x2F, 0x04, 0x32,
    0x02, 0x35, 0x06, 0x39, 0x03, 0x54, 0x80, 0x3A, 0x06, 0x3D, 0x09, 0x3F, 0x04, 0x51, 0x83, 0x66,
    0x69, 0x66, 0x51, 0x0A, 0x60, 0x80, 0x6D, 0x0C, 0x60, 0x02, 0x66, 0x81, 0x60, 0x66, 0x02, 0x60,
    0x02, 0x66, 0x81, 0x6D, 0x69, 0x05, 0x66, 0x02, 0x6D, 0x06, 0x66, 0x02, 0x7A, 0x02, 0x6D, 0x80,
    0x66, 0x11, 0x6D, 0x05, 0x7A, 0x80, 0x74, 0x03, 0x7A, 0x82, 0x7D, 0x7A, 0x7B, 0x02, 0x7A, 0x08,
    0x7B, 0x0B, 0x7D, 0x80, 0x7B, 0x04, 0x7D, 0x04, 0x7B, 0x81, 0x7D, 0x7B, 0x02, 0x7D, 0x05, 0x7B,
    0x0B, 0x7A, 0x0F, 0x6D, 0x08, 0x6A, 0x02, 0x6D, 0x08, 0x6A, 0x82, 0x71, 0x7E, 0x7A, 0x05, 0x6A,
    0x80, 0x71, 0x07, 0x6A, 0x05, 0x60, 0x80, 0x53, 0x02, 0x60, 0x82, 0x53, 0x69, 0x7A, 0x02, 0x7D,
    0x81, 0x7A, 0x7D, 0x03, 0x97, 0x80, 0xA0, 0x11, 0x1B, 0x82, 0x2F, 0x2B, 0x22, 0x05, 0x1B, 0x82,
    0x18, 0x30, 0x2F, 0x04, 0x1B, 0x81, 0x30, 0x18, 0x04, 0x1B, 0x81, 0x22, 0x30, 0x04, 0x1B, 0x80,
    0x21, 0x02, 0x30, 0x0B, 0x1B, 0x80, 0x22, 0x02, 0x1B, 0x82, 0x26, 0x2F, 0x2D, 0x04, 0x26, 0x83,
    0x32, 0x39, 0x2F, 0x2B, 0x02, 0x2D, 0x80, 0x2B, 0x04, 0x2D, 0x04, 0x2F, 0x81, 0x32, 0x2F, 0x03,
    0x32, 0x80, 0x35, 0x03, 0x34, 0x03, 0x39, 0x02, 0x54, 0x80, 0x3F, 0x06, 0x3D, 0x02, 0x3F, 0x03,
    0x3D, 0x04, 0x3F, 0x04, 0x51, 0x02, 0x60, 0x81, 0x69, 0x66, 0x07, 0x51, 0x84, 0x60, 0x51, 0x60,
    0x66, 0x6D, 0x05, 0x60, 0x80, 0x36, 0x08, 0x60, 0x80, 0x66, 0x03, 0x60, 0x02, 0x66, 0x80, 0x69,
    0x02, 0x66, 0x80, 0x60, 0x04, 0x66, 0x80, 0x6D, 0x06, 0x66, 0x02, 0x7A, 0x80, 0x69, 0x02, 0x66,
    0x03, 0x69, 0x82, 0x6D, 0x69, 0x66, 0x0C, 0x6D, 0x03, 0x74, 0x85, 0x6D, 0x74, 0x7A, 0x6D, 0x7A,
    0x7B, 0x02, 0x7A, 0x80, 0x7D, 0x05, 0x7A, 0x08, 0x7B, 0x85, 0x7D, 0x7B, 0x7D, 0x7B, 0x7D, 0x7E,
    0x0E, 0x7B, 0x02, 0x7A, 0x02, 0x7B, 0x81, 0x7A, 0x7B, 0x08, 0x7A, 0x02, 0x6D, 0x03, 0x7A, 0x0D,
    0x6D, 0x07, 0x6A, 0x81, 0x71, 0x7A, 0x08, 0x6A, 0x80, 0x6D, 0x02, 0x7A, 0x0D, 0x6A, 0x06, 0x60,
    0x03, 0x53, 0x80, 0x6D, 0x05, 0x7A, 0x80, 0x7D, 0x03, 0x97, 0x11, 0x1B, 0x83, 0x2F, 0x32, 0x1B,
    0x18, 0x04, 0x17, 0x82, 0x18, 0x2E, 0x2F, 0x03, 0x1B, 0x83, 0x17, 0x2F, 0x17, 0x1B, 0x02, 0x17,
    0x82, 0x1B, 0x21, 0x2F, 0x05, 0x1B, 0x81, 0x2F, 0x30, 0x0E, 0x1B, 0x07, 0x26, 0x82, 0x32, 0x39,
    0x2F, 0x04, 0x2B, 0x07, 0x2D, 0x03, 0x2F, 0x04, 0x32, 0x80, 0x34, 0x03, 0x32, 0x85, 0x35, 0x39,
    0x3F, 0x51, 0x3F, 0x39, 0x04, 0x3A, 0x06, 0x3D, 0x06, 0x3F, 0x02, 0x51, 0x02, 0x60, 0x02, 0x66,
    0x80, 0x3F, 0x09, 0x51, 0x82, 0x66, 0x6D, 0x51, 0x03, 0x60, 0x82, 0x53, 0x56, 0x51, 0x0C, 0x60,
    0x82, 0x66, 0x69, 0x66, 0x03, 0x60, 0x03, 0x66, 0x80, 0x69, 0x06, 0x66, 0x85, 0x6D, 0x7A, 0x66,
    0x63, 0x66, 0x63, 0x02, 0x66, 0x81, 0x6D, 0x69, 0x06, 0x66, 0x02, 0x6D, 0x82, 0x66, 0x56, 0x69,
    0x04, 0x6D, 0x80, 0x74, 0x04, 0x6D, 0x02, 0x7A, 0x82, 0x6D, 0x7A, 0x7D, 0x06, 0x7A, 0x0C, 0x7B,
    0x80, 0x7E, 0x0E, 0x7B, 0x02, 0x7A, 0x80, 0x7B, 0x04, 0x7A, 0x81, 0x7E, 0x7B, 0x06, 0x7A, 0x10,
    0x6D, 0x80, 0x66, 0x07, 0x6A, 0x81, 0x6D, 0x7A, 0x08, 0x6A, 0x80, 0x71, 0x02, 0x7A, 0x09, 0x6A,
    0x80, 0x60, 0x03, 0x6A, 0x04, 0x60, 0x81, 0x66, 0x60, 0x03, 0x53, 0x80, 0x69, 0x04, 0x7A, 0x81,
    0x6D, 0x7D, 0x02, 0x97, 0x80, 0x7D, 0x08, 0x1B, 0x82, 0x14, 0x17, 0x15, 0x02, 0x17, 0x04, 0x15,
    0x82, 0x2E, 0x30, 0x17, 0x04, 0x15, 0x02, 0x17, 0x81, 0x2C, 0x31, 0x02, 0x15, 0x84, 0x17, 0x18,
    0x29, 0x1B, 0x17, 0x02, 0x15, 0x82, 0x18, 0x1B, 0x2F, 0x02, 0x17, 0x02, 0x18, 0x80, 0x22, 0x02,
    0x2F, 0x0A, 0x1B, 0x80, 0x1E, 0x04, 0x22, 0x06, 0x26, 0x83, 0x2F, 0x32, 0x2F, 0x26, 0x02, 0x2B,
    0x80, 0x2D, 0x02, 0x2B, 0x04, 0x2D, 0x81, 0x2F, 0x2D, 0x04, 0x2F, 0x08, 0x32, 0x82, 0x35, 0x3F,
    0x3D, 0x02, 0x39, 0x04, 0x3A, 0x09, 0x3D, 0x04, 0x3F, 0x02, 0x60, 0x02, 0x66, 0x80, 0x50, 0x03,
    0x3F, 0x06, 0x51, 0x81, 0x60, 0x69, 0x03, 0x51, 0x86, 0x60, 0x51, 0x60, 0x51, 0x54, 0x60, 0x51,
    0x03, 0x53, 0x05, 0x60, 0x88, 0x54, 0x60, 0x69, 0x66, 0x54, 0x56, 0x54, 0x56, 0x60, 0x02, 0x66,
    0x02, 0x56, 0x81, 0x63, 0x66, 0x02, 0x56, 0x89, 0x6D, 0x74, 0x63, 0x56, 0x6A, 0x63, 0x66, 0x63,
    0x3C, 0x56, 0x02, 0x63, 0x82, 0x66, 0x63, 0x6A, 0x02, 0x66, 0x82, 0x6D, 0x63, 0x66, 0x04, 0x6D,
    0x80, 0x69, 0x02, 0x6D, 0x80, 0x74, 0x03, 0x6D, 0x02, 0x7A, 0x80, 0x6D, 0x0E, 0x7A, 0x12, 0x7B,
    0x08, 0x7A, 0x02, 0x7E, 0x81, 0x91, 0x7B, 0x02, 0x7A, 0x0A, 0x6D, 0x80, 0x7A, 0x06, 0x6D, 0x82,
    0x66, 0x6D, 0x66, 0x08, 0x6A, 0x80, 0x6D, 0x09, 0x6A, 0x02, 0x7A, 0x08, 0x6A, 0x03, 0x60, 0x02,
    0x6A, 0x04, 0x60, 0x80, 0x6A, 0x03, 0x53, 0x82, 0x51, 0x6A, 0x6D, 0x02, 0x7A, 0x82, 0x7D, 0x7A,
    0x7D, 0x02, 0x97, 0x80, 0x7D, 0x07, 0x17, 0x83, 0x15, 0x14, 0x17, 0x1B, 0x06, 0x15, 0x82, 0x2E,
    0x30, 0x18, 0x04, 0x15, 0x84, 0x17, 0x14, 0x2A, 0x2E, 0x14, 0x02, 0x15, 0x82, 0x17, 0x29, 0x17,
    0x03, 0x15, 0x82, 0x18, 0x17, 0x1B, 0x02, 0x17, 0x85, 0x1B, 0x18, 0x22, 0x2B, 0x2C, 0x17, 0x09,
    0x1B, 0x80, 0x1E, 0x04, 0x1B, 0x02, 0x22, 0x04, 0x26, 0x83, 0x2F, 0x32, 0x2F, 0x26, 0x02, 0x2B,
    0x80, 0x2F, 0x03, 0x2B, 0x06, 0x2D, 0x04, 0x2F, 0x07, 0x32, 0x83, 0x35, 0x3F, 0x39, 0x35, 0x02,
    0x39, 0x05, 0x3A, 0x09, 0x3D, 0x02, 0x3F, 0x81, 0x51, 0x60, 0x02, 0x66, 0x05, 0x3F, 0x80, 0x51,
    0x03, 0x3F, 0x82, 0x52, 0x60, 0x66, 0x02, 0x3F, 0x80, 0x60, 0x03, 0x51, 0x80, 0x60, 0x02, 0x54,
    0x80, 0x2E, 0x08, 0x51, 0x83, 0x54, 0x63, 0x6A, 0x56, 0x03, 0x54, 0x02, 0x56, 0x82, 0x60, 0x66,
    0x56, 0x03, 0x54, 0x81, 0x24, 0x63, 0x02, 0x6D, 0x82, 0x63, 0x56, 0x63, 0x02, 0x54, 0x82, 0x56,
    0x63, 0x56, 0x03, 0x63, 0x82, 0x3C, 0x63, 0x66, 0x02, 0x63, 0x81, 0x54, 0x60, 0x02, 0x66, 0x80,
    0x69, 0x02, 0x66, 0x02, 0x6D, 0x80, 0x66, 0x04, 0x6D, 0x83, 0x67, 0x32, 0x7A, 0x7B, 0x02, 0x6D,
    0x02, 0x7A, 0x80, 0x6D, 0x08, 0x7A, 0x0E, 0x7B, 0x0C, 0x7A, 0x81, 0x7E, 0x7B, 0x03, 0x7A, 0x81,
    0x6D, 0x7A, 0x0F, 0x6D, 0x02, 0x66, 0x80, 0x6D, 0x08, 0x6A, 0x80, 0x7A, 0x09, 0x6A, 0x02, 0x7A,
    0x08, 0x6A, 0x81, 0x60, 0x6A, 0x06, 0x60, 0x82, 0x53, 0x6A, 0x60, 0x02, 0x53, 0x82, 0x51, 0x6A,
    0x6D, 0x02, 0x7A, 0x04, 0x7D, 0x81, 0x97, 0x7D, 0x04, 0x15, 0x80, 0x14, 0x02, 0x15, 0x81, 0x14,
    0x15, 0x02, 0x1B, 0x06, 0x14, 0x82, 0x2C, 0x2E, 0x1B, 0x04, 0x14, 0x88, 0x17, 0x14, 0x2A, 0x2E,
    0x14, 0x24, 0x14, 0x17, 0x29, 0x04, 0x15, 0x02, 0x17, 0x80, 0x15, 0x03, 0x17, 0x84, 0x18, 0x17,
    0x1B, 0x25, 0x18, 0x0F, 0x1B, 0x80, 0x22, 0x04, 0x26, 0x82, 0x2C, 0x32, 0x2F, 0x02, 0x26, 0x81,
    0x2B, 0x30, 0x04, 0x2B, 0x06, 0x2D, 0x03, 0x2F, 0x02, 0x30, 0x06, 0x32, 0x02, 0x35, 0x03, 0x39,
    0x02, 0x3A, 0x03, 0x39, 0x02, 0x3A, 0x0A, 0x3D, 0x80, 0x60, 0x02, 0x66, 0x80, 0x3E, 0x02, 0x3D,
    0x03, 0x3F, 0x80, 0x50, 0x03, 0x3F, 0x81, 0x51, 0x66, 0x02, 0x3F, 0x80, 0x60, 0x02, 0x51, 0x82,
    0x3F, 0x60, 0x52, 0x02, 0x50, 0x80, 0x3F, 0x02, 0x51, 0x02, 0x3F, 0x80, 0x51, 0x02, 0x3F, 0x81,
    0x3C, 0x2E, 0x02, 0x60, 0x81, 0x52, 0x51, 0x04, 0x54, 0x80, 0x63, 0x03, 0x54, 0x80, 0x60, 0x02,
    0x54, 0x82, 0x66, 0x63, 0x66, 0x04, 0x63, 0x82, 0x66, 0x69, 0x56, 0x04, 0x63, 0x87, 0x56, 0x3F,
    0x63, 0x66, 0x63, 0x56, 0x6D, 0x66, 0x02, 0x63, 0x80, 0x2B, 0x02, 0x63, 0x81, 0x30, 0x69, 0x03,
    0x6D, 0x02, 0x74, 0x02, 0x7A, 0x05, 0x6D, 0x0C, 0x7A, 0x80, 0x7B, 0x04, 0x7A, 0x81, 0x7B, 0x7A,
    0x02, 0x7B, 0x0C, 0x7A, 0x80, 0x6D, 0x05, 0x7A, 0x81, 0x6D, 0x7A, 0x0F, 0x6D, 0x02, 0x66, 0x80,
    0x6D, 0x08, 0x6A, 0x80, 0x7A, 0x09, 0x6A, 0x81, 0x7A, 0x6D, 0x07, 0x6A, 0x80, 0x60, 0x02, 0x6A,
    0x07, 0x60, 0x80, 0x6A, 0x03, 0x53, 0x82, 0x51, 0x6A, 0x6D, 0x02, 0x7A, 0x02, 0x7D, 0x83, 0x97,
    0x7D, 0x97, 0x7D, 0x03, 0x14, 0x02, 0x12, 0x03, 0x14, 0x84, 0x12, 0x25, 0x18, 0x12, 0x14, 0x03,
    0x12, 0x83, 0x14, 0x1E, 0x2E, 0x17, 0x06, 0x12, 0x87, 0x1E, 0x2E, 0x14, 0x28, 0x1A, 0x17, 0x25,
    0x15, 0x02, 0x14, 0x09, 0x15, 0x80, 0x17, 0x02, 0x1B, 0x81, 0x1E, 0x17, 0x02, 0x18, 0x0E, 0x1B,
    0x02, 0x22, 0x82, 0x2B, 0x32, 0x2F, 0x02, 0x26, 0x81, 0x2B, 0x2F, 0x02, 0x2B, 0x80, 0x2A, 0x02,
    0x2B, 0x06, 0x2D, 0x81, 0x2F, 0x2D, 0x04, 0x2F, 0x09, 0x32, 0x07, 0x39, 0x03, 0x3A, 0x02, 0x3D,
    0x80, 0x3A, 0x04, 0x3D, 0x80, 0x51, 0x02, 0x66, 0x04, 0x3D, 0x89, 0x3E, 0x3F, 0x3D, 0x3F, 0x3D,
    0x3F, 0x51, 0x66, 0x3F, 0x3D, 0x02, 0x51, 0x83, 0x3F, 0x21, 0x3C, 0x3F, 0x07, 0x3D, 0x85, 0x3F,
    0x3D, 0x3F, 0x3C, 0x51, 0x66, 0x03, 0x54, 0x80, 0x3D, 0x03, 0x52, 0x8A, 0x6D, 0x5B, 0x56, 0x7E,
    0x9B, 0xC5, 0xC2, 0x97, 0x6D, 0x66, 0x58, 0x04, 0x66, 0x02, 0x6D, 0x03, 0x66, 0x02, 0x6D, 0x87,
    0x7B, 0x7E, 0x7F, 0x7E, 0x6A, 0x66, 0x63, 0x56, 0x02, 0x63, 0x80, 0x66, 0x02, 0x63, 0x04, 0x69,
    0x02, 0x6D, 0x02, 0x7A, 0x81, 0x6D, 0x74, 0x04, 0x6D, 0x81, 0x74, 0x6D, 0x0E, 0x7A, 0x80, 0x7D,
    0x10, 0x7A, 0x80, 0x6D, 0x04, 0x7A, 0x11, 0x6D, 0x03, 0x6A, 0x02, 0x66, 0x06, 0x6A, 0x80, 0x7A,
    0x09, 0x6A, 0x81, 0x6D, 0x71, 0x07, 0x6A, 0x80, 0x68, 0x07, 0x60, 0x02, 0x53, 0x81, 0x6A, 0x53,
    0x03, 0x51, 0x80, 0x60, 0x03, 0x7A, 0x06, 0x7D, 0x05, 0x12, 0x04, 0x0F, 0x81, 0x29, 0x18, 0x05,
    0x12, 0x83, 0x14, 0x15, 0x2E, 0x17, 0x06, 0x12, 0x84, 0x14, 0x2E, 0x14, 0x27, 0x1B, 0x02, 0x29,
    0x81, 0x15, 0x12, 0x05, 0x14, 0x06, 0x15, 0x02, 0x17, 0x83, 0x2C, 0x17, 0x1B, 0x18, 0x02, 0x17,
    0x0E, 0x1B, 0x82, 0x26, 0x30, 0x2F, 0x03, 0x26, 0x03, 0x2B, 0x02, 0x26, 0x02, 0x2B, 0x08, 0x2D,
    0x80, 0x2F, 0x02, 0x2D, 0x03, 0x2F, 0x06, 0x32, 0x06, 0x35, 0x02, 0x39, 0x83, 0x3A, 0x39, 0x3D,
    0x39, 0x04, 0x3A, 0x83, 0x39, 0x3F, 0x66, 0x60, 0x04, 0x3D, 0x80, 0x39, 0x05, 0x3D, 0x81, 0x3F,
    0x60, 0x02, 0x3D, 0x85, 0x3F, 0x51, 0x3D, 0x3C, 0x63, 0x3F, 0x07, 0x3D, 0x04, 0x3C, 0x83, 0x3F,
    0x66, 0x6D, 0xB1, 0x02, 0xDE, 0x82, 0xC2, 0x7E, 0x71, 0x03, 0x93, 0x83, 0x7F, 0x7E, 0x66, 0x52,
    0x02, 0x66, 0x81, 0x56, 0x58, 0x02, 0x66, 0x02, 0x58, 0x04, 0x66, 0x8E, 0x56, 0x66, 0x6D, 0x7B,
    0x7E, 0x6D, 0x66, 0x6A, 0x7F, 0xC1, 0x9B, 0x6D, 0x51, 0x63, 0x66, 0x03, 0x63, 0x03, 0x66, 0x80,
    0x69, 0x02, 0x7A, 0x80, 0x66, 0x02, 0x3C, 0x09, 0x6D, 0x1F, 0x7A, 0x0C, 0x6D, 0x81, 0x69, 0x7A,
    0x02, 0x6D, 0x02, 0x66, 0x03, 0x6A, 0x02, 0x66, 0x06, 0x6A, 0x80, 0x6D, 0x09, 0x6A, 0x81, 0x6D,
    0x71, 0x04, 0x6A, 0x80, 0x60, 0x02, 0x6A, 0x09, 0x60, 0x82, 0x53, 0x6A, 0x53, 0x03, 0x51, 0x81,
    0x60, 0x6D, 0x02, 0x7A, 0x06, 0x7D, 0x05, 0x12, 0x03, 0x0F, 0x83, 0x12, 0x29, 0x15, 0x12, 0x03,
    0x0F, 0x02, 0x12, 0x81, 0x14, 0x2E, 0x02, 0x12, 0x81, 0x0F, 0x12, 0x03, 0x0F, 0x88, 0x12, 0x29,
    0x18, 0x1A, 0x21, 0x29, 0x2B, 0x1B, 0x25, 0x04, 0x14, 0x82, 0x15, 0x14, 0x15, 0x02, 0x14, 0x80,
    0x24, 0x03, 0x15, 0x81, 0x2E, 0x17, 0x03, 0x15, 0x02, 0x17, 0x80, 0x18, 0x06, 0x1B, 0x81, 0x1E,
    0x1B, 0x02, 0x1E, 0x84, 0x1B, 0x1E, 0x26, 0x30, 0x2F, 0x09, 0x26, 0x03, 0x2B, 0x02, 0x2D, 0x80,
    0x2B, 0x05, 0x2D, 0x05, 0x2F, 0x06, 0x32, 0x80, 0x34, 0x03, 0x39, 0x80, 0x35, 0x04, 0x39, 0x81,
    0x3D, 0x3A, 0x03, 0x39, 0x02, 0x3A, 0x82, 0x3D, 0x54, 0x60, 0x04, 0x3D, 0x80, 0x2F, 0x05, 0x3D,
    0x81, 0x3F, 0x60, 0x06, 0x3D, 0x80, 0x56, 0x07, 0x3D, 0x02, 0x3C, 0x87, 0x3A, 0x3D, 0x6D, 0xC4,
    0x29, 0x73, 0x70, 0x73, 0x03, 0x78, 0x02, 0x6E, 0x82, 0x71, 0x70, 0x66, 0x03, 0x58, 0x02, 0x66,
    0x83, 0x58, 0x54, 0x56, 0x54, 0x03, 0x58, 0x03, 0x66, 0x81, 0x56, 0x60, 0x02, 0x66, 0x80, 0x69,
    0x02, 0x66, 0x81, 0x6D, 0x60, 0x02, 0x6A, 0x82, 0x6D, 0x3C, 0x56, 0x03, 0x66, 0x04, 0x63, 0x83,
    0x69, 0x6D, 0x7A, 0x66, 0x06, 0x6D, 0x80, 0x74, 0x09, 0x6D, 0x83, 0x7A, 0x6D, 0x7A, 0x6D, 0x09,
    0x7A, 0x80, 0x6D, 0x0B, 0x7A, 0x09, 0x6D, 0x80, 0x7A, 0x04, 0x6D, 0x81, 0x7A, 0x6D, 0x03, 0x66,
    0x0B, 0x6A, 0x80, 0x6D, 0x09, 0x6A, 0x80, 0x6D, 0x04, 0x6A, 0x0C, 0x60, 0x02, 0x53, 0x80, 0x6A,
    0x05, 0x51, 0x03, 0x7A, 0x80, 0x7D, 0x02, 0x97, 0x03, 0x7D, 0x08, 0x0F, 0x82, 0x10, 0x27, 0x0E,
    0x05, 0x0F, 0x84, 0x12, 0x0F, 0x2A, 0x12, 0x10, 0x06, 0x0F, 0x89, 0x2A, 0x27, 0x12, 0x1E, 0x2C,
    0x1B, 0x23, 0x29, 0x12, 0x14, 0x02, 0x12, 0x05, 0x14, 0x80, 0x2E, 0x03, 0x15, 0x80, 0x29, 0x06,
    0x15, 0x81, 0x17, 0x18, 0x08, 0x1B, 0x80, 0x1E, 0x02, 0x1B, 0x82, 0x1E, 0x30, 0x2B, 0x09, 0x26,
    0x03, 0x2B, 0x82, 0x2F, 0x2D, 0x2B, 0x06, 0x2D, 0x06, 0x2F, 0x05, 0x32, 0x08, 0x35, 0x80, 0x3D,
    0x07, 0x39, 0x81, 0x54, 0x60, 0x07, 0x3A, 0x84, 0x39, 0x32, 0x2C, 0x38, 0x60, 0x06, 0x39, 0x80,
    0x54, 0x03, 0x3D, 0x81, 0x3C, 0x39, 0x02, 0x3C, 0x8E, 0x34, 0x58, 0xB2, 0x76, 0x6D, 0x73, 0x70,
    0x53, 0x52, 0x53, 0x52, 0x3C, 0x50, 0x52, 0x58, 0x04, 0x3C, 0x83, 0x54, 0x52, 0x66, 0x60, 0x05,
    0x54, 0x81, 0x34, 0x21, 0x02, 0x56, 0x83, 0x54, 0x1E, 0x56, 0x58, 0x02, 0x66, 0x80, 0x58, 0x02,
    0x66, 0x82, 0x7B, 0x7A, 0x7E, 0x02, 0x7F, 0x04, 0x66, 0x02, 0x6D, 0x03, 0x63, 0x02, 0x6D, 0x85,
    0x66, 0x69, 0x14, 0x74, 0x6D, 0x1B, 0x0B, 0x6D, 0x80, 0x7A, 0x02, 0x6D, 0x05, 0x7A, 0x02, 0x6D,
    0x03, 0x7A, 0x04, 0x6D, 0x83, 0x7A, 0x6D, 0x7A, 0x7D, 0x02, 0x7A, 0x0B, 0x6D, 0x80, 0x7A, 0x04,
    0x6D, 0x81, 0x7A, 0x6D, 0x02, 0x6A, 0x80, 0x66, 0x0B, 0x6A, 0x80, 0x6D, 0x09, 0x6A, 0x80, 0x6D,
    0x04, 0x6A, 0x0B, 0x60, 0x03, 0x53, 0x82, 0x60, 0x53, 0x51, 0x03, 0x3F, 0x80, 0x6D, 0x02, 0x7A,
    0x02, 0x97, 0x04, 0x7D, 0x08, 0x0F, 0x81, 0x12, 0x16, 0x03, 0x0F, 0x82, 0x0E, 0x10, 0x0E, 0x0A,
    0x0F, 0x8A, 0x0E, 0x1E, 0x2A, 0x11, 0x1A, 0x2E, 0x12, 0x14, 0x2C, 0x12, 0x10, 0x04, 0x12, 0x03,
    0x14, 0x80, 0x2C, 0x03, 0x12, 0x84, 0x1D, 0x12, 0x18, 0x15, 0x17, 0x02, 0x15, 0x02, 0x17, 0x04,
    0x18, 0x05, 0x1B, 0x03, 0x1E, 0x82, 0x2D, 0x2B, 0x26, 0x02, 0x22, 0x80, 0x1E, 0x02, 0x24, 0x02,
    0x26, 0x80, 0x2A, 0x02, 0x26, 0x82, 0x2B, 0x32, 0x2F, 0x05, 0x2B, 0x02, 0x2D, 0x81, 0x2F, 0x2D,
    0x04, 0x2F, 0x80, 0x2D, 0x03, 0x2F, 0x02, 0x32, 0x80, 0x34, 0x04, 0x32, 0x80, 0x35, 0x02, 0x39,
    0x02, 0x35, 0x80, 0x39, 0x04, 0x35, 0x02, 0x54, 0x09, 0x39, 0x02, 0x32, 0x80, 0x54, 0x04, 0x39,
    0x82, 0x34, 0x35, 0x54, 0x03, 0x39, 0x8C, 0x3D, 0x39, 0x3C, 0x76, 0x58, 0x59, 0x70, 0x31, 0x6A,
    0x68, 0x60, 0x52, 0x50, 0x0A, 0x3C, 0x81, 0x56, 0x3C, 0x02, 0x56, 0x89, 0x54, 0x52, 0x54, 0x56,
    0x54, 0x52, 0x56, 0x52, 0x58, 0x54, 0x03, 0x58, 0x89, 0x39, 0x16, 0x11, 0x54, 0x58, 0x66, 0x54,
    0x66, 0x7A, 0x7E, 0x03, 0x66, 0x84, 0x69, 0x6A, 0x6D, 0x66, 0x56, 0x02, 0x66, 0x80, 0x6D, 0x02,
    0x63, 0x02, 0x54, 0x83, 0x66, 0x6D, 0x69, 0x66, 0x02, 0x69, 0x03, 0x6D, 0x02, 0x74, 0x80, 0x6D,
    0x02, 0x7A, 0x02, 0x6D, 0x80, 0x7A, 0x02, 0x6D, 0x80, 0x7A, 0x04, 0x6D, 0x02, 0x7A, 0x04, 0x6D,
    0x80, 0x7A, 0x02, 0x6D, 0x81, 0x7D, 0x7A, 0x0D, 0x6D, 0x84, 0x69, 0x66, 0x6D, 0x69, 0x7A, 0x03,
    0x66, 0x80, 0x6A, 0x03, 0x66, 0x08, 0x6A, 0x80, 0x6D, 0x09, 0x6A, 0x80, 0x6D, 0x04, 0x6A, 0x80,
    0x68, 0x07, 0x60, 0x03, 0x53, 0x03, 0x51, 0x81, 0x60, 0x51, 0x03, 0x3F, 0x81, 0x3E, 0x6D, 0x02,
    0x7A, 0x80, 0x97, 0x05, 0x7D, 0x08, 0x0F, 0x82, 0x10, 0x0E, 0x10, 0x02, 0x0F, 0x81, 0x10, 0x0E,
    0x04, 0x10, 0x07, 0x0F, 0x8B, 0x10, 0x1A, 0x2A, 0x10, 0x1A, 0x2E, 0x0F, 0x18, 0x29, 0x0F, 0x12,
    0x0F, 0x04, 0x12, 0x82, 0x14, 0x12, 0x2C, 0x04, 0x12, 0x02, 0x14, 0x80, 0x15, 0x02, 0x17, 0x02,
    0x15, 0x81, 0x17, 0x18, 0x03, 0x17, 0x08, 0x1B, 0x81, 0x2B, 0x25, 0x04, 0x1E, 0x81, 0x1B, 0x24,
    0x02, 0x22, 0x85, 0x26, 0x2B, 0x26, 0x2B, 0x32, 0x2F, 0x06, 0x2B, 0x0A, 0x2D, 0x03, 0x2F, 0x81,
    0x32, 0x35, 0x03, 0x32, 0x0A, 0x35, 0x02, 0x54, 0x83, 0x39, 0x36, 0x1B, 0x31, 0x02, 0x39, 0x04,
    0x35, 0x81, 0x39, 0x54, 0x02, 0x35, 0x03, 0x34, 0x8E, 0x35, 0x54, 0x39, 0x34, 0x3C, 0x8A, 0x59,
    0x52, 0x58, 0x91, 0x6E, 0x71, 0x00, 0x52, 0x3C, 0x04, 0x38, 0x80, 0x3C, 0x03, 0x38, 0x09, 0x3C,
    0x86, 0x52, 0x59, 0x76, 0x56, 0x54, 0x52, 0x56, 0x04, 0x52, 0x94, 0x58, 0x52, 0x58, 0x60, 0x54,
    0x3C, 0x52, 0x66, 0x1E, 0x18, 0x23, 0x2B, 0x7E, 0x98, 0x66, 0x69, 0x21, 0x0D, 0x63, 0x66, 0x63,
    0x02, 0x69, 0x03, 0x63, 0x05, 0x66, 0x02, 0x69, 0x81, 0x66, 0x69, 0x02, 0x6D, 0x81, 0x63, 0x38,
    0x02, 0x7A, 0x02, 0x6D, 0x80, 0x7A, 0x02, 0x6D, 0x80, 0x7A, 0x0A, 0x6D, 0x80, 0x7A, 0x02, 0x6D,
    0x02, 0x7A, 0x0A, 0x6D, 0x02, 0x69, 0x82, 0x6D, 0x69, 0x66, 0x02, 0x6D, 0x80, 0x7A, 0x02, 0x66,
    0x80, 0x6A, 0x04, 0x66, 0x14, 0x6A, 0x0B, 0x60, 0x03, 0x53, 0x03, 0x51, 0x81, 0x60, 0x51, 0x03,
    0x3F, 0x84, 0x50, 0x69, 0x7A, 0x7D, 0x97, 0x05, 0x7D, 0x08, 0x0F, 0x02, 0x0E, 0x80, 0x10, 0x02,
    0x0D, 0x83, 0x10, 0x0D, 0x10, 0x0C, 0x02, 0x0E, 0x80, 0x10, 0x06, 0x0F, 0x88, 0x10, 0x16, 0x2A,
    0x10, 0x18, 0x2C, 0x0F, 0x14, 0x2C, 0x04, 0x0F, 0x05, 0x12, 0x80, 0x2C, 0x03, 0x12, 0x85, 0x14,
    0x12, 0x14, 0x15, 0x27, 0x17, 0x06, 0x15, 0x81, 0x17, 0x18, 0x07, 0x1B, 0x81, 0x2E, 0x21, 0x04,
    0x1B, 0x80, 0x26, 0x02, 0x1E, 0x02, 0x22, 0x84, 0x30, 0x2D, 0x28, 0x32, 0x2F, 0x06, 0x2B, 0x0A,
    0x2D, 0x02, 0x2F, 0x82, 0x27, 0x21, 0x2F, 0x03, 0x32, 0x0A, 0x35, 0x85, 0x3F, 0x54, 0x39, 0x35,
    0x34, 0x2B, 0x02, 0x39, 0x05, 0x35, 0x80, 0x51, 0x02, 0x35, 0x03, 0x32, 0x8C, 0x39, 0x3F, 0x39,
    0x89, 0x59, 0x3E, 0x38, 0x59, 0x56, 0x35, 0x61, 0x53, 0x50, 0x02, 0x58, 0x80, 0x3C, 0x05, 0x38,
    0x06, 0x3C, 0x81, 0x38, 0x14, 0x03, 0x3C, 0x83, 0x52, 0x3C, 0x52, 0x56, 0x02, 0x52, 0x80, 0x54,
    0x05, 0x52, 0x80, 0x54, 0x02, 0x66, 0x93, 0x54, 0x52, 0x51, 0x66, 0x54, 0x60, 0x66, 0x58, 0x60,
    0x66, 0x6D, 0xA0, 0x7B, 0x66, 0x53, 0x7F, 0xC1, 0xC2, 0x66, 0x56, 0x04, 0x63, 0x81, 0x66, 0x63,
    0x05, 0x66, 0x83, 0x69, 0x66, 0x69, 0x6D, 0x02, 0x7A, 0x82, 0x6D, 0x66, 0x7A, 0x02, 0x6D, 0x80,
    0x7A, 0x0A, 0x6D, 0x80, 0x7A, 0x02, 0x6D, 0x80, 0x7A, 0x0A, 0x6D, 0x02, 0x69, 0x02, 0x6D, 0x03,
    0x69, 0x81, 0x6D, 0x7A, 0x04, 0x66, 0x80, 0x6A, 0x02, 0x66, 0x10, 0x6A, 0x80, 0x60, 0x03, 0x6A,
    0x02, 0x60, 0x80, 0x68, 0x07, 0x60, 0x03, 0x53, 0x04, 0x51, 0x81, 0x60, 0x51, 0x04, 0x3F, 0x83,
    0x66, 0x7A, 0x7D, 0x97, 0x05, 0x7D, 0x80, 0x0D, 0x04, 0x0E, 0x03, 0x0D, 0x80, 0x0E, 0x03, 0x0D,
    0x82, 0x09, 0x11, 0x0E, 0x04, 0x0D, 0x02, 0x0E, 0x04, 0x0D, 0x89, 0x0E, 0x0F, 0x11, 0x28, 0x0E,
    0x19, 0x2C, 0x0F, 0x12, 0x2E, 0x07, 0x0F, 0x82, 0x12, 0x0F, 0x17, 0x06, 0x12, 0x81, 0x15, 0x28,
    0x04, 0x14, 0x03, 0x15, 0x02, 0x17, 0x03, 0x18, 0x04, 0x1B, 0x80, 0x28, 0x04, 0x1B, 0x83, 0x1D,
    0x23, 0x1E, 0x1B, 0x02, 0x1E, 0x86, 0x2F, 0x30, 0x26, 0x32, 0x2D, 0x26, 0x28, 0x06, 0x2B, 0x09,
    0x2D, 0x81, 0x2F, 0x2D, 0x03, 0x2F, 0x04, 0x32, 0x05, 0x35, 0x03, 0x32, 0x83, 0x3F, 0x51, 0x39,
    0x35, 0x02, 0x39, 0x05, 0x32, 0x02, 0x35, 0x82, 0x39, 0x35, 0x39, 0x03, 0x32, 0x82, 0x3C, 0x96,
    0x2C, 0x03, 0x34, 0x86, 0x70, 0x6B, 0x68, 0x53, 0x58, 0x52, 0x38, 0x09, 0x34, 0x81, 0x38, 0x3E,
    0x02, 0x3C, 0x82, 0x3E, 0x52, 0x50, 0x03, 0x3C, 0x80, 0x54, 0x02, 0x3C, 0x80, 0x56, 0x03, 0x58,
    0x85, 0x66, 0x52, 0x54, 0x95, 0x9B, 0xC5, 0x02, 0xC7, 0x02, 0xCE, 0x85, 0xCD, 0xC2, 0x7B, 0x66,
    0x60, 0x58, 0x03, 0x56, 0x82, 0x6D, 0x63, 0x6D, 0x02, 0x66, 0x84, 0x6A, 0x7F, 0xC1, 0xB1, 0x6D,
    0x04, 0x56, 0x06, 0x63, 0x03, 0x69, 0x80, 0x6D, 0x02, 0x7A, 0x85, 0x69, 0x66, 0x6D, 0x69, 0x6D,
    0x7A, 0x0A, 0x6D, 0x80, 0x7A, 0x02, 0x6D, 0x80, 0x7A, 0x05, 0x6D, 0x02, 0x69, 0x02, 0x6D, 0x80,
    0x66, 0x02, 0x69, 0x81, 0x66, 0x6D, 0x04, 0x66, 0x80, 0x7A, 0x09, 0x66, 0x06, 0x6A, 0x80, 0x6D,
    0x07, 0x6A, 0x02, 0x60, 0x02, 0x6A, 0x09, 0x60, 0x05, 0x53, 0x02, 0x60, 0x03, 0x51, 0x04, 0x3F,
    0x80, 0x60, 0x02, 0x7D, 0x80, 0x97, 0x05, 0x7D, 0x80, 0x0B, 0x08, 0x0D, 0x02, 0x0B, 0x82, 0x0E,
    0x09, 0x1D, 0x02, 0x0D, 0x02, 0x09, 0x09, 0x0D, 0x84, 0x10, 0x25, 0x0E, 0x14, 0x2A, 0x02, 0x0F,
    0x80, 0x2C, 0x07, 0x0F, 0x0A, 0x12, 0x80, 0x2C, 0x06, 0x14, 0x03, 0x15, 0x83, 0x17, 0x18, 0x17,
    0x18, 0x04, 0x1B, 0x80, 0x1E, 0x04, 0x1B, 0x81, 0x22, 0x1E, 0x02, 0x1B, 0x80, 0x22, 0x02, 0x30,
    0x82, 0x24, 0x30, 0x2B, 0x04, 0x26, 0x06, 0x2B, 0x09, 0x2D, 0x80, 0x2F, 0x02, 0x2D, 0x04, 0x2F,
    0x82, 0x30, 0x2C, 0x26, 0x02, 0x32, 0x88, 0x2F, 0x32, 0x30, 0x3F, 0x54, 0x39, 0x32, 0x39, 0x35,
    0x02, 0x32, 0x80, 0x30, 0x04, 0x32, 0x80, 0x30, 0x03, 0x32, 0x8A, 0x31, 0x5B, 0x95, 0x52, 0x39,
    0x2D, 0x50, 0x61, 0x50, 0x3C, 0x50, 0x05, 0x34, 0x80, 0x31, 0x06, 0x34, 0x8C, 0x2C, 0x0E, 0x0C,
    0x54, 0x52, 0x66, 0x94, 0xC3, 0xDE, 0xCE, 0xC5, 0x9C, 0x91, 0x02, 0x66, 0x80, 0x58, 0x02, 0x66,
    0x93, 0x6D, 0x56, 0x38, 0x94, 0x9B, 0x44, 0xC8, 0xCE, 0xC7, 0xCD, 0xCE, 0xC1, 0x6D, 0x56, 0x35,
    0x94, 0xCD, 0x9A, 0x52, 0x51, 0x02, 0x66, 0x80, 0xEC, 0x02, 0x6D, 0x85, 0x66, 0x7D, 0x66, 0xC2,
    0x98, 0x54, 0x06, 0x56, 0x02, 0x63, 0x80, 0x6D, 0x03, 0x66, 0x02, 0x7A, 0x02, 0x69, 0x02, 0x66,
    0x81, 0x69, 0x6D, 0x04, 0x66, 0x06, 0x6D, 0x86, 0x7A, 0x6D, 0x69, 0x7A, 0x6D, 0x69, 0x6D, 0x04,
    0x66, 0x80, 0x69, 0x05, 0x66, 0x80, 0x6D, 0x04, 0x66, 0x80, 0x7A, 0x09, 0x66, 0x07, 0x6A, 0x80,
    0x60, 0x06, 0x6A, 0x02, 0x60, 0x02, 0x6A, 0x09, 0x60, 0x05, 0x53, 0x83, 0x6A, 0x60, 0x3F, 0x51,
    0x03, 0x3F, 0x82, 0x3E, 0x3F, 0x51, 0x02, 0x7D, 0x80, 0x97, 0x05, 0x7D, 0x03, 0x09, 0x02, 0x0D,
    0x80, 0x0C, 0x03, 0x0B, 0x02, 0x0C, 0x02, 0x09, 0x02, 0x0D, 0x03, 0x0B, 0x06, 0x0D, 0x02, 0x0E,
    0x8A, 0x0D, 0x11, 0x27, 0x0D, 0x12, 0x28, 0x0F, 0x13, 0x2A, 0x0F, 0x0E, 0x05, 0x0F, 0x09, 0x12,
    0x84, 0x14, 0x2A, 0x12, 0x14, 0x15, 0x02, 0x12, 0x80, 0x14, 0x03, 0x15, 0x05, 0x17, 0x02, 0x18,
    0x04, 0x1B, 0x83, 0x18, 0x1B, 0x1E, 0x1B, 0x03, 0x1E, 0x84, 0x30, 0x2F, 0x1E, 0x2E, 0x2B, 0x05,
    0x26, 0x03, 0x2B, 0x80, 0x26, 0x06, 0x2B, 0x06, 0x2D, 0x05, 0x2F, 0x83, 0x2D, 0x2F, 0x32, 0x2F,
    0x02, 0x32, 0x02, 0x2F, 0x83, 0x3C, 0x54, 0x39, 0x2F, 0x02, 0x39, 0x80, 0x2D, 0x05, 0x2F, 0x02,
    0x32, 0x89, 0x2F, 0x32, 0x2F, 0x32, 0x58, 0x39, 0x3C, 0x38, 0x58, 0x3E, 0x03, 0x34, 0x82, 0x33,
    0x13, 0x16, 0x03, 0x13, 0x80, 0x19, 0x06, 0x34, 0x02, 0x3A, 0x83, 0x6D, 0xB1, 0xC5, 0xCD, 0x03,
    0xCE, 0x02, 0xCD, 0x80, 0xC7, 0x02, 0xCD, 0x81, 0xC7, 0xCD, 0x02, 0xCE, 0x80, 0xCD, 0x02, 0xC7,
    0x80, 0xC3, 0x03, 0xC7, 0x03, 0xCD, 0x03, 0xCE, 0x81, 0xC4, 0xD0, 0x02, 0xDE, 0x81, 0xDD, 0xDE,
    0x02, 0xDD, 0x02, 0xDE, 0x88, 0xEC, 0xC4, 0x6D, 0x66, 0x7A, 0x66, 0x7A, 0xC5, 0x74, 0x06, 0x56,
    0x81, 0x63, 0x69, 0x02, 0x63, 0x80, 0x69, 0x02, 0x6D, 0x81, 0x69, 0x63, 0x02, 0x66, 0x02, 0x69,
    0x02, 0x66, 0x02, 0x69, 0x81, 0x6D, 0x66, 0x02, 0x6D, 0x88, 0x66, 0x69, 0x7A, 0x69, 0x66, 0x7A,
    0x6D, 0x66, 0x6D, 0x02, 0x69, 0x81, 0x66, 0x69, 0x06, 0x66, 0x80, 0x6D, 0x04, 0x66, 0x80, 0x7A,
    0x08, 0x66, 0x04, 0x60, 0x04, 0x6A, 0x80, 0x60, 0x02, 0x6A, 0x80, 0x60, 0x02, 0x6A, 0x03, 0x60,
    0x02, 0x6A, 0x0A, 0x60, 0x02, 0x53, 0x02, 0x51, 0x02, 0x60, 0x80, 0x51, 0x07, 0x3F, 0x07, 0x7D,
    0x80, 0x69, 0x03, 0x09, 0x02, 0x0B, 0x03, 0x09, 0x82, 0x05, 0x09, 0x0B, 0x02, 0x09, 0x80, 0x0B,
    0x02, 0x0D, 0x83, 0x0B, 0x09, 0x0D, 0x0E, 0x04, 0x0D, 0x02, 0x0E, 0x85, 0x0F, 0x10, 0x27, 0x0D,
    0x12, 0x28, 0x02, 0x0F, 0x82, 0x2E, 0x0F, 0x0E, 0x0E, 0x0F, 0x81, 0x12, 0x2A, 0x05, 0x12, 0x02,
    0x14, 0x06, 0x15, 0x04, 0x17, 0x80, 0x18, 0x03, 0x1B, 0x80, 0x1E, 0x05, 0x1B, 0x02, 0x2E, 0x83,
    0x1E, 0x2E, 0x2B, 0x22, 0x06, 0x26, 0x81, 0x2C, 0x26, 0x06, 0x2B, 0x03, 0x2D, 0x80, 0x2B, 0x09,
    0x2D, 0x04, 0x2F, 0x02, 0x2D, 0x02, 0x3C, 0x81, 0x35, 0x2F, 0x02, 0x39, 0x06, 0x2D, 0x8A, 0x39,
    0x2F, 0x2D, 0x2F, 0x32, 0x2D, 0x30, 0x3C, 0x5C, 0x37, 0x52, 0x02, 0x34, 0x02, 0x31, 0x81, 0x33,
    0x0D, 0x03, 0x31, 0x81, 0x33, 0x31, 0x03, 0x34, 0x84, 0x2D, 0x58, 0xB1, 0xEC, 0xC7, 0x03, 0xCD,
    0x03, 0xDD, 0x81, 0xDA, 0xCE, 0x04, 0xCD, 0x04, 0xC7, 0x03, 0xCD, 0x83, 0xC7, 0xDE, 0xCD, 0xCE,
    0x02, 0xCD, 0x02, 0xCE, 0x82, 0xDD, 0xDE, 0xDC, 0x03, 0xCE, 0x02, 0xDE, 0x02, 0xDD, 0x8C, 0xDE,
    0xDD, 0xDE, 0xC7, 0xC2, 0x9B, 0x6D, 0x9B, 0x94, 0x66, 0xC2, 0x97, 0x54, 0x04, 0x56, 0x82, 0x63,
    0x69, 0x56, 0x02, 0x63, 0x02, 0x6D, 0x80, 0x69, 0x02, 0x63, 0x07, 0x66, 0x80, 0x69, 0x05, 0x66,
    0x80, 0x6D, 0x02, 0x66, 0x80, 0x7A, 0x0D, 0x66, 0x80, 0x6D, 0x04, 0x66, 0x80, 0x6D, 0x08, 0x66,
    0x81, 0x60, 0x6A, 0x05, 0x60, 0x80, 0x6A, 0x04, 0x60, 0x02, 0x6A, 0x03, 0x60, 0x80, 0x6A, 0x06,
    0x60, 0x03, 0x53, 0x80, 0x60, 0x03, 0x53, 0x02, 0x51, 0x02, 0x60, 0x06, 0x3F, 0x82, 0x3D, 0x3F,
    0x7A, 0x02, 0x7D, 0x80, 0x97, 0x03, 0x7D, 0x80, 0x54, 0x03, 0x01, 0x05, 0x05, 0x81, 0x01, 0x09,
    0x03, 0x05, 0x06, 0x09, 0x81, 0x0D, 0x0B, 0x06, 0x0D, 0x84, 0x13, 0x2A, 0x0C, 0x10, 0x2A, 0x02,
    0x0E, 0x81, 0x2A, 0x0D, 0x04, 0x0E, 0x0B, 0x0F, 0x81, 0x12, 0x27, 0x06, 0x12, 0x81, 0x14, 0x15,
    0x04, 0x14, 0x04, 0x15, 0x80, 0x16, 0x02, 0x17, 0x84, 0x18, 0x1B, 0x22, 0x1B, 0x1A, 0x03, 0x1B,
    0x02, 0x2E, 0x82, 0x1A, 0x2F, 0x2A, 0x03, 0x22, 0x80, 0x24, 0x09, 0x26, 0x03, 0x2B, 0x82, 0x2D,
    0x2B, 0x2D, 0x04, 0x2B, 0x0A, 0x2D, 0x80, 0x2F, 0x02, 0x3C, 0x83, 0x34, 0x2D, 0x32, 0x39, 0x02,
    0x2D, 0x80, 0x2C, 0x03, 0x2D, 0x80, 0x32, 0x02, 0x2D, 0x88, 0x2F, 0x2D, 0x2F, 0x2D, 0x59, 0x3A,
    0x92, 0x52, 0x38, 0x03, 0x2C, 0x06, 0x31, 0x87, 0x34, 0x58, 0x99, 0xCD, 0xDE, 0xDD, 0xDE, 0xDD,
    0x03, 0xDA, 0x81, 0xE9, 0xDD, 0x02, 0xDE, 0x80, 0xDD, 0x02, 0xDA, 0x03, 0xCD, 0x02, 0xC7, 0x02,
    0xCD, 0x85, 0xC7, 0xC3, 0xC7, 0xC3, 0x31, 0x52, 0x02, 0xCD, 0x83, 0xCE, 0xDA, 0xDE, 0xDD, 0x02,
    0xDE, 0x8C, 0xDD, 0xDE, 0xDA, 0xDE, 0xCE, 0xC7, 0xCE, 0xC7, 0xDE, 0xDD, 0xD0, 0xC7, 0xC3, 0x02,
    0xC2, 0x84, 0xC5, 0xC1, 0x66, 0x7F, 0x94, 0x02, 0x54, 0x02, 0x56, 0x02, 0x63, 0x02, 0x56, 0x80,
    0x63, 0x02, 0x6D, 0x81, 0x63, 0x56, 0x04, 0x63, 0x09, 0x66, 0x81, 0x69, 0x6D, 0x02, 0x66, 0x81,
    0x7A, 0x6D, 0x0C, 0x66, 0x02, 0x69, 0x03, 0x66, 0x80, 0x6D, 0x04, 0x66, 0x05, 0x60, 0x02, 0x6A,
    0x04, 0x60, 0x80, 0x6A, 0x04, 0x60, 0x02, 0x6A, 0x09, 0x60, 0x02, 0x53, 0x81, 0x51, 0x53, 0x06,
    0x51, 0x02, 0x60, 0x81, 0x3F, 0x50, 0x03, 0x3F, 0x84, 0x50, 0x3E, 0x60, 0x7A, 0x7D, 0x02, 0x97,
    0x03, 0x7D, 0x80, 0x3F, 0x03, 0x01, 0x0A, 0x05, 0x81, 0x0A, 0x0B, 0x04, 0x09, 0x80, 0x0B, 0x02,
    0x0D, 0x80, 0x0B, 0x04, 0x0D, 0x88, 0x16, 0x27, 0x0E, 0x10, 0x2A, 0x0D, 0x10, 0x2A, 0x0D, 0x04,
    0x0E, 0x0B, 0x0F, 0x82, 0x12, 0x2A, 0x0F, 0x06, 0x12, 0x09, 0x14, 0x80, 0x15, 0x03, 0x17, 0x83,
    0x1B, 0x22, 0x1B, 0x18, 0x03, 0x1B, 0x02, 0x2E, 0x83, 0x1B, 0x2E, 0x26, 0x1E, 0x03, 0x22, 0x81,
    0x26, 0x22, 0x08, 0x26, 0x09, 0x2B, 0x09, 0x2D, 0x81, 0x2E, 0x14, 0x02, 0x3C, 0x84, 0x34, 0x2D,
    0x32, 0x39, 0x2D, 0x02, 0x2B, 0x8E, 0x30, 0x2D, 0x2B, 0x32, 0x2B, 0x2D, 0x2F, 0x2D, 0x26, 0x19,
    0x34, 0x99, 0x92, 0x52, 0x31, 0x02, 0x2C, 0x83, 0x31, 0x34, 0x91, 0xC5, 0x03, 0xDA, 0x82, 0xCD,
    0xD9, 0xEB, 0x04, 0xDE, 0x80, 0xDA, 0x02, 0xDE, 0x84, 0xEB, 0xEC, 0xF5, 0xEC, 0xDD, 0x02, 0xDE,
    0x04, 0xCD, 0x80, 0xC7, 0x04, 0xCD, 0x83, 0x94, 0xCD, 0xCF, 0xD9, 0x04, 0xDD, 0x80, 0xDE, 0x04,
    0xEC, 0x02, 0xDE, 0x02, 0xDD, 0x8A, 0xCE, 0xC3, 0xC2, 0xC1, 0xC7, 0xEC, 0xDD, 0xEC, 0xCE, 0xC7,
    0xC2, 0x02, 0xC7, 0x88, 0xC2, 0x7B, 0x60, 0xC1, 0x60, 0x54, 0x56, 0x3C, 0x2E, 0x02, 0x56, 0x83,
    0x63, 0x6D, 0x69, 0x63, 0x02, 0x56, 0x03, 0x63, 0x0A, 0x66, 0x80, 0x6D, 0x02, 0x66, 0x81, 0x6D,
    0x69, 0x11, 0x66, 0x80, 0x6D, 0x02, 0x66, 0x07, 0x60, 0x02, 0x6A, 0x04, 0x60, 0x80, 0x6A, 0x04,
    0x60, 0x80, 0x6A, 0x0A, 0x60, 0x80, 0x53, 0x09, 0x51, 0x02, 0x60, 0x81, 0x51, 0x50, 0x02, 0x3F,
    0x03, 0x3E, 0x82, 0x51, 0x7A, 0x7D, 0x02, 0x97, 0x03, 0x7D, 0x80, 0x3F, 0x03, 0x01, 0x07, 0x05,
    0x80, 0x09, 0x03, 0x05, 0x03, 0x09, 0x81, 0x0D, 0x0B, 0x02, 0x0D, 0x05, 0x0B, 0x88, 0x0D, 0x1D,
    0x1E, 0x09, 0x0D, 0x1E, 0x0E, 0x0D, 0x2A, 0x02, 0x0D, 0x05, 0x0E, 0x03, 0x10, 0x05, 0x0F, 0x83,
    0x12, 0x14, 0x27, 0x0F, 0x02, 0x12, 0x80, 0x0F, 0x06, 0x12, 0x02, 0x14, 0x02, 0x12, 0x02, 0x14,
    0x03, 0x15, 0x82, 0x16, 0x17, 0x1B, 0x03, 0x18, 0x02, 0x1B, 0x85, 0x31, 0x2E, 0x1A, 0x2E, 0x1E,
    0x1B, 0x03, 0x1E, 0x83, 0x24, 0x22, 0x26, 0x22, 0x06, 0x26, 0x03, 0x2B, 0x80, 0x26, 0x08, 0x2B,
    0x03, 0x2D, 0x80, 0x2B, 0x03, 0x2D, 0x86, 0x2A, 0x39, 0x38, 0x32, 0x2D, 0x32, 0x39, 0x03, 0x2B,
    0x80, 0x2F, 0x02, 0x2B, 0x02, 0x2D, 0x84, 0x59, 0x2B, 0x2A, 0x45, 0x2C, 0x03, 0x92, 0x80, 0x58,
    0x02, 0x31, 0x84, 0x2D, 0x34, 0xC5, 0xDA, 0xE9, 0x03, 0xDD, 0x82, 0xEC, 0xDD, 0xEC, 0x02, 0xEB,
    0x02, 0xDE, 0x82, 0xDA, 0xDE, 0xEB, 0x02, 0xEC, 0x89, 0xF5, 0xD0, 0x3C, 0x9C, 0xCD, 0xDA, 0xCE,
    0xCD, 0xD2, 0xCE, 0x03, 0xDA, 0x02, 0xCE, 0x82, 0xDA, 0xDB, 0xDE, 0x02, 0xDD, 0x09, 0xEC, 0x88,
    0xDE, 0xDD, 0xCE, 0xDA, 0xD0, 0xC1, 0x9B, 0xC4, 0xEC, 0x03, 0xDE, 0x80, 0xC7, 0x02, 0xC2, 0x02,
    0xC7, 0x86, 0xA0, 0x52, 0x7F, 0x6A, 0x63, 0x54, 0x56, 0x02, 0x54, 0x80, 0x63, 0x02, 0x69, 0x80,
    0x63, 0x03, 0x56, 0x03, 0x63, 0x80, 0x66, 0x03, 0x63, 0x05, 0x66, 0x80, 0x6D, 0x02, 0x66, 0x81,
    0x6D, 0x69, 0x0C, 0x66, 0x80, 0x60, 0x04, 0x66, 0x82, 0x6D, 0x60, 0x66, 0x07, 0x60, 0x80, 0x6D,
    0x05, 0x60, 0x80, 0x6A, 0x04, 0x60, 0x80, 0x6A, 0x0A, 0x60, 0x80, 0x53, 0x09, 0x51, 0x02, 0x60,
    0x80, 0x51, 0x02, 0x3F, 0x03, 0x3D, 0x81, 0x3E, 0x51, 0x02, 0x7D, 0x02, 0x97, 0x03, 0x7D, 0x80,
    0x54, 0x08, 0x01, 0x03, 0x05, 0x82, 0x0E, 0x00, 0x05, 0x02, 0x03, 0x03, 0x09, 0x81, 0x0B, 0x09,
    0x05, 0x0B, 0x83, 0x0D, 0x27, 0x14, 0x0B, 0x04, 0x0D, 0x80, 0x27, 0x02, 0x0D, 0x03, 0x0E, 0x02,
    0x0D, 0x02, 0x0E, 0x80, 0x0D, 0x05, 0x0F, 0x82, 0x11, 0x17, 0x24, 0x05, 0x0F, 0x08, 0x12, 0x80,
    0x14, 0x02, 0x12, 0x02, 0x15, 0x82, 0x17, 0x15, 0x18, 0x05, 0x17, 0x84, 0x1B, 0x31, 0x2E, 0x1B,
    0x2E, 0x02, 0x1E, 0x80, 0x1B, 0x04, 0x1E, 0x02, 0x22, 0x0A, 0x26, 0x03, 0x2B, 0x80, 0x26, 0x0C,
    0x2B, 0x85, 0x2F, 0x39, 0x32, 0x2B, 0x2F, 0x36, 0x03, 0x2B, 0x85, 0x2F, 0x2B, 0x2C, 0x33, 0x5D,
    0x26, 0x02, 0x33, 0x8B, 0x26, 0x2A, 0x89, 0x92, 0x99, 0x59, 0x3A, 0x34, 0x37, 0xDB, 0xD9, 0xDA,
    0x02, 0xDD, 0x80, 0xDE, 0x03, 0xEC, 0x02, 0xEB, 0x02, 0xE9, 0x02, 0xDB, 0x81, 0xE9, 0xEB, 0x04,
    0xEC, 0x83, 0xE0, 0xEC, 0xEF, 0xEB, 0x02, 0xDA, 0x82, 0xDE, 0xCE, 0xD2, 0x06, 0xDA, 0x03, 0xDE,
    0x03, 0xEC, 0x80, 0xF5, 0x06, 0xEC, 0x03, 0xDD, 0x84, 0xCE, 0xDE, 0xC1, 0x9B, 0xD0, 0x02, 0xEC,
    0x02, 0xDE, 0x80, 0xC4, 0x02, 0xC2, 0x86, 0xC7, 0xB1, 0xC2, 0x66, 0x58, 0x7F, 0x3D, 0x02, 0x54,
    0x81, 0x56, 0x63, 0x02, 0x69, 0x80, 0x63, 0x07, 0x56, 0x03, 0x63, 0x05, 0x66, 0x80, 0x6D, 0x02,
    0x66, 0x80, 0x69, 0x02, 0x66, 0x80, 0x69, 0x0A, 0x66, 0x82, 0x60, 0x66, 0x60, 0x04, 0x66, 0x08,
    0x60, 0x80, 0x6A, 0x05, 0x60, 0x80, 0x6A, 0x0B, 0x60, 0x81, 0x53, 0x60, 0x03, 0x53, 0x05, 0x51,
    0x80, 0x3F, 0x03, 0x51, 0x02, 0x60, 0x02, 0x3F, 0x80, 0x3E, 0x04, 0x3D, 0x80, 0x51, 0x02, 0x7D,
    0x80, 0x97, 0x04, 0x7D, 0x80, 0x63, 0x08, 0x01, 0x03, 0x05, 0x84, 0x1D, 0x09, 0x05, 0x09, 0x05,
    0x05, 0x09, 0x05, 0x0B, 0x82, 0x0D, 0x2A, 0x14, 0x05, 0x0D, 0x80, 0x1C, 0x05, 0x0D, 0x05, 0x0E,
    0x03, 0x0F, 0x84, 0x0E, 0x0F, 0x10, 0x14, 0x27, 0x0A, 0x0F, 0x04, 0x12, 0x81, 0x19, 0x12, 0x02,
    0x14, 0x82, 0x15, 0x14, 0x15, 0x06, 0x17, 0x8B, 0x31, 0x2E, 0x18, 0x28, 0x1B, 0x1E, 0x1B, 0x1E,
    0x1B, 0x1E, 0x1B, 0x1E, 0x02, 0x22, 0x0E, 0x26, 0x80, 0x2B, 0x07, 0x26, 0x02, 0x2B, 0x86, 0x26,
    0x2B, 0x32, 0x30, 0x26, 0x2D, 0x34, 0x03, 0x26, 0x8D, 0x2D, 0x26, 0x44, 0x5C, 0x2B, 0x2C, 0x31,
    0x26, 0x23, 0x2A, 0x5C, 0x92, 0xCD, 0x91, 0x02, 0x59, 0x81, 0x91, 0xD9, 0x02, 0xDA, 0x81, 0xE9,
    0xDD, 0x04, 0xEC, 0x83, 0xEB, 0xE9, 0xDB, 0xDC, 0x02, 0xD9, 0x81, 0xDB, 0xEB, 0x05, 0xEC, 0x83,
    0xDD, 0x2E, 0xEB, 0xDD, 0x03, 0xDE, 0x02, 0xDD, 0x80, 0xDB, 0x02, 0xDA, 0x03, 0xDE, 0x80, 0xEB,
    0x02, 0xDE, 0x0A, 0xEC, 0x83, 0xD0, 0xDD, 0xCE, 0xD2, 0x02, 0xDE, 0x85, 0xDD, 0xDE, 0xEC, 0xDE,
    0xDD, 0xD0, 0x02, 0xC7, 0x86, 0x66, 0x9A, 0xB1, 0x94, 0x7F, 0x56, 0x7A, 0x02, 0x54, 0x04, 0x63,
    0x04, 0x54, 0x0B, 0x56, 0x83, 0x66, 0x69, 0x66, 0x56, 0x03, 0x66, 0x80, 0x6D, 0x09, 0x66, 0x04,
    0x60, 0x80, 0x66, 0x0B, 0x60, 0x80, 0x6A, 0x05, 0x60, 0x80, 0x6A, 0x02, 0x53, 0x81, 0x60, 0x53,
    0x02, 0x60, 0x07, 0x53, 0x07, 0x51, 0x02, 0x3F, 0x80, 0x51, 0x02, 0x3F, 0x02, 0x60, 0x82, 0x3F,
    0x3D, 0x3A, 0x04, 0x3D, 0x80, 0x51, 0x07, 0x7D, 0x80, 0x69, 0x0A, 0x01, 0x83, 0x0A, 0x19, 0x0C,
    0x03, 0x02, 0x05, 0x02, 0x03, 0x81, 0x05, 0x09, 0x02, 0x0B, 0x86, 0x05, 0x0B, 0x0A, 0x09, 0x0D,
    0x2A, 0x0F, 0x02, 0x09, 0x04, 0x0B, 0x81, 0x0D, 0x0B, 0x03, 0x0D, 0x06, 0x0E, 0x04, 0x10, 0x82,
    0x0F, 0x13, 0x27, 0x03, 0x10, 0x02, 0x12, 0x81, 0x10, 0x12, 0x03, 0x0F, 0x03, 0x12, 0x83, 0x14,
    0x24, 0x12, 0x13, 0x02, 0x14, 0x04, 0x15, 0x80, 0x18, 0x03, 0x17, 0x02, 0x2E, 0x03, 0x1B, 0x80,
    0x24, 0x04, 0x1B, 0x05, 0x1E, 0x02, 0x22, 0x81, 0x26, 0x22, 0x14, 0x26, 0x85, 0x2B, 0x34, 0x22,
    0x14, 0x2C, 0x32, 0x04, 0x26, 0x81, 0x2C, 0x5D, 0x04, 0x26, 0x84, 0x22, 0x24, 0x26, 0x5C, 0x89,
    0x02, 0xB2, 0x87, 0x73, 0x94, 0x9C, 0xD9, 0xDA, 0xDB, 0xE9, 0xEB, 0x03, 0xEC, 0x82, 0xEB, 0xE9,
    0xDB, 0x04, 0xD9, 0x81, 0xDB, 0xEB, 0x05, 0xEC, 0x84, 0xDE, 0xEC, 0xEB, 0xE9, 0xDE, 0x03, 0xE9,
    0x05, 0xDA, 0x02, 0xDE, 0x80, 0xEB, 0x03, 0xDE, 0x0A, 0xEC, 0x80, 0xDE, 0x05, 0xDD, 0x02, 0xDE,
    0x80, 0xEC, 0x02, 0xDD, 0x8A, 0xCE, 0xC3, 0xC2, 0x76, 0x58, 0x94, 0x93, 0x6A, 0x3C, 0x56, 0x3C,
    0x03, 0x63, 0x80, 0x56, 0x05, 0x54, 0x81, 0x56, 0x54, 0x09, 0x56, 0x80, 0x63, 0x03, 0x56, 0x82,
    0x66, 0x63, 0x6D, 0x09, 0x56, 0x02, 0x60, 0x80, 0x66, 0x0D, 0x60, 0x80, 0x6A, 0x02, 0x60, 0x80,
    0x6A, 0x03, 0x60, 0x04, 0x53, 0x02, 0x60, 0x80, 0x53, 0x0E, 0x51, 0x04, 0x3F, 0x02, 0x60, 0x80,
    0x3F, 0x02, 0x3D, 0x80, 0x3E, 0x02, 0x3A, 0x81, 0x3D, 0x3F, 0x07, 0x7D, 0x80, 0x69, 0x0A, 0x01,
    0x82, 0x0A, 0x19, 0x0C, 0x06, 0x05, 0x84, 0x09, 0x0A, 0x0B, 0x1A, 0x05, 0x02, 0x09, 0x87, 0x0D,
    0x2A, 0x0F, 0x09, 0x0D, 0x09, 0x0B, 0x09, 0x03, 0x0B, 0x80, 0x09, 0x03, 0x0B, 0x04, 0x0D, 0x82,
    0x0E, 0x0D, 0x10, 0x02, 0x0E, 0x02, 0x0F, 0x80, 0x1E, 0x03, 0x0E, 0x02, 0x0F, 0x82, 0x0E, 0x10,
    0x12, 0x02, 0x0F, 0x03, 0x12, 0x81, 0x0F, 0x1C, 0x05, 0x12, 0x80, 0x14, 0x05, 0x15, 0x80, 0x17,
    0x02, 0x2E, 0x02, 0x17, 0x80, 0x18, 0x06, 0x1B, 0x02, 0x1E, 0x81, 0x1B, 0x1E, 0x02, 0x1B, 0x84,
    0x22, 0x1B, 0x22, 0x26, 0x22, 0x12, 0x26, 0x85, 0x2F, 0x32, 0x1F, 0x25, 0x32, 0x2B, 0x02, 0x26,
    0x89, 0x1E, 0x8D, 0x26, 0x21, 0x24, 0x1E, 0x24, 0x1B, 0x2A, 0x33, 0x03, 0x89, 0x84, 0x92, 0x9A,
    0xC1, 0xCD, 0xD9, 0x02, 0xE9, 0x80, 0xEB, 0x03, 0xEC, 0x82, 0xEB, 0xE9, 0xDB, 0x06, 0xD9, 0x80,
    0xE9, 0x05, 0xEC, 0x82, 0xDE, 0xEC, 0xEB, 0x02, 0xDE, 0x02, 0xE9, 0x05, 0xDA, 0x80, 0xDB, 0x03,
    0xDE, 0x80, 0xDD, 0x05, 0xDE, 0x80, 0xEB, 0x02, 0xDE, 0x81, 0xEB, 0xEC, 0x03, 0xDE, 0x80, 0xDD,
    0x03, 0xDE, 0x81, 0xEC, 0xDE, 0x03, 0xDD, 0x02, 0xDE, 0x8C, 0xCE, 0xC3, 0x9C, 0x76, 0x3C, 0x54,
    0x63, 0x54, 0x3C, 0x56, 0x63, 0x54, 0x63, 0x0F, 0x54, 0x03, 0x56, 0x80, 0x54, 0x02, 0x56, 0x02,
    0x63, 0x80, 0x6D, 0x07, 0x56, 0x81, 0x54, 0x56, 0x02, 0x60, 0x80, 0x66, 0x0C, 0x60, 0x81, 0x51,
    0x6A, 0x04, 0x60, 0x03, 0x53, 0x80, 0x51, 0x02, 0x53, 0x02, 0x60, 0x80, 0x53, 0x0C, 0x51, 0x06,
    0x3F, 0x02, 0x60, 0x80, 0x3F, 0x02, 0x3D, 0x80, 0x3E, 0x03, 0x3A, 0x80, 0x51, 0x07, 0x7D, 0x80,
    0x74, 0x08, 0x01, 0x87, 0x1F, 0x0B, 0x0A, 0x11, 0x0C, 0x0F, 0x00, 0x09, 0x02, 0x05, 0x80, 0x01,
    0x02, 0x05, 0x82, 0x0D, 0x27, 0x0D, 0x02, 0x09, 0x82, 0x0D, 0x2A, 0x0F, 0x03, 0x09, 0x02, 0x0B,
    0x80, 0x09, 0x05, 0x0B, 0x02, 0x09, 0x81, 0x0B, 0x0D, 0x02, 0x0B, 0x81, 0x0D, 0x0F, 0x03, 0x0E,
    0x81, 0x0D, 0x19, 0x05, 0x0E, 0x80, 0x10, 0x02, 0x0E, 0x80, 0x0F, 0x02, 0x12, 0x87, 0x10, 0x12,
    0x0F, 0x24, 0x12, 0x13, 0x12, 0x13, 0x03, 0x12, 0x84, 0x14, 0x15, 0x14, 0x15, 0x16, 0x02, 0x2E,
    0x02, 0x17, 0x80, 0x18, 0x06, 0x1B, 0x81, 0x1A, 0x1B, 0x06, 0x1E, 0x81, 0x22, 0x1E, 0x03, 0x22,
    0x12, 0x26, 0x8E, 0x22, 0x26, 0x36, 0x25, 0x1E, 0x24, 0x5D, 0x26, 0x1E, 0x24, 0x1E, 0x1B, 0x1F,
    0x2C, 0x33, 0x04, 0x89, 0x83, 0x92, 0xB1, 0xCD, 0xD2, 0x03, 0xE9, 0x04, 0xEC, 0x80, 0xEB, 0x08,
    0xD9, 0x81, 0xDC, 0xEB, 0x03, 0xEC, 0x02, 0xDE, 0x83, 0xEC, 0xEB, 0xDE, 0xEB, 0x03, 0xE9, 0x02,
    0xDA, 0x81, 0xE9, 0xDA, 0x02, 0xE9, 0x80, 0xDE, 0x03, 0xE9, 0x80, 0xDE, 0x02, 0xDD, 0x09, 0xDE,
    0x81, 0xDD, 0xDE, 0x04, 0xEC, 0x02, 0xDD, 0x88, 0xDE, 0xD0, 0xCD, 0xCE, 0xC7, 0xC2, 0x58, 0x3C,
    0xA0, 0x02, 0x54, 0x85, 0x3C, 0x54, 0x66, 0x3C, 0x63, 0x3C, 0x10, 0x54, 0x03, 0x56, 0x80, 0x54,
    0x02, 0x56, 0x81, 0x6D, 0x63, 0x03, 0x54, 0x02, 0x56, 0x03, 0x54, 0x82, 0x56, 0x54, 0x66, 0x03,
    0x54, 0x03, 0x60, 0x04, 0x53, 0x03, 0x60, 0x80, 0x66, 0x02, 0x60, 0x82, 0x66, 0x60, 0x53, 0x02,
    0x51, 0x80, 0x53, 0x02, 0x51, 0x02, 0x60, 0x06, 0x51, 0x03, 0x3F, 0x80, 0x51, 0x02, 0x3F, 0x02,
    0x51, 0x03, 0x3F, 0x81, 0x3E, 0x3F, 0x02, 0x60, 0x80, 0x3F, 0x02, 0x3A, 0x02, 0x3E, 0x02, 0x3A,
    0x80, 0x51, 0x07, 0x7D, 0x80, 0x74, 0x08, 0x01, 0x88, 0x1F, 0x0D, 0x06, 0x0A, 0x01, 0x27, 0x09,
    0x03, 0x09, 0x03, 0x05, 0x83, 0x01, 0x0D, 0x27, 0x0E, 0x02, 0x09, 0x82, 0x0D, 0x2A, 0x0F, 0x03,
    0x09, 0x0D, 0x0B, 0x87, 0x0C, 0x0D, 0x0F, 0x0D, 0x0E, 0x0C, 0x0E, 0x0D, 0x03, 0x0E, 0x80, 0x10,
    0x04, 0x0E, 0x02, 0x0F, 0x03, 0x12, 0x82, 0x0E, 0x27, 0x24, 0x04, 0x12, 0x80, 0x13, 0x03, 0x12,
    0x84, 0x13, 0x14, 0x15, 0x2C, 0x2E, 0x02, 0x15, 0x02, 0x17, 0x80, 0x18, 0x03, 0x1B, 0x80, 0x18,
    0x04, 0x1B, 0x03, 0x1E, 0x03, 0x1B, 0x02, 0x1E, 0x03, 0x1B, 0x09, 0x22, 0x02, 0x26, 0x02, 0x22,
    0x81, 0x24, 0x22, 0x02, 0x1E, 0x86, 0x26, 0x2F, 0x2B, 0x1E, 0x33, 0x1F, 0x23, 0x02, 0x1E, 0x86,
    0x18, 0x44, 0x59, 0x45, 0x92, 0x89, 0x8A, 0x02, 0x89, 0x83, 0x9A, 0x9B, 0xCD, 0xDD, 0x04, 0xEB,
    0x02, 0xEC, 0x80, 0xEB, 0x09, 0xD9, 0x83, 0xDC, 0xE9, 0xEB, 0xEC, 0x03, 0xEB, 0x82, 0xEC, 0xEB,
    0xDE, 0x02, 0xEB, 0x02, 0xE9, 0x83, 0xDD, 0xDA, 0xE9, 0xDA, 0x02, 0xE9, 0x80, 0xDB, 0x02, 0xDE,
    0x02, 0xE9, 0x02, 0xDD, 0x06, 0xDE, 0x02, 0xDD, 0x81, 0xDE, 0xDA, 0x02, 0xDE, 0x03, 0xEC, 0x03,
    0xDE, 0x8E, 0xDD, 0xEC, 0xC7, 0xC2, 0xC7, 0x9C, 0xA0, 0x44, 0x97, 0x6D, 0x54, 0x3C, 0x63, 0x3C,
    0x63, 0x05, 0x3C, 0x0C, 0x54, 0x02, 0x63, 0x03, 0x54, 0x82, 0x56, 0x69, 0x56, 0x0A, 0x54, 0x80,
    0x66, 0x03, 0x54, 0x81, 0x60, 0x53, 0x06, 0x51, 0x82, 0x53, 0x51, 0x66, 0x03, 0x60, 0x07, 0x51,
    0x02, 0x60, 0x02, 0x51, 0x80, 0x3F, 0x02, 0x51, 0x07, 0x3F, 0x80, 0x51, 0x04, 0x3F, 0x02, 0x3E,
    0x02, 0x60, 0x80, 0x3F, 0x05, 0x3A, 0x81, 0x39, 0x60, 0x06, 0x7D, 0x02, 0x7A, 0x08, 0x01, 0x87,
    0x1D, 0x0B, 0x0A, 0x06, 0x09, 0x27, 0x0F, 0x00, 0x02, 0x05, 0x80, 0x03, 0x02, 0x05, 0x82, 0x0B,
    0x27, 0x0D, 0x02, 0x09, 0x85, 0x0D, 0x2A, 0x0F, 0x0B, 0x09, 0x0B, 0x07, 0x0D, 0x80, 0x09, 0x03,
    0x0D, 0x04, 0x0B, 0x83, 0x0E, 0x0D, 0x0E, 0x10, 0x07, 0x0E, 0x82, 0x10, 0x0D, 0x0E, 0x05, 0x10,
    0x82, 0x11, 0x14, 0x24, 0x07, 0x12, 0x85, 0x14, 0x12, 0x13, 0x14, 0x2A, 0x2C, 0x03, 0x15, 0x02,
    0x17, 0x03, 0x18, 0x81, 0x1B, 0x18, 0x09, 0x1B, 0x02, 0x1E, 0x03, 0x1B, 0x03, 0x1E, 0x81, 0x22,
    0x24, 0x02, 0x22, 0x81, 0x1B, 0x26, 0x02, 0x22, 0x02, 0x1E, 0x82, 0x1B, 0x1E, 0x1A, 0x02, 0x1E,
    0x81, 0x2B, 0x2E, 0x02, 0x24, 0x81, 0x1B, 0x1E, 0x02, 0x1B, 0x80, 0x44, 0x02, 0x8A, 0x83, 0x99,
    0x94, 0x92, 0x99, 0x02, 0x92, 0x83, 0x99, 0xD9, 0xCE, 0xE9, 0x03, 0xEB, 0x02, 0xEC, 0x80, 0xEB,
    0x05, 0xD9, 0x80, 0xCE, 0x05, 0xD9, 0x80, 0xDB, 0x05, 0xEB, 0x83, 0xEC, 0xEB, 0xDE, 0xEB, 0x08,
    0xE9, 0x80, 0xDA, 0x04, 0xE9, 0x80, 0xDB, 0x02, 0xDD, 0x81, 0xDE, 0xE9, 0x03, 0xDE, 0x03, 0xDD,
    0x83, 0xDE, 0xDA, 0xDC, 0xE9, 0x03, 0xEC, 0x02, 0xDE, 0x84, 0xEC, 0xDD, 0xEC, 0xC3, 0xC7, 0x02,
    0xC3, 0x89, 0xC5, 0xC7, 0x7B, 0xC1, 0x93, 0x78, 0x6A, 0x3C, 0x54, 0x95, 0x08, 0x3C, 0x09, 0x54,
    0x80, 0x56, 0x03, 0x54, 0x82, 0x56, 0x69, 0x56, 0x0A, 0x54, 0x80, 0x60, 0x03, 0x54, 0x08, 0x51,
    0x85, 0x53, 0x51, 0x66, 0x60, 0x51, 0x60, 0x07, 0x51, 0x02, 0x60, 0x0C, 0x3F, 0x81, 0x51, 0x3F,
    0x05, 0x3E, 0x02, 0x60, 0x80, 0x3F, 0x05, 0x3A, 0x81, 0x35, 0x60, 0x07, 0x7D, 0x80, 0x7A, 0x08,
    0x01, 0x87, 0x1D, 0x0B, 0x05, 0x04, 0x09, 0x27, 0x12, 0x04, 0x05, 0x01, 0x81, 0x05, 0x27, 0x03,
    0x09, 0x82, 0x0D, 0x2A, 0x0F, 0x02, 0x09, 0x80, 0x05, 0x04, 0x0B, 0x82, 0x0D, 0x09, 0x0A, 0x03,
    0x09, 0x80, 0x0D, 0x02, 0x0B, 0x84, 0x0C, 0x0E, 0x0D, 0x0B, 0x0D, 0x08, 0x0E, 0x02, 0x0D, 0x03,
    0x0E, 0x03, 0x10, 0x83, 0x0E, 0x14, 0x27, 0x0F, 0x06, 0x12, 0x81, 0x14, 0x1A, 0x02, 0x14, 0x02,
    0x2A, 0x04, 0x15, 0x03, 0x17, 0x81, 0x15, 0x18, 0x03, 0x17, 0x80, 0x18, 0x08, 0x1B, 0x80, 0x1E,
    0x05, 0x1B, 0x05, 0x1E, 0x03, 0x1B, 0x02, 0x1E, 0x02, 0x1B, 0x8A, 0x13, 0x17, 0x1B, 0x22, 0x2C,
    0x2A, 0x1B, 0x1E, 0x1B, 0x17, 0x26, 0x02, 0x92, 0x80, 0x9A, 0x03, 0x9B, 0x81, 0x9C, 0x99, 0x02,
    0x92, 0x83, 0x9A, 0xD9, 0xDB, 0xE9, 0x02, 0xEB, 0x86, 0xEC, 0xF5, 0xDC, 0x9B, 0x93, 0x9B, 0xDC,
    0x07, 0xD9, 0x02, 0xDC, 0x03, 0xEB, 0x02, 0xDE, 0x03, 0xEB, 0x04, 0xDB, 0x08, 0xE9, 0x05, 0xDD,
    0x02, 0xDA, 0x80, 0xDB, 0x02, 0xDA, 0x02, 0xDD, 0x85, 0xDE, 0xDA, 0xDC, 0xDA, 0xDE, 0xEB, 0x02,
    0xDE, 0x83, 0xDD, 0xEC, 0xDD, 0xC7, 0x03, 0xC3, 0x84, 0xB2, 0xB1, 0xDA, 0xC7, 0xC1, 0x02, 0x93,
    0x84, 0x9B, 0x53, 0x56, 0x39, 0x5B, 0x09, 0x3C, 0x05, 0x54, 0x82, 0x52, 0x54, 0x56, 0x04, 0x54,
    0x80, 0x63, 0x0F, 0x54, 0x02, 0x51, 0x82, 0x54, 0x51, 0x54, 0x05, 0x51, 0x84, 0x6A, 0x60, 0x51,
    0x60, 0x3F, 0x07, 0x51, 0x0B, 0x3F, 0x83, 0x3E, 0x3F, 0x51, 0x3F, 0x02, 0x3E, 0x80, 0x3F, 0x02,
    0x3E, 0x82, 0x51, 0x60, 0x3F, 0x02, 0x3A, 0x84, 0x3D, 0x3A, 0x3F, 0x39, 0x60, 0x06, 0x7D, 0x02,
    0x7A, 0x08, 0x01, 0x87, 0x0F, 0x0D, 0x0C, 0x04, 0x09, 0x27, 0x12, 0x04, 0x02, 0x01, 0x85, 0x00,
    0x01, 0x09, 0x03, 0x27, 0x0F, 0x02, 0x09, 0x82, 0x0D, 0x2A, 0x0F, 0x02, 0x09, 0x80, 0x05, 0x02,
    0x09, 0x83, 0x0D, 0x0B, 0x10, 0x0B, 0x04, 0x09, 0x81, 0x0D, 0x09, 0x02, 0x0B, 0x80, 0x0D, 0x02,
    0x0B, 0x02, 0x0D, 0x02, 0x0C, 0x04, 0x0D, 0x80, 0x0C, 0x02, 0x0D, 0x06, 0x0E, 0x83, 0x10, 0x0F,
    0x27, 0x0F, 0x02, 0x12, 0x84, 0x10, 0x12, 0x10, 0x0F, 0x12, 0x02, 0x14, 0x80, 0x12, 0x02, 0x2A,
    0x81, 0x13, 0x14, 0x06, 0x15, 0x80, 0x17, 0x02, 0x18, 0x03, 0x17, 0x80, 0x18, 0x03, 0x1B, 0x80,
    0x18, 0x14, 0x1B, 0x80, 0x1E, 0x02, 0x1B, 0x82, 0x1E, 0x38, 0x1B, 0x02, 0x24, 0x81, 0x18, 0x1B,
    0x02, 0x92, 0x80, 0x9B, 0x04, 0xC1, 0x81, 0x9B, 0x9A, 0x02, 0x92, 0x84, 0xD9, 0xCD, 0xDA, 0xCD,
    0xE9, 0x03, 0xEB, 0x80, 0x9B, 0x03, 0x93, 0x81, 0xC7, 0xD9, 0x02, 0xDC, 0x03, 0xD9, 0x82, 0xDC,
    0xCD, 0xC7, 0x03, 0xEB, 0x82, 0xDB, 0xDA, 0xE9, 0x05, 0xDB, 0x03, 0xE9, 0x80, 0xDA, 0x06, 0xE9,
    0x03, 0xDD, 0x03, 0xDA, 0x02, 0xDB, 0x02, 0xDA, 0x82, 0xDD, 0xDE, 0xDA, 0x03, 0xDC, 0x82, 0xEB,
    0xDE, 0xDA, 0x02, 0xDD, 0x90, 0xD0, 0xC5, 0x9A, 0xC3, 0xB1, 0x9A, 0x99, 0xB1, 0xC4, 0xC2, 0xC1,
    0x93, 0x7F, 0x93, 0x6D, 0x58, 0x54, 0x02, 0x3C, 0x80, 0x38, 0x0C, 0x3C, 0x06, 0x54, 0x81, 0x63,
    0x3F, 0x03, 0x54, 0x05, 0x3F, 0x02, 0x51, 0x81, 0x54, 0x63, 0x05, 0x51, 0x03, 0x3F, 0x84, 0x51,
    0x3F, 0x60, 0x3F, 0x60, 0x02, 0x51, 0x80, 0x60, 0x12, 0x3F, 0x03, 0x3E, 0x80, 0x3F, 0x04, 0x3E,
    0x84, 0x3F, 0x3E, 0x51, 0x60, 0x3F, 0x04, 0x3A, 0x82, 0x3F, 0x39, 0x60, 0x06, 0x7D, 0x02, 0x7A,
    0x04, 0x04, 0x06, 0x01, 0x85, 0x0A, 0x01, 0x00, 0x27, 0x16, 0x0C, 0x02, 0x01, 0x80, 0x0A, 0x02,
    0x01, 0x82, 0x06, 0x27, 0x0D, 0x02, 0x05, 0x82, 0x09, 0x27, 0x0F, 0x05, 0x05, 0x82, 0x01, 0x0A,
    0x1E, 0x03, 0x0B, 0x05, 0x09, 0x05, 0x0B, 0x03, 0x0D, 0x80, 0x0F, 0x05, 0x0D, 0x05, 0x0E, 0x80,
    0x0D, 0x02, 0x0E, 0x82, 0x12, 0x27, 0x11, 0x03, 0x10, 0x80, 0x0E, 0x02, 0x10, 0x04, 0x12, 0x81,
    0x27, 0x2A, 0x03, 0x12, 0x80, 0x14, 0x03, 0x15, 0x82, 0x18, 0x1B, 0x15, 0x03, 0x17, 0x02, 0x18,
    0x80, 0x1E, 0x0A, 0x1B, 0x03, 0x18, 0x08, 0x1B, 0x82, 0x18, 0x1B, 0x1E, 0x02, 0x18, 0x86, 0x2A,
    0x2E, 0x18, 0x2A, 0x31, 0x17, 0x92, 0x02, 0x94, 0x82, 0x9B, 0xC1, 0x9B, 0x03, 0xC1, 0x80, 0x9B,
    0x02, 0x9C, 0x80, 0xC7, 0x02, 0x9C, 0x84, 0xC1, 0xCD, 0xDB, 0xE9, 0xC3, 0x04, 0x93, 0x82, 0xC7,
    0xDC, 0xD9, 0x02, 0xDB, 0x84, 0xDC, 0xD9, 0xDA, 0xC3, 0xC7, 0x04, 0xDC, 0x81, 0xDA, 0xD9, 0x08,
    0xDB, 0x02, 0xDA, 0x04, 0xE9, 0x85, 0xDA, 0xE9, 0xDE, 0xE9, 0xDA, 0xDD, 0x03, 0xDA, 0x84, 0xDC,
    0xDA, 0xDD, 0xDE, 0xDA, 0x02, 0xDB, 0x84, 0xEB, 0x37, 0xDA, 0x99, 0xDE, 0x02, 0xDD, 0x83, 0xC5,
    0x99, 0xB1, 0xC9, 0x02, 0x99, 0x80, 0x9C, 0x02, 0xC2, 0x8C, 0xC7, 0x93, 0x7F, 0xC1, 0x9C, 0x9A,
    0x74, 0x44, 0x56, 0x3C, 0x36, 0x3C, 0x38, 0x0A, 0x3C, 0x02, 0x54, 0x80, 0x3C, 0x02, 0x54, 0x81,
    0x63, 0x54, 0x06, 0x3C, 0x80, 0x54, 0x02, 0x3C, 0x82, 0x3F, 0x54, 0x63, 0x02, 0x51, 0x08, 0x3F,
    0x82, 0x60, 0x3F, 0x51, 0x02, 0x3F, 0x80, 0x60, 0x03, 0x3F, 0x80, 0x50, 0x08, 0x3F, 0x80, 0x50,
    0x02, 0x3F, 0x05, 0x3E, 0x03, 0x3F, 0x80, 0x3A, 0x02, 0x3E, 0x81, 0x3F, 0x3D, 0x02, 0x51, 0x80,
    0x3F, 0x04, 0x3A, 0x82, 0x3F, 0x39, 0x54, 0x06, 0x7D, 0x81, 0x7A, 0x74, 0x04, 0x04, 0x04, 0x01,
    0x82, 0x04, 0x01, 0x09, 0x02, 0x00, 0x82, 0x2A, 0x1D, 0x06, 0x05, 0x01, 0x87, 0x06, 0x27, 0x0F,
    0x05, 0x03, 0x09, 0x27, 0x13, 0x02, 0x05, 0x80, 0x09, 0x02, 0x05, 0x02, 0x09, 0x81, 0x27, 0x11,
    0x02, 0x0D, 0x05, 0x09, 0x05, 0x0B, 0x84, 0x0D, 0x0A, 0x0B, 0x16, 0x0C, 0x05, 0x0D, 0x07, 0x0E,
    0x82, 0x12, 0x1E, 0x0E, 0x02, 0x10, 0x80, 0x0E, 0x03, 0x10, 0x04, 0x12, 0x02, 0x2A, 0x04, 0x12,
    0x86, 0x14, 0x16, 0x14, 0x15, 0x2A, 0x15, 0x16, 0x02, 0x15, 0x81, 0x17, 0x18, 0x06, 0x1B, 0x82,
    0x18, 0x1B, 0x28, 0x08, 0x17, 0x05, 0x1B, 0x80, 0x1A, 0x03, 0x18, 0x89, 0x1F, 0x18, 0x2E, 0x1F,
    0x8A, 0x9B, 0x94, 0x9B, 0x94, 0x9B, 0x02, 0xC1, 0x80, 0x9B, 0x0A, 0xC1, 0x82, 0xCE, 0xD9, 0xDC,
    0x05, 0x93, 0x80, 0xC7, 0x02, 0xD9, 0x80, 0xDA, 0x02, 0xDC, 0x83, 0xD9, 0xDB, 0xC1, 0xCE, 0x03,
    0xD9, 0x84, 0xDC, 0xCE, 0xD9, 0xDB, 0xE9, 0x06, 0xDB, 0x02, 0xDA, 0x07, 0xE9, 0x81, 0xDA, 0xDD,
    0x06, 0xDA, 0x89, 0xDD, 0xDE, 0xDA, 0xDB, 0xCD, 0xDA, 0xDB, 0xC7, 0x92, 0xCD, 0x02, 0xDD, 0x80,
    0xC7, 0x03, 0x99, 0x83, 0xB1, 0x9A, 0x9B, 0xC1, 0x02, 0xC2, 0x89, 0xC1, 0x7F, 0x93, 0xB1, 0x99,
    0x95, 0x59, 0x5C, 0x75, 0x34, 0x07, 0x38, 0x81, 0x3C, 0x38, 0x07, 0x3C, 0x81, 0x54, 0x63, 0x04,
    0x3C, 0x02, 0x54, 0x81, 0x3C, 0x3F, 0x02, 0x3C, 0x02, 0x3F, 0x80, 0x60, 0x0A, 0x3F, 0x81, 0x60,
    0x3F, 0x02, 0x3D, 0x83, 0x3F, 0x60, 0x3D, 0x3F, 0x02, 0x3D, 0x04, 0x3F, 0x04, 0x3E, 0x02, 0x3D,
    0x80, 0x3F, 0x03, 0x3E, 0x81, 0x3D, 0x3E, 0x03, 0x3F, 0x80, 0x3A, 0x02, 0x3E, 0x84, 0x3F, 0x3A,
    0x3F, 0x51, 0x3F, 0x03, 0x39, 0x83, 0x3A, 0x3D, 0x39, 0x54, 0x06, 0x7D, 0x02, 0x74, 0x08, 0x04,
    0x03, 0x01, 0x84, 0x00, 0x09, 0x2A, 0x27, 0x0B, 0x02, 0x01, 0x80, 0x00, 0x02, 0x01, 0x82, 0x06,
    0x27, 0x0D, 0x03, 0x01, 0x81, 0x27, 0x14, 0x03, 0x05, 0x87, 0x09, 0x0D, 0x06, 0x0B, 0x27, 0x12,
    0x09, 0x0A, 0x04, 0x09, 0x81, 0x0A, 0x03, 0x02, 0x05, 0x02, 0x09, 0x84, 0x05, 0x03, 0x05, 0x11,
    0x0B, 0x03, 0x0D, 0x81, 0x0C, 0x0D, 0x04, 0x0E, 0x80, 0x0D, 0x02, 0x0E, 0x81, 0x12, 0x1C, 0x02,
    0x0E, 0x02, 0x10, 0x83, 0x14, 0x0F, 0x12, 0x0F, 0x02, 0x10, 0x80, 0x12, 0x02, 0x27, 0x03, 0x0F,
    0x87, 0x12, 0x15, 0x14, 0x13, 0x1A, 0x28, 0x17, 0x15, 0x03, 0x14, 0x80, 0x17, 0x02, 0x18, 0x02,
    0x17, 0x84, 0x18, 0x17, 0x16, 0x15, 0x2C, 0x0B, 0x17, 0x02, 0x15, 0x04, 0x17, 0x83, 0x18, 0x17,
    0x32, 0x61, 0x03, 0x93, 0x82, 0x7C, 0x94, 0x9B, 0x0D, 0xC1, 0x82, 0xC7, 0xC1, 0xC3, 0x05, 0x93,
    0x82, 0xC7, 0xD9, 0xC7, 0x02, 0xDB, 0x80, 0xCD, 0x02, 0xC7, 0x80, 0xC1, 0x04, 0xD9, 0x82, 0xDA,
    0xDC, 0xD9, 0x02, 0xDB, 0x80, 0xE9, 0x0A, 0xDB, 0x03, 0xDA, 0x8E, 0xE9, 0xDA, 0xDD, 0xDA, 0xDD,
    0xD9, 0xEB, 0xDA, 0xCE, 0xDA, 0xE9, 0xDD, 0xDA, 0xDB, 0xDC, 0x02, 0x9B, 0x85, 0x9C, 0xC3, 0xDE,
    0xDD, 0xC3, 0xC5, 0x02, 0x99, 0x80, 0xB1, 0x05, 0xC1, 0x84, 0x9B, 0x94, 0x93, 0x94, 0x8E, 0x02,
    0x99, 0x83, 0x44, 0x8E, 0x8A, 0x3C, 0x02, 0x38, 0x80, 0x3C, 0x05, 0x38, 0x07, 0x3C, 0x81, 0x54,
    0x56, 0x04, 0x3C, 0x81, 0x3F, 0x54, 0x05, 0x3C, 0x83, 0x3F, 0x60, 0x3C, 0x3F, 0x06, 0x3D, 0x82,
    0x51, 0x3D, 0x54, 0x04, 0x3D, 0x80, 0x60, 0x0E, 0x3D, 0x80, 0x3F, 0x04, 0x3D, 0x83, 0x3A, 0x3D,
    0x3F, 0x3D, 0x03, 0x3A, 0x84, 0x3D, 0x3A, 0x3F, 0x51, 0x3F, 0x02, 0x39, 0x03, 0x35, 0x81, 0x39,
    0x60, 0x06, 0x7D, 0x81, 0x74, 0x69, 0x08, 0x04, 0x03, 0x01, 0x84, 0x07, 0x09, 0x2A, 0x27, 0x0B,
    0x05, 0x01, 0x82, 0x06, 0x27, 0x0F, 0x02, 0x01, 0x82, 0x0A, 0x1C, 0x13, 0x03, 0x05, 0x02, 0x10,
    0x85, 0x06, 0x0A, 0x27, 0x12, 0x09, 0x0A, 0x05, 0x09, 0x08, 0x05, 0x85, 0x09, 0x0D, 0x09, 0x12,
    0x0E, 0x0B, 0x02, 0x0C, 0x02, 0x0E, 0x87, 0x0D, 0x0E, 0x0F, 0x10, 0x12, 0x1C, 0x0E, 0x0D, 0x02,
    0x10, 0x81, 0x1A, 0x16, 0x02, 0x0F, 0x82, 0x0E, 0x10, 0x13, 0x02, 0x27, 0x03, 0x0F, 0x80, 0x1A,
    0x02, 0x14, 0x84, 0x13, 0x1A, 0x28, 0x17, 0x15, 0x03, 0x14, 0x84, 0x15, 0x16, 0x15, 0x18, 0x17,
    0x04, 0x15, 0x80, 0x28, 0x03, 0x15, 0x80, 0x17, 0x0C, 0x15, 0x84, 0x16, 0x15, 0x1B, 0x61, 0x6B,
    0x04, 0x7C, 0x80, 0xC1, 0x02, 0x9B, 0x0E, 0xC1, 0x82, 0x9C, 0xC1, 0x9B, 0x03, 0xC1, 0x02, 0xC3,
    0x83, 0xC7, 0xDB, 0xE9, 0xC3, 0x02, 0xC1, 0x81, 0xC2, 0xC7, 0x02, 0xD9, 0x82, 0xDB, 0xDA, 0xDC,
    0x02, 0xD9, 0x0C, 0xDB, 0x84, 0xDA, 0xDD, 0xDA, 0xE9, 0xDA, 0x03, 0xDB, 0x81, 0xD9, 0xE9, 0x02,
    0xCE, 0x80, 0xDA, 0x02, 0xE9, 0x86, 0xDA, 0xCD, 0x9C, 0x9B, 0x94, 0x9B, 0xC2, 0x02, 0xCE, 0x83,
    0xC7, 0xDE, 0xD2, 0xB1, 0x06, 0x9B, 0x84, 0xC1, 0xC2, 0x9B, 0x99, 0x8E, 0x02, 0x99, 0x82, 0x9D,
    0x38, 0x8A, 0x02, 0x3C, 0x04, 0x34, 0x06, 0x38, 0x05, 0x3C, 0x80, 0x54, 0x04, 0x3C, 0x81, 0x3F,
    0x56, 0x03, 0x3C, 0x83, 0x3D, 0x3C, 0x3F, 0x54, 0x08, 0x3D, 0x82, 0x51, 0x3D, 0x60, 0x04, 0x3D,
    0x86, 0x51, 0x3D, 0x3A, 0x3D, 0x3A, 0x3D, 0x3F, 0x04, 0x3D, 0x80, 0x3A, 0x05, 0x3D, 0x05, 0x3A,
    0x81, 0x3F, 0x3D, 0x03, 0x3A, 0x02, 0x39, 0x83, 0x3D, 0x51, 0x3F, 0x39, 0x04, 0x35, 0x81, 0x39,
    0x51, 0x05, 0x7D, 0x82, 0x7A, 0x69, 0x63, 0x09, 0x04, 0x86, 0x00, 0x05, 0x08, 0x09, 0x29, 0x27,
    0x05, 0x05, 0x01, 0x85, 0x0A, 0x27, 0x13, 0x05, 0x09, 0x0B, 0x02, 0x11, 0x03, 0x05, 0x87, 0x09,
    0x11, 0x06, 0x09, 0x27, 0x13, 0x07, 0x0D, 0x05, 0x09, 0x84, 0x05, 0x03, 0x05, 0x0A, 0x03, 0x02,
    0x09, 0x02, 0x0B, 0x02, 0x05, 0x80, 0x0F, 0x04, 0x0B, 0x02, 0x0C, 0x8B, 0x0D, 0x0E, 0x14, 0x16,
    0x12, 0x1E, 0x0E, 0x16, 0x18, 0x0E, 0x1A, 0x16, 0x05, 0x10, 0x02, 0x27, 0x89, 0x12, 0x0F, 0x12,
    0x27, 0x0F, 0x12, 0x13, 0x1A, 0x2A, 0x15, 0x06, 0x14, 0x02, 0x15, 0x80, 0x17, 0x04, 0x15, 0x80,
    0x28, 0x05, 0x15, 0x80, 0x17, 0x03, 0x15, 0x80, 0x14, 0x05, 0x15, 0x86, 0x1B, 0x19, 0x1B, 0x37,
    0x6F, 0x64, 0x6B, 0x02, 0x7C, 0x04, 0x9B, 0x82, 0x94, 0x9B, 0xC1, 0x02, 0xC3, 0x03, 0xC1, 0x81,
    0xC2, 0xC3, 0x04, 0xC1, 0x80, 0x9C, 0x07, 0xC1, 0x80, 0xCE, 0x02, 0xCD, 0x03, 0xC1, 0x81, 0xC3,
    0xC7, 0x02, 0xCD, 0x80, 0xD9, 0x02, 0xDB, 0x03, 0xD9, 0x82, 0xDC, 0xDB, 0xE9, 0x05, 0xDB, 0x06,
    0xE9, 0x81, 0xDD, 0xDA, 0x03, 0xDB, 0x84, 0x52, 0xE9, 0xCD, 0xC7, 0xCD, 0x03, 0xE9, 0x81, 0xB2,
    0x99, 0x03, 0x94, 0x80, 0xC2, 0x03, 0xC3, 0x82, 0xC7, 0xDE, 0xC7, 0x06, 0x9B, 0x81, 0xC1, 0xC2,
    0x02, 0xB1, 0x8A, 0xC2, 0xA0, 0xB1, 0x8A, 0x95, 0x59, 0x8E, 0x3C, 0x54, 0x38, 0x34, 0x02, 0x38,
    0x80, 0x34, 0x07, 0x38, 0x07, 0x3C, 0x82, 0x3F, 0x54, 0x3D, 0x04, 0x3C, 0x82, 0x3F, 0x54, 0x3D,
    0x02, 0x3C, 0x04, 0x3D, 0x83, 0x3C, 0x54, 0x3D, 0x60, 0x05, 0x3D, 0x05, 0x3A, 0x80, 0x3F, 0x02,
    0x3D, 0x0D, 0x3A, 0x02, 0x3D, 0x80, 0x3A, 0x02, 0x39, 0x82, 0x3A, 0x39, 0x3D, 0x02, 0x3F, 0x80,
    0x39, 0x04, 0x35, 0x82, 0x39, 0x3F, 0x7A, 0x02, 0x7D, 0x03, 0x7A, 0x02, 0x63, 0x0A, 0x04, 0x85,
    0x09, 0x06, 0x09, 0x2A, 0x27, 0x05, 0x03, 0x01, 0x84, 0x05, 0x01, 0x06, 0x27, 0x0F, 0x02, 0x01,
    0x82, 0x09, 0x00, 0x09, 0x03, 0x05, 0x86, 0x0B, 0x12, 0x04, 0x09, 0x27, 0x19, 0x0A, 0x02, 0x09,
    0x81, 0x05, 0x09, 0x05, 0x05, 0x85, 0x0A, 0x09, 0x13, 0x09, 0x05, 0x09, 0x02, 0x05, 0x81, 0x0F,
    0x00, 0x02, 0x09, 0x90, 0x05, 0x0B, 0x0C, 0x0E, 0x0C, 0x19, 0x1C, 0x0D, 0x1E, 0x0D, 0x1A, 0x1C,
    0x0E, 0x19, 0x1A, 0x0D, 0x0F, 0x03, 0x10, 0x02, 0x27, 0x02, 0x0F, 0x8B, 0x12, 0x27, 0x12, 0x0F,
    0x12, 0x1A, 0x2A, 0x14, 0x13, 0x12, 0x13, 0x14, 0x04, 0x12, 0x02, 0x15, 0x83, 0x14, 0x15, 0x14,
    0x1B, 0x02, 0x15, 0x03, 0x14, 0x02, 0x15, 0x03, 0x14, 0x80, 0x13, 0x02, 0x14, 0x89, 0x11, 0x12,
    0x1F, 0x10, 0x35, 0x3B, 0x68, 0x6F, 0x94, 0x93, 0x03, 0x9B, 0x80, 0x94, 0x02, 0x93, 0x81, 0x9B,
    0xC7, 0x02, 0xCD, 0x85, 0xC7, 0xC3, 0xC7, 0xEB, 0xCE, 0xC7, 0x03, 0xC3, 0x08, 0xC1, 0x82, 0xC3,
    0xCD, 0xC3, 0x03, 0xC1, 0x86, 0xC3, 0xC7, 0xDB, 0xC7, 0xD9, 0xDB, 0xDA, 0x02, 0xD9, 0x83, 0xCD,
    0xD9, 0xDB, 0xE9, 0x07, 0xDB, 0x80, 0xE9, 0x04, 0xDB, 0x80, 0xCE, 0x03, 0xD9, 0x82, 0xEB, 0xDC,
    0xCE, 0x02, 0xC7, 0x84, 0xDA, 0xE9, 0xDA, 0xC3, 0x9A, 0x03, 0x94, 0x80, 0xC1, 0x02, 0xC2, 0x02,
    0xC3, 0x81, 0xEC, 0xC7, 0x02, 0xC1, 0x02, 0x9B, 0x03, 0xC1, 0x80, 0xC2, 0x02, 0xB1, 0x81, 0xC3,
    0xC5, 0x02, 0xC9, 0x81, 0xB6, 0x59, 0x02, 0x9D, 0x82, 0x59, 0x3C, 0x54, 0x02, 0x38, 0x02, 0x34,
    0x0D, 0x38, 0x81, 0x3C, 0x54, 0x06, 0x3C, 0x80, 0x54, 0x02, 0x3C, 0x05, 0x3D, 0x83, 0x38, 0x51,
    0x3F, 0x51, 0x03, 0x3D, 0x80, 0x3A, 0x05, 0x39, 0x80, 0x3A, 0x02, 0x3F, 0x0F, 0x3A, 0x81, 0x3D,
    0x39, 0x02, 0x35, 0x02, 0x39, 0x80, 0x3D, 0x02, 0x3F, 0x80, 0x39, 0x04, 0x35, 0x81, 0x39, 0x3F,
    0x06, 0x7A, 0x81, 0x63, 0x54, 0x08, 0x04, 0x87, 0x03, 0x13, 0x0F, 0x06, 0x09, 0x2A, 0x27, 0x09,
    0x04, 0x01, 0x84, 0x05, 0x06, 0x1C, 0x09, 0x06, 0x02, 0x01, 0x80, 0x0C, 0x04, 0x05, 0x86, 0x09,
    0x10, 0x00, 0x05, 0x27, 0x19, 0x0C, 0x02, 0x05, 0x80, 0x09, 0x06, 0x05, 0x89, 0x01, 0x12, 0x1F,
    0x09, 0x03, 0x05, 0x03, 0x05, 0x0D, 0x0A, 0x02, 0x09, 0x80, 0x05, 0x02, 0x0C, 0x8C, 0x0E, 0x0C,
    0x1A, 0x27, 0x0F, 0x1E, 0x0D, 0x1D, 0x27, 0x0E, 0x19, 0x1A, 0x0E, 0x04, 0x10, 0x02, 0x27, 0x83,
    0x10, 0x0F, 0x12, 0x27, 0x02, 0x12, 0x83, 0x0F, 0x18, 0x2A, 0x14, 0x08, 0x12, 0x80, 0x15, 0x04,
    0x14, 0x80, 0x12, 0x05, 0x14, 0x81, 0x15, 0x14, 0x03, 0x12, 0x86, 0x14, 0x13, 0x12, 0x13, 0x2B,
    0x26, 0x2D, 0x02, 0x3B, 0x81, 0x68, 0x94, 0x04, 0x9B, 0x04, 0x93, 0x02, 0xC7, 0x84, 0xD9, 0xE9,
    0xDB, 0xEB, 0xEC, 0x02, 0xEB, 0x84, 0xDA, 0xCD, 0xCE, 0xCD, 0xC3, 0x08, 0xC1, 0x80, 0xC3, 0x04,
    0xC1, 0x02, 0xC3, 0x84, 0xDB, 0xC7, 0xCD, 0xDB, 0xDA, 0x02, 0xD9, 0x02, 0xC3, 0x80, 0xDA, 0x02,
    0xE9, 0x04, 0xDB, 0x80, 0xD9, 0x02, 0xDB, 0x02, 0xD9, 0x80, 0xCD, 0x02, 0xD9, 0x85, 0xCD, 0xC7,
    0xD9, 0xCD, 0xCE, 0xDA, 0x02, 0xC3, 0x80, 0xCD, 0x02, 0xE9, 0x82, 0xCE, 0xC3, 0xC1, 0x02, 0x94,
    0x80, 0x9B, 0x02, 0xC2, 0x83, 0x52, 0x3A, 0xCA, 0xD2, 0x05, 0xC2, 0x86, 0xC1, 0xC2, 0xB1, 0x99,
    0xB1, 0xC5, 0xCE, 0x02, 0xDD, 0x89, 0x98, 0xCF, 0x89, 0xB5, 0x96, 0x8E, 0x58, 0x3C, 0x54, 0x3C,
    0x06, 0x34, 0x02, 0x38, 0x03, 0x34, 0x03, 0x38, 0x8D, 0x3D, 0x54, 0x3A, 0x38, 0x39, 0x3A, 0x38,
    0x3D, 0x54, 0x3A, 0x39, 0x3A, 0x39, 0x38, 0x03, 0x39, 0x80, 0x3D, 0x02, 0x51, 0x80, 0x3A, 0x02,
    0x3D, 0x80, 0x3A, 0x05, 0x39, 0x80, 0x3A, 0x02, 0x3F, 0x02, 0x39, 0x02, 0x3A, 0x03, 0x39, 0x80,
    0x3A, 0x05, 0x39, 0x02, 0x35, 0x80, 0x39, 0x02, 0x35, 0x02, 0x39, 0x81, 0x35, 0x3A, 0x02, 0x3F,
    0x80, 0x39, 0x04, 0x35, 0x81, 0x39, 0x3D, 0x05, 0x7A, 0x80, 0x74, 0x02, 0x54, 0x09, 0x04, 0x83,
    0x0F, 0x17, 0x06, 0x03, 0x02, 0x27, 0x81, 0x06, 0x07, 0x04, 0x04, 0x82, 0x06, 0x0D, 0x03, 0x02,
    0x07, 0x82, 0x0C, 0x05, 0x09, 0x03, 0x0A, 0x87, 0x03, 0x01, 0x0A, 0x09, 0x27, 0x1A, 0x06, 0x05,
    0x02, 0x04, 0x05, 0x01, 0x85, 0x04, 0x05, 0x16, 0x27, 0x01, 0x04, 0x07, 0x05, 0x80, 0x03, 0x02,
    0x09, 0x8E, 0x0B, 0x0E, 0x13, 0x1E, 0x0D, 0x27, 0x0D, 0x1C, 0x1F, 0x0F, 0x13, 0x1A, 0x0C, 0x0F,
    0x0E, 0x02, 0x10, 0x02, 0x27, 0x03, 0x0F, 0x86, 0x27, 0x13, 0x0F, 0x11, 0x17, 0x2A, 0x14, 0x0E,
    0x12, 0x84, 0x14, 0x12, 0x14, 0x13, 0x14, 0x07, 0x12, 0x81, 0x10, 0x0E, 0x02, 0x37, 0x03, 0x3B,
    0x80, 0x93, 0x04, 0x9B, 0x03, 0x93, 0x80, 0x94, 0x03, 0x93, 0x83, 0x9B, 0xD9, 0x9B, 0xDB, 0x02,
    0xEC, 0x88, 0xEB, 0xEC, 0xF5, 0xEB, 0xDD, 0xDE, 0xEB, 0xCD, 0xC2, 0x0A, 0xC1, 0x82, 0xC2, 0xC7,
    0xE9, 0x02, 0xC7, 0x02, 0xDB, 0x81, 0xDC, 0xD9, 0x02, 0xC3, 0x81, 0xCD, 0xDB, 0x03, 0xE9, 0x81,
    0xEB, 0xDC, 0x04, 0xD9, 0x03, 0xC7, 0x82, 0xCD, 0xC7, 0xC3, 0x03, 0xC7, 0x86, 0xCE, 0xC7, 0xC3,
    0xC7, 0xD2, 0xDB, 0xC7, 0x03, 0xC1, 0x88, 0x9B, 0x94, 0x32, 0x33, 0x2C, 0x26, 0xC7, 0xF5, 0xCE,
    0x05, 0xC2, 0x80, 0xC7, 0x02, 0x99, 0x91, 0xB1, 0xDD, 0xCE, 0xDD, 0xDE, 0xEC, 0x98, 0x9F, 0xB8,
    0x9D, 0x8E, 0x99, 0x96, 0x3C, 0x38, 0x54, 0x34, 0x32, 0x05, 0x34, 0x03, 0x36, 0x03, 0x38, 0x81,
    0x36, 0x54, 0x03, 0x38, 0x84, 0x3C, 0x38, 0x3D, 0x54, 0x38, 0x06, 0x39, 0x81, 0x36, 0x3D, 0x02,
    0x51, 0x80, 0x39, 0x02, 0x3D, 0x07, 0x39, 0x81, 0x3F, 0x3D, 0x0B, 0x39, 0x0A, 0x35, 0x80, 0x39,
    0x02, 0x3F, 0x06, 0x35, 0x80, 0x3D, 0x05, 0x7A, 0x80, 0x74, 0x02, 0x54, 0x08, 0x04, 0x86, 0x00,
    0x0D, 0x27, 0x0D, 0x0A, 0x2A, 0x27, 0x02, 0x06, 0x81, 0x04, 0x03, 0x02, 0x04, 0x88, 0x1C, 0x03,
    0x06, 0x07, 0x00, 0x06, 0x11, 0x19, 0x20, 0x02, 0x44, 0x89, 0x33, 0x20, 0x11, 0x03, 0x27, 0x1A,
    0x0C, 0x0B, 0x00, 0x04, 0x02, 0x01, 0x80, 0x0A, 0x03, 0x01, 0x85, 0x03, 0x1D, 0x1C, 0x06, 0x0C,
    0x09, 0x05, 0x05, 0x81, 0x09, 0x05, 0x02, 0x09, 0x8B, 0x0A, 0x0C, 0x13, 0x1F, 0x05, 0x19, 0x0D,
    0x1C, 0x27, 0x0F, 0x13, 0x1C, 0x02, 0x0D, 0x03, 0x0E, 0x81, 0x24, 0x27, 0x03, 0x0F, 0x87, 0x27,
    0x12, 0x0F, 0x11, 0x17, 0x2A, 0x14, 0x12, 0x05, 0x0F, 0x02, 0x17, 0x82, 0x12, 0x14, 0x0F, 0x0E,
    0x12, 0x82, 0x0F, 0x0E, 0x34, 0x04, 0x37, 0x82, 0x61, 0x9B, 0x94, 0x02, 0x9B, 0x03, 0x93, 0x84,
    0x94, 0xDB, 0xEB, 0xDE, 0x9B, 0x02, 0x93, 0x81, 0x94, 0xDA, 0x07, 0xEC, 0x03, 0xF5, 0x80, 0xC7,
    0x0A, 0xC1, 0x89, 0xC2, 0xCE, 0xE9, 0xC7, 0xC3, 0xE9, 0xDC, 0xC7, 0xD9, 0xC1, 0x02, 0xC3, 0x02,
    0xE9, 0x83, 0xEB, 0xCD, 0xDB, 0x9C, 0x04, 0xD9, 0x80, 0xC7, 0x02, 0xC3, 0x83, 0xCD, 0xC7, 0xC3,
    0xC1, 0x02, 0xC3, 0x02, 0xC7, 0x02, 0xC3, 0x97, 0xDB, 0xCD, 0xC3, 0xC1, 0xC2, 0xC1, 0xC2, 0x9B,
    0x76, 0x6D, 0x2C, 0x2D, 0xC3, 0xEC, 0xDD, 0xC1, 0xC2, 0xCE, 0xC7, 0xCD, 0xEC, 0xC9, 0x9A, 0xB6,
    0x02, 0xDD, 0x80, 0xD0, 0x02, 0xEC, 0x8C, 0x98, 0xD0, 0xCD, 0xB3, 0x33, 0x96, 0x5B, 0x96, 0x59,
    0x38, 0x1E, 0x38, 0x32, 0x0B, 0x34, 0x80, 0x54, 0x03, 0x34, 0x84, 0x36, 0x38, 0x3D, 0x3C, 0x34,
    0x05, 0x39, 0x84, 0x3C, 0x34, 0x3D, 0x3F, 0x3C, 0x02, 0x39, 0x80, 0x3D, 0x04, 0x39, 0x03, 0x35,
    0x81, 0x3F, 0x3A, 0x15, 0x35, 0x80, 0x39, 0x02, 0x3D, 0x06, 0x35, 0x80, 0x3D, 0x05, 0x7A, 0x82,
    0x74, 0x56, 0x3F, 0x08, 0x04, 0x84, 0x03, 0x08, 0x29, 0x16, 0x0E, 0x02, 0x27, 0x8A, 0x06, 0x04,
    0x0A, 0x06, 0x0D, 0x05, 0x27, 0x09, 0x11, 0x45, 0x47, 0x05, 0x5D, 0x80, 0x4C, 0x02, 0x5D, 0x82,
    0x45, 0x20, 0x33, 0x03, 0x20, 0x80, 0x11, 0x03, 0x06, 0x81, 0x0A, 0x09, 0x02, 0x01, 0x80, 0x09,
    0x02, 0x1C, 0x82, 0x01, 0x00, 0x01, 0x02, 0x0A, 0x05, 0x01, 0x88, 0x00, 0x01, 0x09, 0x08, 0x12,
    0x1C, 0x04, 0x0B, 0x09, 0x02, 0x1C, 0x83, 0x0F, 0x12, 0x1C, 0x0B, 0x04, 0x0D, 0x81, 0x1D, 0x1C,
    0x02, 0x0E, 0x88, 0x10, 0x27, 0x0F, 0x10, 0x11, 0x19, 0x27, 0x16, 0x10, 0x05, 0x12, 0x81, 0x24,
    0x22, 0x02, 0x12, 0x80, 0x14, 0x07, 0x12, 0x80, 0x0F, 0x06, 0x12, 0x81, 0x14, 0x1F, 0x03, 0x37,
    0x02, 0x3B, 0x03, 0x93, 0x80, 0x94, 0x02, 0x93, 0x8C, 0x94, 0x93, 0xC7, 0xE9, 0xEB, 0xE9, 0xEC,
    0xC7, 0xDC, 0xD9, 0xEB, 0xEC, 0xDE, 0x02, 0xEC, 0x80, 0xF5, 0x02, 0xEC, 0x03, 0xF5, 0x80, 0xC7,
    0x0A, 0xC1, 0x82, 0xC2, 0xDD, 0xF5, 0x02, 0xC1, 0x84, 0xDC, 0xDA, 0xC3, 0xCE, 0xC2, 0x02, 0xC1,
    0x85, 0xC7, 0x9B, 0xC1, 0x93, 0xCD, 0xC3, 0x02, 0xD9, 0x03, 0xC7, 0x02, 0xC3, 0x02, 0xC7, 0x03,
    0xC1, 0x82, 0xC2, 0xC3, 0xC7, 0x02, 0xC2, 0x82, 0xDA, 0xC7, 0xC3, 0x02, 0xC1, 0x80, 0xC2, 0x03,
    0xC1, 0x81, 0xC3, 0xC7, 0x02, 0xC2, 0x81, 0xC5, 0xDD, 0x02, 0xC2, 0x02, 0xDA, 0x03, 0xDD, 0x98,
    0xD2, 0xDE, 0xDD, 0xD0, 0xDE, 0xD2, 0xEC, 0xE0, 0x76, 0xD4, 0xDD, 0xF5, 0xB6, 0x99, 0x96, 0x8E,
    0x8D, 0x44, 0x14, 0x44, 0x38, 0x31, 0x34, 0x38, 0x2F, 0x05, 0x34, 0x81, 0x38, 0x54, 0x03, 0x34,
    0x85, 0x32, 0x34, 0x39, 0x3D, 0x34, 0x39, 0x03, 0x34, 0x80, 0x39, 0x02, 0x34, 0x86, 0x38, 0x3F,
    0x3D, 0x32, 0x39, 0x3C, 0x32, 0x03, 0x34, 0x02, 0x32, 0x82, 0x35, 0x3D, 0x39, 0x0C, 0x35, 0x02,
    0x39, 0x08, 0x35, 0x02, 0x3D, 0x05, 0x35, 0x82, 0x39, 0x3D, 0x6D, 0x04, 0x74, 0x82, 0x69, 0x63,
    0x3C, 0x08, 0x04, 0x8F, 0x0F, 0x0C, 0x28, 0x1D, 0x0A, 0x27, 0x19, 0x08, 0x04, 0x0B, 0x0E, 0x19,
    0x33, 0x5B, 0x5C, 0x47, 0x03, 0x5C, 0x07, 0x5D, 0x84, 0x4C, 0x47, 0x5D, 0x47, 0x40, 0x02, 0x20,
    0x83, 0x11, 0x0C, 0x06, 0x0A, 0x03, 0x01, 0x80, 0x09, 0x02, 0x1C, 0x85, 0x01, 0x00, 0x11, 0x07,
    0x06, 0x0A, 0x02, 0x01, 0x80, 0x0A, 0x02, 0x01, 0x84, 0x04, 0x0A, 0x0C, 0x12, 0x1C, 0x02, 0x03,
    0x80, 0x09, 0x02, 0x1C, 0x82, 0x0F, 0x12, 0x1C, 0x04, 0x0D, 0x83, 0x0E, 0x18, 0x1A, 0x0D, 0x02,
    0x0E, 0x81, 0x24, 0x12, 0x02, 0x10, 0x83, 0x16, 0x27, 0x16, 0x0E, 0x05, 0x0F, 0x82, 0x14, 0x24,
    0x10, 0x02, 0x12, 0x0B, 0x10, 0x02, 0x0F, 0x82, 0x10, 0x12, 0x50, 0x04, 0x37, 0x82, 0x79, 0x93,
    0x79, 0x02, 0x93, 0x82, 0x94, 0xD9, 0xCE, 0x02, 0xE9, 0x02, 0xEB, 0x83, 0xDE, 0xEC, 0xEB, 0xEC,
    0x02, 0xF5, 0x03, 0xEC, 0x02, 0xF5, 0x02, 0xEC, 0x03, 0xF5, 0x80, 0xC7, 0x0A, 0xC1, 0x82, 0xC2,
    0xDD, 0xDE, 0x02, 0xC1, 0x83, 0xCD, 0xDA, 0xC2, 0xC7, 0x04, 0xC1, 0x82, 0xC3, 0xC1, 0x94, 0x02,
    0x93, 0x81, 0xC7, 0xCD, 0x04, 0xC3, 0x81, 0xC1, 0xC2, 0x04, 0xC1, 0x80, 0xC2, 0x04, 0xC1, 0x81,
    0xC7, 0xC3, 0x03, 0xC1, 0x83, 0xC2, 0xC3, 0xC7, 0xC3, 0x04, 0xC2, 0x84, 0xC3, 0xDD, 0xC3, 0xC2,
    0xC3, 0x02, 0xDD, 0x86, 0xDE, 0xD2, 0xDD, 0xDE, 0xEC, 0xD0, 0xCD, 0x02, 0xC3, 0x88, 0xEC, 0xC9,
    0xEF, 0xEC, 0xE0, 0xEC, 0xC4, 0x98, 0x96, 0x02, 0x8E, 0x80, 0x89, 0x03, 0x38, 0x81, 0x5B, 0x7B,
    0x04, 0x34, 0x8A, 0x31, 0x34, 0x36, 0x3C, 0x32, 0x34, 0x32, 0x38, 0x34, 0x32, 0x38, 0x02, 0x34,
    0x06, 0x32, 0x85, 0x39, 0x3F, 0x3D, 0x32, 0x35, 0x3C, 0x07, 0x32, 0x81, 0x3D, 0x39, 0x03, 0x35,
    0x03, 0x32, 0x07, 0x35, 0x80, 0x39, 0x08, 0x35, 0x02, 0x3D, 0x81, 0x35, 0x32, 0x03, 0x35, 0x81,
    0x3A, 0x39, 0x03, 0x69, 0x02, 0x74, 0x82, 0x69, 0x63, 0x39, 0x08, 0x04, 0x93, 0x1A, 0x0E, 0x27,
    0x1C, 0x0B, 0x24, 0x19, 0x06, 0x08, 0x33, 0x47, 0x5C, 0x47, 0x76, 0x47, 0x33, 0x20, 0x33, 0x47,
    0x5D, 0x02, 0x8B, 0x05, 0x5D, 0x83, 0x4C, 0x5D, 0x47, 0x40, 0x02, 0x20, 0x02, 0x11, 0x89, 0x06,
    0x0A, 0x01, 0x0A, 0x04, 0x09, 0x1F, 0x27, 0x0D, 0x01, 0x02, 0x0A, 0x80, 0x07, 0x02, 0x01, 0x83,
    0x06, 0x00, 0x01, 0x0F, 0x02, 0x0A, 0x85, 0x08, 0x12, 0x1C, 0x04, 0x0B, 0x09, 0x02, 0x1C, 0x02,
    0x0F, 0x80, 0x1C, 0x02, 0x0C, 0x80, 0x0E, 0x02, 0x0C, 0x81, 0x17, 0x1A, 0x03, 0x0C, 0x87, 0x27,
    0x12, 0x10, 0x0E, 0x16, 0x27, 0x16, 0x0E, 0x02, 0x10, 0x87, 0x0F, 0x10, 0x12, 0x0F, 0x1C, 0x10,
    0x19, 0x12, 0x06, 0x10, 0x02, 0x0E, 0x02, 0x10, 0x02, 0x0E, 0x81, 0x11, 0x26, 0x04, 0x37, 0x81,
    0x3B, 0x72, 0x04, 0x79, 0x83, 0xC3, 0xDB, 0xE9, 0xDE, 0x02, 0xE9, 0x02, 0xEB, 0x82, 0xDE, 0xEB,
    0xEC, 0x09, 0xEB, 0x80, 0xEC, 0x03, 0xF5, 0x83, 0xC2, 0xC7, 0xC3, 0xB1, 0x07, 0xC1, 0x82, 0xC2,
    0xDD, 0xCE, 0x02, 0xC1, 0x81, 0xC7, 0xCD, 0x07, 0xC1, 0x81, 0xC3, 0x9C, 0x02, 0x93, 0x82, 0xC1,
    0xC7, 0xC3, 0x09, 0xC1, 0x80, 0xC2, 0x07, 0xC1, 0x82, 0xC3, 0xC7, 0xC5, 0x03, 0xCD, 0x02, 0xC3,
    0x80, 0xC2, 0x02, 0xC3, 0x02, 0xCD, 0x02, 0xC3, 0x03, 0xDD, 0x80, 0xD2, 0x02, 0xDD, 0x89, 0xEC,
    0x9C, 0x94, 0x9A, 0x9B, 0xCE, 0xEC, 0x66, 0xD0, 0xF5, 0x02, 0xE0, 0x85, 0xD0, 0x9C, 0x9B, 0x44,
    0x99, 0x8B, 0x03, 0x38, 0x82, 0x54, 0x32, 0x34, 0x04, 0x31, 0x81, 0x36, 0x3C, 0x02, 0x32, 0x82,
    0x31, 0x3C, 0x31, 0x0A, 0x32, 0x85, 0x34, 0x3C, 0x34, 0x32, 0x35, 0x3C, 0x07, 0x32, 0x81, 0x39,
    0x35, 0x08, 0x32, 0x80, 0x35, 0x02, 0x32, 0x02, 0x35, 0x81, 0x39, 0x32, 0x07, 0x35, 0x81, 0x39,
    0x3D, 0x04, 0x32, 0x80, 0x35, 0x02, 0x39, 0x80, 0x56, 0x04, 0x69, 0x02, 0x63, 0x80, 0x3C, 0x08,
    0x04, 0x87, 0x1A, 0x11, 0x27, 0x1C, 0x08, 0x27, 0x12, 0x44, 0x02, 0x47, 0x02, 0x5C, 0x89, 0x47,
    0x76, 0x33, 0x11, 0x1F, 0x4C, 0x47, 0x5D, 0x77, 0x8B, 0x03, 0x5D, 0x85, 0x84, 0x5D, 0x47, 0x5D,
    0x47, 0x40, 0x02, 0x20, 0x02, 0x11, 0x81, 0x06, 0x0A, 0x03, 0x01, 0x83, 0x09, 0x1F, 0x27, 0x0E,
    0x02, 0x0A, 0x81, 0x09, 0x04, 0x03, 0x01, 0x88, 0x09, 0x01, 0x19, 0x09, 0x0C, 0x0B, 0x12, 0x1D,
    0x03, 0x02, 0x09, 0x02, 0x1C, 0x83, 0x12, 0x0F, 0x1C, 0x0C, 0x02, 0x0B, 0x02, 0x0C, 0x02, 0x1A,
    0x03, 0x0C, 0x86, 0x1C, 0x14, 0x0D, 0x0E, 0x13, 0x27, 0x16, 0x03, 0x0E, 0x80, 0x10, 0x02, 0x0F,
    0x84, 0x12, 0x1A, 0x0E, 0x12, 0x0F, 0x06, 0x10, 0x05, 0x0E, 0x81, 0x0F, 0x1B, 0x05, 0x37, 0x80,
    0x61, 0x04, 0x79, 0x83, 0xCD, 0xDC, 0xDB, 0xE9, 0x03, 0xDB, 0x02, 0xEB, 0x80, 0xDE, 0x07, 0xEB,
    0x03, 0xE9, 0x02, 0xEB, 0x02, 0xEC, 0x81, 0xF5, 0xEC, 0x02, 0xF5, 0x80, 0xDE, 0x05, 0xC1, 0x84,
    0xC2, 0xC1, 0xC2, 0xEC, 0xCD, 0x02, 0xC1, 0x02, 0xC7, 0x08, 0xC1, 0x80, 0xB1, 0x02, 0x94, 0x80,
    0xC1, 0x02, 0xC3, 0x03, 0xC1, 0x81, 0xC7, 0xC2, 0x04, 0xC1, 0x80, 0xC2, 0x03, 0xC1, 0x80, 0xC7,
    0x03, 0xC3, 0x80, 0xC7, 0x02, 0xCD, 0x89, 0xDD, 0xEC, 0xDD, 0xDE, 0xCD, 0xC3, 0xC7, 0xCD, 0xCE,
    0xDA, 0x02, 0xCD, 0x80, 0xDA, 0x02, 0xDD, 0x81, 0xDA, 0xD2, 0x02, 0xDD, 0x02, 0x94, 0x85, 0xC1,
    0x9B, 0xC1, 0xEC, 0xC4, 0xEF, 0x03, 0xE0, 0x82, 0xEA, 0xEC, 0xCD, 0x04, 0x9B, 0x83, 0x39, 0x56,
    0x51, 0x0B, 0x05, 0x31, 0x82, 0x36, 0x3C, 0x32, 0x02, 0x31, 0x81, 0x39, 0x3C, 0x0B, 0x32, 0x80,
    0x3D, 0x03, 0x32, 0x80, 0x3C, 0x05, 0x32, 0x02, 0x2F, 0x81, 0x39, 0x35, 0x0C, 0x32, 0x82, 0x35,
    0x39, 0x32, 0x07, 0x35, 0x02, 0x39, 0x04, 0x32, 0x83, 0x35, 0x39, 0x3A, 0x54, 0x06, 0x63, 0x80,
    0x3C, 0x08, 0x04, 0x87, 0x1A, 0x13, 0x27, 0x1C, 0x1F, 0x5B, 0x58, 0x59, 0x03, 0x47, 0x82, 0x5C,
    0x47, 0x76, 0x02, 0x47, 0x82, 0x5C, 0x5D, 0x4C, 0x02, 0x89, 0x80, 0x8B, 0x05, 0x5D, 0x81, 0x47,
    0x40, 0x03, 0x20, 0x02, 0x11, 0x02, 0x0A, 0x89, 0x06, 0x01, 0x0A, 0x01, 0x05, 0x1F, 0x27, 0x0E,
    0x0A, 0x00, 0x03, 0x01, 0x80, 0x09, 0x02, 0x01, 0x87, 0x04, 0x1D, 0x0D, 0x0A, 0x0B, 0x12, 0x1D,
    0x03, 0x02, 0x09, 0x81, 0x1C, 0x1F, 0x02, 0x13, 0x80, 0x1C, 0x03, 0x05, 0x02, 0x0B, 0x81, 0x1C,
    0x1D, 0x03, 0x0C, 0x87, 0x1C, 0x14, 0x0D, 0x0E, 0x12, 0x27, 0x16, 0x0E, 0x02, 0x0D, 0x80, 0x0F,
    0x02, 0x12, 0x84, 0x0F, 0x12, 0x0E, 0x0F, 0x12, 0x05, 0x10, 0x06, 0x0E, 0x80, 0x0F, 0x03, 0x37,
    0x82, 0x3B, 0x37, 0x50, 0x03, 0x79, 0x80, 0x93, 0x02, 0xD9, 0x82, 0xCE, 0xE9, 0xDB, 0x03, 0xD9,
    0x03, 0xEB, 0x80, 0xE9, 0x04, 0xEB, 0x80, 0xE9, 0x04, 0xDB, 0x81, 0xE9, 0xEB, 0x02, 0xEC, 0x81,
    0xF5, 0xEC, 0x02, 0xF5, 0x81, 0xEC, 0xC2, 0x04, 0xC1, 0x84, 0xC7, 0xC5, 0xC2, 0xEC, 0xC7, 0x02,
    0xC1, 0x81, 0xC3, 0xC7, 0x07, 0xC1, 0x81, 0xC2, 0xCD, 0x02, 0x9B, 0x81, 0xC2, 0xC7, 0x03, 0xC1,
    0x84, 0xC3, 0xDB, 0xCD, 0xDA, 0xC3, 0x02, 0xC1, 0x80, 0xC2, 0x02, 0xC1, 0x80, 0xC5, 0x02, 0xDD,
    0x82, 0xE9, 0xDD, 0xD2, 0x02, 0xDD, 0x80, 0xEA, 0x03, 0xEC, 0x88, 0xE9, 0xC7, 0xDA, 0xE9, 0xD2,
    0xE9, 0xDA, 0xDC, 0xCE, 0x02, 0xDD, 0x81, 0xDA, 0xD2, 0x02, 0xDD, 0x82, 0xC2, 0xC7, 0xDD, 0x02,
    0xC1, 0x02, 0xDD, 0x80, 0x76, 0x05, 0xE0, 0x82, 0xEF, 0xD4, 0xC7, 0x02, 0x9B, 0x81, 0x93, 0x78,
    0x02, 0x39, 0x05, 0x31, 0x82, 0x32, 0x3C, 0x2F, 0x02, 0x31, 0x02, 0x32, 0x80, 0x34, 0x02, 0x2F,
    0x04, 0x32, 0x03, 0x31, 0x81, 0x32, 0x39, 0x03, 0x32, 0x80, 0x39, 0x02, 0x32, 0x05, 0x2F, 0x81,
    0x39, 0x32, 0x02, 0x2F, 0x02, 0x32, 0x80, 0x2F, 0x08, 0x32, 0x80, 0x39, 0x02, 0x32, 0x02, 0x35,
    0x80, 0x32, 0x02, 0x35, 0x80, 0x32, 0x02, 0x35, 0x04, 0x32, 0x84, 0x35, 0x39, 0x3A, 0x3D, 0x54,
    0x05, 0x63, 0x80, 0x54, 0x02, 0x04, 0x02, 0x00, 0x02, 0x04, 0x87, 0x0C, 0x04, 0x1A, 0x0F, 0x34,
    0x58, 0x59, 0x5C, 0x02, 0x59, 0x03, 0x47, 0x81, 0x74, 0x59, 0x05, 0x5C, 0x81, 0x4C, 0x89, 0x02,
    0x8B, 0x05, 0x5D, 0x80, 0x20, 0x02, 0x08, 0x82, 0x0A, 0x09, 0x00, 0x02, 0x07, 0x05, 0x01, 0x86,
    0x09, 0x1D, 0x1C, 0x13, 0x09, 0x01, 0x00, 0x06, 0x01, 0x8E, 0x1C, 0x0B, 0x0A, 0x0C, 0x19, 0x1C,
    0x05, 0x09, 0x0D, 0x1C, 0x1D, 0x1A, 0x1C, 0x1F, 0x0C, 0x03, 0x09, 0x8D, 0x0D, 0x1C, 0x1A, 0x0B,
    0x05, 0x0B, 0x1F, 0x16, 0x0D, 0x0E, 0x0F, 0x27, 0x0F, 0x0C, 0x03, 0x0D, 0x83, 0x0E, 0x16, 0x0F,
    0x0D, 0x03, 0x10, 0x80, 0x0E, 0x03, 0x10, 0x81, 0x27, 0x0F, 0x02, 0x0D, 0x88, 0x12, 0x0D, 0x10,
    0x2D, 0x37, 0x35, 0x37, 0x3F, 0x37, 0x03, 0x79, 0x82, 0x9B, 0xCD, 0xD9, 0x03, 0xDB, 0x03, 0xD9,
    0x80, 0xDB, 0x07, 0xEB, 0x80, 0xE9, 0x06, 0xDB, 0x81, 0xEB, 0xEC, 0x02, 0xF5, 0x8D, 0xEC, 0xDA,
    0xEC, 0xDD, 0xC3, 0xC2, 0xC1, 0xC2, 0xC1, 0xCD, 0xDA, 0xC2, 0xEC, 0xC7, 0x02, 0xC1, 0x80, 0xC2,
    0x03, 0xC1, 0x02, 0xC3, 0x02, 0xC1, 0x82, 0xC2, 0xC7, 0xDA, 0x02, 0xC1, 0x82, 0xC7, 0xDA, 0xC2,
    0x02, 0xC1, 0x80, 0xDD, 0x02, 0xD2, 0x80, 0xDA, 0x02, 0xE9, 0x8D, 0xCE, 0xD2, 0xCD, 0xC1, 0xCD,
    0xEA, 0xDD, 0xE9, 0xD2, 0xEC, 0xDE, 0xDD, 0xF5, 0xEA, 0x02, 0xEC, 0x86, 0xF5, 0xD2, 0xCE, 0xEC,
    0xDD, 0xDE, 0xDA, 0x02, 0xDD, 0x80, 0xDA, 0x03, 0xD2, 0x82, 0xDD, 0xD2, 0xCA, 0x02, 0xDD, 0x87,
    0xD0, 0xCE, 0xDD, 0xEC, 0xA0, 0xF6, 0xE0, 0xD0, 0x04, 0xF5, 0x03, 0xEC, 0x86, 0xC7, 0x93, 0x34,
    0x44, 0x2C, 0x2E, 0x2C, 0x02, 0x2E, 0x82, 0x31, 0x3C, 0x2C, 0x04, 0x31, 0x80, 0x38, 0x03, 0x31,
    0x05, 0x2F, 0x82, 0x31, 0x30, 0x34, 0x02, 0x2F, 0x81, 0x30, 0x39, 0x06, 0x2F, 0x82, 0x2D, 0x39,
    0x32, 0x0C, 0x2F, 0x84, 0x32, 0x39, 0x2D, 0x2F, 0x2D, 0x03, 0x32, 0x83, 0x35, 0x2D, 0x2F, 0x32,
    0x04, 0x2F, 0x84, 0x32, 0x35, 0x3A, 0x3D, 0x3F, 0x04, 0x54, 0x02, 0x63, 0x02, 0x04, 0x80, 0x01,
    0x02, 0x04, 0x89, 0x03, 0x07, 0x04, 0x2A, 0x5B, 0x5C, 0x59, 0x45, 0x59, 0x45, 0x04, 0x47, 0x82,
    0x74, 0x5C, 0x76, 0x03, 0x5C, 0x02, 0x5D, 0x80, 0x89, 0x02, 0x8B, 0x04, 0x5D, 0x82, 0x47, 0x06,
    0x0A, 0x02, 0x07, 0x82, 0x08, 0x0C, 0x07, 0x06, 0x01, 0x85, 0x09, 0x1D, 0x1C, 0x12, 0x05, 0x06,
    0x04, 0x01, 0x80, 0x00, 0x02, 0x01, 0x83, 0x1C, 0x0B, 0x0A, 0x14, 0x02, 0x1C, 0x80, 0x05, 0x02,
    0x09, 0x02, 0x1C, 0x80, 0x1A, 0x02, 0x1C, 0x04, 0x09, 0x82, 0x0E, 0x1C, 0x0E, 0x03, 0x0B, 0x87,
    0x1F, 0x16, 0x0E, 0x0C, 0x0D, 0x27, 0x0F, 0x0E, 0x02, 0x0D, 0x83, 0x0C, 0x0E, 0x19, 0x13, 0x02,
    0x0D, 0x06, 0x0E, 0x81, 0x27, 0x0F, 0x02, 0x0E, 0x82, 0x0D, 0x11, 0x26, 0x04, 0x37, 0x81, 0x3E,
    0x68, 0x02, 0x79, 0x83, 0xC1, 0xCD, 0xD9, 0xDA, 0x03, 0xDB, 0x83, 0xD9, 0xC1, 0xC3, 0xDB, 0x03,
    0xEB, 0x80, 0xDE, 0x02, 0xEB, 0x08, 0xDB, 0x80, 0xE9, 0x02, 0xEB, 0x86, 0xE9, 0xDA, 0xDC, 0xC3,
    0xC7, 0xCD, 0xCE, 0x03, 0xC1, 0x85, 0xCE, 0xDA, 0xC2, 0xDE, 0xC7, 0xC2, 0x05, 0xC1, 0x81, 0xCD,
    0xC7, 0x02, 0xC1, 0x89, 0xC7, 0xDA, 0xE9, 0xC3, 0xC1, 0xDB, 0xD2, 0xCD, 0xC1, 0xC5, 0x05, 0xD2,
    0x85, 0xE9, 0xCD, 0xDD, 0xEA, 0xCD, 0xDD, 0x02, 0xEC, 0x82, 0xE9, 0xEB, 0xF5, 0x02, 0xDE, 0x82,
    0xF5, 0xEC, 0xC1, 0x02, 0x94, 0x84, 0x9C, 0x9B, 0xEA, 0xEC, 0xDE, 0x02, 0xDA, 0x80, 0xCD, 0x03,
    0xD2, 0x81, 0xDD, 0xEC, 0x02, 0xDD, 0x82, 0xCA, 0xDD, 0xCF, 0x02, 0xDD, 0x87, 0x59, 0xD0, 0x8A,
    0xE0, 0xF5, 0xE0, 0xEA, 0xF5, 0x03, 0xE0, 0x83, 0xEF, 0xEC, 0x94, 0x33, 0x06, 0x2C, 0x80, 0x2E,
    0x02, 0x31, 0x81, 0x2E, 0x2C, 0x02, 0x2F, 0x81, 0x38, 0x2F, 0x02, 0x31, 0x05, 0x2F, 0x03, 0x2D,
    0x02, 0x2F, 0x85, 0x2D, 0x39, 0x2F, 0x2D, 0x2F, 0x2D, 0x03, 0x2F, 0x80, 0x35, 0x04, 0x2F, 0x02,
    0x2D, 0x06, 0x2F, 0x02, 0x2D, 0x80, 0x39, 0x03, 0x2D, 0x02, 0x2F, 0x02, 0x35, 0x02, 0x2D, 0x80,
    0x2F, 0x04, 0x2D, 0x82, 0x32, 0x35, 0x3A, 0x02, 0x39, 0x80, 0x3D, 0x02, 0x3C, 0x80, 0x54, 0x02,
    0x69, 0x02, 0x04, 0x89, 0x07, 0x11, 0x04, 0x06, 0x27, 0x47, 0x58, 0x59, 0x5C, 0x59, 0x06, 0x45,
    0x83, 0x47, 0x75, 0x5C, 0x76, 0x04, 0x5C, 0x81, 0x5D, 0x77, 0x02, 0x8B, 0x02, 0x5D, 0x02, 0x84,
    0x83, 0x08, 0x02, 0x07, 0x03, 0x02, 0x04, 0x80, 0x07, 0x07, 0x04, 0x84, 0x00, 0x1D, 0x27, 0x1D,
    0x0B, 0x05, 0x04, 0x03, 0x01, 0x83, 0x1D, 0x09, 0x06, 0x13, 0x02, 0x1C, 0x89, 0x09, 0x01, 0x09,
    0x1C, 0x1A, 0x1C, 0x1D, 0x05, 0x09, 0x05, 0x02, 0x0C, 0x82, 0x0D, 0x1F, 0x09, 0x03, 0x0C, 0x82,
    0x1F, 0x19, 0x0C, 0x02, 0x0B, 0x81, 0x1C, 0x0D, 0x02, 0x0C, 0x03, 0x0E, 0x02, 0x1C, 0x84, 0x11,
    0x0E, 0x0C, 0x0D, 0x0E, 0x02, 0x0D, 0x82, 0x10, 0x27, 0x0F, 0x02, 0x0E, 0x82, 0x0C, 0x15, 0x35,
    0x04, 0x37, 0x83, 0x3E, 0x70, 0x79, 0xC3, 0x02, 0xCD, 0x85, 0xD9, 0xDA, 0xDB, 0xE9, 0xD9, 0xC7,
    0x03, 0x93, 0x80, 0xD9, 0x04, 0xEB, 0x07, 0xDB, 0x80, 0xCD, 0x03, 0xE9, 0x02, 0xDC, 0x82, 0xCE,
    0xDA, 0xC5, 0x02, 0xCD, 0x88, 0xDA, 0xC1, 0xC2, 0xC1, 0xDE, 0xDD, 0xC2, 0xCF, 0xCD, 0x05, 0xC1,
    0x89, 0xC2, 0xDD, 0xCD, 0xC1, 0xC3, 0xCD, 0xDD, 0xE9, 0xD2, 0xCD, 0x03, 0xD2, 0x81, 0xC5, 0xE9,
    0x06, 0xD2, 0x89, 0xDA, 0xDD, 0xEA, 0xEC, 0xDD, 0xEC, 0xE9, 0xD2, 0xE9, 0xEC, 0x02, 0xDD, 0x87,
    0xEB, 0xDD, 0xCE, 0x94, 0x92, 0x9A, 0x94, 0xF5, 0x02, 0xEC, 0x02, 0xDA, 0x8A, 0xCE, 0xDE, 0xD2,
    0xDD, 0xC9, 0xDE, 0xEC, 0xDD, 0xCA, 0xCF, 0xD0, 0x02, 0xCA, 0x89, 0xD2, 0xDD, 0x98, 0xE0, 0xF5,
    0xEA, 0xD4, 0xDD, 0xEA, 0xEC, 0x02, 0xE0, 0x82, 0xEC, 0x94, 0x31, 0x0C, 0x2C, 0x84, 0x2F, 0x38,
    0x2C, 0x2E, 0x31, 0x02, 0x2C, 0x03, 0x2F, 0x03, 0x2C, 0x02, 0x2F, 0x84, 0x2D, 0x34, 0x2D, 0x2F,
    0x32, 0x06, 0x2F, 0x03, 0x2D, 0x02, 0x2F, 0x81, 0x2D, 0x2F, 0x03, 0x2D, 0x80, 0x2F, 0x02, 0x2D,
    0x81, 0x39, 0x2D, 0x02, 0x2F, 0x02, 0x2D, 0x84, 0x35, 0x39, 0x2D, 0x2F, 0x2D, 0x03, 0x2F, 0x83,
    0x2D, 0x32, 0x35, 0x39, 0x02, 0x35, 0x02, 0x39, 0x8A, 0x3C, 0x56, 0x63, 0x74, 0x04, 0x06, 0x04,
    0x0E, 0x13, 0x5C, 0x58, 0x02, 0x59, 0x82, 0x5B, 0x74, 0x59, 0x04, 0x45, 0x80, 0x47, 0x02, 0x45,
    0x82, 0x75, 0x89, 0x76, 0x04, 0x5C, 0x81, 0x5D, 0x77, 0x02, 0x8B, 0x02, 0x5D, 0x84, 0x84, 0x0E,
    0x19, 0x05, 0x0C, 0x02, 0x04, 0x80, 0x06, 0x04, 0x04, 0x80, 0x07, 0x03, 0x04, 0x84, 0x0D, 0x1D,
    0x1C, 0x19, 0x0B, 0x05, 0x04, 0x03, 0x01, 0x88, 0x1D, 0x09, 0x06, 0x13, 0x1A, 0x19, 0x00, 0x0A,
    0x09, 0x02, 0x1C, 0x02, 0x1A, 0x02, 0x05, 0x85, 0x09, 0x0B, 0x09, 0x0B, 0x1F, 0x0A, 0x03, 0x0B,
    0x87, 0x1D, 0x19, 0x0C, 0x0B, 0x05, 0x1F, 0x0D, 0x0C, 0x02, 0x0B, 0x02, 0x0E, 0x81, 0x1C, 0x27,
    0x02, 0x0E, 0x05, 0x0B, 0x85, 0x0E, 0x27, 0x0F, 0x09, 0x16, 0x12, 0x05, 0x37, 0x83, 0x3B, 0x6C,
    0x6F, 0xC3, 0x02, 0xCD, 0x81, 0xD9, 0xDA, 0x03, 0xDB, 0x80, 0xD9, 0x03, 0x93, 0x80, 0x79, 0x02,
    0xEB, 0x02, 0xE9, 0x80, 0xDC, 0x07, 0xDB, 0x03, 0xE9, 0x84, 0xDE, 0xDB, 0xDC, 0xCE, 0xDC, 0x03,
    0xDB, 0x81, 0xE9, 0xC3, 0x02, 0xC2, 0x85, 0xDD, 0xDA, 0xC2, 0xCA, 0xD2, 0xC2, 0x04, 0xC1, 0x88,
    0xC3, 0xDD, 0xDA, 0xC1, 0xC5, 0xCD, 0xDD, 0xD2, 0xE9, 0x04, 0xD2, 0x80, 0xCA, 0x07, 0xD2, 0x80,
    0xDA, 0x02, 0xDD, 0x02, 0xD2, 0x80, 0xDD, 0x05, 0xD2, 0x80, 0xDA, 0x03, 0xD2, 0x8A, 0xEB, 0xC3,
    0xC1, 0x94, 0xE9, 0xEC, 0xE9, 0xCD, 0xD9, 0xCE, 0xDD, 0x02, 0xD2, 0x03, 0xDD, 0x8A, 0xD2, 0xCA,
    0xCF, 0xD0, 0xC5, 0xCA, 0xC5, 0xC9, 0xCF, 0xA0, 0xEA, 0x02, 0xE0, 0x81, 0xD0, 0xD4, 0x02, 0xD0,
    0x83, 0xE0, 0xEC, 0x3F, 0x31, 0x03, 0x2A, 0x0A, 0x2C, 0x80, 0x38, 0x0D, 0x2C, 0x84, 0x2F, 0x2D,
    0x2F, 0x2D, 0x2F, 0x0A, 0x2D, 0x80, 0x32, 0x08, 0x2D, 0x82, 0x39, 0x2D, 0x30, 0x03, 0x2D, 0x81,
    0x35, 0x39, 0x03, 0x2D, 0x03, 0x2F, 0x85, 0x2D, 0x32, 0x35, 0x39, 0x35, 0x2F, 0x02, 0x32, 0x88,
    0x38, 0x63, 0x69, 0x7A, 0x0C, 0x06, 0x07, 0x44, 0x58, 0x02, 0x47, 0x86, 0x59, 0x33, 0x59, 0x5B,
    0x63, 0x58, 0x45, 0x02, 0x47, 0x80, 0x0C, 0x02, 0x47, 0x82, 0x5C, 0x76, 0x89, 0x02, 0x5C, 0x03,
    0x5D, 0x80, 0x89, 0x02, 0x8B, 0x86, 0x5D, 0x4C, 0x11, 0x0A, 0x1D, 0x0D, 0x0C, 0x02, 0x04, 0x81,
    0x00, 0x07, 0x05, 0x04, 0x86, 0x0A, 0x0D, 0x1A, 0x1D, 0x1C, 0x19, 0x0B, 0x05, 0x04, 0x03, 0x01,
    0x88, 0x1D, 0x09, 0x06, 0x13, 0x19, 0x0A, 0x04, 0x07, 0x09, 0x03, 0x1C, 0x81, 0x1D, 0x00, 0x02,
    0x01, 0x85, 0x0E, 0x0B, 0x09, 0x1D, 0x0B, 0x05, 0x02, 0x09, 0x81, 0x19, 0x1A, 0x03, 0x0C, 0x81,
    0x27, 0x0D, 0x02, 0x0C, 0x86, 0x12, 0x0D, 0x0C, 0x1D, 0x27, 0x0D, 0x0C, 0x05, 0x0B, 0x84, 0x0E,
    0x11, 0x0E, 0x00, 0x17, 0x04, 0x37, 0x03, 0x3B, 0x81, 0x79, 0xC3, 0x02, 0xCD, 0x02, 0xD9, 0x02,
    0xDB, 0x80, 0xE9, 0x02, 0xD9, 0x02, 0x93, 0x81, 0x79, 0xC1, 0x02, 0xD9, 0x82, 0xE9, 0xDA, 0xDC,
    0x04, 0xDB, 0x03, 0xE9, 0x80, 0xEB, 0x02, 0xE9, 0x85, 0xDE, 0xDA, 0xDC, 0xDB, 0xDA, 0xDD, 0x02,
    0xDB, 0x89, 0xDC, 0xEB, 0xC1, 0xD2, 0xDD, 0xD2, 0xC2, 0xC5, 0xEC, 0xC3, 0x03, 0xC1, 0x02, 0xC2,
    0x02, 0xDD, 0x81, 0xC3, 0xC9, 0x11, 0xD2, 0x80, 0xCA, 0x04, 0xD2, 0x82, 0xCA, 0xD1, 0xCD, 0x02,
    0xD2, 0x89, 0xDA, 0xD2, 0xDA, 0xDD, 0xE9, 0xDD, 0xCD, 0x9B, 0xDA, 0xD2, 0x04, 0xDA, 0x80, 0xE9,
    0x06, 0xD2, 0x83, 0xCA, 0xCF, 0xD0, 0xC9, 0x02, 0xC5, 0x8C, 0xC2, 0xC6, 0x76, 0xE0, 0xEA, 0xD4,
    0xCF, 0xD4, 0xCF, 0xE0, 0xEC, 0xC8, 0x31, 0x07, 0x2A, 0x02, 0x2C, 0x05, 0x2A, 0x80, 0x36, 0x02,
    0x2C, 0x80, 0x2A, 0x05, 0x2C, 0x02, 0x2B, 0x06, 0x2C, 0x03, 0x2D, 0x80, 0x2B, 0x08, 0x2D, 0x80,
    0x39, 0x04, 0x2D, 0x80, 0x2F, 0x03, 0x2D, 0x81, 0x32, 0x2D, 0x03, 0x2F, 0x82, 0x2D, 0x35, 0x39,
    0x03, 0x2F, 0x04, 0x2D, 0x83, 0x2F, 0x35, 0x39, 0x35, 0x03, 0x2D, 0x85, 0x3C, 0x63, 0x74, 0x7A,
    0x09, 0x33, 0x02, 0x44, 0x89, 0x2A, 0x59, 0x0B, 0x0C, 0x44, 0x5C, 0x59, 0x66, 0x59, 0x45, 0x02,
    0x47, 0x8B, 0x59, 0x47, 0x45, 0x5C, 0x76, 0x89, 0x5C, 0x4C, 0x5C, 0x5D, 0x5C, 0x89, 0x02, 0x8B,
    0x86, 0x45, 0x0A, 0x08, 0x00, 0x1C, 0x11, 0x0B, 0x09, 0x04, 0x86, 0x0A, 0x11, 0x1C, 0x1A, 0x1C,
    0x1D, 0x0C, 0x02, 0x04, 0x82, 0x07, 0x04, 0x07, 0x03, 0x04, 0x8C, 0x1D, 0x09, 0x06, 0x19, 0x0D,
    0x04, 0x03, 0x04, 0x09, 0x1C, 0x1A, 0x1C, 0x1D, 0x03, 0x01, 0x02, 0x05, 0x87, 0x09, 0x1D, 0x09,
    0x05, 0x09, 0x03, 0x19, 0x1C, 0x02, 0x0B, 0x8B, 0x0C, 0x1C, 0x0C, 0x0D, 0x0C, 0x16, 0x0F, 0x0C,
    0x16, 0x27, 0x0D, 0x0C, 0x07, 0x0B, 0x82, 0x0C, 0x0D, 0x39, 0x04, 0x37, 0x02, 0x3B, 0x83, 0x70,
    0xC1, 0xC7, 0xDA, 0x02, 0xDB, 0x85, 0xD2, 0xDB, 0xE9, 0xDB, 0xD9, 0x9B, 0x04, 0x93, 0x02, 0xD9,
    0x80, 0xC1, 0x02, 0xDC, 0x04, 0xDB, 0x06, 0xE9, 0x82, 0xDE, 0xDA, 0xDC, 0x02, 0xDB, 0x80, 0xDD,
    0x02, 0xE9, 0x82, 0xDC, 0xEB, 0xC2, 0x03, 0xDD, 0x84, 0xC4, 0xCD, 0xF5, 0xC5, 0xC1, 0x02, 0xC2,
    0x84, 0xC1, 0xC5, 0xD2, 0xDD, 0xCA, 0x18, 0xD2, 0x84, 0xC5, 0xB2, 0xC9, 0xD2, 0xDA, 0x02, 0xD2,
    0x80, 0xDD, 0x02, 0xD2, 0x83, 0xDE, 0xCD, 0xE9, 0xD2, 0x02, 0xCD, 0x82, 0xDA, 0xCD, 0xDA, 0x03,
    0xD2, 0x02, 0xCA, 0x02, 0xC9, 0x82, 0xC6, 0xCF, 0xC4, 0x02, 0xC5, 0x82, 0xB2, 0x52, 0x9F, 0x02,
    0xCB, 0x02, 0xCF, 0x81, 0xD4, 0xD0, 0x02, 0xE0, 0x81, 0x54, 0x2C, 0x0E, 0x2A, 0x81, 0x36, 0x2C,
    0x07, 0x2A, 0x82, 0x28, 0x2A, 0x2C, 0x09, 0x2B, 0x80, 0x2C, 0x03, 0x2B, 0x04, 0x2D, 0x80, 0x32,
    0x08, 0x2D, 0x80, 0x32, 0x05, 0x2D, 0x81, 0x35, 0x39, 0x08, 0x2D, 0x82, 0x35, 0x39, 0x35, 0x03,
    0x2D, 0x91, 0x3C, 0x63, 0x67, 0x7A, 0x45, 0x59, 0x5B, 0x16, 0x59, 0x33, 0x11, 0x19, 0x45, 0x74,
    0x5B, 0x66, 0x5C, 0x45, 0x02, 0x47, 0x88, 0x5C, 0x13, 0x5C, 0x89, 0x76, 0x89, 0x5C, 0x5D, 0x5C,
    0x02, 0x5D, 0x88, 0x89, 0x8B, 0x45, 0x11, 0x06, 0x02, 0x04, 0x1C, 0x13, 0x0A, 0x04, 0x86, 0x0A,
    0x13, 0x1C, 0x1A, 0x1C, 0x1D, 0x0C, 0x05, 0x04, 0x80, 0x00, 0x02, 0x04, 0x8D, 0x1D, 0x09, 0x06,
    0x11, 0x0D, 0x04, 0x07, 0x04, 0x0A, 0x1C, 0x19, 0x12, 0x1C, 0x06, 0x02, 0x01, 0x89, 0x0E, 0x0B,
    0x09, 0x1D, 0x0B, 0x03, 0x00, 0x03, 0x19, 0x1E, 0x03, 0x05, 0x8A, 0x1C, 0x0B, 0x0D, 0x0C, 0x16,
    0x12, 0x0C, 0x12, 0x27, 0x10, 0x0C, 0x05, 0x0B, 0x03, 0x0C, 0x81, 0x32, 0x3B, 0x04, 0x37, 0x82,
    0x3B, 0x78, 0x9B, 0x02, 0xCD, 0x81, 0xDA, 0xD9, 0x03, 0xDB, 0x88, 0xEB, 0xDB, 0xD9, 0x94, 0xC3,
    0x92, 0x89, 0x93, 0xC7, 0x02, 0x93, 0x81, 0xDC, 0xCE, 0x04, 0xDB, 0x06, 0xE9, 0x82, 0xDE, 0xDA,
    0xDC, 0x02, 0xDB, 0x85, 0xDD, 0xEB, 0xDA, 0xDE, 0xE9, 0xC3, 0x03, 0xDD, 0x83, 0xC4, 0xDA, 0xEF,
    0xC9, 0x02, 0xC2, 0x82, 0xCE, 0xC3, 0xCA, 0x03, 0xDD, 0x16, 0xD2, 0x80, 0xE9, 0x02, 0xD2, 0x85,
    0xCA, 0xC9, 0xD1, 0xD2, 0xC5, 0xDA, 0x03, 0xD2, 0x81, 0xDD, 0xE9, 0x02, 0xD2, 0x82, 0xCE, 0xCD,
    0xDA, 0x02, 0xCD, 0x80, 0xD2, 0x02, 0xCA, 0x03, 0xC9, 0x84, 0xC5, 0xC4, 0xC6, 0xC5, 0xC2, 0x02,
    0xB1, 0x85, 0x98, 0x9A, 0xA0, 0xB6, 0xC4, 0xC6, 0x02, 0xCF, 0x82, 0xD0, 0xA0, 0x34, 0x02, 0x24,
    0x81, 0x27, 0x24, 0x0A, 0x2A, 0x81, 0x26, 0x32, 0x02, 0x2A, 0x02, 0x26, 0x04, 0x2A, 0x02, 0x28,
    0x82, 0x2A, 0x2B, 0x26, 0x03, 0x2B, 0x03, 0x2A, 0x06, 0x2B, 0x03, 0x2D, 0x80, 0x32, 0x0E, 0x2D,
    0x81, 0x35, 0x39, 0x08, 0x2D, 0x82, 0x32, 0x39, 0x35, 0x03, 0x2D, 0x8D, 0x54, 0x63, 0x67, 0x7D,
    0x58, 0x59, 0x34, 0x33, 0x59, 0x47, 0x45, 0x33, 0x45, 0x74, 0x02, 0x5B, 0x80, 0x59, 0x02, 0x47,
    0x81, 0x5C, 0x58, 0x06, 0x5C, 0x05, 0x5D, 0x8A, 0x5B, 0x1C, 0x06, 0x05, 0x0B, 0x09, 0x1C, 0x13,
    0x0B, 0x04, 0x07, 0x02, 0x04, 0x02, 0x07, 0x81, 0x00, 0x04, 0x02, 0x07, 0x89, 0x11, 0x1D, 0x1A,
    0x1F, 0x1C, 0x00, 0x04, 0x03, 0x04, 0x07, 0x04, 0x04, 0x8C, 0x1D, 0x09, 0x04, 0x11, 0x07, 0x00,
    0x04, 0x06, 0x0B, 0x1C, 0x19, 0x0C, 0x1C, 0x02, 0x01, 0x80, 0x09, 0x03, 0x01, 0x81, 0x1D, 0x0D,
    0x03, 0x05, 0x81, 0x19, 0x1C, 0x03, 0x05, 0x89, 0x0A, 0x0B, 0x0C, 0x0B, 0x16, 0x0F, 0x0B, 0x0F,
    0x27, 0x0D, 0x04, 0x0C, 0x02, 0x0B, 0x84, 0x08, 0x06, 0x58, 0x3B, 0x3F, 0x04, 0x3B, 0x85, 0x79,
    0x93, 0xD9, 0xCD, 0xCE, 0xDA, 0x02, 0xDB, 0x03, 0xE9, 0x82, 0xD9, 0xC7, 0xC3, 0x03, 0xD9, 0x03,
    0x93, 0x84, 0xC1, 0xD9, 0xDC, 0xDB, 0xDC, 0x03, 0xDB, 0x03, 0xE9, 0x83, 0xEB, 0xE9, 0xEB, 0xDE,
    0x02, 0xDB, 0x02, 0xDE, 0x84, 0xCD, 0xEB, 0xDD, 0xDE, 0xD2, 0x05, 0xDD, 0x81, 0xFB, 0xDD, 0x02,
    0xC2, 0x82, 0xDD, 0xD2, 0xDD, 0x14, 0xD2, 0x80, 0xD1, 0x02, 0xD2, 0x82, 0xDD, 0xD2, 0xD1, 0x02,
    0xCA, 0x81, 0xCD, 0x95, 0x02, 0xC9, 0x81, 0xC5, 0xD1, 0x07, 0xD2, 0x80, 0xCD, 0x02, 0xDA, 0x81,
    0xD2, 0xCD, 0x03, 0xC9, 0x80, 0xB2, 0x02, 0xC5, 0x80, 0xC2, 0x02, 0xC4, 0x80, 0xB2, 0x02, 0xB1,
    0x86, 0x98, 0x95, 0x24, 0x76, 0xB3, 0xC4, 0xC6, 0x02, 0xCF, 0x82, 0xC2, 0x3C, 0x31, 0x03, 0x24,
    0x82, 0x27, 0x24, 0x27, 0x02, 0x24, 0x02, 0x27, 0x05, 0x24, 0x85, 0x34, 0x2B, 0x26, 0x25, 0x2B,
    0x26, 0x03, 0x2A, 0x80, 0x26, 0x02, 0x2A, 0x80, 0x28, 0x02, 0x2A, 0x80, 0x2B, 0x04, 0x2A, 0x07,
    0x2B, 0x02, 0x2D, 0x81, 0x32, 0x2F, 0x02, 0x2B, 0x02, 0x2D, 0x80, 0x2B, 0x08, 0x2D, 0x81, 0x32,
    0x39, 0x08, 0x2D, 0x82, 0x32, 0x39, 0x32, 0x03, 0x2D, 0x80, 0x3C, 0x02, 0x62, 0x85, 0x7A, 0x58,
    0x45, 0x16, 0x33, 0x59, 0x02, 0x58, 0x02, 0x59, 0x81, 0x5C, 0x45, 0x02, 0x59, 0x02, 0x47, 0x86,
    0x5C, 0x33, 0x44, 0x5C, 0x47, 0x5D, 0x5C, 0x06, 0x5D, 0x88, 0x1F, 0x27, 0x06, 0x05, 0x0B, 0x0A,
    0x1C, 0x13, 0x0B, 0x02, 0x04, 0x80, 0x07, 0x05, 0x04, 0x88, 0x02, 0x0B, 0x10, 0x1D, 0x19, 0x1D,
    0x1C, 0x00, 0x01, 0x02, 0x04, 0x80, 0x08, 0x04, 0x04, 0x83, 0x1C, 0x01, 0x06, 0x11, 0x04, 0x04,
    0x84, 0x09, 0x1C, 0x19, 0x0E, 0x1C, 0x05, 0x01, 0x89, 0x09, 0x1D, 0x0D, 0x05, 0x01, 0x05, 0x19,
    0x1C, 0x09, 0x05, 0x02, 0x09, 0x8A, 0x05, 0x03, 0x0B, 0x16, 0x0F, 0x04, 0x0D, 0x27, 0x0D, 0x0C,
    0x0A, 0x02, 0x0B, 0x02, 0x09, 0x87, 0x13, 0x76, 0x37, 0x21, 0x25, 0x21, 0x3B, 0x70, 0x02, 0x79,
    0x81, 0xDC, 0xD2, 0x02, 0xDA, 0x82, 0xDB, 0xE9, 0xDB, 0x03, 0xE9, 0x84, 0xD9, 0xC1, 0xD9, 0xDB,
    0xD9, 0x02, 0xDB, 0x03, 0xD9, 0x81, 0xDB, 0xDC, 0x05, 0xDB, 0x03, 0xE9, 0x03, 0xEB, 0x80, 0xDE,
    0x02, 0xDB, 0x02, 0xDE, 0x02, 0xE9, 0x02, 0xDD, 0x82, 0xDE, 0xDD, 0xEC, 0x02, 0xDD, 0x87, 0xEC,
    0xEE, 0xD4, 0xC9, 0xC5, 0xDD, 0xD4, 0xDD, 0x02, 0xD4, 0x02, 0xD2, 0x03, 0xD4, 0x04, 0xD2, 0x80,
    0xD1, 0x08, 0xD2, 0x81, 0xCA, 0xD2, 0x02, 0xD1, 0x02, 0xC9, 0x89, 0xB6, 0xC5, 0xB6, 0xC5, 0xC9,
    0xC5, 0x9F, 0x9D, 0xC9, 0xD1, 0x05, 0xD2, 0x81, 0xDA, 0xDD, 0x03, 0xCD, 0x80, 0xC9, 0x03, 0xC5,
    0x02, 0xB2, 0x80, 0xB1, 0x02, 0xB2, 0x80, 0xB1, 0x02, 0x9A, 0x8B, 0x99, 0x96, 0x1F, 0x44, 0xA9,
    0xB3, 0xC4, 0xCB, 0xC4, 0x60, 0x44, 0x2E, 0x03, 0x1E, 0x81, 0x24, 0x2C, 0x0A, 0x24, 0x85, 0x2E,
    0x28, 0x26, 0x2C, 0x31, 0x2E, 0x05, 0x26, 0x80, 0x2A, 0x07, 0x26, 0x82, 0x2A, 0x2C, 0x2B, 0x02,
    0x26, 0x02, 0x2B, 0x84, 0x26, 0x2B, 0x2F, 0x32, 0x2F, 0x02, 0x2B, 0x80, 0x2D, 0x03, 0x2B, 0x80,
    0x2D, 0x03, 0x2B, 0x03, 0x2D, 0x81, 0x32, 0x39, 0x08, 0x2D, 0x82, 0x32, 0x39, 0x32, 0x03, 0x2D,
    0x80, 0x3C, 0x02, 0x62, 0x83, 0x7A, 0x44, 0x2C, 0x5B, 0x02, 0x59, 0x83, 0x58, 0x44, 0x59, 0x58,
    0x03, 0x59, 0x04, 0x5C, 0x83, 0x56, 0x19, 0x47, 0x5D, 0x02, 0x5C, 0x05, 0x5D, 0x80, 0x1F, 0x02,
    0x27, 0x88, 0x06, 0x08, 0x07, 0x09, 0x1C, 0x13, 0x0A, 0x01, 0x07, 0x07, 0x04, 0x83, 0x0B, 0x11,
    0x1D, 0x19, 0x02, 0x1F, 0x80, 0x05, 0x08, 0x04, 0x84, 0x11, 0x00, 0x04, 0x11, 0x00, 0x03, 0x04,
    0x85, 0x05, 0x1C, 0x16, 0x0C, 0x1C, 0x06, 0x03, 0x01, 0x86, 0x00, 0x01, 0x1D, 0x0D, 0x06, 0x04,
    0x14, 0x02, 0x1C, 0x04, 0x01, 0x90, 0x00, 0x01, 0x09, 0x16, 0x0F, 0x00, 0x0B, 0x27, 0x0D, 0x06,
    0x0C, 0x11, 0x19, 0x0C, 0x5B, 0x53, 0x1B, 0x02, 0x3B, 0x81, 0x51, 0x2D, 0x03, 0x93, 0x87, 0xCD,
    0xDA, 0xDB, 0xDA, 0xDE, 0xDB, 0xD9, 0xDB, 0x02, 0xE9, 0x82, 0xDB, 0xD9, 0xC1, 0x03, 0xD9, 0x02,
    0xDC, 0x82, 0xD9, 0xDB, 0xD9, 0x04, 0xDC, 0x82, 0xDB, 0xE9, 0xDB, 0x02, 0xE9, 0x02, 0xEB, 0x81,
    0xE9, 0xEB, 0x05, 0xDE, 0x80, 0xDD, 0x02, 0xDE, 0x81, 0xDD, 0xEC, 0x04, 0xDD, 0x04, 0xD4, 0x81,
    0xC9, 0xCF, 0x0D, 0xD4, 0x80, 0xD2, 0x05, 0xD4, 0x02, 0xD1, 0x02, 0xD2, 0x85, 0x8D, 0xB6, 0xC9,
    0xB5, 0xB6, 0xB2, 0x02, 0xAA, 0x03, 0xB2, 0x82, 0xA9, 0x1F, 0xC5, 0x06, 0xD2, 0x81, 0xD9, 0xFB,
    0x03, 0xCD, 0x89, 0xC5, 0xB2, 0xB6, 0x59, 0x5C, 0xA9, 0x2D, 0x77, 0xA9, 0x98, 0x02, 0x9A, 0x85,
    0x96, 0x8B, 0x20, 0x1F, 0x33, 0xB3, 0x02, 0xC4, 0x88, 0x7E, 0x63, 0x34, 0x2E, 0x1A, 0x33, 0x1D,
    0x1E, 0x31, 0x02, 0x1E, 0x80, 0x24, 0x05, 0x1E, 0x02, 0x24, 0x82, 0x2E, 0x24, 0x1E, 0x03, 0x2E,
    0x80, 0x2B, 0x05, 0x24, 0x08, 0x26, 0x80, 0x2C, 0x07, 0x26, 0x82, 0x2F, 0x32, 0x2F, 0x04, 0x2B,
    0x80, 0x26, 0x08, 0x2B, 0x81, 0x2D, 0x32, 0x03, 0x2B, 0x05, 0x2D, 0x82, 0x32, 0x34, 0x2F, 0x02,
    0x2D, 0x81, 0x2B, 0x3C, 0x02, 0x63, 0x84, 0x7D, 0x45, 0x58, 0x59, 0x33, 0x03, 0x59, 0x80, 0x58,
    0x03, 0x59, 0x05, 0x5C, 0x82, 0x2A, 0x5C, 0x47, 0x02, 0x5D, 0x80, 0x5C, 0x02, 0x5D, 0x02, 0x4C,
    0x81, 0x20, 0x1C, 0x02, 0x27, 0x86, 0x06, 0x05, 0x07, 0x09, 0x1C, 0x13, 0x0A, 0x09, 0x04, 0x88,
    0x0B, 0x11, 0x1D, 0x19, 0x1D, 0x1F, 0x0C, 0x04, 0x02, 0x06, 0x04, 0x83, 0x00, 0x07, 0x0B, 0x0A,
    0x03, 0x04, 0x85, 0x03, 0x09, 0x1A, 0x19, 0x0B, 0x1C, 0x04, 0x01, 0x8A, 0x00, 0x09, 0x1A, 0x09,
    0x0D, 0x0F, 0x1C, 0x1F, 0x1C, 0x00, 0x01, 0x02, 0x06, 0x02, 0x01, 0x8B, 0x09, 0x16, 0x0F, 0x00,
    0x0B, 0x27, 0x0D, 0x06, 0x09, 0x06, 0x13, 0x66, 0x04, 0x3B, 0x80, 0x3E, 0x04, 0x93, 0x86, 0xCD,
    0xD2, 0xEB, 0xE9, 0xDA, 0xCE, 0xCD, 0x02, 0xE9, 0x02, 0xEB, 0x80, 0xDC, 0x05, 0xD9, 0x02, 0xDC,
    0x82, 0xD9, 0xDB, 0xD9, 0x02, 0xDC, 0x81, 0xDB, 0xDC, 0x06, 0xDB, 0x81, 0xDD, 0xDA, 0x03, 0xDE,
    0x80, 0xE9, 0x02, 0xDE, 0x80, 0xE9, 0x02, 0xDE, 0x81, 0xDD, 0xDE, 0x02, 0xDD, 0x05, 0xD4, 0x03,
    0xCF, 0x0B, 0xD4, 0x83, 0xD3, 0xD4, 0xCF, 0xD2, 0x02, 0xD1, 0x83, 0xD4, 0xCA, 0x9A, 0xD1, 0x02,
    0xD2, 0x84, 0x33, 0xCB, 0xB6, 0xB5, 0xA9, 0x02, 0x5D, 0x02, 0x9D, 0x85, 0x8E, 0xB2, 0xB6, 0x1F,
    0xB6, 0xC9, 0x02, 0xCA, 0x03, 0xD2, 0x81, 0xD9, 0xF6, 0x02, 0xCD, 0x02, 0xC5, 0x98, 0xB1, 0xB2,
    0xA9, 0x89, 0x1F, 0x33, 0x8D, 0xA9, 0x96, 0x99, 0x9A, 0x99, 0x9D, 0x45, 0x47, 0x5C, 0xA9, 0x9F,
    0x7E, 0x7D, 0x24, 0x36, 0x2E, 0x1A, 0x27, 0x02, 0x1A, 0x81, 0x34, 0x24, 0x09, 0x1E, 0x82, 0x2A,
    0x1E, 0x24, 0x04, 0x2E, 0x80, 0x1E, 0x05, 0x24, 0x80, 0x26, 0x03, 0x24, 0x03, 0x26, 0x80, 0x2A,
    0x03, 0x26, 0x80, 0x2B, 0x03, 0x26, 0x84, 0x2B, 0x30, 0x2F, 0x2B, 0x26, 0x02, 0x2B, 0x82, 0x26,
    0x2B, 0x26, 0x06, 0x2B, 0x81, 0x2D, 0x32, 0x05, 0x2B, 0x03, 0x2D, 0x02, 0x34, 0x80, 0x2D, 0x02,
    0x2B, 0x86, 0x2D, 0x38, 0x63, 0x62, 0x7A, 0x59, 0x45, 0x02, 0x59, 0x82, 0x58, 0x59, 0x58, 0x03,
    0x59, 0x03, 0x5C, 0x80, 0x59, 0x07, 0x5C, 0x05, 0x5D, 0x8A, 0x0C, 0x13, 0x27, 0x1C, 0x06, 0x05,
    0x07, 0x09, 0x1D, 0x13, 0x06, 0x09, 0x04, 0x02, 0x07, 0x84, 0x1D, 0x19, 0x1D, 0x1F, 0x0E, 0x06,
    0x04, 0x83, 0x01, 0x04, 0x01, 0x08, 0x03, 0x07, 0x80, 0x0B, 0x02, 0x04, 0x85, 0x0C, 0x1A, 0x16,
    0x09, 0x1D, 0x06, 0x02, 0x0D, 0x02, 0x01, 0x81, 0x0A, 0x19, 0x02, 0x09, 0x83, 0x1D, 0x1C, 0x1F,
    0x1C, 0x03, 0x01, 0x8D, 0x0A, 0x00, 0x01, 0x0A, 0x16, 0x11, 0x0E, 0x0A, 0x27, 0x11, 0x01, 0x35,
    0x71, 0x3E, 0x04, 0x3B, 0x80, 0x78, 0x04, 0x93, 0x81, 0xDB, 0xEB, 0x02, 0xE9, 0x84, 0xD9, 0xC7,
    0xCE, 0xDA, 0xE9, 0x03, 0xEB, 0x04, 0xD9, 0x81, 0xDC, 0xDB, 0x05, 0xD9, 0x04, 0xDC, 0x03, 0xDB,
    0x82, 0xDC, 0xDA, 0xDB, 0x02, 0xDA, 0x09, 0xDE, 0x81, 0xDD, 0xDE, 0x05, 0xDD, 0x03, 0xD4, 0x02,
    0xCF, 0x03, 0xD4, 0x08, 0xD3, 0x80, 0xD1, 0x03, 0xD4, 0x80, 0xCB, 0x03, 0xD3, 0x80, 0xD1, 0x02,
    0xC9, 0x82, 0xD1, 0x20, 0xC9, 0x02, 0xAA, 0x83, 0x8E, 0x20, 0x0E, 0x84, 0x02, 0x8E, 0x86, 0x99,
    0xB2, 0x33, 0xA9, 0xC9, 0xCA, 0xD1, 0x04, 0xD2, 0x81, 0xDE, 0xC7, 0x02, 0xC5, 0x86, 0xB2, 0xB1,
    0x8A, 0x0E, 0x20, 0x19, 0x33, 0x02, 0x9D, 0x80, 0x96, 0x02, 0x99, 0x91, 0x9F, 0x9D, 0x84, 0x5B,
    0x4C, 0x8B, 0x9D, 0x59, 0x2E, 0x1D, 0x31, 0x2E, 0x1A, 0x1E, 0x1A, 0x1E, 0x34, 0x24, 0x04, 0x1E,
    0x80, 0x1D, 0x07, 0x1E, 0x80, 0x2C, 0x02, 0x2E, 0x81, 0x31, 0x1E, 0x09, 0x24, 0x07, 0x26, 0x80,
    0x31, 0x04, 0x26, 0x02, 0x2F, 0x02, 0x26, 0x02, 0x2B, 0x83, 0x26, 0x2D, 0x2B, 0x26, 0x04, 0x2B,
    0x82, 0x26, 0x2F, 0x32, 0x05, 0x2B, 0x03, 0x2D, 0x02, 0x34, 0x80, 0x2D, 0x03, 0x2B, 0x85, 0x32,
    0x54, 0x62, 0x67, 0x5C, 0x27, 0x09, 0x59, 0x05, 0x5C, 0x80, 0x76, 0x02, 0x5C, 0x06, 0x5D, 0x82,
    0x20, 0x0A, 0x12, 0x02, 0x27, 0x86, 0x06, 0x09, 0x0B, 0x09, 0x1D, 0x11, 0x06, 0x02, 0x04, 0x80,
    0x07, 0x08, 0x04, 0x84, 0x1F, 0x19, 0x1D, 0x1F, 0x0E, 0x0B, 0x04, 0x80, 0x00, 0x04, 0x04, 0x87,
    0x19, 0x1A, 0x14, 0x09, 0x11, 0x06, 0x0F, 0x10, 0x02, 0x04, 0x02, 0x0A, 0x94, 0x09, 0x05, 0x19,
    0x1C, 0x1F, 0x1C, 0x06, 0x01, 0x09, 0x00, 0x0A, 0x00, 0x0A, 0x13, 0x0F, 0x06, 0x44, 0xA0, 0x6E,
    0x6B, 0x64, 0x04, 0x3B, 0x80, 0x68, 0x03, 0x93, 0x81, 0xC1, 0xD9, 0x03, 0xE9, 0x80, 0xDB, 0x02,
    0xD9, 0x81, 0xCD, 0xE9, 0x05, 0xEB, 0x04, 0xD9, 0x02, 0xDB, 0x05, 0xD9, 0x04, 0xDC, 0x03, 0xDB,
    0x80, 0xDC, 0x03, 0xDA, 0x82, 0xEB, 0xCE, 0xDA, 0x04, 0xDD, 0x84, 0xDE, 0xDD, 0xDE, 0xDD, 0xDE,
    0x05, 0xDD, 0x03, 0xD4, 0x80, 0xCF, 0x04, 0xD4, 0x08, 0xD3, 0x84, 0xD1, 0xD3, 0xCF, 0xD4, 0xCB,
    0x03, 0xD3, 0x88, 0xB6, 0xCB, 0xCA, 0xC9, 0x20, 0xB6, 0xB5, 0xA9, 0x8E, 0x02, 0x11, 0x80, 0x20,
    0x03, 0x8E, 0x83, 0xA9, 0x11, 0x5C, 0xC9, 0x02, 0xCA, 0x80, 0xD1, 0x02, 0xD2, 0x82, 0xDD, 0xDA,
    0xC7, 0x03, 0xC5, 0x02, 0xB1, 0x99, 0x8A, 0x1F, 0x16, 0x34, 0x96, 0x9D, 0x96, 0x9D, 0x99, 0x9F,
    0x99, 0xA9, 0x8B, 0x4C, 0x84, 0x77, 0x47, 0x2E, 0x19, 0x31, 0x2E, 0x18, 0x1A, 0x1D, 0x1A, 0x2E,
    0x02, 0x1E, 0x04, 0x1A, 0x81, 0x1E, 0x1D, 0x05, 0x1E, 0x80, 0x24, 0x03, 0x2E, 0x04, 0x1E, 0x80,
    0x24, 0x05, 0x1E, 0x06, 0x24, 0x81, 0x22, 0x2E, 0x04, 0x26, 0x81, 0x2F, 0x2C, 0x03, 0x26, 0x83,
    0x2B, 0x26, 0x2D, 0x2B, 0x02, 0x26, 0x80, 0x2B, 0x03, 0x26, 0x81, 0x2D, 0x32, 0x06, 0x2B, 0x81,
    0x31, 0x2D, 0x02, 0x32, 0x04, 0x2B, 0x84, 0x30, 0x54, 0x62, 0x67, 0x59, 0x02, 0x58, 0x08, 0x59,
    0x05, 0x5C, 0x81, 0x76, 0x5C, 0x06, 0x5D, 0x83, 0x4C, 0x08, 0x06, 0x13, 0x02, 0x27, 0x86, 0x06,
    0x09, 0x07, 0x0A, 0x1D, 0x12, 0x06, 0x05, 0x04, 0x82, 0x00, 0x04, 0x00, 0x03, 0x04, 0x84, 0x1F,
    0x19, 0x1D, 0x1C, 0x0E, 0x02, 0x04, 0x84, 0x07, 0x04, 0x07, 0x04, 0x01, 0x03, 0x04, 0x80, 0x01,
    0x02, 0x04, 0x94, 0x07, 0x04, 0x0B, 0x1C, 0x1A, 0x16, 0x05, 0x00, 0x06, 0x12, 0x11, 0x05, 0x06,
    0x04, 0x0C, 0x08, 0x03, 0x19, 0x1C, 0x1F, 0x1A, 0x03, 0x01, 0x87, 0x0A, 0x01, 0x11, 0x01, 0x13,
    0x0D, 0xB4, 0xC1, 0x02, 0x6B, 0x84, 0x61, 0x64, 0x3E, 0x3B, 0x50, 0x02, 0x93, 0x83, 0x9B, 0xC7,
    0xDA, 0x9C, 0x02, 0x93, 0x86, 0x79, 0x94, 0xD9, 0xC7, 0xD9, 0xCE, 0xE9, 0x04, 0xEB, 0x80, 0xE9,
    0x04, 0xD9, 0x02, 0xDB, 0x05, 0xD9, 0x04, 0xDC, 0x02, 0xDB, 0x80, 0xDA, 0x04, 0xCD, 0x83, 0xDA,
    0xCD, 0xDA, 0xD2, 0x02, 0xDA, 0x86, 0xDD, 0xDE, 0xDD, 0xDE, 0xDD, 0xDE, 0xD4, 0x05, 0xDD, 0x02,
    0xD4, 0x80, 0xCF, 0x04, 0xD4, 0x08, 0xD3, 0x81, 0xD1, 0xD3, 0x02, 0xD4, 0x80, 0xCB, 0x03, 0xD3,
    0x8C, 0xD4, 0xCA, 0xC9, 0xB6, 0x20, 0x9D, 0xAA, 0x9D, 0x8E, 0x1F, 0x11, 0x1F, 0x84, 0x02, 0x8E,
    0x83, 0xAA, 0x11, 0x5D, 0xB6, 0x02, 0xCA, 0x03, 0xD1, 0x82, 0xDD, 0xCD, 0xC7, 0x03, 0xC5, 0x84,
    0xB1, 0x9A, 0x99, 0x45, 0x16, 0x02, 0x33, 0x80, 0x96, 0x02, 0x9D, 0x84, 0x9A, 0x77, 0x75, 0xA9,
    0x9D, 0x02, 0x84, 0x83, 0x8C, 0x20, 0x31, 0x17, 0x02, 0x2E, 0x80, 0x1D, 0x02, 0x19, 0x82, 0x18,
    0x2E, 0x1E, 0x08, 0x1A, 0x82, 0x1B, 0x18, 0x1B, 0x02, 0x1E, 0x03, 0x2E, 0x0E, 0x1E, 0x80, 0x24,
    0x02, 0x1E, 0x82, 0x2E, 0x26, 0x22, 0x02, 0x26, 0x81, 0x2F, 0x2B, 0x05, 0x26, 0x81, 0x2D, 0x2B,
    0x06, 0x26, 0x81, 0x2B, 0x32, 0x06, 0x2B, 0x81, 0x34, 0x2D, 0x02, 0x32, 0x04, 0x2B, 0x81, 0x2F,
    0x54, 0x02, 0x67, 0x07, 0x59, 0x80, 0x5C, 0x03, 0x59, 0x05, 0x5C, 0x80, 0x76, 0x03, 0x5C, 0x04,
    0x5D, 0x80, 0x45, 0x02, 0x0C, 0x8B, 0x0D, 0x1F, 0x27, 0x05, 0x07, 0x02, 0x00, 0x1D, 0x11, 0x06,
    0x04, 0x07, 0x05, 0x04, 0x80, 0x07, 0x02, 0x04, 0x88, 0x01, 0x1F, 0x1A, 0x1D, 0x1F, 0x11, 0x04,
    0x07, 0x00, 0x02, 0x04, 0x02, 0x03, 0x02, 0x04, 0x89, 0x06, 0x04, 0x07, 0x04, 0x01, 0x07, 0x0F,
    0x1D, 0x13, 0x16, 0x02, 0x04, 0x82, 0x08, 0x12, 0x13, 0x03, 0x04, 0x02, 0x06, 0x81, 0x01, 0x19,
    0x02, 0x1C, 0x89, 0x13, 0x00, 0x0A, 0x01, 0x03, 0x06, 0x1C, 0x13, 0x33, 0x97, 0x02, 0x6B, 0x8B,
    0x9B, 0x79, 0x78, 0x93, 0x76, 0xCE, 0xC5, 0xB1, 0xCD, 0xD9, 0xDB, 0xD9, 0x03, 0x93, 0x80, 0x9C,
    0x03, 0xD9, 0x81, 0xDB, 0xDA, 0x02, 0xDE, 0x03, 0xEB, 0x80, 0xDC, 0x08, 0xD9, 0x02, 0xDC, 0x80,
    0xD9, 0x03, 0xDC, 0x86, 0xD9, 0xDB, 0xDA, 0xD9, 0xC7, 0xC9, 0xCD, 0x03, 0xC5, 0x82, 0xCD, 0xCE,
    0xD2, 0x02, 0xDD, 0x80, 0xDE, 0x03, 0xDD, 0x80, 0xDE, 0x06, 0xDD, 0x02, 0xD4, 0x82, 0xCF, 0xD3,
    0xD4, 0x0C, 0xD3, 0x85, 0xD4, 0xD3, 0xCB, 0xD4, 0xCB, 0xD3, 0x02, 0xCA, 0x84, 0xC9, 0xB6, 0x5B,
    0x27, 0xA9, 0x02, 0x8E, 0x8A, 0x4C, 0x11, 0x42, 0x5D, 0x8D, 0x89, 0x47, 0x0E, 0xAA, 0xB6, 0xC9,
    0x02, 0xCA, 0x03, 0xD1, 0x02, 0xCD, 0x02, 0xC5, 0x81, 0xC3, 0xB2, 0x02, 0xB1, 0x81, 0x1F, 0x33,
    0x03, 0x96, 0x80, 0x9D, 0x02, 0xB2, 0x02, 0xB6, 0x81, 0xB2, 0xAA, 0x02, 0x84, 0x83, 0x8B, 0x8F,
    0x2E, 0x14, 0x02, 0x2E, 0x80, 0x19, 0x02, 0x16, 0x82, 0x27, 0x2E, 0x1A, 0x02, 0x19, 0x03, 0x18,
    0x02, 0x19, 0x02, 0x18, 0x04, 0x1A, 0x03, 0x2E, 0x82, 0x1B, 0x1A, 0x1B, 0x0C, 0x1E, 0x82, 0x1D,
    0x1E, 0x2E, 0x03, 0x24, 0x84, 0x22, 0x2F, 0x2B, 0x1E, 0x24, 0x03, 0x26, 0x80, 0x2B, 0x07, 0x26,
    0x02, 0x2B, 0x04, 0x26, 0x83, 0x2F, 0x26, 0x32, 0x2B, 0x02, 0x32, 0x04, 0x2B, 0x81, 0x2D, 0x54,
    0x02, 0x67, 0x80, 0x31, 0x06, 0x59, 0x09, 0x5C, 0x80, 0x76, 0x02, 0x5C, 0x05, 0x5D, 0x8C, 0x1F,
    0x0A, 0x08, 0x0D, 0x1F, 0x27, 0x05, 0x04, 0x02, 0x04, 0x19, 0x11, 0x06, 0x0B, 0x04, 0x86, 0x1D,
    0x1A, 0x1D, 0x1F, 0x11, 0x04, 0x07, 0x09, 0x04, 0x8C, 0x00, 0x04, 0x0A, 0x07, 0x12, 0x1D, 0x0D,
    0x11, 0x04, 0x06, 0x08, 0x12, 0x13, 0x04, 0x04, 0x82, 0x07, 0x05, 0x19, 0x02, 0x1C, 0x81, 0x0F,
    0x07, 0x02, 0x01, 0x96, 0x05, 0x06, 0x27, 0x1E, 0xD7, 0x33, 0x6B, 0x68, 0xC7, 0xCE, 0xDC, 0x5A,
    0xCD, 0xDB, 0xDA, 0xDB, 0xCD, 0xD9, 0xCD, 0xD9, 0xC3, 0x9C, 0xC7, 0x04, 0xD9, 0x82, 0xDB, 0xE9,
    0xEC, 0x04, 0xEB, 0x09, 0xD9, 0x85, 0xCE, 0xDC, 0xD9, 0xDC, 0xD9, 0xDC, 0x02, 0xD9, 0x02, 0xCD,
    0x82, 0x5C, 0x95, 0x99, 0x02, 0xC3, 0x02, 0xC5, 0x81, 0xCD, 0xC9, 0x04, 0xDD, 0x80, 0xD0, 0x08,
    0xDD, 0x80, 0xD4, 0x02, 0xCF, 0x02, 0xD4, 0x0C, 0xD3, 0x80, 0xD4, 0x02, 0xCB, 0x82, 0xD3, 0xCB,
    0xD3, 0x02, 0xD1, 0x86, 0xC9, 0xC5, 0xC9, 0x2A, 0x1F, 0x8E, 0x96, 0x02, 0x5D, 0x85, 0x4C, 0x5D,
    0x8B, 0x8E, 0x13, 0x45, 0x02, 0xB2, 0x80, 0xB6, 0x02, 0xC9, 0x03, 0xCA, 0x81, 0xDD, 0xCE, 0x02,
    0xC7, 0x88, 0xC5, 0xB1, 0xB2, 0xB1, 0x59, 0x8A, 0x98, 0xB2, 0xC4, 0x02, 0xB2, 0x8A, 0xB1, 0xB2,
    0xB6, 0xA9, 0x8B, 0xA3, 0x84, 0x8B, 0x84, 0x44, 0x17, 0x02, 0x2C, 0x03, 0x16, 0x02, 0x2E, 0x02,
    0x18, 0x80, 0x16, 0x03, 0x18, 0x03, 0x16, 0x02, 0x18, 0x80, 0x1A, 0x02, 0x18, 0x02, 0x2E, 0x82,
    0x2C, 0x18, 0x1A, 0x02, 0x1B, 0x80, 0x1E, 0x09, 0x1B, 0x84, 0x1E, 0x1A, 0x1B, 0x2C, 0x24, 0x02,
    0x1E, 0x88, 0x22, 0x2D, 0x2B, 0x1B, 0x1E, 0x22, 0x24, 0x26, 0x2B, 0x07, 0x26, 0x80, 0x2B, 0x05,
    0x26, 0x86, 0x2D, 0x26, 0x32, 0x26, 0x32, 0x2F, 0x26, 0x02, 0x2B, 0x82, 0x32, 0x2F, 0x54, 0x02,
    0x67, 0x02, 0x59, 0x80, 0x5C, 0x04, 0x59, 0x0C, 0x5C, 0x80, 0x5D, 0x02, 0x5C, 0x02, 0x5D, 0x80,
    0x0E, 0x02, 0x0A, 0x84, 0x0D, 0x1F, 0x27, 0x06, 0x0A, 0x02, 0x04, 0x82, 0x16, 0x0F, 0x07, 0x0B,
    0x04, 0x80, 0x1C, 0x02, 0x1A, 0x81, 0x1D, 0x13, 0x07, 0x04, 0x80, 0x00, 0x04, 0x04, 0x86, 0x01,
    0x0A, 0x08, 0x13, 0x1C, 0x05, 0x06, 0x02, 0x04, 0x82, 0x03, 0x11, 0x13, 0x02, 0x04, 0x80, 0x07,
    0x03, 0x04, 0x02, 0x1A, 0x8D, 0x1C, 0x0F, 0x08, 0x06, 0x01, 0x07, 0x0A, 0x31, 0x17, 0xD5, 0x20,
    0x6F, 0x61, 0xCD, 0x02, 0xDA, 0x80, 0xD2, 0x0F, 0xD9, 0x82, 0xDB, 0xDE, 0xEC, 0x02, 0xEB, 0x81,
    0xEC, 0xEB, 0x09, 0xD9, 0x81, 0xDC, 0xD9, 0x02, 0xDC, 0x02, 0xCE, 0x85, 0xDB, 0xD9, 0xC7, 0xC5,
    0xC3, 0xB1, 0x02, 0xB2, 0x80, 0xB1, 0x02, 0xC5, 0x82, 0xB2, 0xC5, 0xCD, 0x03, 0xDD, 0x80, 0xD0,
    0x02, 0xDD, 0x80, 0xD2, 0x05, 0xDD, 0x86, 0xD2, 0xD1, 0xD4, 0xD3, 0xD4, 0xD3, 0xD4, 0x0A, 0xD3,
    0x88, 0xCF, 0xCB, 0xCA, 0xCB, 0xD1, 0xCA, 0xD1, 0xB6, 0xCB, 0x02, 0xC5, 0x85, 0x9F, 0x13, 0x1F,
    0x96, 0x5D, 0x8B, 0x02, 0x5D, 0x83, 0x89, 0x44, 0x11, 0x9D, 0x03, 0xB2, 0x80, 0xB6, 0x04, 0xC9,
    0x80, 0xD2, 0x02, 0xCE, 0x02, 0xC7, 0x84, 0xC5, 0xB1, 0xC3, 0xB2, 0xB1, 0x02, 0xB2, 0x80, 0xC4,
    0x03, 0xB2, 0x02, 0xB6, 0x82, 0xC5, 0xB5, 0xAD, 0x02, 0x8B, 0x84, 0x84, 0x77, 0x1F, 0x2A, 0x2E,
    0x02, 0x19, 0x80, 0x1A, 0x02, 0x2E, 0x80, 0x1A, 0x02, 0x16, 0x08, 0x19, 0x03, 0x18, 0x03, 0x2E,
    0x82, 0x1A, 0x1E, 0x18, 0x02, 0x1A, 0x03, 0x18, 0x80, 0x1A, 0x04, 0x18, 0x04, 0x1B, 0x82, 0x2C,
    0x24, 0x1B, 0x02, 0x1E, 0x86, 0x2C, 0x2B, 0x1B, 0x22, 0x1E, 0x22, 0x26, 0x02, 0x2B, 0x0C, 0x26,
    0x90, 0x2C, 0x26, 0x32, 0x26, 0x32, 0x2C, 0x2A, 0x31, 0x2B, 0x34, 0x36, 0x62, 0x67, 0x75, 0x38,
    0x59, 0x5C, 0x03, 0x59, 0x0D, 0x5C, 0x80, 0x5D, 0x02, 0x5C, 0x02, 0x5D, 0x87, 0x07, 0x0A, 0x00,
    0x09, 0x1F, 0x27, 0x06, 0x09, 0x02, 0x04, 0x81, 0x0E, 0x0B, 0x02, 0x04, 0x81, 0x02, 0x00, 0x08,
    0x04, 0x02, 0x19, 0x84, 0x1A, 0x1D, 0x16, 0x04, 0x07, 0x05, 0x04, 0x02, 0x07, 0x03, 0x04, 0x8B,
    0x01, 0x0A, 0x08, 0x13, 0x1D, 0x01, 0x06, 0x07, 0x00, 0x08, 0x11, 0x16, 0x06, 0x04, 0x02, 0x1A,
    0x82, 0x1C, 0x0F, 0x08, 0x02, 0x04, 0x8B, 0x0C, 0x06, 0x1A, 0x55, 0xBA, 0x20, 0x78, 0x7F, 0xC9,
    0xCA, 0xD2, 0xD9, 0x02, 0xDA, 0x81, 0xD9, 0xDA, 0x09, 0xD9, 0x81, 0xDB, 0xEB, 0x03, 0xEC, 0x03,
    0xEB, 0x80, 0xDE, 0x09, 0xD9, 0x03, 0xDC, 0x03, 0xCE, 0x8E, 0xDA, 0xCD, 0xC7, 0xC3, 0xB1, 0x95,
    0x44, 0x59, 0x99, 0x2A, 0x2D, 0xB2, 0xC5, 0xC9, 0xCD, 0x02, 0xDD, 0x80, 0xD0, 0x02, 0xDD, 0x80,
    0xD2, 0x04, 0xDD, 0x02, 0xD2, 0x83, 0xD1, 0xCF, 0xD3, 0xD4, 0x0C, 0xD3, 0x83, 0xCF, 0xCB, 0xCA,
    0xCB, 0x02, 0xD1, 0x80, 0xCA, 0x02, 0xCB, 0x80, 0xB6, 0x02, 0xB2, 0x84, 0xA9, 0x1F, 0x2A, 0x33,
    0x84, 0x02, 0x5D, 0x83, 0x33, 0x11, 0x44, 0x99, 0x02, 0xB1, 0x81, 0xB2, 0xB6, 0x02, 0xC9, 0x82,
    0xC5, 0xB6, 0xC5, 0x02, 0xDD, 0x81, 0xD2, 0xC7, 0x06, 0xC5, 0x83, 0xB6, 0xC6, 0xB6, 0xB2, 0x05,
    0xB6, 0x87, 0xB5, 0x8E, 0x5D, 0x4C, 0x8D, 0x8E, 0x44, 0x29, 0x02, 0x16, 0x80, 0x1C, 0x02, 0x2E,
    0x80, 0x18, 0x0A, 0x16, 0x80, 0x15, 0x02, 0x16, 0x03, 0x2C, 0x81, 0x18, 0x1A, 0x02, 0x18, 0x80,
    0x1A, 0x02, 0x18, 0x02, 0x1A, 0x04, 0x18, 0x04, 0x1B, 0x84, 0x2C, 0x24, 0x1B, 0x1E, 0x24, 0x02,
    0x2C, 0x80, 0x24, 0x02, 0x1E, 0x81, 0x22, 0x1B, 0x02, 0x2B, 0x80, 0x26, 0x02, 0x22, 0x09, 0x26,
    0x8A, 0x2A, 0x26, 0x32, 0x26, 0x32, 0x2D, 0x26, 0x34, 0x2B, 0x34, 0x36, 0x03, 0x67, 0x03, 0x59,
    0x84, 0x73, 0x5C, 0x59, 0x5C, 0x59, 0x08, 0x5C, 0x82, 0x59, 0x89, 0x16, 0x04, 0x5D, 0x82, 0x5C,
    0x06, 0x16, 0x02, 0x0D, 0x83, 0x27, 0x1C, 0x00, 0x06, 0x02, 0x04, 0x02, 0x06, 0x82, 0x03, 0x04,
    0x06, 0x09, 0x04, 0x84, 0x00, 0x19, 0x1C, 0x1D, 0x19, 0x0D, 0x04, 0x85, 0x0A, 0x08, 0x13, 0x1D,
    0x01, 0x06, 0x03, 0x04, 0x8C, 0x13, 0x1A, 0x0D, 0x0C, 0x0A, 0x04, 0x00, 0x06, 0x1D, 0x1A, 0x1C,
    0x12, 0x07, 0x02, 0x04, 0x88, 0x0A, 0x0C, 0x12, 0x1C, 0xB5, 0x11, 0x44, 0x91, 0xCB, 0x02, 0xD2,
    0x81, 0xDA, 0xDB, 0x0C, 0xD9, 0x83, 0xEB, 0xEC, 0xEB, 0xDE, 0x03, 0xEC, 0x81, 0xEB, 0xDC, 0x07,
    0xD9, 0x05, 0xDC, 0x80, 0xCE, 0x02, 0xDA, 0x02, 0xCD, 0x84, 0xC3, 0xB2, 0x9A, 0x33, 0x1F, 0x02,
    0x08, 0x81, 0x27, 0x58, 0x02, 0xB2, 0x83, 0xC5, 0xCD, 0xD2, 0xCF, 0x02, 0xD4, 0x02, 0xDD, 0x81,
    0xD2, 0xDD, 0x02, 0xD2, 0x85, 0xDD, 0xD2, 0xD1, 0xDD, 0xD3, 0xD2, 0x02, 0xD1, 0x02, 0xD4, 0x03,
    0xD3, 0x02, 0xD1, 0x02, 0xD3, 0x02, 0xCB, 0x82, 0xCA, 0xC9, 0x8A, 0x02, 0xD3, 0x02, 0xCA, 0x02,
    0xCB, 0x84, 0xB6, 0xB2, 0xB1, 0x9A, 0x56, 0x02, 0x0C, 0x83, 0x0E, 0x0C, 0x11, 0x58, 0x02, 0x99,
    0x80, 0x9F, 0x02, 0xB2, 0x02, 0xB6, 0x85, 0xC9, 0xC5, 0xD2, 0xC9, 0xDE, 0xDD, 0x02, 0xD0, 0x80,
    0xCD, 0x02, 0xC7, 0x02, 0xC9, 0x82, 0xC5, 0xC4, 0xC6, 0x06, 0xB6, 0x02, 0xB2, 0x8F, 0xAA, 0x5D,
    0x4C, 0x25, 0x47, 0x1A, 0x1F, 0x13, 0x19, 0x27, 0x2E, 0x2A, 0x18, 0x14, 0x24, 0x14, 0x02, 0x15,
    0x05, 0x16, 0x03, 0x19, 0x86, 0x2A, 0x2C, 0x27, 0x16, 0x18, 0x15, 0x16, 0x03, 0x18, 0x83, 0x16,
    0x17, 0x2A, 0x24, 0x02, 0x1A, 0x85, 0x18, 0x1B, 0x1A, 0x18, 0x2A, 0x25, 0x02, 0x1B, 0x83, 0x1E,
    0x2C, 0x29, 0x1B, 0x03, 0x1E, 0x81, 0x1A, 0x23, 0x02, 0x2B, 0x80, 0x1B, 0x05, 0x26, 0x80, 0x22,
    0x06, 0x26, 0x88, 0x31, 0x26, 0x32, 0x2C, 0x26, 0x30, 0x26, 0x2F, 0x36, 0x03, 0x67, 0x03, 0x5C,
    0x82, 0x76, 0x5C, 0x73, 0x09, 0x5C, 0x83, 0x76, 0x5B, 0x27, 0x19, 0x02, 0x5D, 0x80, 0x5C, 0x02,
    0x5D, 0x87, 0x0A, 0x27, 0x11, 0x0D, 0x1F, 0x27, 0x0B, 0x06, 0x02, 0x04, 0x82, 0x05, 0x00, 0x13,
    0x0C, 0x04, 0x83, 0x19, 0x1C, 0x1D, 0x19, 0x08, 0x04, 0x80, 0x00, 0x04, 0x04, 0x85, 0x0A, 0x08,
    0x13, 0x1D, 0x01, 0x06, 0x02, 0x04, 0x85, 0x06, 0x13, 0x1A, 0x16, 0x02, 0x0A, 0x02, 0x04, 0x85,
    0x06, 0x19, 0x1A, 0x1F, 0x0F, 0x07, 0x02, 0x04, 0x8C, 0x0A, 0x08, 0x19, 0x1C, 0x8B, 0x20, 0x11,
    0x89, 0xAD, 0xD1, 0xD2, 0xDB, 0xCD, 0x0B, 0xD9, 0x04, 0xEB, 0x80, 0xDE, 0x03, 0xEC, 0x81, 0xDE,
    0xDC, 0x07, 0xD9, 0x05, 0xDC, 0x02, 0xCE, 0x80, 0xDA, 0x02, 0xCD, 0x02, 0xC3, 0x82, 0x9C, 0x89,
    0x19, 0x02, 0x08, 0x81, 0x24, 0x9D, 0x02, 0xB2, 0x85, 0xC5, 0xCD, 0xD2, 0xCF, 0xD4, 0xCF, 0x04,
    0xDD, 0x04, 0xD2, 0x82, 0xD1, 0xCA, 0xD4, 0x03, 0xD1, 0x80, 0xCB, 0x04, 0xD3, 0x03, 0xD1, 0x04,
    0xCB, 0x81, 0xD3, 0xD1, 0x03, 0xCA, 0x83, 0xD1, 0xCB, 0xCA, 0xB6, 0x02, 0xB2, 0x8A, 0x9A, 0x98,
    0x8A, 0x19, 0x08, 0x0C, 0x19, 0x92, 0x96, 0x9A, 0x9F, 0x02, 0xB2, 0x02, 0xB6, 0x85, 0xC9, 0xC5,
    0xDD, 0xD2, 0xDD, 0xEC, 0x02, 0xEA, 0x80, 0xDE, 0x03, 0xCD, 0x02, 0xC9, 0x81, 0xC6, 0xCB, 0x06,
    0xB6, 0x85, 0xB2, 0x95, 0xA9, 0x8B, 0x47, 0x44, 0x02, 0x13, 0x8D, 0x20, 0x85, 0x0E, 0x2A, 0x2C,
    0x2A, 0x17, 0x14, 0x2A, 0x14, 0x13, 0x14, 0x15, 0x14, 0x03, 0x15, 0x03, 0x16, 0x02, 0x2A, 0x84,
    0x27, 0x15, 0x18, 0x15, 0x16, 0x04, 0x18, 0x8A, 0x1B, 0x29, 0x24, 0x18, 0x1A, 0x18, 0x1B, 0x1A,
    0x18, 0x2A, 0x25, 0x02, 0x1B, 0x83, 0x1E, 0x2C, 0x29, 0x1B, 0x03, 0x1E, 0x81, 0x1B, 0x25, 0x02,
    0x2B, 0x80, 0x1B, 0x03, 0x22, 0x09, 0x26, 0x88, 0x31, 0x26, 0x31, 0x2B, 0x26, 0x32, 0x26, 0x32,
    0x54, 0x03, 0x67, 0x04, 0x76, 0x81, 0x73, 0x76, 0x05, 0x89, 0x03, 0x5C, 0x86, 0x89, 0x76, 0x8A,
    0x45, 0x19, 0x5C, 0x5D, 0x02, 0x89, 0x8D, 0x5D, 0x19, 0x2A, 0x19, 0x09, 0x1C, 0x27, 0x0C, 0x06,
    0x07, 0x04, 0x07, 0x00, 0x1C, 0x0B, 0x04, 0x85, 0x07, 0x19, 0x1A, 0x1D, 0x19, 0x00, 0x03, 0x04,
    0x80, 0x00, 0x07, 0x04, 0x85, 0x06, 0x0A, 0x08, 0x13, 0x1D, 0x01, 0x02, 0x06, 0x86, 0x07, 0x04,
    0x13, 0x1A, 0x19, 0x07, 0x02, 0x02, 0x04, 0x85, 0x06, 0x19, 0x1A, 0x1F, 0x0F, 0x07, 0x02, 0x04,
    0x8B, 0x0A, 0x07, 0x19, 0x27, 0x11, 0x8C, 0x11, 0x59, 0x5D, 0xBA, 0x11, 0xDD, 0x08, 0xD9, 0x82,
    0xB1, 0xD9, 0xDB, 0x05, 0xEB, 0x04, 0xEC, 0x81, 0xEB, 0xCE, 0x08, 0xD9, 0x04, 0xDC, 0x02, 0xCE,
    0x80, 0xDA, 0x03, 0xCD, 0x02, 0xB1, 0x81, 0x99, 0x44, 0x02, 0x08, 0x88, 0x27, 0x1F, 0xB1, 0xB2,
    0xC5, 0xCD, 0xCA, 0xCF, 0xD4, 0x05, 0xDD, 0x05, 0xD2, 0x82, 0xDD, 0xCF, 0xD1, 0x03, 0xCA, 0x04,
    0xD3, 0x03, 0xD1, 0x03, 0xCA, 0x80, 0xCB, 0x02, 0xCA, 0x85, 0xD1, 0xD3, 0xCA, 0xD1, 0xCB, 0xC9,
    0x02, 0xB6, 0x80, 0xB2, 0x02, 0xB1, 0x81, 0x96, 0x89, 0x02, 0x11, 0x84, 0x33, 0x8A, 0x96, 0x99,
    0x9F, 0x02, 0xB2, 0x02, 0xB6, 0x89, 0xC9, 0xC5, 0xF5, 0xEC, 0xD0, 0xF5, 0xEF, 0xE0, 0xEC, 0xDD,
    0x02, 0xCD, 0x83, 0xC9, 0xCA, 0xCB, 0xCF, 0x06, 0xB6, 0x83, 0xB2, 0xB3, 0x9D, 0x8E, 0x02, 0x5D,
    0x85, 0x12, 0x13, 0x19, 0x59, 0x8B, 0x38, 0x02, 0x2A, 0x84, 0x15, 0x14, 0x2A, 0x13, 0x12, 0x06,
    0x14, 0x03, 0x15, 0x02, 0x2A, 0x83, 0x27, 0x15, 0x16, 0x15, 0x02, 0x16, 0x86, 0x15, 0x16, 0x17,
    0x2A, 0x28, 0x2A, 0x15, 0x02, 0x18, 0x84, 0x1B, 0x1A, 0x18, 0x2A, 0x25, 0x02, 0x1B, 0x84, 0x1E,
    0x2C, 0x29, 0x1B, 0x1E, 0x03, 0x1B, 0x80, 0x25, 0x02, 0x2B, 0x02, 0x1B, 0x02, 0x22, 0x80, 0x1E,
    0x02, 0x26, 0x80, 0x2B, 0x05, 0x26, 0x82, 0x31, 0x26, 0x31, 0x02, 0x26, 0x83, 0x32, 0x26, 0x36,
    0x62, 0x03, 0x67, 0x07, 0x76, 0x07, 0x89, 0x83, 0x5C, 0x8A, 0x76, 0x59, 0x03, 0x5D, 0x86, 0x89,
    0x8E, 0x8D, 0x20, 0x44, 0x1A, 0x0A, 0x02, 0x1C, 0x81, 0x0B, 0x06, 0x02, 0x04, 0x85, 0x00, 0x09,
    0x1C, 0x0E, 0x0A, 0x06, 0x08, 0x04, 0x89, 0x09, 0x1A, 0x17, 0x19, 0x16, 0x0C, 0x00, 0x04, 0x00,
    0x0C, 0x08, 0x04, 0x85, 0x09, 0x00, 0x12, 0x1D, 0x05, 0x06, 0x02, 0x04, 0x89, 0x03, 0x12, 0x1A,
    0x1D, 0x02, 0x06, 0x00, 0x07, 0x06, 0x12, 0x02, 0x1C, 0x81, 0x12, 0x05, 0x02, 0x04, 0x87, 0x09,
    0x06, 0x19, 0x27, 0x11, 0x4C, 0x20, 0x44, 0x02, 0x89, 0x82, 0xCA, 0xC9, 0xDA, 0x02, 0xD9, 0x03,
    0xE9, 0x82, 0xD2, 0xD9, 0xDC, 0x07, 0xEB, 0x80, 0xDE, 0x02, 0xEC, 0x83, 0xEB, 0xC7, 0x93, 0xCE,
    0x06, 0xD9, 0x05, 0xDC, 0x8B, 0xDE, 0xDC, 0xDA, 0xD9, 0xCD, 0xC5, 0xC3, 0xB1, 0x89, 0x27, 0x11,
    0x33, 0x02, 0x1F, 0x81, 0xB6, 0xC5, 0x02, 0xC9, 0x81, 0xD2, 0xCB, 0x02, 0xCF, 0x80, 0xDD, 0x09,
    0xD2, 0x81, 0xCA, 0xD1, 0x05, 0xCA, 0x02, 0xCB, 0x02, 0xD1, 0x81, 0xCB, 0xD1, 0x02, 0xCA, 0x05,
    0xD1, 0x03, 0xCA, 0x80, 0xC9, 0x02, 0xB6, 0x80, 0xB2, 0x02, 0xB1, 0x81, 0x9A, 0x99, 0x02, 0x0C,
    0x82, 0x5B, 0x96, 0x99, 0x02, 0xA9, 0x02, 0xB2, 0x85, 0xB5, 0xB6, 0xC9, 0xC4, 0xD4, 0xEA, 0x04,
    0xEF, 0x82, 0xEA, 0xDE, 0xDD, 0x03, 0xCD, 0x84, 0xCA, 0xD4, 0xCA, 0x45, 0xCB, 0x03, 0xB6, 0x82,
    0xB2, 0x5B, 0xA9, 0x02, 0x8E, 0x83, 0x47, 0x17, 0x12, 0x19, 0x02, 0x59, 0x85, 0x7B, 0x95, 0x36,
    0x19, 0x12, 0x2E, 0x05, 0x13, 0x80, 0x14, 0x03, 0x13, 0x82, 0x14, 0x18, 0x1E, 0x02, 0x2A, 0x06,
    0x16, 0x81, 0x19, 0x15, 0x03, 0x2A, 0x80, 0x15, 0x02, 0x16, 0x03, 0x18, 0x81, 0x27, 0x2A, 0x02,
    0x18, 0x82, 0x1B, 0x2C, 0x2A, 0x05, 0x1B, 0x82, 0x2A, 0x26, 0x2B, 0x03, 0x1B, 0x86, 0x1E, 0x24,
    0x1E, 0x26, 0x2C, 0x1E, 0x24, 0x03, 0x26, 0x89, 0x31, 0x26, 0x31, 0x26, 0x24, 0x32, 0x26, 0x36,
    0x67, 0x62, 0x02, 0x67, 0x08, 0x76, 0x03, 0x89, 0x80, 0x76, 0x03, 0x89, 0x85, 0x8A, 0x76, 0x5C,
    0x89, 0x5C, 0x89, 0x03, 0x8E, 0x83, 0x33, 0x44, 0x1D, 0x0A, 0x02, 0x1C, 0x89, 0x09, 0x06, 0x04,
    0x07, 0x04, 0x09, 0x1C, 0x19, 0x0A, 0x06, 0x08, 0x04, 0x8A, 0x0E, 0x19, 0x18, 0x1A, 0x13, 0x0C,
    0x00, 0x04, 0x19, 0x0C, 0x00, 0x05, 0x04, 0x87, 0x08, 0x04, 0x05, 0x00, 0x12, 0x1D, 0x01, 0x06,
    0x02, 0x04, 0x8D, 0x05, 0x12, 0x1A, 0x1D, 0x00, 0x06, 0x00, 0x04, 0x0B, 0x00, 0x0A, 0x1C, 0x0F,
    0x05, 0x02, 0x04, 0x85, 0x05, 0x06, 0x1A, 0x27, 0x0D, 0x02, 0x02, 0x20, 0x83, 0x59, 0x73, 0x91,
    0xCD, 0x03, 0xD9, 0x81, 0xDB, 0xE9, 0x02, 0xEC, 0x83, 0xEB, 0xDE, 0xEB, 0xE9, 0x05, 0xEB, 0x81,
    0xDE, 0xEC, 0x02, 0xEB, 0x81, 0xC1, 0x93, 0x02, 0xC7, 0x05, 0xD9, 0x05, 0xDC, 0x80, 0xDE, 0x02,
    0xDC, 0x87, 0xDA, 0xCE, 0xCD, 0xC5, 0x9A, 0x08, 0x27, 0x44, 0x04, 0xB2, 0x80, 0xB6, 0x02, 0xC9,
    0x85, 0xD2, 0xCF, 0xD4, 0xCB, 0xD2, 0xDD, 0x05, 0xD2, 0x80, 0xD1, 0x09, 0xCA, 0x83, 0xD1, 0xCA,
    0xCB, 0xCA, 0x03, 0xD1, 0x80, 0xCB, 0x05, 0xD1, 0x04, 0xCA, 0x81, 0xC9, 0xB6, 0x03, 0xB2, 0x81,
    0xB1, 0x9A, 0x02, 0x11, 0x83, 0x96, 0x9A, 0x9D, 0xA9, 0x03, 0xB2, 0x84, 0xB5, 0xB6, 0xC9, 0xC6,
    0xF2, 0x06, 0xEF, 0x02, 0xD0, 0x87, 0xDD, 0xD2, 0xCE, 0xD2, 0xEA, 0xC5, 0xCB, 0xCA, 0x03, 0xB6,
    0x02, 0xB2, 0x8E, 0x9F, 0x9D, 0x8E, 0x5D, 0x19, 0x2C, 0x0E, 0x27, 0x59, 0x7B, 0x7E, 0x91, 0xD6,
    0x19, 0x2A, 0x03, 0x12, 0x06, 0x13, 0x82, 0x17, 0x28, 0x1E, 0x02, 0x2A, 0x81, 0x13, 0x16, 0x03,
    0x15, 0x02, 0x14, 0x80, 0x15, 0x03, 0x2A, 0x82, 0x15, 0x17, 0x15, 0x03, 0x18, 0x84, 0x24, 0x27,
    0x15, 0x17, 0x1B, 0x02, 0x2A, 0x80, 0x18, 0x06, 0x1B, 0x80, 0x28, 0x03, 0x1B, 0x02, 0x1E, 0x83,
    0x1B, 0x26, 0x2C, 0x1E, 0x04, 0x26, 0x87, 0x31, 0x26, 0x2B, 0x26, 0x24, 0x32, 0x26, 0x54, 0x04,
    0x67, 0x02, 0x76, 0x82, 0x8A, 0x76, 0x8A, 0x08, 0x76, 0x02, 0x89, 0x83, 0x91, 0x8A, 0x89, 0x5C,
    0x03, 0x89, 0x89, 0x96, 0x8E, 0x47, 0x45, 0x1F, 0x0C, 0x19, 0x1C, 0x0A, 0x05, 0x02, 0x04, 0x92,
    0x06, 0x01, 0x1C, 0x18, 0x0D, 0x06, 0x13, 0x0D, 0x06, 0x07, 0x04, 0x00, 0x04, 0x07, 0x14, 0x19,
    0x1A, 0x19, 0x00, 0x02, 0x04, 0x84, 0x07, 0x1A, 0x03, 0x04, 0x06, 0x03, 0x04, 0x88, 0x07, 0x00,
    0x04, 0x0B, 0x0C, 0x13, 0x1D, 0x02, 0x0A, 0x02, 0x04, 0x85, 0x06, 0x0F, 0x1C, 0x1D, 0x02, 0x0A,
    0x04, 0x04, 0x8B, 0x06, 0x11, 0x0F, 0x06, 0x04, 0x03, 0x0C, 0x08, 0x1D, 0x27, 0x12, 0x09, 0x02,
    0x20, 0x02, 0x59, 0x82, 0x89, 0x91, 0xC1, 0x02, 0xCD, 0x85, 0xD9, 0xDA, 0xE9, 0xEB, 0xE9, 0xDD,
    0x04, 0xE9, 0x04, 0xEB, 0x84, 0xEC, 0xE9, 0xCD, 0xC1, 0x93, 0x02, 0xCD, 0x05, 0xD9, 0x05, 0xDC,
    0x80, 0xDE, 0x02, 0xDC, 0x02, 0xDA, 0x86, 0xCE, 0xCD, 0xC7, 0x58, 0x76, 0xC3, 0xB2, 0x04, 0xC5,
    0x03, 0xCA, 0x83, 0xCF, 0xD4, 0xCF, 0xC9, 0x05, 0xD2, 0x80, 0xD1, 0x02, 0xD2, 0x83, 0xCF, 0xD4,
    0xCA, 0xD4, 0x06, 0xCA, 0x81, 0xD1, 0xCA, 0x0A, 0xCB, 0x85, 0xCA, 0xCB, 0xCA, 0xC9, 0xB6, 0x76,
    0x02, 0xB6, 0x02, 0xB2, 0x02, 0x11, 0x83, 0x9D, 0xB1, 0xB2, 0xA9, 0x02, 0xB2, 0x02, 0xB5, 0x84,
    0xB6, 0xC9, 0xD7, 0xFA, 0xED, 0x03, 0xEF, 0x83, 0xF6, 0xEF, 0xEA, 0xEC, 0x03, 0xD0, 0x02, 0xCF,
    0x83, 0xC9, 0xCD, 0xCA, 0xC9, 0x03, 0xB6, 0x89, 0xB2, 0xA9, 0x9D, 0x96, 0x8D, 0x8C, 0x5D, 0x33,
    0x27, 0x2A, 0x02, 0x7B, 0x89, 0x7E, 0x47, 0x42, 0x33, 0x11, 0x16, 0x1D, 0x0F, 0x13, 0x12, 0x03,
    0x13, 0x86, 0x14, 0x2A, 0x1A, 0x27, 0x24, 0x12, 0x13, 0x03, 0x14, 0x02, 0x13, 0x81, 0x15, 0x27,
    0x02, 0x2A, 0x82, 0x15, 0x19, 0x16, 0x03, 0x18, 0x87, 0x1D, 0x1E, 0x16, 0x15, 0x18, 0x23, 0x2A,
    0x15, 0x03, 0x18, 0x02, 0x1B, 0x82, 0x1A, 0x2A, 0x1A, 0x03, 0x1B, 0x85, 0x1E, 0x1B, 0x26, 0x2C,
    0x1E, 0x24, 0x02, 0x1E, 0x81, 0x26, 0x2C, 0x02, 0x26, 0x02, 0x24, 0x81, 0x31, 0x26, 0x05, 0x67,
    0x04, 0x8A, 0x80, 0x52, 0x06, 0x8A, 0x81, 0x91, 0x76, 0x02, 0x89, 0x81, 0x91, 0x8A, 0x04, 0x89,
    0x80, 0x8D, 0x02, 0x9D, 0x86, 0x8B, 0x20, 0x1F, 0x0A, 0x0F, 0x1C, 0x06, 0x03, 0x04, 0x88, 0x06,
    0x01, 0x1C, 0x18, 0x0F, 0x06, 0x16, 0x10, 0x07, 0x02, 0x04, 0x82, 0x07, 0x00, 0x0C, 0x02, 0x19,
    0x87, 0x1A, 0x0F, 0x01, 0x07, 0x00, 0x07, 0x1A, 0x03, 0x02, 0x06, 0x8B, 0x04, 0x00, 0x04, 0x07,
    0x04, 0x07, 0x11, 0x06, 0x12, 0x19, 0x04, 0x06, 0x02, 0x04, 0x85, 0x00, 0x0D, 0x1C, 0x1D, 0x00,
    0x0A, 0x03, 0x04, 0x93, 0x07, 0x04, 0x11, 0x13, 0x0B, 0x04, 0x07, 0x0A, 0x0C, 0x0F, 0x27, 0x13,
    0x11, 0x08, 0x20, 0x33, 0x5C, 0x73, 0x91, 0x79, 0x02, 0x93, 0x85, 0xC3, 0xCE, 0xDA, 0xEB, 0xE9,
    0xDD, 0x05, 0xE9, 0x02, 0xEB, 0x82, 0xDE, 0xEC, 0xEB, 0x02, 0x9B, 0x82, 0x93, 0xB2, 0xC9, 0x05,
    0xD9, 0x05, 0xDC, 0x80, 0xDE, 0x04, 0xDC, 0x85, 0xDA, 0xCE, 0xD2, 0xC9, 0xCE, 0xC7, 0x03, 0xC5,
    0x02, 0xC9, 0x03, 0xCA, 0x02, 0xCF, 0x81, 0xCB, 0xC9, 0x08, 0xD2, 0x84, 0xDF, 0xD4, 0xD1, 0xD4,
    0xCF, 0x05, 0xCA, 0x81, 0xD1, 0xCA, 0x02, 0xCB, 0x82, 0xD1, 0xCB, 0xCA, 0x05, 0xCB, 0x81, 0xCA,
    0xCB, 0x03, 0xCA, 0x03, 0xB6, 0x83, 0xC5, 0xB6, 0x11, 0x0C, 0x02, 0xB2, 0x02, 0xB5, 0x80, 0xB2,
    0x03, 0xB5, 0x84, 0xB6, 0xCB, 0xD8, 0xE4, 0xED, 0x06, 0xEF, 0x88, 0xE0, 0xD0, 0xDD, 0xEC, 0xD0,
    0xEC, 0xDD, 0xD2, 0xCA, 0x03, 0xC9, 0x80, 0xC5, 0x02, 0xB2, 0x81, 0x9F, 0x98, 0x03, 0x96, 0x82,
    0x9D, 0x9A, 0x76, 0x03, 0x7E, 0x87, 0x78, 0x75, 0x41, 0x4A, 0x1F, 0x21, 0x12, 0x10, 0x05, 0x12,
    0x85, 0x2A, 0x17, 0x27, 0x24, 0x12, 0x13, 0x02, 0x12, 0x80, 0x14, 0x02, 0x13, 0x81, 0x14, 0x27,
    0x02, 0x2A, 0x80, 0x15, 0x03, 0x16, 0x81, 0x1A, 0x18, 0x02, 0x17, 0x85, 0x18, 0x17, 0x15, 0x23,
    0x2A, 0x15, 0x06, 0x18, 0x81, 0x28, 0x1A, 0x02, 0x1B, 0x02, 0x1E, 0x85, 0x1B, 0x26, 0x2C, 0x1E,
    0x24, 0x1E, 0x02, 0x1B, 0x80, 0x2A, 0x02, 0x1E, 0x84, 0x24, 0x26, 0x34, 0x2A, 0x75, 0x04, 0x67,
    0x02, 0x8A, 0x80, 0x91, 0x08, 0x8A, 0x85, 0x91, 0x8A, 0x76, 0x89, 0x77, 0x8A, 0x03, 0x89, 0x81,
    0x77, 0x8A, 0x02, 0xA9, 0x80, 0x96, 0x02, 0x27, 0x83, 0x0D, 0x0C, 0x1C, 0x0D, 0x02, 0x04, 0x8E,
    0x07, 0x08, 0x07, 0x1C, 0x1A, 0x0F, 0x06, 0x19, 0x13, 0x04, 0x01, 0x04, 0x06, 0x08, 0x12, 0x03,
    0x19, 0x81, 0x10, 0x08, 0x03, 0x04, 0x81, 0x19, 0x00, 0x02, 0x04, 0x80, 0x07, 0x02, 0x04, 0x90,
    0x07, 0x04, 0x0A, 0x19, 0x08, 0x0E, 0x13, 0x00, 0x03, 0x04, 0x07, 0x0A, 0x07, 0x19, 0x1D, 0x00,
    0x06, 0x04, 0x04, 0x80, 0x01, 0x02, 0x16, 0x82, 0x08, 0x09, 0x05, 0x03, 0x04, 0x89, 0x27, 0x16,
    0x04, 0x09, 0x19, 0x11, 0x47, 0x5C, 0x73, 0x79, 0x08, 0x93, 0x81, 0x9B, 0xDC, 0x02, 0xDB, 0x8C,
    0xE9, 0xDC, 0xDB, 0xDE, 0xDD, 0xC3, 0x9B, 0xC1, 0x93, 0x91, 0x9A, 0xC9, 0xD9, 0x02, 0xDC, 0x80,
    0xD9, 0x02, 0xDC, 0x84, 0xD9, 0xDC, 0xCE, 0xDC, 0xDE, 0x03, 0xDC, 0x80, 0xE9, 0x02, 0xDA, 0x02,
    0xCE, 0x03, 0xCD, 0x80, 0xC9, 0x02, 0xCA, 0x02, 0xD1, 0x02, 0xCB, 0x02, 0xCF, 0x03, 0xCA, 0x03,
    0xD2, 0x87, 0xD1, 0xDD, 0xCF, 0xED, 0xE3, 0xCA, 0xD4, 0xCF, 0x07, 0xCA, 0x0D, 0xCB, 0x02, 0xCA,
    0x05, 0xC9, 0x81, 0x11, 0x45, 0x03, 0xB6, 0x81, 0xB5, 0xB6, 0x02, 0xB5, 0x02, 0xB6, 0x86, 0xB9,
    0xC4, 0xCF, 0xEF, 0xED, 0xEF, 0xF6, 0x04, 0xEF, 0x80, 0xEC, 0x02, 0xDE, 0x86, 0xD0, 0xE0, 0xD0,
    0xDD, 0xD0, 0xCA, 0xC9, 0x02, 0xC4, 0x80, 0xC5, 0x02, 0xB2, 0x05, 0x9F, 0x03, 0xA0, 0x02, 0xC4,
    0x86, 0xC5, 0xC7, 0xC6, 0x45, 0x20, 0x45, 0x12, 0x02, 0x13, 0x04, 0x12, 0x83, 0x27, 0x1A, 0x2A,
    0x27, 0x02, 0x13, 0x85, 0x12, 0x13, 0x16, 0x13, 0x14, 0x13, 0x03, 0x27, 0x80, 0x14, 0x02, 0x15,
    0x80, 0x16, 0x03, 0x15, 0x87, 0x19, 0x17, 0x25, 0x15, 0x24, 0x2A, 0x15, 0x17, 0x05, 0x18, 0x80,
    0x2A, 0x02, 0x1B, 0x02, 0x1A, 0x83, 0x1E, 0x1D, 0x24, 0x2E, 0x08, 0x1E, 0x84, 0x27, 0x2A, 0x31,
    0x30, 0x75, 0x04, 0x67, 0x04, 0x91, 0x07, 0x8A, 0x80, 0x92, 0x02, 0x8A, 0x80, 0x89, 0x02, 0x8A,
    0x03, 0x89, 0x81, 0x77, 0x8A, 0x03, 0xA9, 0x96, 0x1C, 0x1F, 0x0A, 0x01, 0x10, 0x00, 0x07, 0x03,
    0x04, 0x0D, 0x01, 0x1C, 0x1A, 0x0F, 0x06, 0x1D, 0x16, 0x07, 0x03, 0x04, 0x06, 0x07, 0x16, 0x03,
    0x19, 0x81, 0x10, 0x08, 0x02, 0x04, 0x90, 0x00, 0x11, 0x00, 0x04, 0x05, 0x04, 0x06, 0x04, 0x0B,
    0x04, 0x09, 0x19, 0x08, 0x0B, 0x10, 0x04, 0x01, 0x02, 0x04, 0x86, 0x0A, 0x02, 0x0F, 0x1C, 0x05,
    0x06, 0x00, 0x04, 0x04, 0x84, 0x1C, 0x19, 0x06, 0x12, 0x0E, 0x02, 0x07, 0x8A, 0x04, 0x27, 0x16,
    0x0C, 0x0A, 0x08, 0x20, 0x40, 0x47, 0x59, 0x6F, 0x02, 0x7C, 0x80, 0x79, 0x03, 0x93, 0x81, 0x79,
    0x93, 0x04, 0x79, 0x8C, 0x93, 0x7C, 0xC1, 0x9C, 0xC1, 0x94, 0xC3, 0x94, 0x91, 0x89, 0x99, 0xCA,
    0xD9, 0x02, 0xDC, 0x80, 0xD9, 0x06, 0xDC, 0x80, 0xDE, 0x03, 0xDC, 0x80, 0xDE, 0x03, 0xDA, 0x80,
    0xCE, 0x02, 0xDD, 0x04, 0xD2, 0x81, 0xCA, 0xD1, 0x02, 0xCB, 0x02, 0xCF, 0x83, 0xCA, 0xDD, 0xD2,
    0xDD, 0x02, 0xD2, 0x87, 0xD1, 0xDA, 0xD4, 0xED, 0xE3, 0xCF, 0xEF, 0xD4, 0x02, 0xCF, 0x05, 0xCA,
    0x0D, 0xCB, 0x02, 0xCA, 0x02, 0xC9, 0x85, 0xCB, 0xCA, 0x9F, 0x11, 0xB5, 0xC9, 0x02, 0xB6, 0x81,
    0xB5, 0xB6, 0x02, 0xB5, 0x86, 0xB6, 0xCB, 0xF2, 0xF7, 0xD7, 0xE0, 0xD4, 0x06, 0xEF, 0x85, 0xE0,
    0xEC, 0xE0, 0xD0, 0xE0, 0xD0, 0x02, 0xDD, 0x80, 0xD0, 0x02, 0xDD, 0x83, 0xCA, 0xC9, 0xC4, 0xC2,
    0x02, 0xA0, 0x81, 0xB2, 0xB1, 0x02, 0xB2, 0x05, 0xC2, 0x85, 0xC6, 0x5B, 0x40, 0x20, 0x8B, 0x12,
    0x02, 0x13, 0x03, 0x12, 0x82, 0x15, 0x27, 0x24, 0x02, 0x27, 0x02, 0x13, 0x81, 0x12, 0x1E, 0x02,
    0x12, 0x02, 0x13, 0x02, 0x27, 0x87, 0x2A, 0x14, 0x15, 0x1E, 0x14, 0x15, 0x16, 0x15, 0x02, 0x1A,
    0x86, 0x2A, 0x15, 0x24, 0x2A, 0x15, 0x17, 0x15, 0x03, 0x16, 0x82, 0x18, 0x27, 0x18, 0x04, 0x1B,
    0x82, 0x18, 0x24, 0x2E, 0x07, 0x1E, 0x80, 0x24, 0x02, 0x2E, 0x80, 0x36, 0x06, 0x67, 0x04, 0x92,
    0x80, 0x91, 0x06, 0x8A, 0x80, 0x92, 0x02, 0x8A, 0x80, 0x89, 0x02, 0x8A, 0x03, 0x89, 0x86, 0x77,
    0x89, 0xA9, 0xAA, 0x9D, 0x2C, 0x27, 0x02, 0x0A, 0x02, 0x07, 0x80, 0x01, 0x02, 0x04, 0x88, 0x13,
    0x10, 0x1C, 0x1A, 0x0F, 0x0A, 0x1A, 0x16, 0x01, 0x02, 0x04, 0x81, 0x06, 0x07, 0x04, 0x19, 0x81,
    0x10, 0x08, 0x02, 0x07, 0x80, 0x06, 0x02, 0x0A, 0x02, 0x07, 0x93, 0x06, 0x07, 0x06, 0x0C, 0x04,
    0x09, 0x0D, 0x03, 0x0B, 0x04, 0x0D, 0x0A, 0x04, 0x06, 0x09, 0x08, 0x12, 0x1F, 0x05, 0x06, 0x05,
    0x04, 0x84, 0x1F, 0x1A, 0x0A, 0x12, 0x0F, 0x03, 0x04, 0x82, 0x27, 0x16, 0x06, 0x02, 0x0C, 0x85,
    0x33, 0x20, 0x47, 0x59, 0x68, 0x6B, 0x03, 0x7C, 0x03, 0x79, 0x82, 0x93, 0x79, 0x93, 0x02, 0x7C,
    0x81, 0x93, 0x7C, 0x02, 0x93, 0x02, 0x9B, 0x85, 0xC7, 0x9B, 0x73, 0x5C, 0x89, 0xD3, 0x03, 0xD9,
    0x07, 0xDC, 0x80, 0xDE, 0x02, 0xDC, 0x06, 0xDE, 0x80, 0xDA, 0x05, 0xDD, 0x81, 0xC9, 0xD1, 0x02,
    0xCB, 0x02, 0xCF, 0x02, 0xD2, 0x02, 0xCA, 0x02, 0xD2, 0x8A, 0xD1, 0xCD, 0xD4, 0xE4, 0xED, 0xD4,
    0xF0, 0xCF, 0xD4, 0xCF, 0xD1, 0x04, 0xCA, 0x0D, 0xCB, 0x04, 0xCA, 0x84, 0xCF, 0xD1, 0x47, 0x0C,
    0xB6, 0x02, 0xC9, 0x03, 0xB6, 0x02, 0xB5, 0x87, 0xB6, 0xB9, 0xAE, 0x82, 0x4F, 0xF9, 0xFF, 0xD4,
    0x02, 0xEF, 0x02, 0xE0, 0x80, 0xEF, 0x04, 0xE0, 0x03, 0xD0, 0x80, 0xDD, 0x02, 0xD0, 0x80, 0xD4,
    0x02, 0xCF, 0x80, 0xCB, 0x02, 0xC6, 0x04, 0xC4, 0x05, 0xC2, 0x85, 0x47, 0x40, 0x41, 0x43, 0x8C,
    0x27, 0x02, 0x10, 0x80, 0x12, 0x02, 0x11, 0x02, 0x12, 0x88, 0x21, 0x23, 0x24, 0x27, 0x13, 0x14,
    0x12, 0x23, 0x10, 0x03, 0x12, 0x03, 0x27, 0x83, 0x14, 0x13, 0x27, 0x12, 0x03, 0x16, 0x87, 0x27,
    0x13, 0x24, 0x15, 0x24, 0x2A, 0x14, 0x17, 0x03, 0x15, 0x80, 0x16, 0x03, 0x18, 0x80, 0x1A, 0x02,
    0x18, 0x86, 0x1B, 0x1A, 0x2A, 0x2C, 0x1A, 0x1E, 0x1A, 0x04, 0x1E, 0x83, 0x24, 0x2E, 0x31, 0x2E,
    0x06, 0x67, 0x08, 0x92, 0x83, 0x91, 0x8A, 0x91, 0x92, 0x05, 0x8A, 0x03, 0x89, 0x02, 0x77, 0x86,
    0xA9, 0xB2, 0xAA, 0x44, 0x27, 0x0D, 0x06, 0x02, 0x04, 0x88, 0x06, 0x00, 0x04, 0x14, 0x12, 0x1D,
    0x1C, 0x0F, 0x03, 0x02, 0x1D, 0x8B, 0x08, 0x04, 0x07, 0x00, 0x0D, 0x1C, 0x1A, 0x1D, 0x01, 0x0A,
    0x0B, 0x06, 0x02, 0x0A, 0x81, 0x0B, 0x04, 0x02, 0x06, 0x8B, 0x0C, 0x0B, 0x0D, 0x0A, 0x06, 0x0C,
    0x13, 0x05, 0x04, 0x0B, 0x19, 0x09, 0x02, 0x04, 0x84, 0x01, 0x0C, 0x0F, 0x1F, 0x09, 0x02, 0x04,
    0x80, 0x01, 0x03, 0x04, 0x82, 0x1F, 0x19, 0x08, 0x02, 0x16, 0x03, 0x04, 0x8A, 0x1F, 0x10, 0x00,
    0x1F, 0x05, 0x1F, 0x20, 0x40, 0x47, 0x58, 0x68, 0x02, 0x6B, 0x80, 0x6F, 0x04, 0x7C, 0x80, 0x79,
    0x02, 0x7C, 0x80, 0x79, 0x06, 0x93, 0x86, 0x79, 0x93, 0x8A, 0x40, 0x89, 0xCA, 0xCD, 0x02, 0xD9,
    0x06, 0xDC, 0x81, 0xDE, 0xDC, 0x03, 0xDE, 0x02, 0xDD, 0x03, 0xDE, 0x85, 0xDA, 0xDD, 0xD2, 0xDD,
    0xCA, 0xD1, 0x02, 0xCA, 0x03, 0xCB, 0x86, 0xCF, 0xCA, 0xD2, 0xCA, 0xDD, 0xCA, 0xDD, 0x02, 0xCA,
    0x8B, 0xE3, 0xE4, 0xED, 0xD7, 0xF9, 0xFA, 0xCF, 0xD4, 0xD3, 0xD1, 0xC9, 0xD1, 0x07, 0xCA, 0x03,
    0xCB, 0x03, 0xCA, 0x80, 0xCB, 0x03, 0xCA, 0x86, 0xCB, 0xCF, 0xCA, 0x33, 0x1F, 0xCA, 0xC9, 0x04,
    0xB6, 0x84, 0xB5, 0xB6, 0xC6, 0xF1, 0x4D, 0x02, 0x82, 0x02, 0x86, 0x83, 0x88, 0xAB, 0xE7, 0xFC,
    0x02, 0xDF, 0x86, 0xEA, 0xD0, 0xE0, 0xD7, 0xE0, 0xD0, 0xDE, 0x07, 0xD0, 0x80, 0xCF, 0x02, 0xCB,
    0x03, 0xC6, 0x84, 0xCB, 0xC1, 0x7F, 0x6A, 0x58, 0x02, 0x40, 0x80, 0x42, 0x02, 0x11, 0x04, 0x10,
    0x02, 0x11, 0x03, 0x10, 0x02, 0x27, 0x88, 0x1E, 0x12, 0x1C, 0x0F, 0x24, 0x0F, 0x12, 0x13, 0x10,
    0x03, 0x27, 0x82, 0x12, 0x13, 0x27, 0x02, 0x12, 0x02, 0x13, 0x85, 0x2A, 0x15, 0x23, 0x16, 0x1E,
    0x2A, 0x04, 0x15, 0x03, 0x16, 0x82, 0x19, 0x18, 0x24, 0x04, 0x18, 0x82, 0x2A, 0x2C, 0x18, 0x02,
    0x1A, 0x02, 0x1D, 0x82, 0x1E, 0x1D, 0x24, 0x02, 0x36, 0x80, 0x62, 0x06, 0x67, 0x08, 0x92, 0x83,
    0x91, 0x92, 0x95, 0x92, 0x03, 0x8A, 0x81, 0x91, 0x8A, 0x03, 0x89, 0x02, 0x77, 0x93, 0xA9, 0xB5,
    0xB2, 0x75, 0x27, 0x0D, 0x06, 0x07, 0x04, 0x07, 0x04, 0x07, 0x16, 0x0F, 0x1D, 0x1A, 0x0F, 0x05,
    0x19, 0x1D, 0x04, 0x04, 0x80, 0x16, 0x02, 0x20, 0x80, 0x33, 0x04, 0x20, 0x02, 0x19, 0x80, 0x20,
    0x02, 0x40, 0x03, 0x20, 0x02, 0x11, 0x8E, 0x03, 0x06, 0x10, 0x0D, 0x06, 0x10, 0x1C, 0x0F, 0x04,
    0x07, 0x0A, 0x0C, 0x0F, 0x1F, 0x09, 0x02, 0x04, 0x80, 0x00, 0x03, 0x04, 0x84, 0x1C, 0x13, 0x07,
    0x1A, 0x16, 0x03, 0x04, 0x8B, 0x1C, 0x0E, 0x00, 0x1D, 0x09, 0x27, 0x88, 0x47, 0x40, 0x47, 0x58,
    0x61, 0x05, 0x6B, 0x03, 0x7C, 0x05, 0x79, 0x80, 0x7C, 0x02, 0x93, 0x86, 0x79, 0x94, 0x59, 0x40,
    0x89, 0xB2, 0xCD, 0x02, 0xD9, 0x06, 0xDC, 0x81, 0xDE, 0xDC, 0x03, 0xDE, 0x02, 0xDD, 0x02, 0xDA,
    0x84, 0xDD, 0xCE, 0xDA, 0xD2, 0xDD, 0x04, 0xCA, 0x03, 0xCB, 0x05, 0xCA, 0x80, 0xC9, 0x02, 0xD1,
    0x82, 0xCA, 0xED, 0xE4, 0x02, 0xED, 0x85, 0xAC, 0x9E, 0xE4, 0xCF, 0xD3, 0xD4, 0x09, 0xCA, 0x03,
    0xCB, 0x03, 0xCA, 0x80, 0xCB, 0x03, 0xCA, 0x85, 0xCB, 0xD4, 0xD2, 0x77, 0xCB, 0xCA, 0x02, 0xC9,
    0x03, 0xB6, 0x84, 0xB5, 0xB6, 0xD5, 0xAE, 0x88, 0x02, 0x82, 0x85, 0x4E, 0x4A, 0x87, 0x4A, 0x4D,
    0x5F, 0x02, 0x8F, 0x82, 0xFD, 0xFC, 0xE4, 0x03, 0xD0, 0x80, 0xDE, 0x07, 0xD0, 0x03, 0xCF, 0x87,
    0xCE, 0xC1, 0x93, 0x60, 0x33, 0x45, 0x40, 0x20, 0x03, 0x40, 0x81, 0x11, 0x0E, 0x04, 0x10, 0x80,
    0x0E, 0x04, 0x10, 0x86, 0x27, 0x24, 0x27, 0x12, 0x27, 0x0F, 0x27, 0x03, 0x12, 0x81, 0x13, 0x1C,
    0x02, 0x27, 0x84, 0x12, 0x10, 0x27, 0x13, 0x12, 0x02, 0x13, 0x86, 0x2A, 0x13, 0x1E, 0x16, 0x1A,
    0x2A, 0x14, 0x04, 0x15, 0x02, 0x16, 0x82, 0x19, 0x18, 0x2A, 0x04, 0x18, 0x84, 0x2A, 0x2C, 0x18,
    0x1E, 0x1A, 0x02, 0x18, 0x84, 0x1A, 0x1D, 0x2A, 0x36, 0x38, 0x07, 0x67, 0x80, 0x99, 0x09, 0x92,
    0x82, 0x97, 0x95, 0x92, 0x03, 0x8A, 0x80, 0x92, 0x02, 0x8A, 0x87, 0x89, 0x95, 0x77, 0xA9, 0xAA,
    0xB5, 0xA9, 0x27, 0x02, 0x06, 0x02, 0x04, 0x80, 0x00, 0x02, 0x04, 0x89, 0x16, 0x0F, 0x1C, 0x1D,
    0x10, 0x0C, 0x19, 0x1D, 0x1F, 0x33, 0x02, 0x42, 0x03, 0x47, 0x80, 0x45, 0x02, 0x40, 0x85, 0x45,
    0x33, 0x40, 0x33, 0x20, 0x40, 0x03, 0x33, 0x8A, 0x20, 0x45, 0x44, 0x45, 0x20, 0x11, 0x13, 0x07,
    0x0E, 0x1C, 0x0F, 0x02, 0x04, 0x88, 0x09, 0x06, 0x0F, 0x1C, 0x09, 0x01, 0x04, 0x03, 0x06, 0x02,
    0x01, 0x8F, 0x1F, 0x0F, 0x06, 0x1C, 0x19, 0x07, 0x04, 0x00, 0x1C, 0x0E, 0x06, 0x1D, 0x0A, 0x1C,
    0x19, 0x49, 0x03, 0x40, 0x81, 0x58, 0x64, 0x05, 0x6B, 0x83, 0x7C, 0x6B, 0x7C, 0x79, 0x02, 0x7C,
    0x80, 0x6B, 0x03, 0x7C, 0x87, 0x93, 0x73, 0x45, 0x20, 0x5D, 0xB2, 0xCD, 0xD9, 0x07, 0xDC, 0x84,
    0xDE, 0xDC, 0xDE, 0xDC, 0xDE, 0x02, 0xDD, 0x83, 0xDA, 0xCE, 0xDD, 0xCD, 0x03, 0xCA, 0x80, 0xC9,
    0x04, 0xCA, 0x81, 0xCB, 0xCF, 0x02, 0xC6, 0x04, 0xC9, 0x89, 0xCA, 0xCB, 0xCA, 0xE3, 0xE4, 0xEE,
    0xFD, 0xAC, 0xF3, 0xFF, 0x03, 0xD4, 0x82, 0xCB, 0xCA, 0xD1, 0x0E, 0xCA, 0x84, 0xD1, 0xCA, 0xD1,
    0xCF, 0xCB, 0x04, 0xCA, 0x80, 0xC9, 0x04, 0xB6, 0x85, 0xD3, 0xFD, 0xA3, 0xBC, 0xBE, 0xAC, 0x05,
    0x8F, 0x80, 0x9E, 0x02, 0x8F, 0x83, 0x90, 0x8F, 0x90, 0xF4, 0x03, 0xFF, 0x82, 0xFC, 0xF6, 0xED,
    0x02, 0xD4, 0x80, 0xD0, 0x02, 0xC4, 0x8C, 0x9B, 0x93, 0x78, 0x6A, 0x39, 0x14, 0x16, 0x27, 0x0F,
    0x11, 0x20, 0x40, 0x27, 0x02, 0x0E, 0x80, 0x10, 0x05, 0x0E, 0x02, 0x10, 0x80, 0x0E, 0x03, 0x27,
    0x84, 0x0F, 0x27, 0x0E, 0x27, 0x12, 0x02, 0x10, 0x83, 0x11, 0x1D, 0x27, 0x24, 0x02, 0x0F, 0x80,
    0x27, 0x03, 0x12, 0x82, 0x13, 0x27, 0x19, 0x02, 0x13, 0x85, 0x16, 0x27, 0x13, 0x16, 0x15, 0x14,
    0x02, 0x15, 0x02, 0x16, 0x81, 0x1E, 0x2C, 0x03, 0x18, 0x82, 0x19, 0x24, 0x2E, 0x03, 0x1A, 0x81,
    0x19, 0x1E, 0x02, 0x27, 0x02, 0x36, 0x80, 0x55, 0x03, 0x67, 0x03, 0x57, 0x80, 0x67, 0x04, 0x99,
    0x06, 0x92, 0x81, 0x97, 0x95, 0x02, 0x92, 0x06, 0x8A, 0x82, 0x95, 0x77, 0x96, 0x02, 0xB5, 0x83,
    0xB6, 0x1D, 0x04, 0x07, 0x02, 0x04, 0x84, 0x01, 0x04, 0x07, 0x14, 0x11, 0x02, 0x1F, 0x83, 0x19,
    0x33, 0x47, 0x5D, 0x07, 0x47, 0x80, 0x45, 0x02, 0x40, 0x81, 0x45, 0x44, 0x02, 0x20, 0x81, 0x0A,
    0x40, 0x02, 0x33, 0x84, 0x44, 0x20, 0x44, 0x8A, 0x59, 0x02, 0x33, 0x81, 0x27, 0x20, 0x02, 0x19,
    0x80, 0x11, 0x02, 0x04, 0x84, 0x09, 0x08, 0x12, 0x1D, 0x09, 0x03, 0x04, 0x88, 0x00, 0x04, 0x07,
    0x1D, 0x12, 0x06, 0x1D, 0x19, 0x00, 0x02, 0x04, 0x88, 0x1C, 0x08, 0x04, 0x1D, 0x09, 0x27, 0x0D,
    0x90, 0x45, 0x03, 0x40, 0x81, 0x44, 0x61, 0x0C, 0x6B, 0x84, 0x7C, 0x93, 0x6F, 0x73, 0x5D, 0x02,
    0x20, 0x81, 0x8D, 0xCD, 0x02, 0xD9, 0x06, 0xDC, 0x84, 0xDE, 0xDC, 0xDA, 0xDC, 0xDD, 0x02, 0xDA,
    0x85, 0xCD, 0x9C, 0xCE, 0xC5, 0xC9, 0xC5, 0x05, 0xC9, 0x03, 0xCA, 0x85, 0xC9, 0xCB, 0xD7, 0xFB,
    0xF7, 0xFF, 0x03, 0xFE, 0x8B, 0xF4, 0xF2, 0xFA, 0xBF, 0xA4, 0x86, 0x4F, 0xBF, 0xC9, 0xD7, 0xD4,
    0xCB, 0x11, 0xCA, 0x81, 0xD1, 0xCF, 0x06, 0xCA, 0x04, 0xB6, 0x82, 0xCC, 0xA3, 0x88, 0x02, 0x82,
    0x82, 0x88, 0x86, 0x88, 0x02, 0x87, 0x82, 0x4F, 0x86, 0x9E, 0x03, 0x87, 0x8D, 0x86, 0xE5, 0xE0,
    0xEC, 0xD4, 0xED, 0xEE, 0xE4, 0xDF, 0xC6, 0x9E, 0x11, 0x0C, 0x11, 0x02, 0x0C, 0x82, 0x11, 0x0C,
    0x11, 0x02, 0x27, 0x80, 0x0E, 0x02, 0x11, 0x82, 0x40, 0x1F, 0x0D, 0x0A, 0x0E, 0x86, 0x1A, 0x27,
    0x1F, 0x0F, 0x27, 0x0D, 0x27, 0x03, 0x10, 0x8D, 0x11, 0x19, 0x27, 0x18, 0x10, 0x13, 0x27, 0x12,
    0x10, 0x12, 0x13, 0x27, 0x14, 0x11, 0x02, 0x13, 0x82, 0x27, 0x13, 0x16, 0x02, 0x14, 0x81, 0x16,
    0x15, 0x02, 0x16, 0x8B, 0x1E, 0x2C, 0x18, 0x15, 0x18, 0x19, 0x24, 0x2C, 0x18, 0x19, 0x1A, 0x27,
    0x03, 0x2E, 0x82, 0x38, 0x54, 0x67, 0x06, 0x57, 0x82, 0x67, 0x92, 0x9A, 0x02, 0x99, 0x80, 0x92,
    0x02, 0x99, 0x03, 0x92, 0x02, 0x97, 0x80, 0x95, 0x03, 0x92, 0x04, 0x8A, 0x80, 0x77, 0x02, 0x95,
    0x83, 0xB5, 0xB6, 0xB4, 0x2C, 0x02, 0x0C, 0x80, 0x08, 0x02, 0x0A, 0x84, 0x06, 0x0A, 0x19, 0x1F,
    0x33, 0x02, 0x5B, 0x80, 0x5C, 0x02, 0x5D, 0x02, 0x4C, 0x03, 0x47, 0x81, 0x5B, 0x47, 0x03, 0x45,
    0x83, 0x47, 0x45, 0x44, 0x40, 0x02, 0x1F, 0x08, 0x33, 0x02, 0x44, 0x85, 0x33, 0x45, 0x56, 0x1F,
    0x0C, 0x07, 0x02, 0x0A, 0x85, 0x0E, 0x1D, 0x09, 0x07, 0x04, 0x03, 0x02, 0x04, 0x89, 0x07, 0x1D,
    0x19, 0x06, 0x19, 0x16, 0x0A, 0x0B, 0x0A, 0x00, 0x04, 0x04, 0x83, 0x1F, 0x0F, 0x08, 0x47, 0x04,
    0x40, 0x80, 0x52, 0x02, 0x64, 0x0A, 0x6B, 0x88, 0x7C, 0x9B, 0x6B, 0x73, 0x5C, 0x40, 0x5C, 0x99,
    0xC7, 0x03, 0xD9, 0x04, 0xDC, 0x02, 0xDA, 0x02, 0xDE, 0x81, 0xDA, 0xDE, 0x02, 0xCE, 0x83, 0xC5,
    0x66, 0xC2, 0xC5, 0x02, 0xB6, 0x86, 0xC5, 0xC9, 0xB6, 0xC9, 0xC4, 0xC9, 0xCA, 0x02, 0xF0, 0x8A,
    0xCF, 0xC6, 0xF4, 0xFE, 0xFD, 0xF2, 0xD5, 0xBA, 0xBD, 0xE2, 0xBF, 0x03, 0x82, 0x87, 0x86, 0x4F,
    0xFC, 0xCB, 0xCF, 0xD3, 0xD1, 0xCB, 0x10, 0xCA, 0x82, 0xD2, 0xCA, 0xD1, 0x03, 0xCA, 0x80, 0xCB,
    0x03, 0xC9, 0x81, 0xC6, 0xAE, 0x03, 0x88, 0x02, 0x86, 0x02, 0x87, 0x02, 0x8F, 0x82, 0xAE, 0xF3,
    0x8C, 0x02, 0x87, 0x8E, 0x8F, 0xF9, 0xFF, 0xDF, 0xCF, 0xE3, 0xEE, 0xE4, 0xED, 0xC1, 0x94, 0x07,
    0x0B, 0x07, 0x0C, 0x02, 0x0B, 0x02, 0x09, 0x82, 0x13, 0x24, 0x1C, 0x02, 0x0E, 0x84, 0x0D, 0x20,
    0x40, 0x06, 0x0B, 0x03, 0x0C, 0x80, 0x0D, 0x02, 0x0C, 0x94, 0x0D, 0x0E, 0x10, 0x13, 0x27, 0x19,
    0x09, 0x1E, 0x0F, 0x27, 0x0F, 0x0E, 0x10, 0x11, 0x12, 0x27, 0x16, 0x0E, 0x11, 0x21, 0x0E, 0x02,
    0x10, 0x86, 0x11, 0x27, 0x12, 0x10, 0x13, 0x15, 0x27, 0x04, 0x13, 0x02, 0x16, 0x8B, 0x17, 0x15,
    0x19, 0x2C, 0x15, 0x19, 0x16, 0x19, 0x24, 0x2E, 0x1A, 0x1F, 0x05, 0x36, 0x80, 0x54, 0x09, 0x57,
    0x83, 0x98, 0x0F, 0x92, 0x9A, 0x04, 0x99, 0x83, 0x92, 0x99, 0x98, 0x97, 0x02, 0x95, 0x02, 0x92,
    0x80, 0x95, 0x02, 0x8A, 0x80, 0x77, 0x02, 0x95, 0x81, 0x8A, 0xB5, 0x02, 0xB6, 0x82, 0x75, 0x0B,
    0x04, 0x02, 0x08, 0x83, 0x07, 0x06, 0x11, 0x45, 0x02, 0x5D, 0x84, 0x5B, 0x75, 0x5D, 0x5B, 0x8B,
    0x03, 0x5D, 0x81, 0x4C, 0x47, 0x02, 0x5B, 0x05, 0x45, 0x82, 0x44, 0x40, 0x44, 0x07, 0x33, 0x03,
    0x44, 0x8B, 0x45, 0x44, 0x45, 0x56, 0x5B, 0x44, 0x0B, 0x0C, 0x0A, 0x0C, 0x1C, 0x09, 0x02, 0x07,
    0x02, 0x04, 0x86, 0x07, 0x06, 0x1D, 0x19, 0x06, 0x1A, 0x16, 0x02, 0x0B, 0x80, 0x00, 0x05, 0x04,
    0x84, 0x1F, 0x0F, 0x08, 0x45, 0x44, 0x04, 0x40, 0x02, 0x50, 0x02, 0x64, 0x08, 0x6B, 0x88, 0x7C,
    0x93, 0x9C, 0x73, 0x5C, 0x4C, 0x5C, 0x92, 0xC7, 0x03, 0xD9, 0x04, 0xDC, 0x02, 0xDA, 0x83, 0xDE,
    0xDA, 0xC9, 0xCA, 0x02, 0xCD, 0x80, 0xC7, 0x02, 0xC3, 0x80, 0xB2, 0x02, 0x47, 0x82, 0xA9, 0xB2,
    0xB6, 0x02, 0xC4, 0x80, 0xC9, 0x02, 0xCA, 0x86, 0xC9, 0xC4, 0xC6, 0xD3, 0xB6, 0xCA, 0xB6, 0x03,
    0xBD, 0x80, 0xF9, 0x04, 0x82, 0x86, 0x86, 0x4B, 0x88, 0xDF, 0xCF, 0xED, 0xE1, 0x10, 0xCA, 0x02,
    0xD1, 0x05, 0xCA, 0x80, 0xCB, 0x02, 0xCA, 0x81, 0xCB, 0xFD, 0x02, 0x82, 0x82, 0x88, 0x82, 0x86,
    0x02, 0x88, 0x85, 0xBF, 0xFE, 0xBE, 0xF9, 0x90, 0xBB, 0x03, 0xFE, 0x85, 0xF3, 0xFF, 0xD4, 0xCF,
    0xE3, 0xED, 0x02, 0xDF, 0x84, 0x7F, 0x94, 0x07, 0x0B, 0x07, 0x03, 0x0B, 0x8C, 0x05, 0x09, 0x19,
    0x27, 0x1A, 0x11, 0x05, 0x0D, 0x20, 0x40, 0x11, 0x0B, 0x0F, 0x05, 0x0C, 0x03, 0x0E, 0x87, 0x16,
    0x27, 0x16, 0x0D, 0x1E, 0x0F, 0x27, 0x12, 0x02, 0x10, 0x87, 0x0E, 0x10, 0x27, 0x14, 0x11, 0x10,
    0x23, 0x0E, 0x02, 0x10, 0x86, 0x11, 0x27, 0x12, 0x11, 0x12, 0x15, 0x27, 0x02, 0x13, 0x80, 0x12,
    0x02, 0x13, 0x85, 0x14, 0x1F, 0x1A, 0x19, 0x2C, 0x15, 0x02, 0x19, 0x83, 0x16, 0x2A, 0x18, 0x2E,
    0x02, 0x3C, 0x82, 0x36, 0x44, 0x54, 0x0B, 0x57, 0x82, 0x98, 0x08, 0x2C, 0x02, 0x9A, 0x05, 0x99,
    0x81, 0x98, 0x97, 0x03, 0x95, 0x04, 0x92, 0x80, 0x77, 0x02, 0x95, 0x84, 0x89, 0xB5, 0xB6, 0xC9,
    0xB5, 0x03, 0x0C, 0x88, 0x11, 0x33, 0x4C, 0x5C, 0x77, 0x8B, 0x9D, 0xA9, 0xB5, 0x02, 0x89, 0x80,
    0xB6, 0x03, 0xA9, 0x80, 0x9D, 0x02, 0x96, 0x81, 0x8D, 0x5D, 0x05, 0x45, 0x81, 0x44, 0x45, 0x09,
    0x44, 0x04, 0x45, 0x02, 0x5B, 0x86, 0x58, 0x2A, 0x44, 0x01, 0x0A, 0x1C, 0x09, 0x02, 0x00, 0x8B,
    0x04, 0x01, 0x04, 0x07, 0x1A, 0x1D, 0x06, 0x1A, 0x16, 0x07, 0x11, 0x0A, 0x02, 0x04, 0x86, 0x08,
    0x09, 0x06, 0x1F, 0x0F, 0x08, 0x0A, 0x02, 0x33, 0x03, 0x40, 0x82, 0x44, 0x50, 0x3B, 0x03, 0x64,
    0x06, 0x6B, 0x88, 0x7C, 0x6B, 0xB6, 0x73, 0x5C, 0x4C, 0x5C, 0x73, 0xC7, 0x02, 0xD9, 0x05, 0xDC,
    0x02, 0xDA, 0x02, 0xDE, 0x02, 0xDA, 0x82, 0xCD, 0xC5, 0xC2, 0x02, 0xB1, 0x87, 0xB6, 0x11, 0x45,
    0x9A, 0x9F, 0xB2, 0xB6, 0xC4, 0x02, 0xC9, 0x81, 0xCA, 0xC5, 0x02, 0xC4, 0x02, 0xC9, 0x81, 0xCA,
    0xE1, 0x02, 0xBD, 0x86, 0xBF, 0x88, 0x83, 0x82, 0x4B, 0x4F, 0x86, 0x02, 0x4F, 0x80, 0xAE, 0x02,
    0xCF, 0x81, 0xED, 0xD4, 0x03, 0xD1, 0x0B, 0xCA, 0x82, 0xD1, 0xCA, 0xD1, 0x02, 0xCA, 0x80, 0xD1,
    0x02, 0xCA, 0x02, 0xCB, 0x83, 0xD1, 0xE2, 0x82, 0x88, 0x03, 0x82, 0x80, 0x90, 0x0C, 0xFE, 0x81,
    0xFF, 0xD4, 0x02, 0xCF, 0x02, 0xDF, 0x82, 0xC6, 0x7C, 0x94, 0x02, 0x0B, 0x80, 0x07, 0x02, 0x0B,
    0x85, 0x07, 0x0B, 0x09, 0x19, 0x27, 0x1A, 0x03, 0x0C, 0x84, 0x19, 0x40, 0x0C, 0x0B, 0x0D, 0x02,
    0x0C, 0x82, 0x0D, 0x0B, 0x0C, 0x02, 0x0D, 0x92, 0x13, 0x16, 0x27, 0x10, 0x0D, 0x1E, 0x0F, 0x27,
    0x16, 0x0E, 0x10, 0x0D, 0x0F, 0x1C, 0x12, 0x11, 0x10, 0x27, 0x0E, 0x02, 0x10, 0x88, 0x11, 0x24,
    0x12, 0x11, 0x1A, 0x27, 0x1F, 0x10, 0x11, 0x04, 0x13, 0x8A, 0x1A, 0x1D, 0x16, 0x28, 0x15, 0x16,
    0x19, 0x16, 0x2E, 0x44, 0x54, 0x02, 0x55, 0x0E, 0x57, 0x85, 0x99, 0x09, 0x9D, 0x9A, 0x98, 0x9A,
    0x04, 0x99, 0x81, 0x98, 0x9A, 0x02, 0x99, 0x81, 0x95, 0x92, 0x03, 0x95, 0x80, 0x77, 0x02, 0x95,
    0x82, 0x77, 0x9D, 0xB6, 0x02, 0xC9, 0x87, 0x19, 0x11, 0x20, 0x45, 0x5D, 0x8D, 0x9D, 0xA9, 0x03,
    0xAA, 0x02, 0xB5, 0x81, 0xAA, 0xB5, 0x02, 0xAA, 0x02, 0xA9, 0x87, 0x9D, 0x96, 0x8D, 0x5D, 0x47,
    0x45, 0x47, 0x45, 0x0D, 0x44, 0x02, 0x45, 0x80, 0x56, 0x02, 0x5B, 0x81, 0x58, 0x5B, 0x02, 0x44,
    0x83, 0x19, 0x1C, 0x0A, 0x06, 0x02, 0x04, 0x96, 0x0A, 0x16, 0x06, 0x19, 0x1D, 0x08, 0x1A, 0x16,
    0x0C, 0x16, 0x0B, 0x00, 0x06, 0x03, 0x13, 0x0C, 0x1D, 0x0D, 0x09, 0x0A, 0x06, 0x20, 0x33, 0x02,
    0x40, 0x83, 0x33, 0x44, 0x3B, 0x3E, 0x04, 0x64, 0x05, 0x6B, 0x8B, 0x79, 0x9C, 0x59, 0x5D, 0x4C,
    0x5C, 0x79, 0x93, 0xD9, 0xCE, 0xDC, 0xDA, 0x03, 0xDC, 0x80, 0xCE, 0x02, 0xDE, 0x89, 0xDD, 0xDA,
    0xCE, 0xC7, 0xC5, 0xC2, 0xA0, 0x77, 0x47, 0x0C, 0x02, 0x11, 0x80, 0x13, 0x02, 0xB2, 0x02, 0xC4,
    0x81, 0xC9, 0xC6, 0x03, 0xC4, 0x81, 0xC9, 0xCB, 0x02, 0xE3, 0x82, 0xE1, 0xE2, 0xA4, 0x02, 0x82,
    0x80, 0x4B, 0x02, 0x82, 0x02, 0x4F, 0x02, 0x4B, 0x84, 0xBC, 0xC8, 0xE0, 0xE3, 0xD4, 0x0E, 0xCA,
    0x81, 0xD2, 0xD1, 0x02, 0xCA, 0x80, 0xD1, 0x04, 0xCA, 0x85, 0xB9, 0xA3, 0x83, 0x82, 0x90, 0xC0,
    0x09, 0xFE, 0x02, 0xFF, 0x83, 0xFE, 0xFF, 0xFE, 0xFC, 0x03, 0xCF, 0x85, 0xD7, 0xDF, 0xA0, 0x7C,
    0x56, 0x07, 0x02, 0x0B, 0x03, 0x07, 0x02, 0x0A, 0x82, 0x1C, 0x27, 0x1A, 0x02, 0x09, 0x84, 0x01,
    0x0D, 0x1C, 0x0B, 0x0A, 0x06, 0x0B, 0x8F, 0x0E, 0x0B, 0x1A, 0x0F, 0x27, 0x11, 0x0D, 0x27, 0x10,
    0x24, 0x13, 0x0E, 0x0D, 0x0E, 0x10, 0x16, 0x02, 0x10, 0x82, 0x0E, 0x1C, 0x0E, 0x02, 0x10, 0x88,
    0x11, 0x27, 0x12, 0x11, 0x1A, 0x24, 0x27, 0x10, 0x13, 0x02, 0x12, 0x02, 0x13, 0x02, 0x27, 0x86,
    0x16, 0x2A, 0x16, 0x13, 0x16, 0x27, 0x62, 0x0F, 0x57, 0x02, 0x55, 0x84, 0x67, 0x77, 0x0B, 0x44,
    0x77, 0x03, 0x9A, 0x80, 0x99, 0x02, 0x9A, 0x80, 0x98, 0x04, 0x99, 0x07, 0x95, 0x89, 0x77, 0x8A,
    0xB6, 0xC9, 0xB6, 0x5D, 0x20, 0x59, 0x8D, 0x9D, 0x02, 0xA9, 0x02, 0xB5, 0x02, 0xAA, 0x81, 0xB2,
    0xB5, 0x05, 0xA9, 0x02, 0x9D, 0x87, 0x96, 0x8D, 0x5D, 0x47, 0x45, 0x5B, 0x56, 0x44, 0x02, 0x45,
    0x07, 0x44, 0x02, 0x45, 0x85, 0x5A, 0x56, 0x45, 0x56, 0x5B, 0x59, 0x02, 0x44, 0x85, 0x5B, 0x24,
    0x5B, 0x45, 0x09, 0x0C, 0x02, 0x04, 0x8A, 0x05, 0x1C, 0x11, 0x1D, 0x19, 0x08, 0x1A, 0x16, 0x0B,
    0x19, 0x09, 0x02, 0x04, 0x8B, 0x0F, 0x27, 0x03, 0x1D, 0x0D, 0x09, 0x0B, 0x03, 0x0C, 0x1F, 0x33,
    0x40, 0x02, 0x33, 0x80, 0x3A, 0x02, 0x3B, 0x02, 0x3E, 0x82, 0x53, 0x3E, 0x50, 0x02, 0x6B, 0x83,
    0x7F, 0xC9, 0x73, 0x59, 0x02, 0x5D, 0x82, 0x5C, 0x79, 0x93, 0x02, 0xD9, 0x02, 0xDA, 0x03, 0xDC,
    0x80, 0xCE, 0x02, 0xDE, 0x8E, 0xDD, 0xCE, 0xCD, 0xC7, 0xC3, 0xA0, 0x3C, 0x20, 0x1F, 0x08, 0x11,
    0x2C, 0xB2, 0xB1, 0xB2, 0x02, 0xC4, 0x80, 0xC9, 0x04, 0xC4, 0x80, 0xCB, 0x02, 0xED, 0x82, 0xDF,
    0xE5, 0x88, 0x04, 0x82, 0x02, 0x4B, 0x80, 0x4F, 0x03, 0x4B, 0x86, 0x4F, 0xAE, 0xD3, 0xD4, 0xE3,
    0xCF, 0xD2, 0x02, 0xCA, 0x80, 0xD1, 0x02, 0xCB, 0x06, 0xCA, 0x03, 0xD1, 0x02, 0xCA, 0x80, 0xD1,
    0x02, 0xCA, 0x83, 0xD1, 0xD3, 0xFE, 0xC0, 0x0B, 0xFE, 0x02, 0xFD, 0x80, 0xF7, 0x03, 0xFF, 0x81,
    0xFE, 0xF0, 0x03, 0xCF, 0x87, 0xD7, 0xDF, 0x9B, 0x7C, 0x2C, 0x0A, 0x11, 0x04, 0x03, 0x07, 0x02,
    0x0A, 0x80, 0x1C, 0x02, 0x27, 0x03, 0x09, 0x07, 0x0B, 0x80, 0x05, 0x02, 0x0B, 0x8A, 0x0D, 0x0C,
    0x1A, 0x09, 0x27, 0x0D, 0x0B, 0x1C, 0x16, 0x1C, 0x1D, 0x04, 0x0E, 0x81, 0x0F, 0x10, 0x02, 0x0E,
    0x81, 0x1C, 0x0E, 0x02, 0x10, 0x8C, 0x11, 0x27, 0x12, 0x0E, 0x1A, 0x24, 0x1E, 0x0E, 0x11, 0x0F,
    0x1D, 0x12, 0x13, 0x02, 0x27, 0x83, 0x12, 0x2A, 0x18, 0x2E, 0x02, 0x55, 0x80, 0x67, 0x0A, 0x57,
    0x80, 0x67, 0x04, 0x57, 0x02, 0x55, 0x84, 0x67, 0x9A, 0x0E, 0x9F, 0x92, 0x06, 0x9A, 0x81, 0x98,
    0x9A, 0x04, 0x99, 0x07, 0x95, 0x81, 0x77, 0xB2, 0x02, 0xB6, 0x86, 0xB5, 0x5D, 0x77, 0x96, 0x9D,
    0xA9, 0xAA, 0x02, 0xB6, 0x06, 0xB5, 0x80, 0xAA, 0x05, 0xA9, 0x80, 0x8D, 0x03, 0x47, 0x81, 0x5B,
    0x56, 0x03, 0x45, 0x84, 0x44, 0x45, 0x44, 0x45, 0x44, 0x04, 0x45, 0x02, 0x56, 0x98, 0x19, 0x5B,
    0x74, 0x5B, 0x33, 0x5B, 0x27, 0x44, 0x1D, 0x38, 0x5B, 0x11, 0x06, 0x0A, 0x05, 0x1C, 0x1A, 0x19,
    0x13, 0x06, 0x10, 0x12, 0x08, 0x13, 0x0E, 0x02, 0x04, 0x85, 0x09, 0x1E, 0x09, 0x19, 0x12, 0x0A,
    0x02, 0x04, 0x83, 0x08, 0x0A, 0x1F, 0x20, 0x08, 0x33, 0x87, 0x59, 0x58, 0x59, 0x37, 0xC1, 0xC5,
    0x71, 0x59, 0x02, 0x5D, 0x82, 0x73, 0x79, 0x93, 0x02, 0xD9, 0x80, 0xDA, 0x04, 0xDC, 0x80, 0xCE,
    0x02, 0xDE, 0x02, 0xDA, 0x89, 0xC7, 0xC5, 0xC3, 0xC2, 0x66, 0x2A, 0x33, 0x08, 0x96, 0x98, 0x02,
    0xB1, 0x83, 0xC2, 0xC5, 0xC4, 0xC5, 0x03, 0xC4, 0x8D, 0xCB, 0xDF, 0xED, 0xEF, 0xFA, 0x82, 0x4F,
    0x82, 0x4F, 0x82, 0x4B, 0x82, 0x4B, 0x82, 0x05, 0x4B, 0x83, 0x88, 0xD7, 0xDF, 0xED, 0x04, 0xD1,
    0x84, 0xCA, 0xCF, 0xD4, 0xE3, 0xD3, 0x02, 0xCA, 0x80, 0xD2, 0x09, 0xD1, 0x80, 0xF1, 0x09, 0xFE,
    0x82, 0xF3, 0xB7, 0xAB, 0x04, 0xB4, 0x84, 0xB3, 0xFE, 0xFF, 0xD6, 0xEE, 0x02, 0xCF, 0x90, 0xCA,
    0xDF, 0xE3, 0x94, 0x7C, 0x12, 0x0B, 0x06, 0x0B, 0x0A, 0x10, 0x09, 0x0D, 0x00, 0x1C, 0x27, 0x1C,
    0x02, 0x09, 0x80, 0x05, 0x05, 0x09, 0x02, 0x0B, 0x8F, 0x0F, 0x13, 0x0A, 0x05, 0x0B, 0x19, 0x0D,
    0x27, 0x09, 0x0B, 0x27, 0x1C, 0x1D, 0x1C, 0x0B, 0x0C, 0x04, 0x0E, 0x02, 0x10, 0x02, 0x0E, 0x02,
    0x10, 0x90, 0x11, 0x27, 0x10, 0x0E, 0x1A, 0x1E, 0x1D, 0x0E, 0x0F, 0x12, 0x27, 0x12, 0x13, 0x1A,
    0x2E, 0x45, 0x67, 0x03, 0x44, 0x80, 0x55, 0x0B, 0x57, 0x80, 0x67, 0x03, 0x57, 0x85, 0x55, 0x44,
    0x55, 0x67, 0x9A, 0x95, 0x02, 0x9A, 0x80, 0x98, 0x04, 0x9A, 0x02, 0x98, 0x80, 0x9A, 0x04, 0x99,
    0x80, 0x96, 0x03, 0x95, 0x80, 0x96, 0x04, 0x95, 0x8B, 0xB6, 0xCA, 0xB6, 0xA9, 0x77, 0x8D, 0x96,
    0xA9, 0x9D, 0xA9, 0xB2, 0xB5, 0x03, 0xB6, 0x04, 0xB5, 0x03, 0xAA, 0x02, 0xB2, 0x81, 0x89, 0x47,
    0x03, 0x5B, 0x03, 0x45, 0x80, 0x47, 0x07, 0x45, 0x86, 0x56, 0x5B, 0x56, 0x44, 0x5B, 0x74, 0x5B,
    0x02, 0x59, 0x02, 0x5B, 0x88, 0x47, 0x54, 0x6D, 0x75, 0x31, 0x0E, 0x04, 0x1C, 0x1A, 0x02, 0x11,
    0x80, 0x06, 0x02, 0x10, 0x82, 0x08, 0x12, 0x0E, 0x02, 0x04, 0x8A, 0x01, 0x27, 0x0D, 0x14, 0x13,
    0x0A, 0x06, 0x04, 0x0B, 0x0A, 0x0B, 0x05, 0x20, 0x83, 0x59, 0x2D, 0x58, 0x52, 0x04, 0x2D, 0x88,
    0xB1, 0x9C, 0x71, 0x59, 0x5D, 0x5C, 0x73, 0x79, 0x7C, 0x03, 0xD9, 0x81, 0xDC, 0xCE, 0x02, 0xDC,
    0x80, 0xDD, 0x02, 0xDE, 0x02, 0xDA, 0x8A, 0xC7, 0xCD, 0xC7, 0xC2, 0xC1, 0x98, 0x95, 0x11, 0x97,
    0x9C, 0xB1, 0x02, 0xC2, 0x81, 0xC5, 0xC4, 0x02, 0xC5, 0x82, 0xC4, 0xCF, 0xD7, 0x02, 0xED, 0x86,
    0xF1, 0x4B, 0x4F, 0x4B, 0x82, 0x4B, 0x82, 0x02, 0x4F, 0x86, 0x4B, 0x90, 0xAE, 0xA4, 0xC0, 0xAC,
    0x86, 0x02, 0x49, 0x8D, 0xF1, 0xD3, 0xED, 0xD4, 0xCA, 0xD1, 0xCF, 0xE3, 0xED, 0xEE, 0xE4, 0xCF,
    0xCB, 0xCA, 0x02, 0xCF, 0x82, 0xCB, 0xCA, 0xCB, 0x03, 0xD1, 0x80, 0xE2, 0x07, 0xFE, 0x8E, 0xC0,
    0xB0, 0xC0, 0x9E, 0xAB, 0xA4, 0xAB, 0xB4, 0xA9, 0xB3, 0xD6, 0xFF, 0xE8, 0xF6, 0xD8, 0x02, 0xCF,
    0x90, 0xCA, 0xD4, 0xE3, 0x94, 0x7C, 0xAB, 0x0C, 0x04, 0x0C, 0x0A, 0x11, 0x0D, 0x0F, 0x16, 0x1C,
    0x27, 0x1F, 0x08, 0x09, 0x02, 0x0B, 0x83, 0x18, 0x1C, 0x03, 0x00, 0x02, 0x0D, 0x81, 0x0F, 0x1C,
    0x02, 0x0D, 0x02, 0x1C, 0x81, 0x16, 0x1C, 0x05, 0x0C, 0x80, 0x0D, 0x06, 0x0E, 0x81, 0x11, 0x27,
    0x02, 0x0E, 0x88, 0x1A, 0x16, 0x11, 0x0C, 0x0D, 0x13, 0x27, 0x1C, 0x55, 0x02, 0x67, 0x86, 0x57,
    0x55, 0x36, 0x2E, 0x36, 0x44, 0x55, 0x0A, 0x57, 0x80, 0x67, 0x02, 0x57, 0x80, 0x36, 0x02, 0x44,
    0x82, 0x55, 0x67, 0x9C, 0x08, 0x9A, 0x02, 0x98, 0x03, 0x9A, 0x05, 0x99, 0x81, 0x92, 0x96, 0x02,
    0x95, 0x83, 0x92, 0x95, 0xB2, 0xC9, 0x02, 0xB6, 0x87, 0x5C, 0x76, 0x5D, 0x44, 0x47, 0x5C, 0x96,
    0xA9, 0x03, 0xB6, 0x05, 0xB5, 0x85, 0xB6, 0xB5, 0xB2, 0xB5, 0xAA, 0x5C, 0x03, 0x5B, 0x02, 0x56,
    0x83, 0x5B, 0x12, 0x56, 0x58, 0x03, 0x56, 0x80, 0x58, 0x02, 0x56, 0x02, 0x5B, 0x92, 0x59, 0x63,
    0x74, 0x6D, 0x58, 0x31, 0x5B, 0x3C, 0x33, 0x45, 0x76, 0x74, 0x75, 0x44, 0x11, 0x1F, 0x1A, 0x04,
    0x01, 0x03, 0x04, 0x83, 0x00, 0x0D, 0x10, 0x00, 0x02, 0x04, 0x84, 0x27, 0x0B, 0x0E, 0x11, 0x00,
    0x04, 0x04, 0x80, 0x01, 0x03, 0x20, 0x86, 0x11, 0x0A, 0x11, 0x26, 0x37, 0x2D, 0x37, 0x03, 0x2D,
    0x86, 0xB1, 0x66, 0x72, 0x59, 0x5D, 0x5C, 0x73, 0x02, 0x7C, 0x02, 0xD9, 0x80, 0xDA, 0x02, 0xCE,
    0x84, 0xDE, 0xDC, 0xDD, 0xCE, 0xDE, 0x02, 0xDA, 0x02, 0xCD, 0x80, 0xC5, 0x03, 0xC2, 0x83, 0x98,
    0x11, 0xB1, 0xA0, 0x02, 0xC2, 0x04, 0xC5, 0x86, 0xB1, 0xA0, 0xEF, 0xE3, 0xEE, 0xAC, 0x4F, 0x02,
    0x82, 0x80, 0x4F, 0x02, 0x4B, 0x82, 0x88, 0x90, 0xAC, 0x02, 0xA4, 0x8D, 0xAC, 0xBC, 0xAC, 0xA4,
    0xA3, 0xAC, 0x90, 0x4B, 0x90, 0xF4, 0xD7, 0xCF, 0xD2, 0xCF, 0x03, 0xEE, 0x83, 0xEF, 0xD7, 0xF7,
    0xCF, 0x02, 0xC4, 0x82, 0xCF, 0xDD, 0xCF, 0x02, 0xD1, 0x80, 0xB9, 0x04, 0xFE, 0x82, 0xA2, 0xB0,
    0xFE, 0x04, 0xC0, 0x82, 0xA4, 0xA2, 0x8F, 0x02, 0x8D, 0x81, 0x95, 0x9E, 0x02, 0xFE, 0x82, 0xDF,
    0xF4, 0xD8, 0x02, 0xCF, 0x85, 0xCA, 0xD4, 0xD7, 0x94, 0x7C, 0x8B, 0x03, 0x0A, 0x84, 0x0B, 0x16,
    0x0C, 0x13, 0x1E, 0x02, 0x27, 0x80, 0x1F, 0x02, 0x0A, 0x04, 0x09, 0x85, 0x05, 0x09, 0x01, 0x0B,
    0x19, 0x1E, 0x04, 0x09, 0x85, 0x1C, 0x27, 0x0E, 0x0C, 0x12, 0x27, 0x02, 0x0E, 0x02, 0x0B, 0x09,
    0x0C, 0x87, 0x0E, 0x0C, 0x1F, 0x09, 0x08, 0x19, 0x13, 0x0B, 0x02, 0x0C, 0x83, 0x1F, 0x38, 0x55,
    0x57, 0x02, 0x67, 0x86, 0x55, 0x36, 0x2E, 0x27, 0x2E, 0x36, 0x55, 0x0A, 0x57, 0x81, 0x67, 0x57,
    0x03, 0x44, 0x82, 0x45, 0x55, 0x67, 0x04, 0x9C, 0x06, 0x9A, 0x80, 0x98, 0x04, 0x9A, 0x05, 0x99,
    0x02, 0x96, 0x03, 0x95, 0x81, 0x98, 0xC9, 0x02, 0xB6, 0x8B, 0x5D, 0x20, 0x1F, 0x0B, 0x0C, 0x06,
    0x19, 0x33, 0x5B, 0x96, 0xB2, 0xCB, 0x03, 0xD3, 0x80, 0xCA, 0x02, 0xB5, 0x02, 0xB6, 0x83, 0xB5,
    0xAA, 0x59, 0x75, 0x02, 0x5B, 0x02, 0x59, 0x81, 0x5B, 0x59, 0x02, 0x56, 0x81, 0x58, 0x5B, 0x03,
    0x59, 0x82, 0x5B, 0x74, 0x59, 0x03, 0x74, 0x8F, 0x63, 0x59, 0x1D, 0x75, 0x10, 0x13, 0x5B, 0x66,
    0x2C, 0x20, 0x33, 0x1A, 0x1C, 0x04, 0x07, 0x01, 0x02, 0x04, 0x83, 0x00, 0x0D, 0x10, 0x00, 0x02,
    0x04, 0x82, 0x27, 0x0D, 0x04, 0x02, 0x07, 0x05, 0x04, 0x03, 0x20, 0x87, 0x08, 0x01, 0x06, 0x1B,
    0x35, 0x2D, 0x3A, 0x3E, 0x02, 0x37, 0x86, 0x94, 0x58, 0x73, 0x59, 0x89, 0x59, 0x79, 0x02, 0x7C,
    0x80, 0xC7, 0x02, 0xCE, 0x81, 0xDA, 0xCE, 0x02, 0xDC, 0x88, 0xDD, 0xCE, 0xDE, 0xDC, 0xDA, 0xCD,
    0xCE, 0xCD, 0xC4, 0x02, 0xC2, 0x81, 0xC4, 0x98, 0x02, 0xC2, 0x80, 0xC3, 0x02, 0xC5, 0x02, 0xC4,
    0x85, 0xC6, 0xD7, 0xC6, 0xD7, 0xE4, 0x4D, 0x02, 0x82, 0x81, 0x4F, 0x90, 0x02, 0x8F, 0x85, 0xA4,
    0xA3, 0x8F, 0x88, 0x86, 0x82, 0x02, 0x86, 0x06, 0x82, 0x84, 0x88, 0x82, 0xA4, 0xFF, 0xD7, 0x02,
    0xCF, 0x94, 0xEA, 0xE3, 0xE0, 0xFF, 0xFE, 0xF9, 0xBF, 0xF9, 0xF2, 0xD5, 0xAB, 0x87, 0x82, 0x5F,
    0xFE, 0x90, 0xFE, 0xB0, 0x20, 0xB0, 0xFE, 0x02, 0xC0, 0x82, 0xB0, 0xFE, 0x9E, 0x03, 0x8B, 0x02,
    0x8D, 0x02, 0xFE, 0x8B, 0xFD, 0xEF, 0xF7, 0xE4, 0xD0, 0xCF, 0xD2, 0xEA, 0xD4, 0x94, 0x7C, 0x5B,
    0x03, 0x0A, 0x84, 0x1C, 0x12, 0x07, 0x13, 0x1E, 0x02, 0x27, 0x80, 0x1F, 0x02, 0x0A, 0x81, 0x05,
    0x0B, 0x04, 0x09, 0x84, 0x05, 0x09, 0x1A, 0x1E, 0x0B, 0x03, 0x09, 0x02, 0x27, 0x85, 0x0D, 0x05,
    0x0F, 0x27, 0x0B, 0x09, 0x02, 0x0B, 0x0B, 0x0C, 0x80, 0x11, 0x02, 0x0C, 0x82, 0x14, 0x13, 0x0B,
    0x02, 0x0E, 0x81, 0x1A, 0x54, 0x03, 0x57, 0x82, 0x75, 0x36, 0x33, 0x03, 0x27, 0x81, 0x36, 0x67,
    0x03, 0x57, 0x02, 0x55, 0x05, 0x57, 0x82, 0x67, 0x55, 0x33, 0x03, 0x45, 0x81, 0x55, 0x57, 0x06,
    0x9C, 0x0A, 0x9A, 0x04, 0x99, 0x86, 0x98, 0x45, 0x96, 0x99, 0x95, 0x98, 0xB2, 0x02, 0xB6, 0x82,
    0xB5, 0x11, 0x08, 0x02, 0x06, 0x84, 0x0A, 0x0B, 0x0D, 0x1F, 0x5B, 0x02, 0x98, 0x80, 0xB2, 0x03,
    0xD3, 0x81, 0xB6, 0xB5, 0x02, 0xB6, 0x90, 0xB5, 0xB2, 0xA9, 0x5C, 0x5B, 0x5C, 0x59, 0x5B, 0x44,
    0x59, 0x15, 0x5C, 0x59, 0x74, 0x59, 0x5C, 0x5B, 0x04, 0x74, 0x80, 0x76, 0x04, 0x74, 0x02, 0x76,
    0x89, 0x5B, 0x0C, 0x38, 0x0E, 0x06, 0x44, 0x75, 0x1A, 0x06, 0x08, 0x02, 0x04, 0x81, 0x00, 0x0A,
    0x02, 0x0F, 0x02, 0x04, 0x85, 0x07, 0x1F, 0x0D, 0x0B, 0x04, 0x07, 0x05, 0x04, 0x02, 0x20, 0x8E,
    0x33, 0x08, 0x0A, 0x06, 0x15, 0x3A, 0x2D, 0x37, 0x3E, 0x37, 0x73, 0x6F, 0x59, 0x5C, 0x59, 0x02,
    0x73, 0x02, 0x79, 0x89, 0x7C, 0xC3, 0xC7, 0xCD, 0xDC, 0xCE, 0xDC, 0xDE, 0xDD, 0xCE, 0x02, 0xDE,
    0x80, 0xDA, 0x03, 0xCE, 0x81, 0xC7, 0xC5, 0x02, 0xC4, 0x81, 0xC5, 0xC4, 0x03, 0xC5, 0x02, 0xC4,
    0x86, 0xC6, 0xD7, 0xE7, 0xD7, 0xB8, 0x85, 0x82, 0x02, 0x88, 0x82, 0x90, 0x82, 0x86, 0x04, 0x82,
    0x82, 0x88, 0x82, 0x4F, 0x02, 0x86, 0x06, 0x82, 0x80, 0x4F, 0x02, 0x82, 0x8A, 0x4F, 0x88, 0xAC,
    0xBE, 0xE5, 0xAC, 0x88, 0x4B, 0x4F, 0x4B, 0x4F, 0x02, 0x82, 0x80, 0x4B, 0x02, 0x82, 0x02, 0x4B,
    0x87, 0x88, 0x4B, 0xB0, 0xA6, 0xFE, 0xA2, 0xFE, 0xC0, 0x02, 0xFE, 0x80, 0x8C, 0x04, 0x8B, 0x02,
    0x8D, 0x02, 0xFE, 0x86, 0xD8, 0xE3, 0xE8, 0xE4, 0xD0, 0xCF, 0xD2, 0x02, 0xD4, 0x83, 0x93, 0x7C,
    0x8C, 0x07, 0x02, 0x0A, 0x84, 0x1A, 0x0F, 0x0B, 0x12, 0x24, 0x02, 0x27, 0x80, 0x1F, 0x02, 0x0A,
    0x02, 0x09, 0x80, 0x05, 0x05, 0x09, 0x82, 0x1D, 0x24, 0x10, 0x03, 0x09, 0x87, 0x27, 0x24, 0x10,
    0x0C, 0x0D, 0x1C, 0x0B, 0x09, 0x02, 0x0B, 0x06, 0x0C, 0x82, 0x0B, 0x0D, 0x0E, 0x02, 0x0C, 0x80,
    0x0B, 0x02, 0x0C, 0x81, 0x12, 0x16, 0x02, 0x0E, 0x82, 0x10, 0x2E, 0x67, 0x03, 0x57, 0x81, 0x75,
    0x36, 0x03, 0x27, 0x83, 0x2E, 0x55, 0x67, 0x57, 0x03, 0x55, 0x81, 0x57, 0x55, 0x04, 0x57, 0x81,
    0x62, 0x36, 0x04, 0x45, 0x02, 0x57, 0x08, 0x9C, 0x09, 0x9A, 0x89, 0x99, 0x9A, 0x99, 0x92, 0x56,
    0x5B, 0x45, 0x92, 0x97, 0xB2, 0x03, 0xB6, 0x81, 0x5D, 0x0A, 0x02, 0x04, 0x88, 0x09, 0x06, 0x11,
    0x19, 0x1D, 0x1F, 0x95, 0x9A, 0xB6, 0x02, 0xD3, 0x81, 0xD1, 0xB5, 0x02, 0xB6, 0x02, 0xB5, 0x88,
    0xB6, 0x89, 0x74, 0x5B, 0x67, 0x1D, 0x16, 0x19, 0x59, 0x02, 0x5B, 0x05, 0x74, 0x80, 0x76, 0x02,
    0x74, 0x81, 0x77, 0x76, 0x03, 0x74, 0x8C, 0x76, 0x74, 0x76, 0x5B, 0x1C, 0x09, 0x1F, 0x74, 0x7A,
    0x75, 0x10, 0x0C, 0x06, 0x02, 0x04, 0x82, 0x06, 0x10, 0x12, 0x03, 0x04, 0x81, 0x1F, 0x10, 0x04,
    0x04, 0x80, 0x00, 0x03, 0x04, 0x83, 0x06, 0x1F, 0x20, 0x11, 0x02, 0x05, 0x90, 0x16, 0x3A, 0x2D,
    0x37, 0x3E, 0x37, 0x92, 0x6F, 0x59, 0x5C, 0x59, 0x89, 0x59, 0x38, 0x1B, 0x7C, 0xC1, 0x02, 0xCD,
    0x88, 0xDC, 0xCE, 0xDC, 0xDA, 0xDD, 0xCE, 0xDA, 0xDE, 0xDA, 0x03, 0xCE, 0x02, 0xCD, 0x90, 0xCE,
    0xC4, 0xC7, 0xC4, 0xC5, 0xC4, 0xC9, 0xCF, 0xCB, 0xC6, 0xCF, 0xD3, 0x9E, 0x4E, 0x5F, 0x82, 0x4F,
    0x03, 0x82, 0x80, 0x5F, 0x05, 0x82, 0x80, 0x88, 0x02, 0x82, 0x80, 0x86, 0x0B, 0x82, 0x81, 0x4B,
    0x4F, 0x02, 0x82, 0x06, 0x4B, 0x81, 0x4F, 0x4B, 0x02, 0x4F, 0x04, 0x4B, 0x02, 0xFE, 0x02, 0xA8,
    0x80, 0xA2, 0x02, 0xA8, 0x83, 0xFE, 0x87, 0x8B, 0x8D, 0x02, 0x8B, 0x83, 0x95, 0xB7, 0xFE, 0xFF,
    0x02, 0xE4, 0x91, 0xEE, 0xF7, 0xD4, 0xCF, 0xD2, 0xDD, 0xD4, 0x94, 0x7C, 0x8B, 0x08, 0x0A, 0x11,
    0x1F, 0x0A, 0x06, 0x11, 0x24, 0x02, 0x27, 0x82, 0x1C, 0x0A, 0x0C, 0x04, 0x0A, 0x89, 0x01, 0x0A,
    0x0B, 0x09, 0x1C, 0x24, 0x13, 0x09, 0x05, 0x09, 0x02, 0x27, 0x83, 0x11, 0x0D, 0x0B, 0x10, 0x04,
    0x0B, 0x03, 0x0C, 0x80, 0x08, 0x02, 0x0C, 0x84, 0x08, 0x10, 0x13, 0x08, 0x0C, 0x02, 0x0B, 0x84,
    0x0C, 0x13, 0x1D, 0x0F, 0x27, 0x02, 0x55, 0x80, 0x67, 0x02, 0x57, 0x83, 0x67, 0x75, 0x36, 0x33,
    0x02, 0x2E, 0x83, 0x36, 0x57, 0x67, 0x57, 0x03, 0x55, 0x82, 0x62, 0x55, 0x57, 0x02, 0x55, 0x81,
    0x62, 0x5A, 0x02, 0x45, 0x80, 0x56, 0x02, 0x45, 0x81, 0x55, 0x57, 0x08, 0x9C, 0x02, 0x9A, 0x80,
    0x9C, 0x07, 0x9A, 0x89, 0x99, 0x44, 0x16, 0x27, 0x06, 0x75, 0x96, 0x95, 0xB1, 0xB6, 0x02, 0xCA,
    0x81, 0xC9, 0x19, 0x02, 0x04, 0x88, 0x09, 0x06, 0x11, 0x19, 0x1F, 0x19, 0x0A, 0x5B, 0xB1, 0x02,
    0xD3, 0x82, 0xE1, 0xB6, 0xB2, 0x02, 0xB6, 0x8C, 0xB5, 0xB6, 0x96, 0x74, 0x5B, 0x76, 0x75, 0x38,
    0x76, 0x5B, 0x74, 0x5B, 0x75, 0x06, 0x76, 0x80, 0x77, 0x02, 0x7B, 0x03, 0x76, 0x80, 0x77, 0x02,
    0x76, 0x8E, 0x27, 0x1C, 0x11, 0x0E, 0x63, 0x77, 0x7B, 0x77, 0x11, 0x0A, 0x06, 0x04, 0x08, 0x0D,
    0x16, 0x03, 0x04, 0x81, 0x1C, 0x10, 0x02, 0x04, 0x80, 0x07, 0x05, 0x04, 0x87, 0x0D, 0x11, 0x0A,
    0x00, 0x0C, 0x00, 0x1D, 0x35, 0x02, 0x2D, 0x8B, 0x3E, 0x70, 0x65, 0x70, 0x59, 0x5C, 0x59, 0x89,
    0x59, 0x72, 0x79, 0x7C, 0x02, 0xC7, 0x86, 0xCD, 0xDC, 0xCE, 0xDC, 0xDA, 0xDD, 0xCE, 0x03, 0xDE,
    0x02, 0xCE, 0x83, 0xDE, 0xCD, 0xCE, 0xDD, 0x03, 0xCD, 0x80, 0xC4, 0x02, 0xCF, 0x87, 0xC6, 0xC4,
    0xC6, 0xB7, 0x5F, 0x82, 0x86, 0x87, 0x05, 0x82, 0x80, 0x86, 0x04, 0x88, 0x82, 0xAE, 0xC0, 0xF3,
    0x02, 0xFE, 0x05, 0xC0, 0x87, 0xAE, 0x90, 0x4F, 0x88, 0x82, 0x4B, 0x82, 0x4B, 0x03, 0x82, 0x05,
    0x4B, 0x03, 0x4F, 0x80, 0x82, 0x04, 0x4B, 0x02, 0xFE, 0x02, 0xA8, 0x85, 0xA1, 0x83, 0xA2, 0xFE,
    0xB0, 0x85, 0x03, 0x8B, 0x82, 0x8F, 0xFE, 0xFF, 0x03, 0xE4, 0x83, 0xEE, 0xFF, 0xE0, 0xD4, 0x02,
    0xD2, 0x8B, 0xDD, 0x94, 0x7C, 0x8B, 0x08, 0x0C, 0x19, 0x1C, 0x09, 0x06, 0x11, 0x1E, 0x02, 0x27,
    0x80, 0x1C, 0x08, 0x0A, 0x84, 0x00, 0x0B, 0x1C, 0x27, 0x13, 0x03, 0x09, 0x02, 0x27, 0x83, 0x0E,
    0x0D, 0x05, 0x0D, 0x02, 0x0C, 0x02, 0x0B, 0x04, 0x05, 0x02, 0x08, 0x84, 0x0C, 0x0E, 0x1D, 0x02,
    0x0C, 0x02, 0x0B, 0x87, 0x0E, 0x1A, 0x36, 0x55, 0x45, 0x55, 0x57, 0x67, 0x02, 0x57, 0x02, 0x67,
    0x81, 0x55, 0x44, 0x02, 0x36, 0x80, 0x54, 0x02, 0x55, 0x84, 0x54, 0x36, 0x44, 0x55, 0x62, 0x04,
    0x55, 0x81, 0x5A, 0x5B, 0x02, 0x45, 0x84, 0x56, 0x44, 0x45, 0x55, 0x57, 0x02, 0xB1, 0x09, 0x9C,
    0x02, 0x9A, 0x80, 0x98, 0x02, 0x9A, 0x80, 0x99, 0x02, 0x9A, 0x84, 0x98, 0x95, 0x9A, 0x33, 0x76,
    0x02, 0x95, 0x82, 0x9A, 0xB2, 0xC9, 0x02, 0xB6, 0x81, 0x89, 0x0B, 0x02, 0x0A, 0x81, 0x08, 0x0E,
    0x03, 0x1D, 0x83, 0x06, 0x0C, 0x96, 0xB2, 0x02, 0xD3, 0x80, 0xD4, 0x02, 0xC9, 0x03, 0xB6, 0x80,
    0x99, 0x03, 0x76, 0x02, 0x75, 0x02, 0x76, 0x82, 0x5C, 0x18, 0x38, 0x06, 0x76, 0x80, 0x7B, 0x02,
    0x95, 0x81, 0x7B, 0x77, 0x03, 0x76, 0x85, 0x5B, 0x11, 0x27, 0x24, 0x0D, 0x11, 0x03, 0x95, 0x8B,
    0x97, 0x19, 0x0C, 0x04, 0x06, 0x0D, 0x0F, 0x04, 0x03, 0x07, 0x1C, 0x11, 0x09, 0x04, 0x80, 0x07,
    0x03, 0x04, 0x87, 0x06, 0x26, 0x35, 0x32, 0x2D, 0x50, 0x0E, 0x3B, 0x02, 0x59, 0x84, 0x5C, 0x59,
    0x89, 0x59, 0x79, 0x02, 0x7C, 0x81, 0xCE, 0xCD, 0x05, 0xCE, 0x81, 0xDA, 0xDC, 0x03, 0xDE, 0x82,
    0xCE, 0xDC, 0xDA, 0x04, 0xCE, 0x80, 0xDD, 0x02, 0xD0, 0x84, 0xCF, 0xD0, 0xCF, 0xB4, 0x8F, 0x02,
    0x86, 0x86, 0x82, 0x86, 0x8C, 0x90, 0xAE, 0xAF, 0xBE, 0x02, 0xC0, 0x80, 0xF3, 0x09, 0xFE, 0x02,
    0xC0, 0x04, 0xFE, 0x80, 0xA4, 0x03, 0x82, 0x02, 0x4F, 0x03, 0x4B, 0x03, 0x4F, 0x80, 0x4B, 0x04,
    0x4F, 0x81, 0x82, 0x4F, 0x03, 0x82, 0x81, 0xC0, 0xFE, 0x02, 0xA2, 0x8B, 0xA5, 0x48, 0x83, 0xC0,
    0xA8, 0x5D, 0x8B, 0x77, 0x8B, 0xFE, 0x9E, 0xFA, 0x03, 0xE4, 0x81, 0xEE, 0xFF, 0x03, 0xD4, 0x02,
    0xD2, 0x8A, 0x9B, 0x7C, 0x8B, 0x05, 0x06, 0x1A, 0x1D, 0x0A, 0x10, 0x19, 0x1C, 0x02, 0x27, 0x82,
    0x1C, 0x0A, 0x11, 0x03, 0x0A, 0x8D, 0x01, 0x00, 0x01, 0x0A, 0x01, 0x1D, 0x27, 0x19, 0x01, 0x09,
    0x01, 0x24, 0x27, 0x0C, 0x05, 0x0B, 0x07, 0x08, 0x84, 0x05, 0x08, 0x13, 0x27, 0x07, 0x02, 0x0B,
    0x80, 0x27, 0x02, 0x55, 0x80, 0x62, 0x02, 0x55, 0x02, 0x57, 0x80, 0x67, 0x03, 0x57, 0x82, 0x55,
    0x2E, 0x27, 0x02, 0x36, 0x03, 0x54, 0x02, 0x44, 0x07, 0x55, 0x88, 0x56, 0x5B, 0x45, 0x44, 0x54,
    0x33, 0x44, 0x55, 0x57, 0x04, 0xB1, 0x07, 0x9C, 0x04, 0x9A, 0x80, 0x99, 0x02, 0x9A, 0x80, 0x99,
    0x02, 0x9A, 0x80, 0x99, 0x02, 0x9A, 0x85, 0x99, 0x9A, 0x99, 0xB1, 0xB6, 0xCA, 0x02, 0xC9, 0x84,
    0x27, 0x0C, 0x01, 0x08, 0x0E, 0x03, 0x1D, 0x80, 0x0E, 0x02, 0x11, 0x83, 0x9F, 0xC9, 0xD3, 0xD4,
    0x02, 0xD1, 0x80, 0xCA, 0x02, 0xB6, 0x80, 0xB2, 0x04, 0x76, 0x80, 0x77, 0x03, 0x76, 0x80, 0x75,
    0x02, 0x95, 0x84, 0x77, 0x95, 0x91, 0x95, 0x7B, 0x02, 0x95, 0x82, 0x97, 0x95, 0x77, 0x03, 0x91,
    0x94, 0x77, 0x5B, 0x95, 0x76, 0x77, 0x0E, 0x2E, 0x97, 0x9A, 0xA0, 0x9C, 0x38, 0x01, 0x06, 0x00,
    0x03, 0x04, 0x07, 0x04, 0x1C, 0x12, 0x05, 0x04, 0x02, 0x06, 0x80, 0x00, 0x05, 0x04, 0x81, 0x07,
    0x26, 0x02, 0x35, 0x83, 0x2D, 0x53, 0x16, 0x52, 0x02, 0x59, 0x87, 0x5C, 0x59, 0x89, 0x73, 0x79,
    0x7C, 0x9B, 0xCD, 0x05, 0xCE, 0x81, 0xDA, 0xDE, 0x02, 0xDD, 0x82, 0xDA, 0xDC, 0xCE, 0x02, 0xDA,
    0x83, 0xDE, 0xCE, 0xDE, 0xD0, 0x02, 0xE0, 0x8B, 0xD0, 0xCF, 0xDF, 0xCB, 0x8F, 0x8C, 0x5F, 0x4F,
    0x82, 0x4E, 0x8F, 0xAC, 0x02, 0xF3, 0x13, 0xFE, 0x81, 0xBC, 0x88, 0x02, 0x82, 0x02, 0x4F, 0x03,
    0x4B, 0x0A, 0x4F, 0x80, 0x4B, 0x02, 0x82, 0x83, 0xAF, 0xB0, 0xA2, 0x83, 0x02, 0x49, 0x80, 0x83,
    0x02, 0xA8, 0x03, 0x8B, 0x83, 0xA4, 0x8C, 0xBC, 0xF2, 0x03, 0xEE, 0x90, 0xF0, 0xFF, 0xDF, 0xD4,
    0xDD, 0xD2, 0xCD, 0x9B, 0x7C, 0x75, 0x0B, 0x06, 0x1A, 0x16, 0x06, 0x19, 0x1C, 0x02, 0x1F, 0x82,
    0x27, 0x1C, 0x01, 0x04, 0x0A, 0x03, 0x01, 0x02, 0x00, 0x83, 0x1D, 0x27, 0x19, 0x0A, 0x02, 0x01,
    0x87, 0x27, 0x19, 0x0B, 0x05, 0x09, 0x08, 0x05, 0x07, 0x07, 0x08, 0x85, 0x05, 0x08, 0x16, 0x27,
    0x0A, 0x33, 0x09, 0x57, 0x82, 0x55, 0x2E, 0x1C, 0x02, 0x2E, 0x80, 0x27, 0x03, 0x36, 0x03, 0x54,
    0x02, 0x44, 0x83, 0x55, 0x44, 0x55, 0x5A, 0x02, 0x56, 0x82, 0x45, 0x56, 0x5B, 0x02, 0x33, 0x84,
    0x44, 0x33, 0x44, 0x55, 0x57, 0x05, 0xB1, 0x09, 0x9C, 0x80, 0x9B, 0x05, 0x9A, 0x81, 0x99, 0x9A,
    0x04, 0x99, 0x02, 0x9A, 0x81, 0xB6, 0xC9, 0x02, 0xCA, 0x84, 0xC9, 0x11, 0x0A, 0x0C, 0x0D, 0x02,
    0x1D, 0x8A, 0x1A, 0x05, 0x07, 0x1F, 0x45, 0xB1, 0xD1, 0xD3, 0xD4, 0xD1, 0xD3, 0x03, 0xB6, 0x05,
    0x76, 0x86, 0x77, 0x7B, 0x77, 0x91, 0x95, 0x7B, 0x91, 0x04, 0x95, 0x03, 0x97, 0x04, 0x95, 0x03,
    0x91, 0x81, 0x7B, 0x91, 0x02, 0x76, 0x82, 0x63, 0x7B, 0x98, 0x02, 0xC2, 0x89, 0xB1, 0x56, 0x06,
    0x02, 0x0A, 0x16, 0x0A, 0x06, 0x1C, 0x19, 0x0C, 0x04, 0x88, 0x00, 0x06, 0x26, 0x35, 0x32, 0x2D,
    0x37, 0x16, 0x59, 0x02, 0x45, 0x8A, 0x33, 0x59, 0x8A, 0x73, 0x7C, 0x93, 0xC7, 0xCD, 0xCE, 0xDA,
    0xDC, 0x02, 0xCE, 0x80, 0xDA, 0x03, 0xDC, 0x81, 0xDE, 0xDC, 0x03, 0xCE, 0x82, 0xDC, 0xDE, 0xE0,
    0x02, 0xEC, 0x80, 0xCF, 0x02, 0xE0, 0x88, 0xCF, 0xCC, 0xAC, 0xB7, 0xBB, 0xAE, 0xAC, 0xA4, 0xF3,
    0x05, 0xFE, 0x80, 0xFD, 0x07, 0xFE, 0x81, 0xBC, 0x9E, 0x02, 0xAB, 0x80, 0xAA, 0x03, 0xAB, 0x84,
    0xAC, 0xA4, 0x90, 0x88, 0x4F, 0x05, 0x4B, 0x04, 0x4F, 0x80, 0x82, 0x02, 0x4F, 0x80, 0x82, 0x02,
    0x4F, 0x87, 0x82, 0x4F, 0x82, 0xA4, 0xA2, 0xA8, 0x83, 0x49, 0x02, 0x83, 0x89, 0xA2, 0xAC, 0x77,
    0x85, 0x86, 0x4E, 0x88, 0xFE, 0xE8, 0xE4, 0x02, 0xEE, 0x8F, 0xE4, 0xFF, 0xEA, 0xD4, 0xEA, 0xD4,
    0xCE, 0x9B, 0x7C, 0x9D, 0x09, 0x06, 0x19, 0x13, 0x0C, 0x1D, 0x02, 0x1C, 0x82, 0x1F, 0x27, 0x1C,
    0x07, 0x01, 0x80, 0x05, 0x02, 0x01, 0x87, 0x16, 0x27, 0x1C, 0x04, 0x07, 0x03, 0x1C, 0x0A, 0x02,
    0x08, 0x80, 0x03, 0x02, 0x08, 0x82, 0x03, 0x05, 0x02, 0x03, 0x08, 0x84, 0x0A, 0x08, 0x0C, 0x08,
    0x1C, 0x02, 0x55, 0x05, 0x57, 0x02, 0x67, 0x80, 0x55, 0x02, 0x36, 0x82, 0x54, 0x36, 0x2E, 0x02,
    0x36, 0x81, 0x2E, 0x33, 0x02, 0x36, 0x81, 0x55, 0x54, 0x02, 0x36, 0x02, 0x44, 0x82, 0x45, 0x5A,
    0x67, 0x03, 0x45, 0x84, 0x5B, 0x44, 0x27, 0x2A, 0x38, 0x02, 0x33, 0x81, 0x55, 0x57, 0x06, 0xB1,
    0x09, 0x9C, 0x80, 0x92, 0x05, 0x9A, 0x06, 0x99, 0x82, 0xB1, 0xB2, 0xC9, 0x02, 0xCA, 0x84, 0xC9,
    0xB6, 0x0E, 0x06, 0x10, 0x02, 0x1D, 0x86, 0x19, 0x03, 0x08, 0x1F, 0x44, 0x98, 0xB2, 0x02, 0xD4,
    0x85, 0xD1, 0xD4, 0xD1, 0xB6, 0xC9, 0x99, 0x05, 0x8A, 0x83, 0x7B, 0x91, 0x95, 0x97, 0x03, 0x95,
    0x03, 0x97, 0x03, 0x98, 0x80, 0x97, 0x07, 0x95, 0x80, 0x91, 0x02, 0x76, 0x02, 0x91, 0x8C, 0x76,
    0xB1, 0xC5, 0xB1, 0xC3, 0x76, 0x11, 0x0E, 0x1F, 0x01, 0x06, 0x19, 0x16, 0x06, 0x04, 0x80, 0x07,
    0x02, 0x04, 0x80, 0x07, 0x03, 0x04, 0x86, 0x03, 0x2D, 0x35, 0x2D, 0x1B, 0x33, 0x1F, 0x04, 0x59,
    0x83, 0x70, 0x93, 0x79, 0x7C, 0x02, 0xC7, 0x86, 0xCD, 0xCE, 0xDE, 0xDC, 0xCE, 0xDC, 0xDA, 0x02,
    0xDC, 0x80, 0xDA, 0x02, 0xDE, 0x84, 0xCE, 0xDC, 0xEB, 0xE0, 0xEC, 0x02, 0xDE, 0x81, 0xEF, 0xE0,
    0x02, 0xD0, 0x82, 0xD4, 0xE7, 0xF3, 0x02, 0xBB, 0x80, 0xF3, 0x0C, 0xFE, 0x04, 0xA8, 0x86, 0xC0,
    0xA3, 0xAB, 0x9E, 0x8D, 0x85, 0x4D, 0x02, 0x4F, 0x81, 0x82, 0x4B, 0x02, 0x82, 0x0F, 0x4F, 0x03,
    0x82, 0x81, 0x4F, 0xA8, 0x02, 0x83, 0x80, 0x49, 0x02, 0x83, 0x87, 0xA2, 0x47, 0x4C, 0x82, 0x4F,
    0x4E, 0x8F, 0xE8, 0x04, 0xEE, 0x83, 0xE4, 0xFF, 0xEA, 0xD4, 0x02, 0xEA, 0x85, 0xCE, 0x9B, 0x7C,
    0xB6, 0x09, 0x06, 0x02, 0x19, 0x81, 0x08, 0x1D, 0x03, 0x1C, 0x81, 0x27, 0x1C, 0x0A, 0x01, 0x88,
    0x16, 0x27, 0x1C, 0x04, 0x00, 0x04, 0x1F, 0x09, 0x05, 0x04, 0x08, 0x80, 0x03, 0x06, 0x08, 0x84,
    0x0C, 0x11, 0x27, 0x44, 0x57, 0x07, 0x55, 0x81, 0x62, 0x44, 0x02, 0x36, 0x82, 0x54, 0x36, 0x33,
    0x02, 0x36, 0x81, 0x2E, 0x33, 0x02, 0x36, 0x81, 0x55, 0x54, 0x02, 0x36, 0x82, 0x54, 0x44, 0x45,
    0x02, 0x5B, 0x03, 0x45, 0x86, 0x44, 0x34, 0x1F, 0x27, 0x38, 0x2A, 0x44, 0x02, 0x57, 0x05, 0xB1,
    0x81, 0x9C, 0xB1, 0x08, 0x9C, 0x81, 0x92, 0x94, 0x05, 0x9A, 0x05, 0x99, 0x81, 0xB2, 0xC5, 0x05,
    0xCA, 0x80, 0x96, 0x02, 0x0A, 0x02, 0x1D, 0x89, 0x1A, 0x01, 0x07, 0x0B, 0x44, 0x59, 0xB2, 0xC5,
    0xD2, 0xD4, 0x02, 0xEA, 0x83, 0xCA, 0xC9, 0xB1, 0x8A, 0x04, 0x91, 0x03, 0x95, 0x81, 0x98, 0x97,
    0x02, 0x98, 0x80, 0x9A, 0x07, 0x98, 0x02, 0x95, 0x80, 0x97, 0x03, 0x95, 0x04, 0x91, 0x8B, 0x76,
    0x91, 0x7B, 0xB1, 0xC3, 0xB1, 0xC1, 0x54, 0x0C, 0x1D, 0x08, 0x06, 0x02, 0x13, 0x0D, 0x04, 0x86,
    0x06, 0x2D, 0x35, 0x1B, 0x13, 0x2C, 0x3E, 0x03, 0x59, 0x81, 0x6C, 0x79, 0x02, 0x7C, 0x86, 0x9C,
    0xC3, 0xCD, 0xCE, 0xDA, 0xDD, 0xDA, 0x02, 0xCE, 0x86, 0xDA, 0xDE, 0xDC, 0xDE, 0xCE, 0xDC, 0xDE,
    0x02, 0xEC, 0x84, 0xDE, 0xDD, 0xF5, 0xD0, 0xD4, 0x03, 0xE0, 0x83, 0xD4, 0xE8, 0xFE, 0xFD, 0x0A,
    0xFE, 0x81, 0xA5, 0x48, 0x05, 0xFE, 0x83, 0xC0, 0xA8, 0x88, 0x5F, 0x02, 0x84, 0x82, 0x5E, 0x4F,
    0x4B, 0x03, 0x4F, 0x80, 0x4B, 0x02, 0x82, 0x07, 0x4F, 0x80, 0x82, 0x05, 0x4F, 0x81, 0x82, 0x4F,
    0x02, 0x82, 0x8D, 0x4D, 0x86, 0x90, 0x82, 0x49, 0x4B, 0xA4, 0x4F, 0x82, 0x88, 0x4F, 0x82, 0x86,
    0xAC, 0x02, 0xE7, 0x80, 0xE4, 0x02, 0xEE, 0x81, 0xE4, 0xFF, 0x04, 0xEA, 0x88, 0xCE, 0xC3, 0x7C,
    0xB1, 0x0C, 0x06, 0x19, 0x1D, 0x0A, 0x02, 0x1C, 0x02, 0x1F, 0x81, 0x27, 0x1D, 0x02, 0x01, 0x82,
    0x05, 0x01, 0x00, 0x04, 0x01, 0x88, 0x0A, 0x16, 0x1C, 0x27, 0x19, 0x11, 0x07, 0x27, 0x0D, 0x04,
    0x08, 0x87, 0x05, 0x08, 0x07, 0x05, 0x08, 0x05, 0x0E, 0x1D, 0x02, 0x2E, 0x83, 0x36, 0x45, 0x55,
    0x45, 0x03, 0x44, 0x02, 0x36, 0x82, 0x54, 0x55, 0x44, 0x02, 0x36, 0x81, 0x55, 0x54, 0x05, 0x36,
    0x81, 0x44, 0x36, 0x02, 0x55, 0x82, 0x36, 0x44, 0x54, 0x02, 0x45, 0x02, 0x5B, 0x02, 0x45, 0x87,
    0x44, 0x33, 0x2E, 0x1F, 0x27, 0x34, 0x33, 0x55, 0x02, 0x57, 0x05, 0xB1, 0x0A, 0x9C, 0x09, 0x9A,
    0x03, 0x99, 0x81, 0x9A, 0xC9, 0x03, 0xCA, 0x80, 0xD1, 0x02, 0xCA, 0x81, 0x44, 0x06, 0x02, 0x1D,
    0x81, 0x1A, 0x01, 0x02, 0x0A, 0x84, 0x1D, 0x58, 0x9A, 0xC3, 0xD1, 0x02, 0xD4, 0x84, 0xEA, 0xD2,
    0xC9, 0xB6, 0x92, 0x02, 0x95, 0x81, 0x92, 0x91, 0x02, 0x95, 0x80, 0x97, 0x07, 0x98, 0x03, 0xA0,
    0x03, 0x98, 0x02, 0x97, 0x02, 0x95, 0x81, 0x97, 0x95, 0x07, 0x91, 0x85, 0xC4, 0x5B, 0x1E, 0xB1,
    0x44, 0x27, 0x02, 0x0A, 0x81, 0x01, 0x06, 0x02, 0x07, 0x03, 0x04, 0x80, 0x06, 0x02, 0x04, 0x02,
    0x00, 0x80, 0x0A, 0x02, 0x04, 0x86, 0x06, 0x2D, 0x32, 0x2D, 0x13, 0x33, 0x6C, 0x02, 0x59, 0x80,
    0x26, 0x02, 0x79, 0x84, 0x7C, 0x9B, 0xC3, 0xC7, 0xCD, 0x02, 0xCE, 0x80, 0xDD, 0x05, 0xCE, 0x81,
    0xDC, 0xEB, 0x02, 0xDE, 0x83, 0xDD, 0xDE, 0xEB, 0xDE, 0x03, 0xDD, 0x80, 0xEA, 0x04, 0xDF, 0x82,
    0xEE, 0xFE, 0xFF, 0x08, 0xFE, 0x85, 0xB0, 0xC0, 0xA6, 0x83, 0xC0, 0xA8, 0x03, 0xC0, 0x81, 0x88,
    0x5E, 0x04, 0x84, 0x80, 0x5F, 0x08, 0x4F, 0x80, 0x82, 0x04, 0x4F, 0x80, 0x82, 0x08, 0x4F, 0x82,
    0x82, 0x4F, 0x82, 0x02, 0x4F, 0x83, 0x86, 0x88, 0x86, 0x4B, 0x03, 0x82, 0x04, 0x4E, 0x83, 0xF3,
    0xE2, 0xEE, 0xE4, 0x02, 0xEE, 0x81, 0xE4, 0xFF, 0x04, 0xEA, 0x89, 0xD2, 0xC3, 0x7C, 0x9C, 0x11,
    0x0C, 0x13, 0x1F, 0x0A, 0x1F, 0x02, 0x1D, 0x82, 0x1C, 0x27, 0x1D, 0x02, 0x04, 0x81, 0x01, 0x05,
    0x02, 0x01, 0x80, 0x06, 0x03, 0x01, 0x83, 0x16, 0x1F, 0x27, 0x0C, 0x02, 0x08, 0x81, 0x27, 0x0D,
    0x05, 0x08, 0x88, 0x05, 0x0C, 0x03, 0x11, 0x1D, 0x2E, 0x36, 0x55, 0x57, 0x03, 0x55, 0x80, 0x27,
    0x04, 0x2E, 0x82, 0x36, 0x54, 0x55, 0x03, 0x36, 0x83, 0x54, 0x44, 0x36, 0x44, 0x03, 0x36, 0x02,
    0x44, 0x81, 0x54, 0x55, 0x02, 0x44, 0x03, 0x45, 0x02, 0x5B, 0x02, 0x45, 0x82, 0x33, 0x2C, 0x2A,
    0x02, 0x1F, 0x82, 0x34, 0x44, 0x55, 0x02, 0x57, 0x07, 0xB1, 0x07, 0x9C, 0x81, 0x9B, 0x9C, 0x08,
    0x9A, 0x02, 0x99, 0x02, 0x9A, 0x83, 0xC5, 0xC9, 0xCA, 0xC9, 0x04, 0xD1, 0x80, 0x0E, 0x02, 0x1D,
    0x86, 0x1A, 0x0A, 0x01, 0x10, 0x06, 0x44, 0x76, 0x02, 0xC5, 0x02, 0xD2, 0x88, 0xD4, 0xDD, 0xD1,
    0xC9, 0xB2, 0x95, 0x92, 0x99, 0x92, 0x03, 0x9A, 0x04, 0x98, 0x02, 0xB1, 0x05, 0xA0, 0x04, 0x98,
    0x84, 0x97, 0x95, 0x98, 0x97, 0x95, 0x02, 0x92, 0x02, 0x91, 0x83, 0x31, 0x76, 0x91, 0xC7, 0x02,
    0xC5, 0x85, 0xB1, 0x38, 0x06, 0x08, 0x06, 0x08, 0x03, 0x04, 0x84, 0x01, 0x04, 0x00, 0x03, 0x04,
    0x03, 0x01, 0x02, 0x04, 0x80, 0x08, 0x02, 0x2D, 0x85, 0x26, 0x19, 0x3A, 0x65, 0x73, 0x65, 0x02,
    0x6F, 0x81, 0x7C, 0x93, 0x02, 0x9B, 0x80, 0xC3, 0x03, 0xC7, 0x81, 0xD9, 0xC7, 0x02, 0xC3, 0x87,
    0xC1, 0x9B, 0xC7, 0xDA, 0xEC, 0xEF, 0xEC, 0xDD, 0x02, 0xE9, 0x84, 0xDA, 0xDD, 0xEC, 0xEF, 0xED,
    0x02, 0xDF, 0x81, 0xE0, 0xEE, 0x07, 0xFE, 0x81, 0xAD, 0xFD, 0x02, 0xC0, 0x83, 0xB0, 0xFE, 0xA6,
    0xA1, 0x02, 0xA8, 0x82, 0xB0, 0xFE, 0x90, 0x05, 0x84, 0x1D, 0x4F, 0x02, 0x82, 0x02, 0x4F, 0x80,
    0x82, 0x02, 0x4E, 0x86, 0x82, 0x4E, 0x4D, 0xF9, 0xE7, 0xEE, 0xE4, 0x03, 0xEE, 0x80, 0xFF, 0x04,
    0xEA, 0x84, 0xD2, 0xC7, 0x7C, 0x91, 0x33, 0x02, 0x11, 0x87, 0x1F, 0x0B, 0x1C, 0x0E, 0x1D, 0x1F,
    0x27, 0x1D, 0x02, 0x04, 0x05, 0x01, 0x80, 0x00, 0x02, 0x01, 0x83, 0x12, 0x27, 0x1F, 0x11, 0x02,
    0x0C, 0x81, 0x1F, 0x0D, 0x05, 0x08, 0x84, 0x05, 0x0B, 0x0C, 0x33, 0x36, 0x03, 0x57, 0x83, 0x55,
    0x44, 0x36, 0x2E, 0x02, 0x1D, 0x83, 0x1C, 0x27, 0x2E, 0x36, 0x02, 0x55, 0x03, 0x44, 0x03, 0x36,
    0x83, 0x38, 0x36, 0x44, 0x36, 0x02, 0x44, 0x83, 0x54, 0x55, 0x36, 0x44, 0x03, 0x45, 0x02, 0x5B,
    0x82, 0x45, 0x44, 0x33, 0x02, 0x27, 0x83, 0x1F, 0x27, 0x45, 0x44, 0x03, 0x57, 0x09, 0xB1, 0x04,
    0x9C, 0x81, 0x9A, 0x9C, 0x0C, 0x9A, 0x83, 0x9C, 0xB2, 0xD1, 0xC9, 0x03, 0xD1, 0x83, 0xD3, 0xD1,
    0x8D, 0x16, 0x02, 0x1D, 0x02, 0x03, 0x85, 0x0E, 0x0A, 0x0E, 0x76, 0xB2, 0xC5, 0x02, 0xC9, 0x02,
    0xEA, 0x83, 0xD1, 0xCA, 0xC5, 0x92, 0x05, 0x9A, 0x04, 0x98, 0x80, 0xB1, 0x02, 0xA0, 0x80, 0xB1,
    0x06, 0xA0, 0x81, 0x98, 0xA0, 0x04, 0x98, 0x02, 0x99, 0x81, 0x94, 0x92, 0x04, 0x91, 0x88, 0x98,
    0xC4, 0xB2, 0xC7, 0xC2, 0x11, 0x05, 0x04, 0x01, 0x03, 0x04, 0x80, 0x07, 0x02, 0x04, 0x84, 0x07,
    0x04, 0x00, 0x09, 0x0C, 0x02, 0x04, 0x81, 0x0B, 0x37, 0x02, 0x2D, 0x81, 0x13, 0x34, 0x02, 0x65,
    0x80, 0x79, 0x02, 0x6B, 0x07, 0x7C, 0x04, 0x93, 0x85, 0x60, 0x34, 0x59, 0xE1, 0xD4, 0xCF, 0x04,
    0xDD, 0x85, 0xEC, 0xDE, 0xE0, 0xEA, 0xEF, 0xED, 0x03, 0xDF, 0x82, 0xE4, 0xF3, 0xFF, 0x02, 0xFE,
    0x84, 0xF3, 0xAB, 0xB4, 0xA4, 0xA2, 0x02, 0xC0, 0x85, 0xFE, 0xA8, 0xB0, 0x81, 0xA5, 0xA6, 0x02,
    0xA8, 0x02, 0xFE, 0x80, 0x8B, 0x03, 0x84, 0x80, 0x4E, 0x1D, 0x4F, 0x80, 0x4E, 0x07, 0x4F, 0x83,
    0x4E, 0xF3, 0xE2, 0xE4, 0x04, 0xEE, 0x81, 0xFC, 0xED, 0x03, 0xEA, 0x8F, 0xDA, 0xCD, 0x7C, 0x78,
    0x47, 0x06, 0x11, 0x1C, 0x03, 0x19, 0x0B, 0x13, 0x1D, 0x27, 0x1C, 0x07, 0x07, 0x04, 0x02, 0x03,
    0x80, 0x0E, 0x02, 0x1F, 0x85, 0x08, 0x03, 0x08, 0x19, 0x0D, 0x07, 0x02, 0x05, 0x81, 0x0C, 0x05,
    0x02, 0x0C, 0x80, 0x11, 0x02, 0x27, 0x80, 0x55, 0x02, 0x57, 0x89, 0x44, 0x33, 0x27, 0x2E, 0x13,
    0x16, 0x19, 0x27, 0x2E, 0x36, 0x0B, 0x55, 0x80, 0x44, 0x02, 0x36, 0x02, 0x55, 0x84, 0x38, 0x44,
    0x45, 0x44, 0x45, 0x02, 0x5B, 0x02, 0x45, 0x02, 0x33, 0x02, 0x20, 0x82, 0x2A, 0x5B, 0x55, 0x03,
    0x57, 0x03, 0xB2, 0x06, 0xB1, 0x04, 0x9C, 0x81, 0x9A, 0x9C, 0x06, 0x9A, 0x03, 0x94, 0x02, 0x9A,
    0x83, 0x99, 0xB1, 0xB2, 0xC9, 0x07, 0xD1, 0x8A, 0x5C, 0x1D, 0x19, 0x05, 0x03, 0x0C, 0x06, 0x00,
    0x33, 0x92, 0xC3, 0x02, 0xC5, 0x85, 0xEA, 0xD4, 0xEA, 0xD1, 0xCA, 0xB2, 0x04, 0x9A, 0x03, 0x98,
    0x80, 0xA0, 0x02, 0xB1, 0x80, 0xA0, 0x03, 0xC2, 0x02, 0xC4, 0x06, 0xA0, 0x80, 0x98, 0x02, 0x97,
    0x03, 0x9A, 0x06, 0x92, 0x81, 0xA0, 0xB1, 0x02, 0xC5, 0x81, 0x76, 0x06, 0x07, 0x04, 0x85, 0x00,
    0x07, 0x04, 0x00, 0x09, 0x0C, 0x02, 0x04, 0x81, 0x10, 0x3B, 0x02, 0x37, 0x83, 0x31, 0x13, 0x11,
    0x16, 0x04, 0x26, 0x02, 0x37, 0x82, 0x32, 0x2D, 0x3B, 0x02, 0x2D, 0x02, 0x33, 0x82, 0x47, 0xB6,
    0xDE, 0x04, 0xDD, 0x80, 0xEA, 0x03, 0xD4, 0x82, 0xF5, 0xEA, 0xE0, 0x04, 0xEF, 0x02, 0xDF, 0x86,
    0xE3, 0xD6, 0xAB, 0xFD, 0xFE, 0xE6, 0xAB, 0x02, 0x90, 0x87, 0x85, 0xFE, 0xC0, 0xFE, 0xA8, 0xA2,
    0xA8, 0xA6, 0x03, 0x83, 0x81, 0xFE, 0xC0, 0x03, 0x8B, 0x82, 0x5F, 0x4F, 0x82, 0x1A, 0x4F, 0x82,
    0x86, 0x4F, 0x4E, 0x07, 0x4F, 0x82, 0x5F, 0xF3, 0xE2, 0x02, 0xE4, 0x02, 0xEE, 0x82, 0xE4, 0xFB,
    0xED, 0x03, 0xEA, 0x8E, 0xD2, 0xCD, 0x93, 0x7C, 0x8C, 0x0A, 0x11, 0x1C, 0x0B, 0x19, 0x0C, 0x13,
    0x1C, 0x1F, 0x1D, 0x02, 0x04, 0x80, 0x00, 0x05, 0x04, 0x03, 0x03, 0x02, 0x27, 0x03, 0x08, 0x81,
    0x19, 0x03, 0x03, 0x0C, 0x80, 0x0E, 0x02, 0x0C, 0x84, 0x08, 0x19, 0x1D, 0x1F, 0x55, 0x02, 0x57,
    0x83, 0x2E, 0x27, 0x1C, 0x27, 0x02, 0x11, 0x83, 0x1D, 0x33, 0x2E, 0x55, 0x02, 0x67, 0x06, 0x57,
    0x03, 0x67, 0x03, 0x57, 0x84, 0x67, 0x57, 0x36, 0x33, 0x44, 0x02, 0x45, 0x81, 0x56, 0x5B, 0x02,
    0x45, 0x80, 0x44, 0x04, 0x33, 0x80, 0x67, 0x04, 0x57, 0x03, 0xB2, 0x07, 0xB1, 0x84, 0x9C, 0xB1,
    0x9C, 0x9A, 0x9C, 0x03, 0x9A, 0x80, 0x94, 0x04, 0x9A, 0x80, 0x99, 0x03, 0x9A, 0x82, 0xB1, 0xB2,
    0xC5, 0x08, 0xD1, 0x81, 0x5C, 0x19, 0x02, 0x0C, 0x84, 0x11, 0x07, 0x0F, 0x07, 0x76, 0x03, 0xC5,
    0x03, 0xE9, 0x8A, 0xD2, 0xD1, 0xC9, 0x9A, 0xB1, 0x98, 0x9A, 0xB1, 0x9C, 0xB1, 0xA0, 0x02, 0xB1,
    0x03, 0xC2, 0x03, 0xC4, 0x03, 0xC2, 0x82, 0xA0, 0xC2, 0xA0, 0x02, 0xB1, 0x80, 0x94, 0x06, 0x9A,
    0x04, 0x94, 0x81, 0xC7, 0xC5, 0x02, 0xC3, 0x83, 0x16, 0x08, 0x09, 0x01, 0x02, 0x04, 0x82, 0x06,
    0x04, 0x07, 0x03, 0x04, 0x85, 0x07, 0x04, 0x07, 0x04, 0x13, 0x3B, 0x03, 0x37, 0x02, 0x3B, 0x81,
    0x2D, 0x33, 0x02, 0x16, 0x8B, 0x19, 0x26, 0x13, 0x45, 0x9A, 0xB1, 0xC9, 0xC5, 0xCD, 0xC3, 0xC9,
    0xD0, 0x04, 0xDD, 0x80, 0xD4, 0x04, 0xEA, 0x82, 0xEF, 0xF5, 0xE0, 0x02, 0xEF, 0x02, 0xED, 0x02,
    0xDF, 0x82, 0xE3, 0xE6, 0x9E, 0x02, 0x8F, 0x02, 0xFE, 0x85, 0x8C, 0x8B, 0x85, 0xFE, 0xC0, 0xB0,
    0x04, 0x83, 0x84, 0x49, 0x83, 0xA2, 0xA7, 0xC0, 0x02, 0x8B, 0x80, 0x86, 0x1B, 0x4F, 0x82, 0x90,
    0x86, 0x4E, 0x09, 0x4F, 0x83, 0x86, 0xF3, 0xE7, 0xE4, 0x04, 0xEE, 0x81, 0xFB, 0xEE, 0x03, 0xEA,
    0x8F, 0xD2, 0xCD, 0xC1, 0x7C, 0x9E, 0x11, 0x0E, 0x1F, 0x0D, 0x19, 0x0D, 0x16, 0x1F, 0x27, 0x1F,
    0x0D, 0x02, 0x06, 0x05, 0x04, 0x94, 0x06, 0x04, 0x00, 0x1C, 0x1F, 0x0B, 0x03, 0x00, 0x03, 0x0E,
    0x11, 0x19, 0x10, 0x11, 0x0C, 0x0E, 0x11, 0x27, 0x16, 0x19, 0x44, 0x02, 0x57, 0x83, 0x27, 0x1C,
    0x1A, 0x27, 0x02, 0x11, 0x82, 0x19, 0x2E, 0x36, 0x03, 0x67, 0x06, 0x57, 0x03, 0x67, 0x04, 0x57,
    0x80, 0x67, 0x02, 0x57, 0x80, 0x44, 0x02, 0x33, 0x81, 0x44, 0x5A, 0x03, 0x45, 0x02, 0x44, 0x02,
    0x45, 0x80, 0x67, 0x04, 0x57, 0x03, 0xB2, 0x09, 0xB1, 0x02, 0x9A, 0x80, 0x9B, 0x02, 0x9A, 0x02,
    0x94, 0x81, 0x9A, 0x94, 0x02, 0x92, 0x02, 0x9A, 0x02, 0x9C, 0x83, 0x99, 0xB2, 0xC5, 0xCA, 0x06,
    0xD1, 0x8A, 0xD2, 0xD1, 0xB2, 0x13, 0x06, 0x0A, 0x08, 0x0D, 0x06, 0x13, 0xB1, 0x02, 0xC5, 0x83,
    0xCA, 0xDD, 0xE9, 0xEA, 0x02, 0xD1, 0x02, 0x9A, 0x80, 0x98, 0x02, 0x9C, 0x02, 0xB1, 0x04, 0xC2,
    0x02, 0xC5, 0x04, 0xC4, 0x85, 0xC5, 0xC4, 0xC2, 0xC4, 0xC2, 0xA0, 0x02, 0xB1, 0x82, 0x92, 0x9A,
    0x9C, 0x06, 0x9A, 0x82, 0x94, 0x9C, 0xC7, 0x02, 0xC3, 0x82, 0x9A, 0x0F, 0x0A, 0x04, 0x04, 0x86,
    0x07, 0x04, 0x00, 0x04, 0x01, 0x06, 0x00, 0x02, 0x04, 0x81, 0x15, 0x3E, 0x03, 0x37, 0x03, 0x64,
    0x85, 0x7C, 0x6C, 0x37, 0x16, 0x2D, 0x58, 0x02, 0x92, 0x86, 0xB1, 0xC3, 0xC5, 0xC9, 0xC5, 0xCF,
    0xE0, 0x03, 0xD4, 0x06, 0xEA, 0x84, 0xEF, 0xF5, 0xEF, 0xED, 0xEF, 0x02, 0xED, 0x83, 0xE0, 0xDF,
    0xE3, 0xF3, 0x03, 0x8F, 0x88, 0xAC, 0x88, 0xA4, 0x84, 0x8B, 0xAC, 0xB0, 0x83, 0xA6, 0x03, 0x83,
    0x02, 0xA2, 0x84, 0xA6, 0x83, 0x8F, 0x8B, 0x85, 0x21, 0x4F, 0x80, 0x4E, 0x02, 0x4F, 0x80, 0x4D,
    0x02, 0x4F, 0x83, 0x82, 0x88, 0xBE, 0xE7, 0x04, 0xE4, 0x83, 0xEE, 0xE8, 0xF6, 0xE3, 0x02, 0xEA,
    0x8C, 0xD2, 0xCD, 0xDD, 0x7C, 0xB9, 0x06, 0x0A, 0x1D, 0x0E, 0x19, 0x0B, 0x1D, 0x1C, 0x02, 0x1F,
    0x80, 0x1D, 0x02, 0x0C, 0x04, 0x04, 0x8B, 0x07, 0x06, 0x04, 0x00, 0x1C, 0x1F, 0x0B, 0x03, 0x04,
    0x03, 0x05, 0x0C, 0x06, 0x11, 0x80, 0x27, 0x02, 0x11, 0x80, 0x36, 0x02, 0x57, 0x89, 0x27, 0x19,
    0x13, 0x27, 0x0C, 0x0E, 0x1D, 0x36, 0x54, 0x57, 0x02, 0x67, 0x04, 0x57, 0x80, 0x55, 0x02, 0x57,
    0x02, 0x67, 0x04, 0x57, 0x80, 0x67, 0x03, 0x57, 0x84, 0x5B, 0x5C, 0x75, 0x74, 0x58, 0x04, 0x45,
    0x82, 0x5B, 0x57, 0x67, 0x04, 0x57, 0x05, 0xB2, 0x04, 0xB1, 0x80, 0x9C, 0x02, 0xB1, 0x05, 0x9A,
    0x81, 0x94, 0x9A, 0x02, 0xB1, 0x83, 0x9A, 0x92, 0x9A, 0x9C, 0x03, 0xB2, 0x80, 0xB6, 0x02, 0xC9,
    0x80, 0xD2, 0x05, 0xD1, 0x02, 0xD2, 0x89, 0xCA, 0xB2, 0x2C, 0x0A, 0x00, 0x0D, 0x0C, 0x06, 0x5D,
    0xC2, 0x02, 0xC5, 0x02, 0xDD, 0x80, 0xEA, 0x02, 0xD2, 0x86, 0xB2, 0xA0, 0x2C, 0x9C, 0xB1, 0xB2,
    0xA0, 0x04, 0xC2, 0x02, 0xC5, 0x04, 0xC4, 0x83, 0xC5, 0xC4, 0xC2, 0xC4, 0x02, 0xC2, 0x03, 0xB1,
    0x81, 0x9A, 0x98, 0x02, 0x9C, 0x05, 0x9A, 0x80, 0x9B, 0x02, 0xC7, 0x92, 0xC3, 0xC7, 0x73, 0x0C,
    0x07, 0x00, 0x0B, 0x00, 0x0A, 0x10, 0x04, 0x0B, 0x00, 0x04, 0x01, 0x0B, 0x01, 0x15, 0x3B, 0x03,
    0x37, 0x03, 0x64, 0x8F, 0x6F, 0x6B, 0x64, 0x72, 0x92, 0x73, 0x8A, 0x99, 0x9D, 0xC3, 0xC5, 0xCA,
    0xC5, 0xCF, 0xED, 0xEF, 0x07, 0xEA, 0x80, 0xF5, 0x03, 0xEF, 0x80, 0xED, 0x02, 0xEF, 0x02, 0xED,
    0x89, 0xDF, 0xED, 0xF1, 0x9E, 0x8F, 0x88, 0x86, 0x87, 0x88, 0x90, 0x02, 0x85, 0x80, 0xB0, 0x03,
    0x83, 0x81, 0x4B, 0x49, 0x03, 0x83, 0x85, 0xAF, 0x47, 0x86, 0x4E, 0x4F, 0x4E, 0x05, 0x4F, 0x80,
    0x4E, 0x1A, 0x4F, 0x02, 0x4E, 0x03, 0x4F, 0x83, 0x82, 0x88, 0xAE, 0xE8, 0x02, 0xE4, 0x80, 0xEE,
    0x03, 0xE4, 0x81, 0xFB, 0xED, 0x02, 0xEA, 0x8D, 0xD2, 0xC7, 0xEF, 0x7C, 0xB6, 0x06, 0x08, 0x1C,
    0x0F, 0x19, 0x00, 0x1D, 0x1C, 0x1F, 0x02, 0x1C, 0x02, 0x06, 0x81, 0x0B, 0x03, 0x05, 0x04, 0x85,
    0x01, 0x27, 0x1F, 0x0D, 0x04, 0x06, 0x02, 0x04, 0x8A, 0x08, 0x03, 0x08, 0x07, 0x08, 0x11, 0x0B,
    0x27, 0x10, 0x11, 0x2E, 0x02, 0x57, 0x83, 0x1C, 0x13, 0x11, 0x1D, 0x02, 0x0E, 0x83, 0x1D, 0x36,
    0x55, 0x57, 0x02, 0x67, 0x80, 0x57, 0x05, 0x55, 0x80, 0x57, 0x02, 0x67, 0x08, 0x57, 0x81, 0x5A,
    0x5B, 0x02, 0x77, 0x81, 0x67, 0x5A, 0x0A, 0x57, 0x05, 0xB2, 0x04, 0xB1, 0x03, 0x9C, 0x04, 0x9A,
    0x02, 0x92, 0x87, 0x9C, 0xB2, 0xC5, 0xB6, 0xC9, 0xCA, 0xC9, 0xCA, 0x03, 0xC9, 0x82, 0xCA, 0xC9,
    0xCA, 0x06, 0xD1, 0x89, 0xD2, 0xC5, 0xC3, 0x9B, 0x56, 0x0C, 0x08, 0x05, 0x06, 0x16, 0x02, 0xC5,
    0x83, 0xC3, 0xCD, 0xD1, 0xE9, 0x02, 0xD2, 0x88, 0xD1, 0xB1, 0x06, 0xC4, 0xC2, 0x9C, 0xB1, 0xC5,
    0xC2, 0x04, 0xC5, 0x06, 0xC4, 0x80, 0xC2, 0x02, 0xC4, 0x82, 0xC5, 0xC2, 0xB2, 0x02, 0xB1, 0x81,
    0x98, 0xB1, 0x02, 0x9C, 0x04, 0x9B, 0x88, 0x9C, 0xC1, 0xC3, 0x32, 0xC5, 0xC3, 0x5B, 0x04, 0x08,
    0x02, 0x07, 0x83, 0x01, 0x1D, 0x02, 0x00, 0x03, 0x04, 0x83, 0x06, 0x03, 0x2D, 0x3B, 0x02, 0x37,
    0x80, 0x3B, 0x03, 0x64, 0x02, 0x6B, 0x8B, 0x64, 0x93, 0x92, 0x73, 0x8A, 0x9C, 0x9D, 0xC5, 0xC4,
    0xCB, 0xC4, 0xCB, 0x02, 0xEE, 0x03, 0xEA, 0x02, 0xED, 0x03, 0xF5, 0x80, 0xEF, 0x04, 0xED, 0x80,
    0xEF, 0x04, 0xED, 0x83, 0xE8, 0xAB, 0x8F, 0x88, 0x02, 0x87, 0x85, 0x86, 0x88, 0x8C, 0xBC, 0x86,
    0xA7, 0x02, 0x83, 0x87, 0x4B, 0x46, 0x88, 0x4B, 0xBF, 0x5E, 0x86, 0x5F, 0x05, 0x4E, 0x1D, 0x4F,
    0x02, 0x4E, 0x80, 0x4D, 0x04, 0x4F, 0x83, 0x8F, 0xAC, 0xE8, 0xD8, 0x05, 0xE4, 0x94, 0xFB, 0xED,
    0xF5, 0xEA, 0xDD, 0xC7, 0xE0, 0x7C, 0x98, 0x0D, 0x08, 0x14, 0x1D, 0x10, 0x06, 0x19, 0x1C, 0x27,
    0x1C, 0x27, 0x0D, 0x02, 0x06, 0x06, 0x04, 0x80, 0x01, 0x02, 0x27, 0x82, 0x0F, 0x04, 0x0A, 0x02,
    0x04, 0x03, 0x03, 0x87, 0x0B, 0x08, 0x16, 0x0B, 0x27, 0x1D, 0x11, 0x1C, 0x02, 0x57, 0x8A, 0x1D,
    0x11, 0x0E, 0x0C, 0x0E, 0x11, 0x1D, 0x55, 0x67, 0x57, 0x67, 0x02, 0x57, 0x85, 0x45, 0x44, 0x54,
    0x36, 0x45, 0x55, 0x02, 0x67, 0x0A, 0x57, 0x81, 0x67, 0x75, 0x0C, 0x57, 0x05, 0xB2, 0x04, 0xB1,
    0x03, 0x9C, 0x02, 0x9A, 0x02, 0x99, 0x84, 0x92, 0x9A, 0xB2, 0xC9, 0xB6, 0x07, 0xC9, 0x80, 0xCA,
    0x02, 0xC9, 0x80, 0xD2, 0x05, 0xD1, 0x02, 0xD2, 0x80, 0xC9, 0x02, 0xB1, 0x93, 0x9C, 0x5B, 0x09,
    0x04, 0x0A, 0x06, 0x8A, 0xC3, 0xC7, 0xC3, 0xC9, 0xD2, 0xE9, 0xD2, 0xD1, 0xB1, 0x0C, 0x1D, 0x44,
    0x27, 0x02, 0xC2, 0x04, 0xC5, 0x0A, 0xC4, 0x02, 0xC5, 0x03, 0xC2, 0x04, 0xB1, 0x06, 0x9C, 0x84,
    0xC7, 0xCD, 0x3C, 0xC7, 0x76, 0x04, 0x0C, 0x83, 0x09, 0x1D, 0x03, 0x0A, 0x02, 0x04, 0x84, 0x07,
    0x06, 0x05, 0x37, 0x3E, 0x02, 0x37, 0x80, 0x3B, 0x03, 0x64, 0x03, 0x6B, 0x88, 0x93, 0x92, 0x8A,
    0x92, 0x9A, 0xA9, 0xC5, 0xC6, 0xCF, 0x02, 0xC6, 0x02, 0xF2, 0x80, 0xE3, 0x04, 0xEF, 0x02, 0xF5,
    0x81, 0xEA, 0xEF, 0x04, 0xED, 0x80, 0xEF, 0x02, 0xED, 0x85, 0xEF, 0xED, 0xE8, 0xD6, 0x8F, 0x88,
    0x02, 0x87, 0x86, 0x86, 0x88, 0x87, 0x86, 0x4F, 0x88, 0xA3, 0x02, 0xA4, 0x85, 0xA3, 0x8F, 0x86,
    0x4D, 0x5F, 0x4F, 0x06, 0x4E, 0x1D, 0x4F, 0x03, 0x4E, 0x04, 0x4F, 0x82, 0x8F, 0xAB, 0xE8, 0x06,
    0xE4, 0x88, 0xFB, 0xEF, 0xF5, 0xEA, 0xDD, 0xC7, 0xE4, 0x7C, 0x9B, 0x02, 0x0C, 0x88, 0x0A, 0x1C,
    0x09, 0x11, 0x2C, 0x2E, 0x31, 0x2E, 0x33, 0x02, 0x1F, 0x81, 0x27, 0x19, 0x02, 0x07, 0x80, 0x06,
    0x03, 0x04, 0x87, 0x1C, 0x1F, 0x12, 0x04, 0x06, 0x04, 0x07, 0x04, 0x02, 0x03, 0x83, 0x08, 0x05,
    0x27, 0x0B, 0x02, 0x27, 0x81, 0x08, 0x13, 0x02, 0x57, 0x81, 0x19, 0x11, 0x02, 0x0C, 0x02, 0x0E,
    0x88, 0x1C, 0x57, 0x67, 0x57, 0x67, 0x57, 0x55, 0x36, 0x2E, 0x03, 0x36, 0x82, 0x55, 0x57, 0x67,
    0x0A, 0x57, 0x81, 0x67, 0x77, 0x0C, 0x57, 0x07, 0xB2, 0x83, 0xB1, 0xB2, 0xC5, 0xCA, 0x02, 0xD2,
    0x02, 0xD1, 0x04, 0xC9, 0x02, 0xB6, 0x83, 0xC9, 0xB6, 0xC5, 0xB6, 0x04, 0xC9, 0x81, 0xC5, 0xC9,
    0x05, 0xD1, 0x84, 0xD2, 0xE9, 0xD4, 0xCA, 0x38, 0x02, 0x26, 0x80, 0x1B, 0x04, 0x26, 0x81, 0x1B,
    0xC9, 0x03, 0xC5, 0x8A, 0xCD, 0xE9, 0xD2, 0xEA, 0x0E, 0x01, 0x0A, 0x13, 0x5B, 0xB1, 0xC2, 0x05,
    0xC5, 0x02, 0xC4, 0x03, 0xC5, 0x03, 0xC4, 0x03, 0xC5, 0x02, 0xC3, 0x02, 0xC2, 0x80, 0xB1, 0x02,
    0xC1, 0x03, 0xB1, 0x03, 0x9C, 0x8B, 0x91, 0xCD, 0xB2, 0x9C, 0x91, 0x31, 0x11, 0x01, 0x00, 0x09,
    0x1C, 0x06, 0x02, 0x04, 0x02, 0x07, 0x81, 0x09, 0x0C, 0x02, 0x3B, 0x02, 0x37, 0x80, 0x3B, 0x03,
    0x64, 0x80, 0x6C, 0x02, 0x6B, 0x85, 0x94, 0x92, 0x73, 0x92, 0x9A, 0xB1, 0x02, 0xC4, 0x86, 0xCF,
    0xC4, 0xC6, 0xF6, 0xF4, 0xED, 0xF5, 0x03, 0xEF, 0x03, 0xF5, 0x81, 0xEF, 0xE3, 0x05, 0xED, 0x02,
    0xEF, 0x02, 0xE4, 0x81, 0xE5, 0x8F, 0x02, 0x88, 0x80, 0x87, 0x02, 0x86, 0x04, 0x87, 0x05, 0x86,
    0x05, 0x4E, 0x04, 0x4F, 0x0E, 0x4E, 0x0B, 0x4F, 0x03, 0x4E, 0x03, 0x4F, 0x02, 0x4E, 0x02, 0x4F,
    0x86, 0x82, 0x4E, 0x8F, 0xAB, 0xE8, 0xE4, 0xD8, 0x04, 0xE4, 0x81, 0xFB, 0xE3, 0x02, 0xEA, 0x8A,
    0xD2, 0xC7, 0xEA, 0x93, 0xC2, 0x08, 0x09, 0x08, 0x2C, 0x5C, 0x5D, 0x02, 0x89, 0x89, 0x8A, 0x89,
    0x8A, 0x89, 0x5C, 0x0A, 0x44, 0x1F, 0x8B, 0x5D, 0x03, 0x5C, 0x03, 0x77, 0x02, 0x47, 0x83, 0x33,
    0x13, 0x11, 0x0E, 0x02, 0x11, 0x8D, 0x0D, 0x1F, 0x0C, 0x27, 0x24, 0x19, 0x11, 0x55, 0x57, 0x10,
    0x11, 0x05, 0x03, 0x19, 0x02, 0x33, 0x85, 0x67, 0x95, 0x57, 0x67, 0x57, 0x36, 0x02, 0x27, 0x86,
    0x2E, 0x36, 0x27, 0x36, 0x57, 0x67, 0x55, 0x09, 0x57, 0x81, 0x67, 0x77, 0x0C, 0x57, 0x80, 0xB6,
    0x03, 0xD1, 0x82, 0xC9, 0xB2, 0xB1, 0x06, 0xD1, 0x03, 0xC9, 0x04, 0xB6, 0x83, 0xC5, 0xB2, 0xB6,
    0xC5, 0x03, 0xB6, 0x04, 0xC9, 0x80, 0xCA, 0x02, 0xD1, 0x8A, 0xC5, 0xCA, 0xD1, 0xE9, 0xB1, 0x58,
    0x2C, 0x26, 0x28, 0x26, 0x22, 0x03, 0x23, 0x83, 0x26, 0xC4, 0xC5, 0xC3, 0x02, 0xC5, 0x88, 0xEA,
    0xE9, 0xD1, 0x19, 0x08, 0x0A, 0x18, 0x98, 0xC2, 0x04, 0xC5, 0x81, 0xC4, 0xC5, 0x02, 0xC4, 0x82,
    0xC5, 0xC4, 0xC9, 0x03, 0xC4, 0x81, 0xC5, 0xC4, 0x05, 0xC5, 0x80, 0xC3, 0x02, 0xC2, 0x80, 0xC3,
    0x03, 0xC2, 0x02, 0xC1, 0x02, 0x98, 0x80, 0xC7, 0x02, 0xC3, 0x85, 0xC7, 0x76, 0x11, 0x06, 0x09,
    0x1C, 0x03, 0x04, 0x85, 0x03, 0x07, 0x0D, 0x12, 0x3E, 0x3B, 0x02, 0x37, 0x04, 0x3B, 0x80, 0x64,
    0x02, 0x6B, 0x80, 0x73, 0x03, 0x92, 0x8A, 0x9A, 0xC2, 0xC5, 0xC6, 0xCF, 0xC4, 0xC8, 0xFB, 0xF4,
    0xED, 0xF5, 0x02, 0xEF, 0x80, 0xED, 0x02, 0xF5, 0x80, 0xEA, 0x02, 0xE3, 0x81, 0xEF, 0xE3, 0x02,
    0xED, 0x03, 0xEF, 0x02, 0xE4, 0x81, 0xE8, 0x9E, 0x02, 0x87, 0x03, 0x86, 0x02, 0x87, 0x06, 0x86,
    0x06, 0x4E, 0x05, 0x4F, 0x0D, 0x4E, 0x06, 0x4F, 0x80, 0x4E, 0x04, 0x4F, 0x03, 0x4E, 0x03, 0x4F,
    0x02, 0x4E, 0x02, 0x4F, 0x02, 0x82, 0x84, 0x8F, 0xBB, 0xE8, 0xE4, 0xD8, 0x04, 0xE4, 0x81, 0xF2,
    0xE3, 0x02, 0xEA, 0x88, 0xDD, 0xC7, 0xEA, 0x93, 0x9F, 0x20, 0x07, 0x0C, 0x56, 0x02, 0x5C, 0x03,
    0x8A, 0x82, 0x89, 0x59, 0x44, 0x02, 0x33, 0x80, 0x1F, 0x02, 0x89, 0x80, 0x5C, 0x02, 0x89, 0x88,
    0x5D, 0x77, 0x95, 0x8A, 0x5D, 0x89, 0x5C, 0x33, 0x1F, 0x02, 0x16, 0x8C, 0x13, 0x11, 0x1C, 0x0E,
    0x27, 0x24, 0x1D, 0x11, 0x33, 0x5A, 0x11, 0x0C, 0x42, 0x02, 0x45, 0x81, 0x42, 0x47, 0x05, 0x9E,
    0x80, 0x57, 0x02, 0x55, 0x83, 0x5A, 0x44, 0x1F, 0x2E, 0x02, 0x55, 0x80, 0x44, 0x02, 0x55, 0x07,
    0x57, 0x81, 0x67, 0x77, 0x0C, 0x57, 0x80, 0xD1, 0x02, 0xD3, 0x81, 0xD4, 0xD3, 0x03, 0xD1, 0x80,
    0xEA, 0x02, 0xD1, 0x84, 0xC5, 0xCA, 0xC9, 0xCA, 0xC9, 0x03, 0xB6, 0x02, 0xB2, 0x82, 0xC5, 0xB2,
    0xC5, 0x06, 0xB6, 0x81, 0xC9, 0xCA, 0x02, 0xD1, 0x81, 0xC9, 0xB2, 0x02, 0xD1, 0x84, 0x95, 0x58,
    0x25, 0x23, 0x26, 0x02, 0x22, 0x04, 0x26, 0x81, 0x97, 0xC3, 0x03, 0xC5, 0x8E, 0xEA, 0xE9, 0xD2,
    0xC5, 0x98, 0x0C, 0xC3, 0xC2, 0xC3, 0xC2, 0xC5, 0xC3, 0xC5, 0xC4, 0xC5, 0x02, 0xC4, 0x02, 0xC5,
    0x04, 0xC4, 0x80, 0xC9, 0x07, 0xC5, 0x02, 0xC2, 0x02, 0xC3, 0x80, 0xC2, 0x03, 0xC3, 0x8C, 0x9C,
    0xC5, 0xEB, 0x9A, 0xC3, 0xC7, 0x9C, 0x27, 0x06, 0x03, 0x1C, 0x00, 0x0B, 0x02, 0x04, 0x84, 0x07,
    0x06, 0x26, 0x50, 0x3E, 0x02, 0x37, 0x81, 0x3B, 0x37, 0x02, 0x3B, 0x80, 0x61, 0x02, 0x6B, 0x80,
    0x73, 0x03, 0x92, 0x80, 0x9A, 0x02, 0xC5, 0x89, 0xC4, 0xC6, 0xC4, 0xCF, 0xF7, 0xF4, 0xEF, 0xF5,
    0xEF, 0xEA, 0x02, 0xF5, 0x03, 0xEA, 0x80, 0xE3, 0x02, 0xED, 0x03, 0xEF, 0x85, 0xED, 0xEF, 0xED,
    0xE4, 0xE8, 0x9E, 0x02, 0x87, 0x02, 0x86, 0x80, 0x87, 0x02, 0x86, 0x80, 0x5F, 0x04, 0x86, 0x02,
    0x4E, 0x80, 0x4F, 0x07, 0x4E, 0x05, 0x4F, 0x80, 0x86, 0x0C, 0x4F, 0x11, 0x4E, 0x87, 0x4D, 0x4E,
    0x86, 0x90, 0xBB, 0xD8, 0xD7, 0xD8, 0x05, 0xE4, 0x8E, 0xEE, 0xF5, 0xEA, 0xD4, 0xC7, 0xD2, 0x98,
    0x9F, 0x42, 0x0C, 0x0B, 0x56, 0x5C, 0x5D, 0x5C, 0x03, 0x75, 0x87, 0x31, 0x33, 0x19, 0x33, 0x47,
    0x5B, 0x11, 0x5D, 0x02, 0x5C, 0x80, 0x89, 0x02, 0x8A, 0x80, 0x76, 0x03, 0x5C, 0x80, 0x44, 0x02,
    0x19, 0x02, 0x11, 0x02, 0x19, 0x89, 0x0E, 0x27, 0x24, 0x1F, 0x11, 0x1F, 0x62, 0x16, 0x0E, 0x20,
    0x04, 0x45, 0x80, 0xAB, 0x03, 0x9E, 0x81, 0xAB, 0x57, 0x02, 0x55, 0x02, 0x5A, 0x81, 0x19, 0x27,
    0x02, 0x36, 0x82, 0x2E, 0x33, 0x36, 0x07, 0x57, 0x03, 0x67, 0x0B, 0x57, 0x03, 0xD4, 0x02, 0xD3,
    0x03, 0xD1, 0x87, 0xC9, 0x92, 0x3A, 0x59, 0xCA, 0xD1, 0x58, 0x96, 0x02, 0xB6, 0x05, 0xB2, 0x80,
    0xC5, 0x02, 0xB2, 0x02, 0xB6, 0x82, 0xC9, 0xB6, 0xC9, 0x04, 0xB6, 0x02, 0xD1, 0x80, 0x92, 0x02,
    0x95, 0x80, 0x76, 0x04, 0x26, 0x03, 0x22, 0x81, 0x26, 0x97, 0x04, 0xC3, 0x02, 0xE9, 0x84, 0xD2,
    0xCA, 0xC3, 0x0E, 0xB1, 0x05, 0xC2, 0x82, 0xC3, 0xC4, 0xC5, 0x02, 0xC4, 0x80, 0xC5, 0x05, 0xC4,
    0x80, 0xC5, 0x02, 0xC9, 0x06, 0xC5, 0x08, 0xC3, 0x8B, 0x66, 0xCD, 0x58, 0xD9, 0xCD, 0xC7, 0xC3,
    0x0A, 0x07, 0x1C, 0x0A, 0x00, 0x02, 0x04, 0x84, 0x01, 0x00, 0x2D, 0x50, 0x3B, 0x02, 0x37, 0x80,
    0x3B, 0x02, 0x37, 0x84, 0x3B, 0x64, 0x7C, 0x6B, 0x91, 0x03, 0x92, 0x81, 0x9A, 0xC5, 0x02, 0xC4,
    0x88, 0xCB, 0xC4, 0xCF, 0xFC, 0xF4, 0xED, 0xF5, 0xEF, 0xF5, 0x05, 0xEA, 0x81, 0xE3, 0xED, 0x02,
    0xE3, 0x02, 0xEF, 0x85, 0xED, 0xEF, 0xED, 0xE4, 0xE8, 0xAB, 0x02, 0x87, 0x02, 0x86, 0x80, 0x87,
    0x02, 0x86, 0x81, 0x5F, 0x4F, 0x02, 0x86, 0x0B, 0x4E, 0x12, 0x4F, 0x10, 0x4E, 0x85, 0x4F, 0x4D,
    0x4F, 0x86, 0x90, 0xFD, 0x02, 0xE4, 0x80, 0xD8, 0x05, 0xE4, 0x81, 0xF6, 0xF5, 0x02, 0xEA, 0x8A,
    0xCD, 0xC9, 0xC2, 0x94, 0x86, 0x0A, 0x0C, 0x33, 0x2C, 0x33, 0x1F, 0x02, 0x1C, 0x83, 0x1A, 0x1C,
    0x0E, 0x06, 0x02, 0x0A, 0x80, 0x0E, 0x02, 0x0C, 0x89, 0x06, 0x07, 0x0A, 0x27, 0x24, 0x33, 0x2A,
    0x33, 0x45, 0x44, 0x02, 0x19, 0x02, 0x11, 0x80, 0x19, 0x02, 0x0C, 0x82, 0x27, 0x24, 0x1F, 0x02,
    0x0E, 0x83, 0x67, 0x1F, 0x05, 0x33, 0x04, 0x45, 0x03, 0x9E, 0x82, 0x9F, 0x8F, 0x57, 0x02, 0x45,
    0x02, 0x5A, 0x81, 0x45, 0x55, 0x05, 0x27, 0x80, 0x55, 0x02, 0x57, 0x05, 0x8C, 0x80, 0x8F, 0x0C,
    0x8C, 0x81, 0xEA, 0xD4, 0x03, 0xD3, 0x80, 0xD4, 0x02, 0xD1, 0x87, 0xEA, 0xD1, 0x89, 0xCA, 0xB6,
    0xC9, 0xC5, 0xB6, 0x02, 0xB2, 0x80, 0xB6, 0x02, 0xB2, 0x83, 0x9A, 0x99, 0x9A, 0x99, 0x02, 0x9A,
    0x81, 0xB1, 0x99, 0x02, 0x8A, 0x81, 0x95, 0x92, 0x03, 0x8A, 0x02, 0x92, 0x02, 0x96, 0x81, 0x76,
    0x22, 0x02, 0x23, 0x05, 0x22, 0x81, 0xB1, 0xC2, 0x03, 0xC3, 0x04, 0xD2, 0x81, 0xC1, 0x15, 0x06,
    0xC2, 0x81, 0xC3, 0xC4, 0x03, 0xC5, 0x81, 0xC4, 0xC5, 0x05, 0xC4, 0x80, 0xC9, 0x03, 0xDD, 0x80,
    0xE9, 0x02, 0xDD, 0x02, 0xD2, 0x83, 0xC9, 0xCA, 0xDD, 0xD2, 0x03, 0xC3, 0x82, 0xC7, 0x2C, 0xC5,
    0x02, 0xC7, 0x8D, 0x9A, 0x91, 0x34, 0x06, 0x1C, 0x0A, 0x07, 0x04, 0x07, 0x04, 0x05, 0x37, 0x50,
    0x3B, 0x04, 0x37, 0x02, 0x3B, 0x82, 0x64, 0x7C, 0x6C, 0x04, 0x92, 0x8C, 0x94, 0xC3, 0xC4, 0xC9,
    0xCF, 0xC4, 0xCF, 0xFC, 0xF3, 0xE4, 0xEA, 0xEF, 0xF5, 0x02, 0xEA, 0x80, 0xF5, 0x02, 0xEA, 0x82,
    0xED, 0xEF, 0xE1, 0x03, 0xEF, 0x80, 0xED, 0x02, 0xEF, 0x83, 0xED, 0xF2, 0xBB, 0x87, 0x02, 0x86,
    0x03, 0x87, 0x82, 0x86, 0x5F, 0x86, 0x05, 0x4E, 0x02, 0x4F, 0x0A, 0x4E, 0x80, 0x5F, 0x0A, 0x4E,
    0x03, 0x4F, 0x04, 0x4E, 0x82, 0x4F, 0x4E, 0x4D, 0x02, 0x86, 0x81, 0x4E, 0x4F, 0x07, 0x4E, 0x83,
    0x4F, 0x87, 0x9E, 0xEE, 0x06, 0xE4, 0x83, 0xED, 0xE3, 0xF6, 0xE3, 0x02, 0xEA, 0x02, 0xCD, 0x8A,
    0xC4, 0x93, 0xAC, 0x0A, 0x06, 0x1C, 0x0B, 0x08, 0x1D, 0x1C, 0x19, 0x02, 0x1C, 0x81, 0x0B, 0x06,
    0x02, 0x04, 0x85, 0x07, 0x04, 0x06, 0x07, 0x05, 0x04, 0x03, 0x27, 0x80, 0x0D, 0x02, 0x06, 0x80,
    0x0A, 0x02, 0x03, 0x8C, 0x0C, 0x0B, 0x0C, 0x05, 0x09, 0x27, 0x11, 0x27, 0x0B, 0x08, 0x19, 0x27,
    0x33, 0x03, 0x45, 0x80, 0x42, 0x04, 0x45, 0x86, 0x55, 0x42, 0x55, 0x45, 0x42, 0x5A, 0x55, 0x03,
    0x47, 0x88, 0x13, 0x1D, 0x19, 0x11, 0x27, 0x2E, 0x33, 0x42, 0x57, 0x03, 0x8C, 0x02, 0x8F, 0x0B,
    0x8C, 0x82, 0xD3, 0xEA, 0xE1, 0x05, 0xD3, 0x83, 0xEA, 0xD2, 0xAA, 0x8B, 0x02, 0xB6, 0x80, 0xB1,
    0x05, 0x89, 0x04, 0x8A, 0x04, 0x89, 0x03, 0x8A, 0x80, 0x92, 0x05, 0x8A, 0x87, 0x77, 0x95, 0x76,
    0x2C, 0x1E, 0x23, 0x22, 0x23, 0x03, 0x22, 0x81, 0x25, 0xC1, 0x02, 0xC2, 0x82, 0xB1, 0xC2, 0xC5,
    0x02, 0xD2, 0x83, 0xD1, 0xC1, 0xA0, 0xC2, 0x04, 0xB1, 0x02, 0xC2, 0x80, 0xC4, 0x02, 0xC2, 0x03,
    0xC5, 0x03, 0xC4, 0x81, 0xC5, 0xCA, 0x03, 0xF5, 0x84, 0xEA, 0xF5, 0xEC, 0xEA, 0xE9, 0x02, 0xEC,
    0x83, 0xE9, 0xEC, 0xF5, 0xE9, 0x03, 0xC3, 0x80, 0xCE, 0x04, 0xC7, 0x85, 0xD9, 0xCD, 0x0A, 0x1A,
    0x06, 0x00, 0x02, 0x04, 0x84, 0x06, 0x15, 0x37, 0x3E, 0x3B, 0x04, 0x37, 0x02, 0x3B, 0x02, 0x6B,
    0x80, 0x79, 0x04, 0x92, 0x81, 0x94, 0xC5, 0x02, 0xC4, 0x85, 0xCF, 0xC4, 0xD0, 0xFC, 0xF4, 0xEE,
    0x02, 0xEA, 0x80, 0xF5, 0x02, 0xEA, 0x81, 0xF5, 0xEA, 0x02, 0xE3, 0x82, 0xED, 0xEF, 0xED, 0x02,
    0xEF, 0x80, 0xED, 0x02, 0xEF, 0x82, 0xED, 0xD8, 0x9E, 0x03, 0x86, 0x81, 0x87, 0x4E, 0x03, 0x5F,
    0x1D, 0x4E, 0x06, 0x4F, 0x81, 0x4E, 0x4F, 0x04, 0x86, 0x03, 0x4F, 0x04, 0x4E, 0x80, 0x4D, 0x03,
    0x4E, 0x80, 0xFD, 0x07, 0xE4, 0x83, 0xE3, 0xED, 0xF2, 0xE3, 0x02, 0xEA, 0x94, 0xD2, 0xCD, 0xCE,
    0x79, 0xFD, 0x06, 0x08, 0x1C, 0x0A, 0x08, 0x1D, 0x1A, 0x19, 0x1A, 0x1C, 0x0B, 0x06, 0x04, 0x00,
    0x04, 0x03, 0x04, 0x04, 0x02, 0x27, 0x84, 0x1D, 0x19, 0x08, 0x04, 0x06, 0x03, 0x03, 0x87, 0x0B,
    0x0C, 0x0B, 0x09, 0x27, 0x06, 0x27, 0x45, 0x03, 0x42, 0x08, 0x45, 0x83, 0x42, 0x47, 0x42, 0x45,
    0x02, 0x42, 0x02, 0x5A, 0x02, 0x45, 0x80, 0x47, 0x02, 0x45, 0x82, 0x2E, 0x19, 0x44, 0x02, 0x55,
    0x82, 0x4C, 0x4F, 0x86, 0x03, 0x8F, 0x0C, 0x8C, 0x0A, 0x89, 0x80, 0x2A, 0x03, 0x89, 0x80, 0x8A,
    0x06, 0x89, 0x82, 0x8A, 0x89, 0x8A, 0x04, 0x89, 0x03, 0x8A, 0x80, 0x92, 0x02, 0x8A, 0x81, 0x31,
    0x18, 0x02, 0x1E, 0x81, 0x2C, 0x31, 0x02, 0x1E, 0x80, 0x23, 0x02, 0x22, 0x80, 0x26, 0x02, 0x22,
    0x82, 0x25, 0x98, 0xC2, 0x02, 0xB1, 0x84, 0xC2, 0xC3, 0xC5, 0xC9, 0xC5, 0x03, 0xC2, 0x06, 0xB1,
    0x04, 0xC2, 0x02, 0xC5, 0x80, 0xC2, 0x02, 0xC4, 0x81, 0xC5, 0xDD, 0x05, 0xF5, 0x02, 0xEA, 0x03,
    0xEC, 0x82, 0xEB, 0xEC, 0xEA, 0x02, 0xE9, 0x84, 0xEB, 0xCD, 0xC7, 0xCD, 0xD9, 0x04, 0xC7, 0x83,
    0x14, 0x1A, 0x06, 0x00, 0x02, 0x04, 0x84, 0x07, 0x26, 0x37, 0x3E, 0x3B, 0x04, 0x37, 0x02, 0x3B,
    0x02, 0x6B, 0x80, 0x79, 0x04, 0x92, 0x81, 0x94, 0xC5, 0x02, 0xC4, 0x85, 0xC6, 0xC4, 0xD0, 0xF7,
    0xF4, 0xF2, 0x02, 0xEA, 0x80, 0xF5, 0x04, 0xEA, 0x84, 0xDF, 0xE3, 0xED, 0xEF, 0xED, 0x02, 0xEF,
    0x80, 0xED, 0x02, 0xEF, 0x82, 0xED, 0xEE, 0xE6, 0x03, 0x86, 0x80, 0x87, 0x02, 0x4E, 0x80, 0x5F,
    0x03, 0x4E, 0x02, 0x4D, 0x02, 0x4E, 0x80, 0x4D, 0x17, 0x4E, 0x06, 0x4F, 0x02, 0x86, 0x84, 0x88,
    0xBE, 0x86, 0x4E, 0x4F, 0x08, 0x4E, 0x81, 0xAE, 0xCC, 0x04, 0xE4, 0x80, 0xD8, 0x02, 0xE4, 0x02,
    0xE3, 0x81, 0xE4, 0xE3, 0x02, 0xEA, 0x89, 0xE9, 0xD9, 0xEC, 0x7C, 0xF9, 0x08, 0x07, 0x1C, 0x0C,
    0x07, 0x02, 0x1A, 0x84, 0x19, 0x1A, 0x1C, 0x0B, 0x06, 0x07, 0x04, 0x85, 0x03, 0x27, 0x1C, 0x0A,
    0x16, 0x0C, 0x02, 0x04, 0x03, 0x03, 0x86, 0x00, 0x19, 0x00, 0x09, 0x27, 0x12, 0x27, 0x02, 0x45,
    0x02, 0x42, 0x08, 0x45, 0x03, 0x42, 0x82, 0x5A, 0x44, 0x40, 0x02, 0x5A, 0x81, 0x47, 0x42, 0x03,
    0x47, 0x80, 0x5B, 0x02, 0x42, 0x84, 0x46, 0x4C, 0x5E, 0x8C, 0x8F, 0x02, 0x9E, 0x82, 0xB3, 0x9E,
    0xAB, 0x04, 0x9E, 0x02, 0x8F, 0x04, 0x8C, 0x12, 0x89, 0x87, 0x2C, 0x44, 0x26, 0x44, 0x33, 0x8A,
    0x8B, 0x5C, 0x03, 0x8A, 0x87, 0x44, 0x56, 0x95, 0x92, 0x8A, 0x5B, 0x26, 0x1E, 0x02, 0x1C, 0x8A,
    0x29, 0x1E, 0x27, 0x2E, 0x0D, 0x24, 0x2A, 0x21, 0x3C, 0x92, 0xCA, 0x02, 0xD2, 0x80, 0xDD, 0x03,
    0xD2, 0x82, 0xD1, 0xC9, 0xC2, 0x02, 0xB1, 0x02, 0xC1, 0x03, 0x9C, 0x83, 0xB1, 0xA0, 0xC2, 0xA0,
    0x04, 0xC2, 0x80, 0xC5, 0x02, 0xC4, 0x81, 0xC5, 0xDD, 0x03, 0xF5, 0x05, 0xEC, 0x80, 0xF5, 0x05,
    0xEC, 0x02, 0xEB, 0x82, 0xCD, 0xC7, 0xCD, 0x03, 0xC7, 0x84, 0xC3, 0x5C, 0x16, 0x04, 0x00, 0x02,
    0x04, 0x83, 0x00, 0x3A, 0x37, 0x3E, 0x05, 0x37, 0x84, 0x3B, 0x64, 0x6B, 0x7C, 0x93, 0x04, 0x92,
    0x83, 0x94, 0xC5, 0xC9, 0xC4, 0x02, 0xC6, 0x81, 0xD4, 0xEE, 0x02, 0xF4, 0x80, 0xEF, 0x04, 0xEA,
    0x84, 0xF5, 0xEA, 0xD4, 0xEA, 0xEF, 0x02, 0xED, 0x06, 0xEF, 0x85, 0xD8, 0xF1, 0x87, 0x5F, 0x87,
    0x86, 0x12, 0x4E, 0x0A, 0x5F, 0x05, 0x4E, 0x8A, 0x4D, 0x4E, 0x4D, 0x88, 0x4D, 0x82, 0x86, 0xA3,
    0x90, 0x88, 0x4F, 0x06, 0x4E, 0x81, 0x4F, 0x4E, 0x02, 0x86, 0x82, 0x4D, 0xF2, 0xD7, 0x06, 0xE4,
    0x04, 0xE3, 0x80, 0xEF, 0x03, 0xEA, 0x88, 0xD9, 0xEF, 0x7C, 0xD7, 0x20, 0x96, 0x95, 0x2E, 0x19,
    0x02, 0x24, 0x80, 0x38, 0x02, 0x44, 0x92, 0x1F, 0x0C, 0x11, 0x0E, 0x0B, 0x1F, 0x16, 0x19, 0x10,
    0x12, 0x27, 0x1F, 0x0C, 0x05, 0x0B, 0x00, 0x0A, 0x06, 0x00, 0x02, 0x07, 0x85, 0x1F, 0x06, 0x09,
    0x2E, 0x45, 0x55, 0x03, 0x45, 0x83, 0x42, 0x45, 0x42, 0x45, 0x03, 0x42, 0x03, 0x47, 0x02, 0x4A,
    0x82, 0x45, 0x1F, 0x20, 0x03, 0x33, 0x03, 0x4C, 0x85, 0x4A, 0x8B, 0x4A, 0x4C, 0x4A, 0x4C, 0x02,
    0x4A, 0x82, 0x86, 0x8C, 0x9D, 0x02, 0x9E, 0x80, 0xAB, 0x03, 0x9E, 0x02, 0xAB, 0x81, 0x9E, 0xAB,
    0x03, 0x9E, 0x05, 0x89, 0x80, 0x58, 0x03, 0x89, 0x83, 0x5C, 0x59, 0x89, 0x8A, 0x06, 0x89, 0x86,
    0x5C, 0x59, 0x5C, 0x44, 0x76, 0x59, 0x44, 0x02, 0x33, 0x03, 0x8A, 0x80, 0x59, 0x05, 0x8A, 0x83,
    0x89, 0x44, 0x31, 0x56, 0x02, 0x2C, 0x81, 0x01, 0x1E, 0x02, 0x23, 0x82, 0x59, 0x92, 0x99, 0x02,
    0xD2, 0x84, 0xDD, 0xD2, 0xDD, 0xD2, 0xD1, 0x02, 0xD2, 0x84, 0xDD, 0xD2, 0xC9, 0xC5, 0xB2, 0x02,
    0x9C, 0x02, 0xB1, 0x03, 0xA0, 0x82, 0xC2, 0xC5, 0xDD, 0x05, 0xEA, 0x03, 0xF5, 0x04, 0xEC, 0x02,
    0xF5, 0x80, 0xEC, 0x04, 0xF5, 0x04, 0xEB, 0x80, 0xDB, 0x03, 0xC7, 0x84, 0xCE, 0xC3, 0x12, 0x08,
    0x01, 0x02, 0x04, 0x80, 0x09, 0x02, 0x37, 0x80, 0x50, 0x05, 0x37, 0x83, 0x3B, 0x64, 0x6B, 0x7C,
    0x05, 0x92, 0x83, 0x9C, 0xC9, 0xC6, 0xC4, 0x02, 0xC6, 0x81, 0xD4, 0xE4, 0x02, 0xF4, 0x80, 0xEF,
    0x04, 0xEA, 0x84, 0xF5, 0xEA, 0xD4, 0xEA, 0xE3, 0x02, 0xED, 0x83, 0xEF, 0xED, 0xEF, 0xED, 0x02,
    0xEF, 0x81, 0xED, 0xE8, 0x03, 0x87, 0x80, 0x86, 0x13, 0x4E, 0x09, 0x5F, 0x06, 0x4E, 0x85, 0x8F,
    0x90, 0xBC, 0xAE, 0x90, 0x86, 0x05, 0x5F, 0x81, 0x4E, 0x5F, 0x05, 0x4E, 0x84, 0x5F, 0x4D, 0xF3,
    0xC6, 0xD3, 0x06, 0xE4, 0x80, 0xD7, 0x03, 0xE3, 0x80, 0xF6, 0x03, 0xEA, 0x85, 0xD9, 0xF5, 0x7C,
    0x9A, 0xB7, 0x97, 0x02, 0x9F, 0x03, 0xB3, 0x02, 0x9F, 0x84, 0x97, 0x38, 0x45, 0x77, 0x27, 0x02,
    0x95, 0x02, 0x77, 0x8F, 0x67, 0x56, 0x44, 0x2E, 0x19, 0x1A, 0x0F, 0x12, 0x1A, 0x0C, 0x16, 0x19,
    0x0D, 0x27, 0x11, 0x1A, 0x02, 0x55, 0x80, 0x5A, 0x02, 0x55, 0x06, 0x47, 0x80, 0x42, 0x02, 0x47,
    0x81, 0x46, 0x47, 0x02, 0x33, 0x02, 0x44, 0x84, 0x45, 0x5A, 0x5B, 0x45, 0x33, 0x03, 0x20, 0x80,
    0x44, 0x04, 0x20, 0x03, 0x40, 0x83, 0x45, 0x44, 0x45, 0x33, 0x04, 0x20, 0x02, 0x40, 0x81, 0x42,
    0x4A, 0x02, 0x8F, 0x81, 0x90, 0xB6, 0x02, 0xD3, 0x87, 0xD1, 0xD3, 0xB6, 0x8A, 0x99, 0x59, 0x89,
    0x44, 0x02, 0x59, 0x0A, 0x89, 0x80, 0x8A, 0x02, 0x89, 0x83, 0x2C, 0x45, 0x8A, 0x89, 0x02, 0x8A,
    0x8B, 0x58, 0x92, 0x89, 0x8A, 0x92, 0x44, 0x95, 0x77, 0x44, 0x92, 0x99, 0x27, 0x03, 0x1E, 0x83,
    0x3C, 0x92, 0x98, 0xCB, 0x02, 0xD1, 0x02, 0xD2, 0x05, 0xD1, 0x80, 0xD2, 0x07, 0xD1, 0x81, 0xCA,
    0xDD, 0x03, 0xD1, 0x80, 0xDD, 0x02, 0xD4, 0x04, 0xEA, 0x03, 0xF5, 0x80, 0xEA, 0x02, 0xEC, 0x04,
    0xF5, 0x05, 0xEB, 0x80, 0xEC, 0x02, 0xE9, 0x80, 0xCE, 0x02, 0xCD, 0x87, 0xC7, 0xC5, 0x09, 0x01,
    0x00, 0x0C, 0x0A, 0x19, 0x02, 0x37, 0x80, 0x3E, 0x05, 0x37, 0x83, 0x3B, 0x64, 0x6B, 0x7C, 0x04,
    0x92, 0x86, 0x8A, 0xC1, 0xCB, 0xC9, 0xC6, 0xC4, 0xC6, 0x02, 0xDF, 0x02, 0xF4, 0x80, 0xEF, 0x02,
    0xEA, 0x80, 0xF5, 0x02, 0xEA, 0x02, 0xD4, 0x02, 0xEA, 0x83, 0xE3, 0xED, 0xEF, 0xED, 0x05, 0xEF,
    0x86, 0xF3, 0xD6, 0x88, 0x4E, 0x87, 0x4E, 0x4D, 0x03, 0x4E, 0x02, 0x4D, 0x05, 0x4E, 0x08, 0x5E,
    0x03, 0x4E, 0x03, 0x5F, 0x05, 0x4E, 0x80, 0x86, 0x02, 0x5F, 0x81, 0x4E, 0x88, 0x0B, 0x5F, 0x04,
    0x4E, 0x83, 0x5F, 0x4D, 0xF3, 0xFC, 0x02, 0xD7, 0x03, 0xE4, 0x80, 0xE3, 0x03, 0xE4, 0x03, 0xE3,
    0x8A, 0xEF, 0xE3, 0xEA, 0xF5, 0xD9, 0xEC, 0x93, 0x94, 0xF7, 0x96, 0x97, 0x02, 0xB3, 0x80, 0xC4,
    0x02, 0xA0, 0x80, 0x9F, 0x02, 0x97, 0x8A, 0x45, 0x95, 0x5A, 0x2C, 0x5A, 0x95, 0x77, 0x75, 0x67,
    0x54, 0x29, 0x03, 0x1C, 0x8E, 0x1A, 0x12, 0x16, 0x12, 0x19, 0x12, 0x1C, 0x01, 0x1C, 0x45, 0x55,
    0x5A, 0x55, 0x5A, 0x55, 0x02, 0x45, 0x03, 0x47, 0x80, 0x45, 0x02, 0x47, 0x82, 0x42, 0x45, 0x42,
    0x04, 0x45, 0x02, 0x5A, 0x81, 0x55, 0x42, 0x03, 0x45, 0x81, 0x5A, 0x42, 0x06, 0x45, 0x80, 0x47,
    0x02, 0x5A, 0x80, 0x5B, 0x04, 0x47, 0x83, 0x42, 0x33, 0x20, 0x36, 0x03, 0x55, 0x88, 0xEA, 0xE1,
    0xD3, 0xD1, 0xD3, 0xD4, 0xD1, 0xD3, 0xD1, 0x02, 0xB6, 0x81, 0xB2, 0x92, 0x08, 0x89, 0x82, 0x8A,
    0x89, 0x8A, 0x04, 0x89, 0x8F, 0x8A, 0x58, 0x92, 0x76, 0x5C, 0x8A, 0x56, 0x8A, 0x89, 0x92, 0x89,
    0x75, 0x2A, 0x19, 0x59, 0x1D, 0x03, 0x8A, 0x80, 0x77, 0x02, 0x76, 0x83, 0x98, 0xB2, 0xD2, 0xD1,
    0x05, 0xC9, 0x02, 0xCA, 0x0B, 0xD1, 0x81, 0xD4, 0xD2, 0x02, 0xD4, 0x81, 0xEA, 0xE9, 0x03, 0xEA,
    0x03, 0xF5, 0x02, 0xEC, 0x80, 0xF5, 0x02, 0xEC, 0x06, 0xEB, 0x80, 0xF5, 0x02, 0xEB, 0x89, 0xDB,
    0xCD, 0xC7, 0xCD, 0xC7, 0x0C, 0x06, 0x0C, 0x06, 0x09, 0x03, 0x37, 0x80, 0x3E, 0x04, 0x37, 0x84,
    0x3B, 0x64, 0x65, 0x6B, 0x7C, 0x05, 0x92, 0x83, 0xC3, 0xCB, 0xC4, 0xC9, 0x02, 0xC6, 0x84, 0xDF,
    0xD7, 0xF4, 0xF9, 0xF2, 0x02, 0xEA, 0x80, 0xF5, 0x02, 0xEA, 0x02, 0xD4, 0x02, 0xEA, 0x83, 0xE3,
    0xED, 0xEF, 0xED, 0x05, 0xEF, 0x84, 0xF3, 0xF0, 0xCC, 0x8F, 0x86, 0x02, 0x4A, 0x02, 0x4E, 0x03,
    0x4D, 0x84, 0x4E, 0x4D, 0x4E, 0x4D, 0x4E, 0x08, 0x5E, 0x03, 0x4E, 0x03, 0x5F, 0x04, 0x4E, 0x80,
    0x4D, 0x02, 0x5F, 0x82, 0x86, 0x5F, 0x4E, 0x0B, 0x5F, 0x02, 0x4E, 0x85, 0x86, 0x5F, 0x86, 0xF3,
    0xF2, 0xF6, 0x09, 0xE4, 0x04, 0xE3, 0x87, 0xEF, 0xEA, 0xE3, 0xD9, 0xDD, 0x9B, 0x93, 0xC6, 0x02,
    0x44, 0x80, 0x29, 0x02, 0x25, 0x83, 0x23, 0x29, 0x36, 0x27, 0x02, 0x25, 0x80, 0x1E, 0x02, 0x25,
    0x80, 0x29, 0x02, 0x28, 0x83, 0x29, 0x25, 0x36, 0x1C, 0x02, 0x27, 0x86, 0x0D, 0x0B, 0x16, 0x23,
    0x13, 0x19, 0x14, 0x02, 0x1C, 0x82, 0x27, 0x1C, 0x27, 0x02, 0x44, 0x81, 0x45, 0x55, 0x0B, 0x47,
    0x81, 0x45, 0x47, 0x02, 0x45, 0x03, 0x5A, 0x80, 0x42, 0x03, 0x45, 0x80, 0x5A, 0x04, 0x45, 0x04,
    0x47, 0x02, 0x5A, 0x07, 0x47, 0x82, 0x8C, 0x85, 0x44, 0x02, 0x55, 0x80, 0xE1, 0x04, 0xD3, 0x04,
    0xD1, 0x83, 0xCA, 0xB1, 0x89, 0x8A, 0x10, 0x89, 0x02, 0x8A, 0x80, 0x92, 0x04, 0x8A, 0x82, 0x89,
    0x12, 0x44, 0x02, 0x8A, 0x84, 0x0F, 0x58, 0x8A, 0x95, 0x92, 0x02, 0x8A, 0x03, 0x76, 0x89, 0x58,
    0x76, 0x92, 0x99, 0xD2, 0xC9, 0xC5, 0xB2, 0xC5, 0xCA, 0x03, 0xD1, 0x81, 0xCA, 0xC9, 0x03, 0xCA,
    0x81, 0xD2, 0xC9, 0x03, 0xD2, 0x02, 0xD4, 0x05, 0xEA, 0x02, 0xF5, 0x80, 0xEC, 0x02, 0xF5, 0x86,
    0xEB, 0xCE, 0xCD, 0xDC, 0xEB, 0xF5, 0xEC, 0x02, 0xEB, 0x02, 0xE9, 0x8A, 0xEB, 0xF5, 0xE9, 0xCD,
    0xC7, 0xD9, 0x92, 0x91, 0x50, 0x26, 0x2D, 0x03, 0x37, 0x80, 0x3E, 0x04, 0x37, 0x82, 0x3B, 0x64,
    0x6B, 0x02, 0x7C, 0x04, 0x92, 0x02, 0xC3, 0x81, 0xA3, 0xC9, 0x03, 0xC6, 0x02, 0xD7, 0x80, 0xF7,
    0x02, 0xF4, 0x82, 0xEF, 0xEA, 0xF5, 0x02, 0xEA, 0x80, 0xD4, 0x02, 0xEA, 0x81, 0xD4, 0xEA, 0x02,
    0xEF, 0x80, 0xED, 0x05, 0xEF, 0x8A, 0xF2, 0xF8, 0xF0, 0xB8, 0xAC, 0x86, 0x82, 0x4D, 0x4E, 0x4D,
    0x4E, 0x09, 0x4D, 0x0B, 0x5E, 0x81, 0x4E, 0x5F, 0x05, 0x5E, 0x80, 0x4E, 0x0D, 0x5F, 0x83, 0x4C,
    0x5F, 0x87, 0xAB, 0x04, 0xF8, 0x80, 0xFB, 0x09, 0xE4, 0x03, 0xE3, 0x80, 0xED, 0x02, 0xEA, 0x88,
    0xD2, 0xD9, 0xC5, 0x93, 0x98, 0x9E, 0x2B, 0x27, 0x29, 0x02, 0x25, 0x83, 0x2E, 0x36, 0x25, 0x28,
    0x03, 0x29, 0x82, 0x24, 0x23, 0x2E, 0x02, 0x29, 0x8F, 0x0F, 0x36, 0x1C, 0x27, 0x0F, 0x17, 0x13,
    0x1C, 0x0F, 0x1A, 0x25, 0x24, 0x27, 0x21, 0x29, 0x1E, 0x02, 0x1C, 0x83, 0x1A, 0x1C, 0x55, 0x45,
    0x02, 0x55, 0x02, 0x47, 0x80, 0x45, 0x02, 0x5A, 0x02, 0x47, 0x02, 0x45, 0x80, 0x47, 0x02, 0x45,
    0x83, 0x5A, 0x5B, 0x5A, 0x45, 0x02, 0x42, 0x83, 0x45, 0x5B, 0x45, 0x47, 0x02, 0x45, 0x03, 0x47,
    0x82, 0x5B, 0x67, 0x5A, 0x05, 0x47, 0x80, 0x4C, 0x03, 0x85, 0x84, 0x45, 0x5A, 0x45, 0xD3, 0xEA,
    0x03, 0xD3, 0x02, 0xD1, 0x02, 0xCA, 0x02, 0xB6, 0x02, 0x8A, 0x10, 0x89, 0x02, 0x8A, 0x02, 0x92,
    0x02, 0x8A, 0x90, 0x92, 0x89, 0x8A, 0x5C, 0x56, 0x10, 0x1F, 0x27, 0x89, 0x44, 0x8A, 0x92, 0x8A,
    0x76, 0x92, 0x52, 0x59, 0x02, 0x8A, 0x02, 0x92, 0x80, 0x99, 0x03, 0xB1, 0x02, 0xB2, 0x80, 0xB6,
    0x02, 0xC9, 0x80, 0xD1, 0x03, 0xCA, 0x81, 0xD1, 0xCA, 0x02, 0xD1, 0x80, 0xD2, 0x03, 0xD4, 0x04,
    0xEA, 0x02, 0xF5, 0x84, 0xEC, 0xF5, 0xEC, 0xEB, 0xDD, 0x02, 0xEB, 0x02, 0xF5, 0x8B, 0xEC, 0xF5,
    0xEC, 0xEB, 0xE9, 0xEB, 0xE9, 0xEB, 0xDB, 0xCD, 0xC5, 0xC2, 0x03, 0xEC, 0x80, 0x70, 0x03, 0x37,
    0x80, 0x3E, 0x03, 0x37, 0x80, 0x3B, 0x02, 0x64, 0x82, 0x6B, 0x7C, 0x93, 0x03, 0x92, 0x84, 0xB1,
    0xC9, 0xB6, 0xA4, 0xC4, 0x03, 0xC6, 0x02, 0xDF, 0x83, 0xFF, 0xF4, 0xFD, 0xE4, 0x04, 0xEA, 0x02,
    0xD4, 0x80, 0xEA, 0x02, 0xD4, 0x02, 0xEF, 0x82, 0xED, 0xEF, 0xED, 0x02, 0xEF, 0x81, 0xED, 0xF6,
    0x03, 0xF0, 0x84, 0x4C, 0x88, 0x90, 0x4D, 0x5F, 0x0B, 0x4D, 0x0B, 0x5E, 0x81, 0x4D, 0x5F, 0x03,
    0x4D, 0x02, 0x5E, 0x03, 0x4E, 0x03, 0x5F, 0x80, 0x4E, 0x07, 0x5F, 0x89, 0x4D, 0x87, 0xE8, 0xF8,
    0xFC, 0xFB, 0xF8, 0xFB, 0xFC, 0xD8, 0x08, 0xE4, 0x80, 0xED, 0x02, 0xE3, 0x80, 0xF6, 0x02, 0xEA,
    0x8A, 0xEC, 0xD9, 0xC5, 0x9B, 0x94, 0xFB, 0x34, 0x29, 0x28, 0x25, 0x2E, 0x02, 0x36, 0x81, 0x29,
    0x25, 0x03, 0x29, 0x8A, 0x27, 0x29, 0x2E, 0x29, 0x2E, 0x1C, 0x36, 0x1E, 0x0F, 0x1A, 0x28, 0x02,
    0x1C, 0x02, 0x27, 0x80, 0x25, 0x02, 0x27, 0x82, 0x23, 0x2E, 0x1E, 0x03, 0x1C, 0x83, 0x1A, 0x18,
    0x1C, 0x27, 0x02, 0x44, 0x81, 0x47, 0x45, 0x02, 0x5A, 0x03, 0x47, 0x81, 0x45, 0x47, 0x02, 0x45,
    0x83, 0x5A, 0x5B, 0x5A, 0x47, 0x03, 0x45, 0x81, 0x5A, 0x47, 0x04, 0x45, 0x83, 0x47, 0x45, 0x47,
    0x5A, 0x04, 0x47, 0x81, 0x45, 0x47, 0x02, 0x45, 0x02, 0x44, 0x84, 0x54, 0x55, 0x45, 0xB2, 0xB6,
    0x03, 0xD3, 0x03, 0xD1, 0x02, 0xCA, 0x04, 0xB6, 0x0A, 0xB2, 0x02, 0x99, 0x80, 0x9A, 0x02, 0xB2,
    0x87, 0xB1, 0xB2, 0xB1, 0x9A, 0x99, 0x92, 0x8A, 0x89, 0x02, 0x8A, 0x84, 0x92, 0x95, 0x92, 0x33,
    0x96, 0x02, 0x92, 0x86, 0x8A, 0x1A, 0x1B, 0x34, 0x24, 0x1D, 0x44, 0x02, 0x58, 0x82, 0x59, 0x50,
    0x58, 0x02, 0x59, 0x83, 0x89, 0x5C, 0x58, 0x89, 0x05, 0x8A, 0x80, 0x92, 0x03, 0xD1, 0x80, 0xD2,
    0x03, 0xD4, 0x05, 0xEA, 0x80, 0xF5, 0x02, 0xEC, 0x89, 0xD2, 0xCA, 0xB2, 0xB1, 0x9A, 0x99, 0x92,
    0x99, 0x92, 0x99, 0x04, 0x9A, 0x80, 0x59, 0x02, 0x2D, 0x84, 0x2B, 0x2D, 0xCE, 0xEC, 0xCD, 0x04,
    0x37, 0x80, 0x3E, 0x03, 0x37, 0x02, 0x64, 0x02, 0x6B, 0x81, 0x7C, 0x93, 0x02, 0x92, 0x88, 0x9C,
    0xB2, 0xB4, 0xBA, 0xA2, 0xC4, 0xC6, 0xB4, 0xC6, 0x02, 0xDF, 0x85, 0xFF, 0xF4, 0xFF, 0xF2, 0xEA,
    0xF5, 0x02, 0xEA, 0x02, 0xD4, 0x80, 0xEA, 0x02, 0xD4, 0x84, 0xED, 0xEF, 0xED, 0xEF, 0xED, 0x02,
    0xEF, 0x81, 0xED, 0xF6, 0x03, 0xF8, 0x84, 0xCC, 0x46, 0x42, 0xA4, 0x90, 0x0D, 0x4D, 0x81, 0x5E,
    0x4D, 0x09, 0x5E, 0x03, 0x4D, 0x05, 0x5E, 0x03, 0x5F, 0x80, 0x86, 0x06, 0x5F, 0x85, 0x4E, 0x8F,
    0xFC, 0xFB, 0xF8, 0xF7, 0x03, 0xF8, 0x81, 0xF7, 0xFC, 0x04, 0xE4, 0x80, 0xED, 0x03, 0xE4, 0x03,
    0xE3, 0x8F, 0xF6, 0xE3, 0xEA, 0xEC, 0xD9, 0xC5, 0xC3, 0x94, 0xB3, 0x5B, 0x29, 0x28, 0x38, 0x55,
    0x5A, 0x67, 0x02, 0x29, 0x80, 0x28, 0x03, 0x29, 0x02, 0x28, 0x89, 0x29, 0x2E, 0x19, 0x36, 0x25,
    0x28, 0x29, 0x27, 0x2E, 0x27, 0x02, 0x25, 0x04, 0x27, 0x80, 0x36, 0x03, 0x21, 0x88, 0x1C, 0x21,
    0x25, 0x27, 0x1C, 0x1A, 0x1D, 0x33, 0x47, 0x02, 0x5A, 0x04, 0x47, 0x02, 0x45, 0x81, 0x47, 0x67,
    0x02, 0x5B, 0x80, 0x47, 0x02, 0x45, 0x80, 0x47, 0x02, 0x5A, 0x03, 0x45, 0x03, 0x47, 0x82, 0x44,
    0x5B, 0x40, 0x03, 0x19, 0x80, 0x1F, 0x02, 0x20, 0x03, 0x33, 0x02, 0x45, 0x83, 0x44, 0xB5, 0xB2,
    0xB6, 0x03, 0xD3, 0x80, 0xD1, 0x02, 0xCA, 0x80, 0xC9, 0x03, 0xB6, 0x02, 0xB2, 0x80, 0x99, 0x05,
    0xB2, 0x83, 0x9D, 0x92, 0x59, 0x52, 0x02, 0x8A, 0x80, 0x89, 0x02, 0x8A, 0x81, 0x3C, 0x92, 0x03,
    0x8A, 0x8D, 0x76, 0x44, 0x33, 0x5C, 0x76, 0x92, 0x8A, 0x92, 0x95, 0x44, 0x8A, 0x76, 0x1B, 0x1E,
    0x02, 0x56, 0x81, 0x38, 0x31, 0x02, 0x59, 0x83, 0x5C, 0x89, 0x5C, 0x92, 0x02, 0x8A, 0x80, 0x5C,
    0x07, 0x8A, 0x80, 0x92, 0x03, 0xC5, 0x03, 0xC9, 0x02, 0xCA, 0x81, 0xD2, 0xD1, 0x02, 0xD2, 0x83,
    0xD1, 0xC9, 0xB2, 0xB1, 0x03, 0x9A, 0x02, 0x92, 0x86, 0x9A, 0x99, 0x92, 0x66, 0x3A, 0x35, 0x3A,
    0x02, 0x2D, 0x85, 0x39, 0x52, 0x73, 0xCD, 0xA0, 0x3C, 0x04, 0x37, 0x81, 0x3E, 0x3B, 0x02, 0x37,
    0x82, 0x3B, 0x65, 0x64, 0x02, 0x6B, 0x81, 0x7C, 0x93, 0x02, 0x92, 0x80, 0xC3, 0x02, 0xB6, 0x85,
    0xBB, 0x90, 0xC4, 0xB6, 0xB4, 0xC6, 0x02, 0xDF, 0x84, 0xFF, 0xF4, 0xFF, 0xF4, 0xED, 0x04, 0xEA,
    0x04, 0xD4, 0x80, 0xDF, 0x03, 0xEF, 0x92, 0xED, 0xEF, 0xED, 0xEF, 0xF6, 0xF0, 0xF8, 0xF0, 0xFC,
    0x4A, 0x42, 0x4C, 0x47, 0x8F, 0xAC, 0x5E, 0x4D, 0x5F, 0x4C, 0x05, 0x4D, 0x09, 0x5E, 0x82, 0x4D,
    0x5E, 0x4D, 0x0A, 0x5E, 0x04, 0x5F, 0x04, 0x4E, 0x82, 0x86, 0xE6, 0xFC, 0x08, 0xF8, 0x80, 0xFC,
    0x08, 0xE4, 0x03, 0xE3, 0x8B, 0xF6, 0xE4, 0xF5, 0xEA, 0xCD, 0xDD, 0xC5, 0x94, 0x76, 0xF7, 0x25,
    0x28, 0x05, 0x5A, 0x82, 0x57, 0x2E, 0x36, 0x02, 0x5A, 0x81, 0x36, 0x28, 0x03, 0x29, 0x88, 0x36,
    0x29, 0x28, 0x29, 0x28, 0x2E, 0x25, 0x23, 0x25, 0x04, 0x27, 0x85, 0x36, 0x23, 0x25, 0x23, 0x21,
    0x1E, 0x02, 0x29, 0x80, 0x1C, 0x03, 0x1A, 0x83, 0x13, 0x27, 0x2C, 0x15, 0x02, 0x16, 0x02, 0x1F,
    0x80, 0x47, 0x02, 0x5A, 0x80, 0x75, 0x02, 0x96, 0x81, 0x8D, 0x8B, 0x02, 0x96, 0x8B, 0x95, 0x8D,
    0x8C, 0x8B, 0x85, 0x45, 0x11, 0x27, 0x45, 0x4C, 0x8C, 0x47, 0x02, 0x45, 0x03, 0x47, 0x86, 0x44,
    0x4C, 0x5D, 0x8B, 0x5D, 0xB2, 0xB6, 0x02, 0xB2, 0x81, 0x8D, 0x99, 0x02, 0xB6, 0x80, 0xCA, 0x02,
    0xC9, 0x03, 0xB6, 0x84, 0xB2, 0xB6, 0xB2, 0x99, 0x8A, 0x02, 0x89, 0x82, 0x8A, 0x89, 0x8A, 0x02,
    0x89, 0x04, 0x8A, 0x02, 0x92, 0x02, 0x8A, 0x80, 0x92, 0x02, 0x5C, 0x02, 0x89, 0x89, 0x8A, 0x92,
    0x8A, 0x95, 0x8A, 0x89, 0x44, 0x1B, 0x1E, 0x58, 0x03, 0x92, 0x02, 0x8A, 0x81, 0x92, 0x8A, 0x02,
    0x92, 0x81, 0x99, 0xC9, 0x03, 0xB2, 0x84, 0x99, 0x92, 0x8A, 0x59, 0x15, 0x03, 0x1B, 0x82, 0x21,
    0x22, 0x26, 0x02, 0x2B, 0x81, 0x2F, 0x36, 0x02, 0x3C, 0x82, 0x66, 0x91, 0xB1, 0x02, 0xC2, 0x80,
    0xC3, 0x02, 0xC5, 0x84, 0xC3, 0xB1, 0x9C, 0xB1, 0x9B, 0x02, 0x9C, 0x04, 0xC1, 0x86, 0x9C, 0x94,
    0x73, 0x70, 0x2D, 0x35, 0x26, 0x04, 0x37, 0x80, 0x50, 0x03, 0x37, 0x82, 0x3B, 0x65, 0x64, 0x02,
    0x6B, 0x84, 0x7C, 0x93, 0x94, 0x92, 0xB2, 0x02, 0xB6, 0x85, 0xBB, 0xA4, 0xAA, 0xB6, 0xB4, 0xCB,
    0x02, 0xDF, 0x84, 0xFF, 0xF4, 0xFF, 0xF4, 0xEE, 0x05, 0xEA, 0x83, 0xD4, 0xEA, 0xD4, 0xD7, 0x03,
    0xEF, 0x04, 0xED, 0x82, 0xF6, 0xF8, 0x38, 0x02, 0xF8, 0x82, 0xAC, 0x42, 0x5E, 0x03, 0x4C, 0x83,
    0x84, 0xA4, 0x90, 0x4C, 0x02, 0x5E, 0x06, 0x4D, 0x0C, 0x5E, 0x82, 0x4D, 0x5E, 0x4D, 0x05, 0x5E,
    0x03, 0x5F, 0x03, 0x4E, 0x83, 0x86, 0xFA, 0xFC, 0xF0, 0x09, 0xF8, 0x80, 0xFC, 0x07, 0xE4, 0x80,
    0xED, 0x02, 0xE3, 0x8C, 0xE4, 0xFB, 0xEF, 0xE3, 0xDB, 0xEF, 0xC7, 0xC3, 0x76, 0xE7, 0x31, 0x5A,
    0x67, 0x03, 0x5A, 0x87, 0x67, 0x36, 0x45, 0x54, 0x67, 0x27, 0x55, 0x36, 0x03, 0x29, 0x81, 0x27,
    0x28, 0x02, 0x14, 0x85, 0x12, 0x27, 0x12, 0x0F, 0x14, 0x25, 0x02, 0x27, 0x82, 0x23, 0x36, 0x23,
    0x02, 0x29, 0x84, 0x25, 0x21, 0x2E, 0x30, 0x1C, 0x03, 0x1E, 0x84, 0x1A, 0x27, 0x2E, 0x19, 0x27,
    0x03, 0x5B, 0x81, 0x77, 0x9D, 0x03, 0x9F, 0x85, 0x9D, 0x96, 0x8D, 0x9D, 0x96, 0xB3, 0x03, 0xB9,
    0x81, 0xAA, 0x9D, 0x02, 0x44, 0x83, 0x5B, 0x5C, 0x8E, 0x8B, 0x04, 0x8E, 0x81, 0x9D, 0x8B, 0x02,
    0x5C, 0x86, 0x8D, 0x8E, 0x45, 0x96, 0x99, 0x8D, 0x89, 0x0D, 0x99, 0x81, 0x8A, 0x92, 0x05, 0x8A,
    0x80, 0x89, 0x05, 0x8A, 0x02, 0x92, 0x87, 0x8A, 0x99, 0x92, 0x76, 0x58, 0x38, 0x89, 0x59, 0x02,
    0x5C, 0x81, 0x34, 0x5C, 0x04, 0x8A, 0x02, 0x92, 0x82, 0x8A, 0x89, 0x8A, 0x02, 0xB2, 0x85, 0xB6,
    0xC9, 0xB2, 0xC9, 0xB6, 0xC5, 0x02, 0x92, 0x83, 0x8A, 0x92, 0x52, 0x17, 0x04, 0x1B, 0x89, 0x22,
    0x26, 0x27, 0x20, 0x33, 0x31, 0x3F, 0x54, 0x6D, 0x91, 0x03, 0xA0, 0x80, 0xB1, 0x02, 0xC1, 0x86,
    0xC2, 0x73, 0x52, 0x73, 0x9C, 0x9B, 0x9C, 0x03, 0xC1, 0x81, 0xC3, 0x9B, 0x03, 0x2D, 0x82, 0x26,
    0x52, 0x2D, 0x04, 0x37, 0x80, 0x50, 0x02, 0x37, 0x82, 0x3B, 0x64, 0x72, 0x03, 0x6B, 0x81, 0x79,
    0x93, 0x02, 0x92, 0x02, 0xB6, 0x84, 0xB5, 0xBE, 0xAF, 0xAA, 0xB9, 0x02, 0xCB, 0x02, 0xD7, 0x80,
    0xFB, 0x02, 0xF4, 0x83, 0xFF, 0xFB, 0xEF, 0xE3, 0x02, 0xEA, 0x02, 0xD4, 0x84, 0xEA, 0xD4, 0xD7,
    0xED, 0xE3, 0x05, 0xED, 0x80, 0xF2, 0x02, 0xF0, 0x85, 0xF8, 0xF0, 0xF3, 0x44, 0x5E, 0x85, 0x02,
    0x5E, 0x03, 0x4C, 0x84, 0x84, 0xBF, 0x47, 0x4D, 0x5E, 0x02, 0x4C, 0x81, 0x5E, 0x84, 0x12, 0x5E,
    0x80, 0x4D, 0x03, 0x5E, 0x80, 0x5F, 0x02, 0x4D, 0x81, 0xA3, 0xFC, 0x0C, 0xF8, 0x80, 0xFC, 0x0A,
    0xE4, 0x8A, 0xE3, 0xFB, 0xE4, 0xF5, 0xE9, 0xF6, 0xC7, 0xC5, 0x91, 0x75, 0xAB, 0x02, 0x67, 0x08,
    0x5A, 0x85, 0x1F, 0x2E, 0x27, 0x0F, 0x14, 0x25, 0x02, 0x29, 0x80, 0x2E, 0x02, 0x25, 0x80, 0x2E,
    0x03, 0x25, 0x04, 0x27, 0x8B, 0x31, 0x23, 0x29, 0x2E, 0x21, 0x25, 0x2E, 0x36, 0x1E, 0x21, 0x29,
    0x1D, 0x02, 0x1C, 0x87, 0x2C, 0x1C, 0x2E, 0x45, 0x75, 0x8B, 0x95, 0x9D, 0x03, 0x9F, 0x04, 0x9D,
    0x81, 0x9F, 0xCB, 0x02, 0xBA, 0x87, 0xB9, 0xAA, 0x9D, 0x47, 0x9D, 0xB3, 0x9D, 0x8D, 0x05, 0x5D,
    0x02, 0x89, 0x88, 0x5D, 0x76, 0x89, 0x5C, 0x8B, 0x89, 0x8D, 0x89, 0x8A, 0x07, 0x89, 0x02, 0x8A,
    0x06, 0x89, 0x82, 0x59, 0x89, 0x31, 0x02, 0x8A, 0x80, 0x99, 0x05, 0x9A, 0x80, 0x8A, 0x02, 0x89,
    0x80, 0x92, 0x02, 0x99, 0x82, 0x89, 0x8A, 0x92, 0x02, 0x95, 0x02, 0x92, 0x05, 0x8A, 0x02, 0x92,
    0x03, 0x99, 0x80, 0x92, 0x02, 0x8A, 0x87, 0x92, 0x8A, 0x92, 0x8A, 0x38, 0x2C, 0x26, 0x58, 0x06,
    0x73, 0x81, 0x76, 0x4C, 0x04, 0x80, 0x81, 0x99, 0x95, 0x02, 0x98, 0x84, 0x9C, 0x7B, 0x98, 0xA0,
    0xB1, 0x02, 0xC1, 0x87, 0xC2, 0x94, 0x6D, 0x73, 0x70, 0x52, 0x2A, 0x25, 0x03, 0x35, 0x81, 0x2D,
    0x26, 0x02, 0x2D, 0x81, 0x7B, 0x2B, 0x05, 0x37, 0x81, 0x52, 0x37, 0x02, 0x3B, 0x81, 0x64, 0x72,
    0x03, 0x6B, 0x83, 0x79, 0x93, 0x92, 0x9A, 0x02, 0xB6, 0x84, 0xCB, 0xE6, 0xAE, 0xBA, 0xB9, 0x02,
    0xCB, 0x02, 0xDF, 0x80, 0xF6, 0x02, 0xF4, 0x81, 0xFF, 0xF2, 0x02, 0xE3, 0x02, 0xEA, 0x03, 0xD4,
    0x81, 0xEA, 0xE3, 0x02, 0xD7, 0x80, 0xDF, 0x02, 0xEF, 0x8A, 0xDF, 0xED, 0xF2, 0xFC, 0xF0, 0xE8,
    0xF0, 0xFD, 0x4C, 0x5E, 0x8C, 0x03, 0x5E, 0x81, 0x84, 0x5E, 0x03, 0x4C, 0x83, 0x87, 0xAC, 0x47,
    0x40, 0x02, 0x4C, 0x80, 0x5E, 0x04, 0x4C, 0x81, 0x5E, 0x4C, 0x0D, 0x5E, 0x80, 0x5F, 0x02, 0x5E,
    0x83, 0x86, 0xFC, 0xF8, 0xF0, 0x0C, 0xF8, 0x81, 0xFC, 0xFF, 0x0A, 0xE4, 0x02, 0xEE, 0x89, 0xED,
    0xEA, 0xF6, 0xC3, 0xC5, 0xC3, 0x75, 0xFF, 0x5A, 0x67, 0x08, 0x5A, 0x81, 0x67, 0x57, 0x03, 0x2E,
    0x02, 0x36, 0x85, 0x55, 0x5A, 0x67, 0x5A, 0x54, 0x25, 0x03, 0x29, 0x02, 0x28, 0x96, 0x29, 0x25,
    0x2E, 0x30, 0x36, 0x29, 0x2E, 0x36, 0x3C, 0x2E, 0x31, 0x36, 0x31, 0x2E, 0x31, 0x3C, 0x34, 0x31,
    0x34, 0x77, 0x8B, 0x95, 0x96, 0x04, 0x9F, 0x03, 0x9D, 0x81, 0x9F, 0xB8, 0x02, 0xD5, 0x85, 0xBA,
    0xB9, 0xAA, 0x5D, 0xAA, 0xB3, 0x02, 0xAA, 0x80, 0x9D, 0x03, 0x5C, 0x80, 0x5D, 0x02, 0x89, 0x83,
    0x5D, 0x76, 0x89, 0x5D, 0x02, 0x8B, 0x80, 0x8D, 0x04, 0x89, 0x02, 0x8A, 0x02, 0x89, 0x02, 0x8A,
    0x81, 0x76, 0x8A, 0x04, 0x89, 0x81, 0x8A, 0x89, 0x03, 0x8A, 0x81, 0x89, 0x8A, 0x02, 0x92, 0x80,
    0x96, 0x03, 0x92, 0x80, 0x8A, 0x03, 0x92, 0x81, 0x99, 0x92, 0x02, 0x8A, 0x80, 0x99, 0x03, 0xC9,
    0x80, 0xC5, 0x04, 0xB6, 0x80, 0xC5, 0x02, 0x99, 0x03, 0x8A, 0x86, 0x89, 0x8A, 0x92, 0x32, 0x26,
    0x1B, 0x1A, 0x02, 0x26, 0x06, 0x73, 0x80, 0x49, 0x06, 0x80, 0x80, 0x8D, 0x02, 0x98, 0x82, 0x9A,
    0xB1, 0xA0, 0x02, 0x97, 0x81, 0xB1, 0x9C, 0x02, 0xC1, 0x82, 0xB1, 0x7B, 0x52, 0x02, 0x2D, 0x85,
    0x2B, 0x35, 0x3A, 0x52, 0x50, 0x2D, 0x02, 0x26, 0x82, 0x2D, 0xDE, 0x2D, 0x05, 0x37, 0x81, 0x52,
    0x3B, 0x02, 0x64, 0x02, 0x65, 0x03, 0x6B, 0x83, 0x73, 0x79, 0x92, 0xB2, 0x02, 0xB6, 0x82, 0xCB,
    0xFC, 0xE6, 0x02, 0xBA, 0x81, 0xD5, 0xD7, 0x02, 0xDF, 0x86, 0xEE, 0xFA, 0xF4, 0xFD, 0xF2, 0xE3,
    0xED, 0x02, 0xEA, 0x84, 0xD4, 0xE1, 0xD3, 0xD4, 0xDF, 0x03, 0xD7, 0x02, 0xED, 0x02, 0xEF, 0x88,
    0xF6, 0xF8, 0xF0, 0x27, 0x11, 0xCC, 0x49, 0x4C, 0x8F, 0x03, 0x5E, 0x02, 0x84, 0x05, 0x4C, 0x85,
    0x47, 0x4C, 0x84, 0xA3, 0x4C, 0x20, 0x05, 0x47, 0x06, 0x4C, 0x02, 0x4A, 0x02, 0x47, 0x80, 0x4C,
    0x02, 0x47, 0x82, 0x4C, 0x4D, 0xD6, 0x04, 0xF0, 0x0C, 0xF8, 0x83, 0xFC, 0xF8, 0xF0, 0xE3, 0x04,
    0xE4, 0x80, 0xED, 0x02, 0xE4, 0x83, 0xD7, 0xEE, 0xFB, 0xED, 0x02, 0xEA, 0x80, 0xB2, 0x02, 0xCD,
    0x82, 0x5C, 0xAB, 0x96, 0x04, 0x5A, 0x02, 0x57, 0x80, 0x55, 0x02, 0x67, 0x05, 0x5A, 0x02, 0x67,
    0x86, 0x75, 0x67, 0x95, 0xB3, 0x9D, 0x75, 0x67, 0x02, 0x62, 0x02, 0x67, 0x87, 0x5A, 0x74, 0x56,
    0x54, 0x62, 0x67, 0x3C, 0x54, 0x02, 0x74, 0x88, 0x62, 0x7A, 0x56, 0x67, 0x5A, 0x67, 0x63, 0x5B,
    0x56, 0x02, 0x5B, 0x82, 0x95, 0x9D, 0x95, 0x02, 0x67, 0x80, 0x75, 0x02, 0x8B, 0x82, 0x77, 0x5B,
    0x9F, 0x02, 0xA9, 0x03, 0xAA, 0x83, 0xA9, 0x5D, 0x77, 0x5D, 0x02, 0x8D, 0x02, 0x5C, 0x02, 0x5D,
    0x02, 0x5C, 0x89, 0x45, 0x44, 0x8D, 0x5D, 0x45, 0x89, 0x8B, 0x8A, 0x8E, 0x89, 0x02, 0x8A, 0x02,
    0x89, 0x80, 0x5C, 0x02, 0x44, 0x83, 0x58, 0x44, 0x59, 0x5C, 0x03, 0x89, 0x81, 0x44, 0x92, 0x04,
    0x8A, 0x86, 0x92, 0x8A, 0x99, 0x92, 0x8A, 0x92, 0x99, 0x03, 0xB2, 0x81, 0xB6, 0xCA, 0x02, 0xD1,
    0x80, 0xCA, 0x04, 0xC9, 0x02, 0xC5, 0x88, 0xB6, 0x9A, 0x76, 0x5C, 0x59, 0x58, 0x44, 0x34, 0x38,
    0x03, 0x26, 0x83, 0x2B, 0x34, 0x59, 0x76, 0x06, 0x73, 0x81, 0x5C, 0x48, 0x06, 0x80, 0x85, 0x43,
    0x30, 0x2D, 0x32, 0x29, 0x30, 0x02, 0x32, 0x83, 0x39, 0x35, 0x2D, 0x30, 0x04, 0x2B, 0x02, 0x2D,
    0x84, 0x94, 0xC1, 0xA0, 0xC2, 0xC4, 0x02, 0x9A, 0x02, 0xEC, 0x81, 0x7E, 0x3B, 0x03, 0x37, 0x81,
    0x3B, 0x61, 0x03, 0x64, 0x80, 0x79, 0x02, 0x64, 0x91, 0x6B, 0x7C, 0x94, 0x93, 0x99, 0xB5, 0xB6,
    0xCB, 0xD3, 0xFF, 0xE6, 0xBD, 0xD3, 0xD5, 0xD7, 0xE3, 0xDF, 0xF2, 0x02, 0xFA, 0x83, 0xF4, 0xFF,
    0xF6, 0xEF, 0x02, 0xEA, 0x82, 0xCF, 0xED, 0xD3, 0x02, 0xD4, 0x03, 0xD7, 0x80, 0xE3, 0x03, 0xED,
    0x89, 0xF6, 0xFC, 0xF8, 0x9E, 0x0C, 0xAB, 0x88, 0x85, 0x8F, 0x84, 0x05, 0x5E, 0x05, 0x4C, 0x80,
    0x84, 0x03, 0x4C, 0x81, 0x47, 0x5E, 0x02, 0x8F, 0x82, 0x90, 0x47, 0x45, 0x02, 0x40, 0x03, 0x33,
    0x02, 0x20, 0x82, 0x33, 0x44, 0x5E, 0x02, 0x8C, 0x81, 0xAB, 0xFF, 0x03, 0xF0, 0x81, 0xF6, 0xF0,
    0x0E, 0xF8, 0x80, 0xFC, 0x0A, 0xE4, 0x84, 0xF6, 0xED, 0xEA, 0xD4, 0xC5, 0x02, 0xC7, 0x83, 0xB1,
    0x5D, 0xFC, 0x67, 0x02, 0x5A, 0x84, 0x67, 0x55, 0x36, 0x67, 0x54, 0x02, 0x67, 0x80, 0x5A, 0x02,
    0x67, 0x8A, 0x5A, 0x57, 0x5A, 0x67, 0x57, 0x75, 0xCC, 0xD8, 0x9F, 0x77, 0x5A, 0x04, 0x54, 0x90,
    0x62, 0x56, 0x74, 0x95, 0x9F, 0x77, 0x97, 0x74, 0x77, 0x74, 0x77, 0x54, 0x32, 0x1C, 0x25, 0x2E,
    0x44, 0x03, 0x55, 0x80, 0x77, 0x02, 0x9F, 0x03, 0x67, 0x87, 0x47, 0x45, 0x5A, 0x47, 0x77, 0x8D,
    0x8B, 0x5D, 0x04, 0x47, 0x85, 0x5B, 0x4C, 0x47, 0x45, 0x47, 0x33, 0x02, 0x45, 0x84, 0x47, 0x5B,
    0x8C, 0x5B, 0x2C, 0x02, 0x33, 0x02, 0x89, 0x83, 0x8E, 0x89, 0x99, 0x92, 0x02, 0x8A, 0x02, 0x89,
    0x82, 0x8B, 0x77, 0x5C, 0x02, 0x89, 0x83, 0x5B, 0x44, 0x59, 0x58, 0x03, 0x89, 0x8A, 0x8A, 0x92,
    0x59, 0x8A, 0x92, 0x5B, 0x92, 0x8A, 0x92, 0x9A, 0xB2, 0x04, 0x9A, 0x81, 0x99, 0x92, 0x02, 0x99,
    0x82, 0x76, 0x34, 0x26, 0x03, 0x1E, 0x80, 0x1B, 0x02, 0x2A, 0x81, 0x1B, 0x2C, 0x02, 0x1B, 0x85,
    0x31, 0x59, 0x91, 0x8A, 0x76, 0x8A, 0x04, 0x73, 0x81, 0x59, 0x58, 0x02, 0x73, 0x81, 0x5D, 0x48,
    0x07, 0x80, 0x87, 0x2F, 0x2C, 0x1C, 0x0A, 0x1C, 0x1A, 0x1C, 0x18, 0x02, 0x2D, 0x80, 0x2F, 0x02,
    0x2B, 0x80, 0x26, 0x02, 0x2D, 0x84, 0x2B, 0x30, 0x9B, 0xC1, 0xC4, 0x02, 0xDD, 0x84, 0xD2, 0xDD,
    0xEC, 0x61, 0x3B, 0x02, 0x37, 0x02, 0x3B, 0x80, 0x61, 0x03, 0x64, 0x80, 0x73, 0x04, 0x6B, 0x90,
    0x9B, 0x93, 0x9A, 0xB6, 0xC9, 0xD3, 0xD7, 0xFF, 0xE6, 0xBD, 0xD7, 0xD5, 0xD7, 0xE3, 0xDF, 0xEE,
    0xFD, 0x02, 0xFA, 0x82, 0xFF, 0xF6, 0xEF, 0x02, 0xEA, 0x81, 0xD4, 0xEF, 0x02, 0xD4, 0x05, 0xD7,
    0x02, 0xED, 0x87, 0xEF, 0xF6, 0xFF, 0xF6, 0xD6, 0x45, 0xCC, 0xAE, 0x02, 0x8F, 0x80, 0x84, 0x03,
    0x5E, 0x81, 0x4C, 0x5E, 0x06, 0x4C, 0x02, 0x84, 0x07, 0x4C, 0x8A, 0x47, 0x4C, 0x47, 0x4C, 0xAE,
    0xC0, 0x4D, 0x11, 0x0C, 0x96, 0xD7, 0x02, 0xF6, 0x83, 0xFB, 0xF6, 0xF0, 0xF8, 0x02, 0xF0, 0x80,
    0xF6, 0x0C, 0xF8, 0x02, 0xFC, 0x80, 0xF8, 0x02, 0xEE, 0x07, 0xE4, 0x02, 0xEE, 0x83, 0xF6, 0xE3,
    0xEA, 0xDD, 0x02, 0xCD, 0x83, 0xDA, 0x95, 0xD6, 0x67, 0x03, 0x5A, 0x83, 0x57, 0x44, 0x2E, 0x67,
    0x02, 0x5A, 0x8A, 0x36, 0x27, 0x2E, 0x44, 0x36, 0x77, 0x67, 0x57, 0x5A, 0x55, 0x2E, 0x03, 0x29,
    0x83, 0x28, 0x2E, 0x29, 0x36, 0x02, 0x54, 0x82, 0x36, 0x54, 0x2F, 0x02, 0x2E, 0x89, 0x36, 0x2E,
    0x29, 0x2E, 0x23, 0x36, 0x24, 0x1E, 0x2E, 0x54, 0x04, 0x5A, 0x02, 0x67, 0x80, 0x5A, 0x02, 0x56,
    0x87, 0x2E, 0x33, 0x54, 0x44, 0x56, 0x5B, 0x5D, 0x5B, 0x07, 0x47, 0x02, 0x4C, 0x80, 0x47, 0x02,
    0x4C, 0x8B, 0x5D, 0x75, 0x4C, 0x95, 0x47, 0x20, 0x33, 0x99, 0x96, 0xF5, 0x5C, 0xD3, 0x06, 0x8A,
    0x82, 0x92, 0x8A, 0x92, 0x0D, 0xB2, 0x82, 0xB1, 0x99, 0x92, 0x03, 0x9A, 0x80, 0x98, 0x04, 0x9A,
    0x83, 0x99, 0x2D, 0x1B, 0x24, 0x03, 0x1E, 0x02, 0x24, 0x8E, 0x2C, 0x54, 0x92, 0x3A, 0x66, 0x44,
    0x58, 0x38, 0x34, 0x58, 0x9A, 0x58, 0x48, 0x49, 0x5D, 0x03, 0x4C, 0x83, 0x49, 0x40, 0x48, 0x4C,
    0x02, 0x49, 0x80, 0x48, 0x05, 0x80, 0x88, 0x56, 0x32, 0x2E, 0x2A, 0x28, 0x35, 0x32, 0x2B, 0x2F,
    0x05, 0x2D, 0x80, 0x32, 0x02, 0x35, 0x84, 0x7D, 0x6D, 0x66, 0xC2, 0xDD, 0x02, 0xDE, 0x82, 0xDD,
    0xC3, 0x3E, 0x03, 0x37, 0x82, 0x3B, 0x64, 0x6C, 0x03, 0x64, 0x80, 0x79, 0x03, 0x6B, 0x82, 0x7C,
    0x9B, 0x93, 0x02, 0xB6, 0x86, 0xD3, 0xD7, 0xDF, 0xFF, 0xFD, 0xE2, 0xD5, 0x02, 0xD7, 0x83, 0xED,
    0xE3, 0xD6, 0xFD, 0x02, 0xF4, 0x84, 0xFA, 0xFF, 0xEF, 0xDF, 0xF5, 0x02, 0xD4, 0x80, 0xCF, 0x02,
    0xD4, 0x80, 0xDF, 0x03, 0xD7, 0x02, 0xE3, 0x81, 0xED, 0xF6, 0x02, 0xF8, 0x89, 0xF0, 0xEE, 0xE7,
    0xB7, 0xAC, 0xFD, 0xB7, 0x8B, 0x4C, 0x20, 0x02, 0x4C, 0x81, 0x84, 0x5E, 0x02, 0x84, 0x80, 0x5D,
    0x0A, 0x4C, 0x80, 0x84, 0x04, 0x4C, 0x85, 0xC0, 0x8C, 0x0E, 0x33, 0x75, 0xC8, 0x02, 0xF0, 0x80,
    0xF8, 0x05, 0xF0, 0x11, 0xF8, 0x81, 0xE4, 0xE3, 0x08, 0xE4, 0x83, 0xFB, 0xEF, 0xEA, 0xEF, 0x02,
    0xC7, 0x83, 0xD2, 0xB2, 0x8F, 0xBB, 0x03, 0x67, 0x02, 0x5A, 0x02, 0x67, 0x84, 0x57, 0x33, 0x57,
    0x9F, 0xB3, 0x02, 0x67, 0x85, 0x5A, 0x75, 0x5A, 0x55, 0x2E, 0x25, 0x02, 0x29, 0x81, 0x2E, 0x29,
    0x02, 0x2E, 0x80, 0x29, 0x02, 0x25, 0x91, 0x29, 0x36, 0x25, 0x28, 0x2E, 0x36, 0x25, 0x28, 0x30,
    0x25, 0x30, 0x21, 0x27, 0x36, 0x44, 0x36, 0x56, 0x55, 0x06, 0x67, 0x84, 0x5A, 0x56, 0x67, 0x47,
    0x67, 0x05, 0x5B, 0x03, 0x47, 0x84, 0x9D, 0xB8, 0xD5, 0xB4, 0x4C, 0x02, 0xA2, 0x86, 0x90, 0x45,
    0x33, 0x45, 0x33, 0x20, 0x89, 0x05, 0x8A, 0x80, 0x92, 0x05, 0x8A, 0x02, 0x99, 0x04, 0xB6, 0x02,
    0xC9, 0x80, 0xCA, 0x04, 0xC9, 0x85, 0xB6, 0xC9, 0xD1, 0xB2, 0x9A, 0x99, 0x04, 0x9A, 0x02, 0x98,
    0x02, 0x9A, 0x82, 0x99, 0x26, 0x1A, 0x04, 0x1E, 0x02, 0x1B, 0x84, 0x2A, 0x2B, 0x95, 0x32, 0x63,
    0x03, 0x95, 0x82, 0xC4, 0xCB, 0x49, 0x03, 0x48, 0x80, 0x80, 0x07, 0x48, 0x80, 0x84, 0x02, 0x91,
    0x80, 0x5D, 0x04, 0x80, 0x90, 0x2D, 0x56, 0xA0, 0x74, 0x98, 0x3C, 0x7E, 0x7B, 0x39, 0x2F, 0x2D,
    0x30, 0x35, 0x3A, 0x3D, 0x51, 0x3D, 0x02, 0x35, 0x83, 0x6D, 0xC1, 0xCA, 0xDE, 0x02, 0xEC, 0x81,
    0x50, 0x52, 0x02, 0x37, 0x80, 0x3B, 0x02, 0x64, 0x80, 0x6F, 0x02, 0x64, 0x81, 0x65, 0x79, 0x03,
    0x6B, 0x87, 0x7C, 0xC1, 0x94, 0xC6, 0xB6, 0xD3, 0xD4, 0xD7, 0x02, 0xFF, 0x02, 0xE2, 0x02, 0xD7,
    0x83, 0xED, 0xE3, 0xD6, 0xFD, 0x03, 0xF4, 0x83, 0xFF, 0xEE, 0xDF, 0xEA, 0x02, 0xD4, 0x80, 0xC9,
    0x02, 0xD4, 0x80, 0xDF, 0x02, 0xD7, 0x80, 0xE1, 0x03, 0xD7, 0x80, 0xF0, 0x04, 0xF8, 0x8C, 0xE8,
    0xBE, 0x8F, 0x84, 0x85, 0x84, 0x47, 0x1F, 0x4C, 0xBB, 0x9E, 0x8D, 0x8B, 0x03, 0x8D, 0x82, 0x8C,
    0x8B, 0x84, 0x04, 0x4C, 0x80, 0x5D, 0x03, 0x4C, 0x88, 0x9E, 0x45, 0x19, 0xBC, 0xB7, 0xB3, 0x9D,
    0xB4, 0xCC, 0x03, 0xF0, 0x08, 0xFB, 0x0E, 0xF8, 0x81, 0xF7, 0xF0, 0x08, 0xE4, 0x8B, 0xF6, 0xED,
    0xE3, 0xEF, 0xCD, 0xC7, 0xDD, 0xC5, 0x8B, 0xBB, 0x44, 0x54, 0x03, 0x5A, 0x03, 0x67, 0x82, 0x2E,
    0x54, 0x67, 0x02, 0x5A, 0x87, 0x57, 0x67, 0x75, 0x67, 0x54, 0x2E, 0x67, 0x95, 0x02, 0x9F, 0x83,
    0x2E, 0x29, 0x2A, 0x29, 0x02, 0x28, 0x97, 0x29, 0x36, 0x29, 0x2E, 0x30, 0x54, 0x56, 0x67, 0x62,
    0x2E, 0x30, 0x21, 0x23, 0x36, 0x5A, 0x55, 0x36, 0x27, 0x54, 0x5A, 0x67, 0x75, 0x44, 0x55, 0x02,
    0x44, 0x82, 0x36, 0x44, 0x67, 0x08, 0x5B, 0x02, 0x8B, 0x80, 0x90, 0x02, 0xA2, 0x87, 0x4D, 0x82,
    0x87, 0x44, 0x20, 0x44, 0x33, 0x20, 0x03, 0x8A, 0x88, 0x92, 0x95, 0x8A, 0x99, 0x5C, 0x96, 0x76,
    0x5C, 0x99, 0x02, 0x92, 0x02, 0xB6, 0x03, 0xD1, 0x85, 0xCA, 0xC9, 0xCA, 0xC9, 0xB6, 0xD1, 0x02,
    0xC9, 0x80, 0xC5, 0x02, 0x9A, 0x02, 0x99, 0x03, 0x9A, 0x83, 0x9C, 0x95, 0x2B, 0x2D, 0x02, 0x1B,
    0x88, 0x17, 0x12, 0x16, 0x13, 0x16, 0x0D, 0x0B, 0x1A, 0x3C, 0x04, 0xA0, 0x83, 0xC4, 0xCD, 0xC4,
    0x4E, 0x04, 0x48, 0x80, 0x80, 0x03, 0x48, 0x83, 0x80, 0x48, 0x80, 0x5D, 0x02, 0x73, 0x02, 0x91,
    0x8D, 0x8A, 0x48, 0x80, 0x4B, 0x92, 0x26, 0x9A, 0x32, 0x34, 0xC2, 0xB1, 0x32, 0x39, 0x2F, 0x02,
    0x32, 0x05, 0x2D, 0x02, 0x35, 0x88, 0x66, 0x9B, 0xC7, 0xCD, 0xD9, 0xC3, 0x37, 0x50, 0x37, 0x02,
    0x3B, 0x02, 0x64, 0x80, 0x6F, 0x02, 0x64, 0x81, 0x73, 0x6C, 0x03, 0x6B, 0x87, 0x6C, 0xC3, 0x94,
    0xB4, 0xB6, 0xE1, 0xDF, 0xD4, 0x02, 0xFF, 0x87, 0xE2, 0xD8, 0xE2, 0xD7, 0xED, 0xD7, 0xE7, 0xFA,
    0x03, 0xF4, 0x84, 0xFD, 0xFF, 0xEA, 0xE3, 0xEA, 0x05, 0xD4, 0x06, 0xD7, 0x83, 0xED, 0xF8, 0xF0,
    0xF8, 0x02, 0xFC, 0x8C, 0x88, 0x8D, 0xF2, 0x85, 0x84, 0x0E, 0x0C, 0x20, 0x8D, 0x85, 0x8B, 0x99,
    0x9A, 0x08, 0xB2, 0x8E, 0xB6, 0xC6, 0xB9, 0xA9, 0x8F, 0x8C, 0x4D, 0x20, 0x11, 0x0C, 0x9D, 0xB8,
    0xD8, 0xFB, 0xF6, 0x02, 0xF8, 0x0A, 0xFB, 0x0C, 0xF8, 0x83, 0xFC, 0xF4, 0xEE, 0xED, 0x06, 0xE4,
    0x81, 0xF6, 0xE4, 0x02, 0xEF, 0x88, 0xC5, 0xC7, 0xC9, 0xD4, 0x92, 0x47, 0xAB, 0x56, 0x55, 0x04,
    0x5A, 0x84, 0x67, 0x57, 0x5A, 0x36, 0x38, 0x02, 0x54, 0x86, 0x75, 0xB3, 0xC6, 0x9F, 0xC6, 0xA0,
    0x4C, 0x02, 0x40, 0x81, 0x1F, 0x1C, 0x03, 0x29, 0x82, 0x36, 0x75, 0xC4, 0x03, 0xB3, 0x80, 0xC4,
    0x02, 0x9F, 0x82, 0xB8, 0x9F, 0x67, 0x02, 0x5A, 0x80, 0x75, 0x03, 0x67, 0x80, 0x56, 0x02, 0x67,
    0x82, 0x5A, 0x55, 0x5A, 0x02, 0x27, 0x83, 0x1A, 0x31, 0x33, 0x36, 0x02, 0x5B, 0x80, 0x33, 0x02,
    0x24, 0x80, 0x1E, 0x03, 0x1F, 0x80, 0x27, 0x03, 0x20, 0x85, 0x2A, 0x20, 0x33, 0x44, 0x33, 0x44,
    0x02, 0x33, 0x04, 0x8A, 0x8E, 0x59, 0x44, 0xB2, 0xB1, 0xB2, 0xB6, 0xB1, 0xD1, 0xC9, 0xB2, 0x5C,
    0x99, 0x9A, 0x99, 0xB2, 0x02, 0x99, 0x02, 0x9A, 0x02, 0xB2, 0x81, 0x99, 0x91, 0x02, 0x76, 0x80,
    0x66, 0x02, 0x58, 0x80, 0x34, 0x02, 0x2A, 0x88, 0x23, 0x27, 0x19, 0x24, 0x1A, 0x18, 0x1F, 0x1B,
    0x18, 0x02, 0x1E, 0x8B, 0x24, 0x2C, 0x91, 0x99, 0x98, 0xA0, 0xC4, 0xC5, 0xD2, 0xC5, 0x8E, 0x80,
    0x04, 0x48, 0x80, 0x80, 0x05, 0x48, 0x83, 0x96, 0x91, 0x73, 0x76, 0x03, 0x91, 0x8B, 0x89, 0x80,
    0x89, 0x98, 0x33, 0x76, 0x95, 0x63, 0x9B, 0x97, 0x17, 0x3D, 0x02, 0x32, 0x80, 0x39, 0x02, 0x35,
    0x03, 0x2D, 0x83, 0x35, 0x3A, 0x52, 0x9B, 0x02, 0xD9, 0x84, 0xCD, 0x3B, 0x37, 0x50, 0x37, 0x03,
    0x64, 0x81, 0x6C, 0x6F, 0x02, 0x64, 0x82, 0x93, 0x6B, 0x65, 0x02, 0x6B, 0x87, 0x6C, 0xC3, 0xC2,
    0xC6, 0xB6, 0xE1, 0xDF, 0xD3, 0x02, 0xFF, 0x87, 0xE2, 0xD8, 0xE2, 0xD7, 0xED, 0xD7, 0xE7, 0xFA,
    0x02, 0xF4, 0x80, 0xFA, 0x02, 0xFF, 0x81, 0xC6, 0xEF, 0x02, 0xEA, 0x04, 0xD4, 0x81, 0xD7, 0xDF,
    0x04, 0xD7, 0x80, 0xED, 0x03, 0xF8, 0x8B, 0xCC, 0xD6, 0x0C, 0x8C, 0x8F, 0x9D, 0xB8, 0x5B, 0x44,
    0x45, 0x4C, 0x84, 0x03, 0x8C, 0x80, 0x8D, 0x08, 0x8C, 0x81, 0x8D, 0x8C, 0x02, 0x8D, 0x88, 0x8F,
    0x8C, 0x42, 0x1F, 0x47, 0xA9, 0xB3, 0x77, 0xD8, 0x03, 0xF8, 0x04, 0xFB, 0x80, 0xFC, 0x03, 0xFB,
    0x81, 0xF8, 0xFB, 0x0C, 0xF8, 0x02, 0xFC, 0x80, 0xFA, 0x07, 0xE4, 0x8D, 0xFB, 0xE4, 0xEF, 0xE4,
    0xD4, 0xC5, 0xCD, 0xF5, 0xC5, 0x44, 0xAB, 0x31, 0x55, 0x5A, 0x02, 0x67, 0x02, 0x5A, 0x8B, 0x55,
    0x56, 0x3C, 0x38, 0xC8, 0xCF, 0xD0, 0xC8, 0xD0, 0xDF, 0x9F, 0x40, 0x05, 0x80, 0x85, 0x27, 0x29,
    0x2E, 0x29, 0x25, 0x36, 0x03, 0x25, 0x88, 0x29, 0x25, 0x23, 0x67, 0x5A, 0x67, 0x55, 0x5A, 0x75,
    0x03, 0x67, 0x80, 0x5A, 0x04, 0x67, 0x84, 0x5A, 0x75, 0x5A, 0x55, 0x67, 0x02, 0x5A, 0x86, 0x44,
    0x33, 0x1D, 0x24, 0x26, 0x24, 0x26, 0x03, 0x2A, 0x83, 0x2C, 0x2A, 0x2C, 0x20, 0x02, 0x33, 0x03,
    0x44, 0x02, 0x33, 0x88, 0x8A, 0x95, 0x75, 0x5B, 0x2E, 0x13, 0x5B, 0x99, 0xC9, 0x02, 0xB6, 0x85,
    0xB2, 0xB6, 0xB5, 0x9A, 0xB2, 0xB1, 0x02, 0xD1, 0x85, 0xB6, 0xD4, 0xB6, 0xD4, 0xB6, 0x98, 0x02,
    0x92, 0x87, 0xB1, 0xA0, 0x9A, 0x77, 0x2A, 0x24, 0x25, 0x2C, 0x02, 0x2E, 0x84, 0x27, 0x2E, 0x2A,
    0x27, 0x2C, 0x02, 0x26, 0x82, 0x1B, 0x26, 0x92, 0x02, 0x99, 0x81, 0x92, 0x9A, 0x02, 0x95, 0x84,
    0xC9, 0x97, 0x63, 0x40, 0x80, 0x04, 0x48, 0x80, 0x80, 0x03, 0x48, 0x02, 0x33, 0x83, 0x34, 0x54,
    0x8A, 0x91, 0x02, 0x73, 0x04, 0x91, 0x83, 0x66, 0x44, 0x98, 0x2F, 0x02, 0x9B, 0x82, 0x97, 0x3D,
    0x54, 0x03, 0x3D, 0x8F, 0x39, 0x35, 0x30, 0x2D, 0x35, 0x3A, 0x70, 0xCD, 0xC7, 0xD9, 0xCD, 0x91,
    0x3B, 0x37, 0x53, 0x3B, 0x03, 0x64, 0x02, 0x6C, 0x02, 0x64, 0x80, 0x93, 0x04, 0x6B, 0x80, 0x6C,
    0x02, 0xC3, 0x81, 0xC6, 0xD4, 0x02, 0xD7, 0x80, 0xCB, 0x02, 0xFF, 0x80, 0xD8, 0x02, 0xE2, 0x85,
    0xD5, 0xED, 0xE4, 0xEE, 0xF4, 0xFA, 0x02, 0xF4, 0x84, 0xFD, 0xFE, 0xEE, 0xD4, 0xE3, 0x05, 0xD4,
    0x02, 0xDF, 0x80, 0xE1, 0x03, 0xD7, 0x83, 0xED, 0xFB, 0xF8, 0xCC, 0x02, 0x06, 0x8A, 0x0F, 0x5E,
    0x84, 0x8D, 0x8F, 0x8C, 0xA9, 0xB2, 0x76, 0x5D, 0x4C, 0x02, 0x84, 0x80, 0x8D, 0x02, 0x8B, 0x81,
    0x8D, 0x8B, 0x03, 0x8D, 0x81, 0x8C, 0x8D, 0x03, 0x8C, 0x88, 0x8B, 0x8D, 0xF9, 0xF3, 0xCC, 0xDF,
    0xF0, 0xF8, 0xF0, 0x08, 0xFB, 0x02, 0xFC, 0x06, 0xF8, 0x82, 0xFC, 0xF8, 0xFC, 0x07, 0xF8, 0x84,
    0xFC, 0xFD, 0xFA, 0xED, 0xEF, 0x04, 0xE4, 0x8B, 0xF6, 0xE4, 0xEE, 0xEF, 0xFB, 0xCD, 0xC7, 0xCA,
    0xED, 0x92, 0x44, 0xF4, 0x03, 0x29, 0x81, 0x28, 0x29, 0x02, 0x2E, 0x83, 0x30, 0x36, 0xC8, 0xD7,
    0x02, 0xDF, 0x83, 0xC8, 0xD0, 0x54, 0x44, 0x04, 0x80, 0x83, 0x27, 0x30, 0x2E, 0x27, 0x02, 0x25,
    0x8C, 0x28, 0x36, 0x2A, 0x23, 0x24, 0x1A, 0x1D, 0x1C, 0x21, 0x44, 0x36, 0x57, 0x55, 0x04, 0x67,
    0x82, 0x5A, 0x67, 0x75, 0x04, 0x67, 0x02, 0x5A, 0x82, 0x67, 0x5A, 0x45, 0x03, 0x27, 0x81, 0x33,
    0x32, 0x03, 0x2C, 0x82, 0x34, 0x44, 0x58, 0x05, 0x5C, 0x03, 0x77, 0x81, 0x5C, 0x47, 0x06, 0x27,
    0x91, 0x2A, 0x76, 0xD2, 0xB6, 0xB2, 0xB1, 0x9A, 0xB2, 0xAA, 0x2A, 0xB2, 0xD1, 0xCA, 0xC9, 0xB2,
    0x98, 0x9A, 0x98, 0x02, 0x9A, 0x84, 0x98, 0x3C, 0x34, 0x28, 0x23, 0x02, 0x24, 0x81, 0x25, 0x31,
    0x02, 0x2E, 0x86, 0x24, 0x2E, 0x24, 0x1E, 0x26, 0x92, 0x99, 0x03, 0x9A, 0x8A, 0x98, 0x9A, 0x98,
    0x96, 0x56, 0x63, 0xD2, 0xC9, 0x92, 0x8E, 0x88, 0x02, 0x8E, 0x80, 0xAA, 0x02, 0xB5, 0x02, 0xB6,
    0x85, 0xB1, 0x76, 0x2C, 0x15, 0x34, 0x58, 0x03, 0x73, 0x02, 0x76, 0x02, 0x91, 0x89, 0x56, 0x76,
    0x63, 0x36, 0x2B, 0x3C, 0x39, 0x23, 0x3C, 0x35, 0x03, 0x2F, 0x02, 0x39, 0x82, 0x3A, 0x60, 0x9B,
    0x02, 0xC7, 0x83, 0xC3, 0xCE, 0xC3, 0x3B, 0x02, 0x37, 0x80, 0x6C, 0x04, 0x64, 0x80, 0x6C, 0x02,
    0x65, 0x81, 0x72, 0x79, 0x04, 0x6B, 0x87, 0x6F, 0x9C, 0xC3, 0xB4, 0xCB, 0xDF, 0xD7, 0xB4, 0x02,
    0xFF, 0x80, 0xE4, 0x02, 0xE2, 0x84, 0xD5, 0xED, 0xDF, 0xE4, 0xFD, 0x03, 0xF4, 0x80, 0xFD, 0x02,
    0xFF, 0x80, 0xC6, 0x06, 0xD4, 0x80, 0xDF, 0x04, 0xD7, 0x82, 0xE3, 0xED, 0xFB, 0x02, 0xF8, 0x84,
    0xF0, 0xAB, 0x8B, 0xB5, 0x9D, 0x02, 0x8B, 0x81, 0x8D, 0x8F, 0x02, 0x8D, 0x85, 0xA9, 0xB6, 0xAA,
    0x8E, 0x84, 0x4C, 0x04, 0x84, 0x04, 0x8B, 0x88, 0x84, 0x8B, 0xB7, 0xAB, 0x84, 0x4C, 0xAF, 0xF9,
    0xF7, 0x02, 0xF0, 0x80, 0xF8, 0x0A, 0xFB, 0x80, 0xFC, 0x05, 0xF8, 0x80, 0xFC, 0x03, 0xF8, 0x06,
    0xFC, 0x02, 0xFA, 0x83, 0xF7, 0xF4, 0xF7, 0xED, 0x02, 0xE4, 0x80, 0xF6, 0x04, 0xEE, 0x88, 0xFB,
    0xD4, 0xCD, 0xC5, 0xED, 0xCA, 0x58, 0x5B, 0x9D, 0x07, 0x29, 0x94, 0x30, 0x3C, 0xDF, 0xD7, 0xDF,
    0xC8, 0xD7, 0x2E, 0x36, 0x40, 0x48, 0x80, 0x49, 0x56, 0x40, 0x20, 0x43, 0x4C, 0x88, 0x87, 0x8D,
    0x02, 0x5D, 0x88, 0x5B, 0x54, 0x44, 0x27, 0x25, 0x24, 0x2E, 0x21, 0x28, 0x03, 0x36, 0x80, 0x38,
    0x02, 0x67, 0x80, 0x75, 0x05, 0x67, 0x89, 0x5A, 0x75, 0x5A, 0x44, 0x33, 0x38, 0x2E, 0x44, 0x95,
    0xB3, 0x02, 0xB4, 0x85, 0xB8, 0xB3, 0xA9, 0x96, 0x77, 0x75, 0x02, 0x5B, 0x80, 0x75, 0x02, 0x5B,
    0x81, 0x45, 0x33, 0x03, 0x27, 0x84, 0x23, 0x38, 0x77, 0x99, 0x8A, 0x02, 0x92, 0x8B, 0x99, 0x8A,
    0x96, 0x99, 0x58, 0xB6, 0xCB, 0x15, 0x44, 0x98, 0x52, 0x98, 0x02, 0x9A, 0x02, 0x98, 0x8F, 0x31,
    0x21, 0x2F, 0x28, 0x27, 0x2A, 0x24, 0x23, 0x2C, 0x96, 0x95, 0x77, 0x63, 0x76, 0x31, 0x77, 0x02,
    0x99, 0x8D, 0x9A, 0xC4, 0x9F, 0xB1, 0xB3, 0x95, 0x96, 0x75, 0x77, 0x97, 0x98, 0xCA, 0xC9, 0xB6,
    0x02, 0xA9, 0x88, 0x8E, 0x4C, 0x44, 0x2B, 0x26, 0x2B, 0x24, 0x31, 0x33, 0x03, 0x76, 0x02, 0x73,
    0x04, 0x76, 0x89, 0x44, 0x8A, 0x34, 0x1B, 0x1C, 0x17, 0x29, 0x26, 0x30, 0x2F, 0x03, 0x2B, 0x89,
    0x39, 0x3A, 0x3D, 0x60, 0xC1, 0xCE, 0xC7, 0xC3, 0x7B, 0x52, 0x02, 0x37, 0x81, 0x64, 0x6F, 0x02,
    0x64, 0x82, 0x65, 0x64, 0x6C, 0x02, 0x64, 0x81, 0x73, 0x6C, 0x04, 0x6B, 0x87, 0x6C, 0x93, 0xC9,
    0xB6, 0xC6, 0xD4, 0xD7, 0xB4, 0x02, 0xFF, 0x80, 0xE4, 0x02, 0xE2, 0x86, 0xD7, 0xED, 0xDF, 0xE4,
    0xFD, 0xF4, 0xFA, 0x02, 0xF4, 0x02, 0xFF, 0x81, 0xDF, 0xCF, 0x05, 0xD4, 0x02, 0xDF, 0x03, 0xD7,
    0x02, 0xED, 0x02, 0xFC, 0x83, 0xF8, 0xF6, 0xBE, 0x84, 0x02, 0x4C, 0x80, 0x9D, 0x02, 0xD3, 0x80,
    0xAA, 0x02, 0x8D, 0x89, 0x85, 0x8B, 0x85, 0x5C, 0x8B, 0x9D, 0x5E, 0x19, 0xFD, 0xBB, 0x02, 0xBD,
    0x8F, 0xF1, 0xE7, 0xCC, 0xD3, 0xE8, 0xBC, 0xAB, 0x8C, 0xAE, 0x8C, 0x90, 0xAB, 0xD6, 0xFD, 0xFB,
    0xF8, 0x06, 0xFB, 0x03, 0xFC, 0x06, 0xF8, 0x82, 0xFF, 0xF0, 0xD8, 0x02, 0xE4, 0x03, 0xD8, 0x82,
    0xF7, 0xFF, 0xF4, 0x02, 0xF7, 0x85, 0xFA, 0xFD, 0xE4, 0xEE, 0xF6, 0xFB, 0x02, 0xEE, 0x8A, 0xF6,
    0xFC, 0xE3, 0xC9, 0xC5, 0xEE, 0xFB, 0x96, 0x44, 0xB3, 0x36, 0x03, 0x29, 0x80, 0x28, 0x02, 0x29,
    0x8E, 0x30, 0x36, 0x2F, 0x30, 0x32, 0x3C, 0x36, 0x2E, 0x30, 0x27, 0x29, 0x20, 0x80, 0x40, 0x49,
    0x02, 0x84, 0x8E, 0x89, 0x47, 0x84, 0x8E, 0x4C, 0x4B, 0x40, 0x20, 0x23, 0x22, 0x25, 0x2E, 0x36,
    0x25, 0x21, 0x04, 0x36, 0x82, 0x54, 0x67, 0x75, 0x06, 0x67, 0x89, 0x75, 0x77, 0xCC, 0xB4, 0x9F,
    0xB3, 0x85, 0x95, 0x38, 0x75, 0x02, 0x8B, 0x83, 0x75, 0x77, 0x8B, 0x44, 0x03, 0x33, 0x02, 0x54,
    0x86, 0x56, 0x5B, 0x47, 0x28, 0x31, 0x95, 0x96, 0x04, 0x92, 0x80, 0x95, 0x03, 0x92, 0x88, 0x95,
    0x92, 0x8A, 0xD1, 0xB2, 0x58, 0xD1, 0xB2, 0x97, 0x04, 0x98, 0x84, 0xB1, 0x76, 0x66, 0x97, 0x95,
    0x02, 0x91, 0x86, 0x77, 0x76, 0x97, 0x98, 0x76, 0x52, 0x92, 0x04, 0x9A, 0x81, 0x99, 0x9A, 0x02,
    0x98, 0x8C, 0xC5, 0xC4, 0xA0, 0x97, 0x34, 0x66, 0x63, 0x58, 0x76, 0x97, 0xB6, 0xB5, 0xB6, 0x02,
    0xC5, 0x80, 0xC2, 0x02, 0xB1, 0x85, 0x9A, 0x76, 0x59, 0x73, 0x76, 0x73, 0x03, 0x59, 0x81, 0x66,
    0x73, 0x04, 0x76, 0x85, 0x63, 0x27, 0x12, 0x1E, 0x29, 0x18, 0x02, 0x32, 0x03, 0x2B, 0x83, 0x35,
    0x3D, 0x66, 0xC1, 0x03, 0xC7, 0x8B, 0xC1, 0x71, 0x3B, 0x37, 0x3B, 0x64, 0x6F, 0x64, 0x65, 0x6C,
    0x64, 0x6C, 0x02, 0x64, 0x80, 0x92, 0x06, 0x6B, 0x86, 0x7C, 0xC6, 0xCB, 0xC4, 0xD7, 0xC6, 0xB3,
    0x02, 0xFF, 0x80, 0xE4, 0x02, 0xE2, 0x84, 0xD7, 0xED, 0xDF, 0xE4, 0xFF, 0x04, 0xF4, 0x84, 0xFF,
    0xFC, 0xFF, 0xC6, 0xCF, 0x03, 0xD4, 0x82, 0xE3, 0xE1, 0xDF, 0x03, 0xD7, 0x81, 0xEE, 0xDF, 0x04,
    0xF8, 0x81, 0x8C, 0x84, 0x02, 0x5E, 0x80, 0x86, 0x02, 0x84, 0x80, 0x4C, 0x02, 0x84, 0x8C, 0x8F,
    0x9E, 0xAB, 0xB7, 0xB8, 0xAB, 0x33, 0x44, 0x0A, 0x11, 0x45, 0x4C, 0x5E, 0x03, 0x4C, 0x83, 0x84,
    0x4C, 0x5E, 0x84, 0x02, 0x90, 0x81, 0x9D, 0x9E, 0x02, 0xAB, 0x04, 0xB7, 0x82, 0xB8, 0xE7, 0xF6,
    0x03, 0xFB, 0x80, 0xF6, 0x05, 0xF8, 0x82, 0xFF, 0xE4, 0xD7, 0x02, 0xED, 0x03, 0xE4, 0x80, 0xDF,
    0x02, 0xE4, 0x82, 0xEE, 0xFB, 0xF4, 0x03, 0xFA, 0x80, 0xFC, 0x02, 0xFB, 0x89, 0xF6, 0xEE, 0xEF,
    0xFB, 0xD7, 0xE3, 0xD2, 0xD4, 0xC6, 0xD0, 0x02, 0x44, 0x81, 0x9F, 0x2E, 0x05, 0x29, 0x80, 0x30,
    0x02, 0x2E, 0x82, 0x25, 0x21, 0x36, 0x02, 0x29, 0x80, 0x2E, 0x03, 0x29, 0x83, 0x2E, 0x30, 0x27,
    0x40, 0x03, 0x48, 0x82, 0x40, 0x33, 0x17, 0x02, 0x1C, 0x80, 0x14, 0x02, 0x1C, 0x81, 0x29, 0x40,
    0x02, 0x83, 0x80, 0x20, 0x02, 0x36, 0x02, 0x3C, 0x03, 0x36, 0x81, 0x3C, 0x36, 0x02, 0x2E, 0x86,
    0x44, 0x3C, 0x62, 0x75, 0x9D, 0xB3, 0x9F, 0x02, 0x77, 0x84, 0x95, 0x8B, 0x75, 0x77, 0x75, 0x07,
    0x8B, 0x82, 0x8D, 0x9E, 0x9F, 0x02, 0xA9, 0x81, 0x9F, 0x92, 0x03, 0x99, 0x03, 0x92, 0x80, 0x95,
    0x03, 0x92, 0x89, 0x95, 0x96, 0x9D, 0xD1, 0xD4, 0xB3, 0x9F, 0x98, 0xB1, 0x9C, 0x02, 0x98, 0x81,
    0xB1, 0x9C, 0x03, 0xB1, 0x03, 0x9C, 0x03, 0xB1, 0x87, 0x98, 0x92, 0x76, 0x66, 0x58, 0x59, 0x58,
    0x52, 0x02, 0x59, 0x81, 0x31, 0x52, 0x03, 0x99, 0x84, 0x95, 0x1B, 0x2C, 0x34, 0x58, 0x02, 0x38,
    0x84, 0x77, 0x95, 0x76, 0x59, 0x15, 0x02, 0x76, 0x83, 0x5B, 0x44, 0x24, 0x44, 0x08, 0x59, 0x85,
    0x2C, 0x1B, 0x1E, 0x17, 0x2A, 0x1C, 0x02, 0x16, 0x8A, 0x27, 0x14, 0x29, 0x32, 0x2B, 0x2D, 0x2F,
    0x3F, 0x6D, 0x7E, 0xC3, 0x02, 0xC7, 0x82, 0xC1, 0x7E, 0x64, 0x02, 0x3B, 0x02, 0x64, 0x80, 0x7C,
    0x02, 0x65, 0x80, 0x6C, 0x04, 0x64, 0x80, 0x91, 0x06, 0x6B, 0x86, 0x7C, 0xC4, 0xCB, 0xC4, 0xD4,
    0xB3, 0xB4, 0x02, 0xFF, 0x80, 0xE4, 0x02, 0xE2, 0x80, 0xD7, 0x02, 0xED, 0x81, 0xD8, 0xFF, 0x03,
    0xF4, 0x80, 0xFD, 0x03, 0xFF, 0x87, 0xF7, 0xCF, 0xDF, 0xCB, 0xD4, 0xEF, 0xE3, 0xE1, 0x03, 0xD7,
    0x81, 0xF7, 0xD7, 0x03, 0xF8, 0x81, 0xE7, 0x5F, 0x03, 0x84, 0x09, 0x5E, 0x81, 0x9E, 0xA9, 0x02,
    0x9E, 0x83, 0x4C, 0x08, 0x1F, 0x45, 0x02, 0x4C, 0x02, 0x5E, 0x80, 0x84, 0x02, 0x4C, 0x83, 0x5E,
    0x5D, 0x5E, 0xAE, 0x03, 0x9E, 0x83, 0xAB, 0xB7, 0xB8, 0xB7, 0x02, 0xB8, 0x02, 0xBB, 0x04, 0xB8,
    0x87, 0xCC, 0xE2, 0xEE, 0xF7, 0xFB, 0xFC, 0xF6, 0xE3, 0x02, 0xDF, 0x03, 0xE4, 0x80, 0xDF, 0x02,
    0xE3, 0x87, 0xD7, 0xF6, 0xF4, 0xFA, 0xFD, 0xFA, 0xFB, 0xF6, 0x02, 0xFB, 0x8C, 0xE4, 0xED, 0xF6,
    0xE4, 0xED, 0xD4, 0xC9, 0xC4, 0xEF, 0x98, 0x44, 0x56, 0x95, 0x05, 0x29, 0x85, 0x30, 0x29, 0x2E,
    0x27, 0x0F, 0x2E, 0x06, 0x29, 0x82, 0x2E, 0x36, 0x28, 0x03, 0x29, 0x03, 0x25, 0x81, 0x27, 0x28,
    0x02, 0x25, 0x82, 0x29, 0x27, 0x2A, 0x02, 0x83, 0x89, 0x81, 0x83, 0xA2, 0xA3, 0xBA, 0xD5, 0xCC,
    0xED, 0xDF, 0x54, 0x02, 0x36, 0x83, 0x29, 0x2A, 0x2E, 0x36, 0x02, 0x2E, 0x87, 0x2C, 0x31, 0x2E,
    0x33, 0x3C, 0x34, 0x56, 0x5B, 0x02, 0x77, 0x88, 0x95, 0x9D, 0xA9, 0xB3, 0xE4, 0xE2, 0x9D, 0xE2,
    0xB4, 0x02, 0xD5, 0x84, 0xC8, 0xCB, 0x92, 0x95, 0x96, 0x02, 0x92, 0x81, 0x99, 0x95, 0x03, 0x92,
    0x86, 0x98, 0x8A, 0x1F, 0x2A, 0xB2, 0xD2, 0xB2, 0x06, 0x98, 0x04, 0xB1, 0x80, 0xA0, 0x02, 0x98,
    0x82, 0x9C, 0x98, 0xB1, 0x05, 0x98, 0x02, 0x9A, 0x02, 0x99, 0x80, 0x9A, 0x06, 0x99, 0x82, 0x1B,
    0x1E, 0x1F, 0x02, 0x1B, 0x89, 0x2A, 0x3C, 0x76, 0x74, 0x58, 0x26, 0x59, 0x76, 0x5C, 0x34, 0x02,
    0x59, 0x07, 0x58, 0x92, 0x44, 0x1E, 0x18, 0x1E, 0x17, 0x28, 0x2E, 0x23, 0x1C, 0x1E, 0x21, 0x39,
    0x3D, 0x32, 0x58, 0x7A, 0x94, 0x9B, 0xC2, 0x02, 0xC3, 0x82, 0x9C, 0x61, 0x94, 0x02, 0x3B, 0x02,
    0x64, 0x81, 0x65, 0x6F, 0x02, 0x65, 0x80, 0x6F, 0x03, 0x64, 0x81, 0x73, 0x72, 0x06, 0x6B, 0x86,
    0x7C, 0xC6, 0xD0, 0xCF, 0xDF, 0xB3, 0xCC, 0x02, 0xFF, 0x88, 0xE4, 0xD7, 0xED, 0xDF, 0xED, 0xDF,
    0xE4, 0xFF, 0xF7, 0x02, 0xF4, 0x05, 0xFF, 0x80, 0xC8, 0x02, 0xD4, 0x82, 0xC9, 0xE3, 0xF2, 0x03,
    0xDF, 0x82, 0xED, 0xFA, 0xED, 0x03, 0xF8, 0x80, 0x8C, 0x03, 0x5E, 0x82, 0x84, 0x5E, 0x84, 0x06,
    0x5E, 0x86, 0x4C, 0x9E, 0xB3, 0xAB, 0x9E, 0x45, 0x33, 0x03, 0x4C, 0x04, 0x84, 0x81, 0x5E, 0x84,
    0x03, 0x5E, 0x84, 0xAF, 0x8F, 0x9D, 0x9E, 0xAB, 0x03, 0xB8, 0x80, 0xAB, 0x05, 0xB8, 0x09, 0xB7,
    0x82, 0xFA, 0xE4, 0xE3, 0x04, 0xED, 0x02, 0xDF, 0x85, 0xD7, 0xD8, 0xFC, 0xFA, 0xF4, 0xFC, 0x04,
    0xFB, 0x89, 0xF0, 0xED, 0xEF, 0xFF, 0xEA, 0xED, 0xD4, 0xEF, 0xCD, 0xFB, 0x02, 0x44, 0x82, 0x59,
    0x56, 0x25, 0x03, 0x29, 0x02, 0x30, 0x8B, 0x38, 0x2E, 0x21, 0x2E, 0x27, 0x25, 0x28, 0x29, 0x36,
    0x28, 0x2E, 0x36, 0x03, 0x29, 0x05, 0x28, 0x8C, 0x2E, 0x27, 0x25, 0x2E, 0x25, 0x28, 0x20, 0xA1,
    0x83, 0x49, 0x4B, 0x82, 0x45, 0x02, 0x33, 0x91, 0x38, 0x54, 0x3C, 0x36, 0x34, 0x31, 0x38, 0x36,
    0x34, 0x2C, 0x27, 0x34, 0x2C, 0x31, 0x2A, 0x38, 0x2A, 0x56, 0x05, 0x9F, 0x03, 0xB6, 0x8C, 0xA9,
    0xB9, 0xB4, 0x38, 0x77, 0x5B, 0x36, 0x29, 0x54, 0x95, 0x91, 0x8A, 0x5C, 0x03, 0x76, 0x02, 0x8A,
    0x86, 0x76, 0x77, 0x92, 0x96, 0x2E, 0x98, 0xB1, 0x02, 0xA0, 0x03, 0xB1, 0x81, 0x98, 0xA0, 0x03,
    0xB1, 0x85, 0xA0, 0xB1, 0x98, 0x77, 0x9C, 0xA0, 0x04, 0x98, 0x83, 0x9A, 0x98, 0xA0, 0xC4, 0x03,
    0xA0, 0x02, 0x98, 0x84, 0x9A, 0x98, 0xB3, 0x2C, 0x26, 0x02, 0x1B, 0x80, 0x1E, 0x02, 0x2A, 0x02,
    0x56, 0x85, 0x38, 0x1B, 0x58, 0x56, 0x59, 0x44, 0x02, 0x59, 0x02, 0x58, 0x02, 0x44, 0x92, 0x54,
    0x44, 0x54, 0x34, 0x2A, 0x34, 0x44, 0x31, 0x54, 0x56, 0x58, 0x44, 0x56, 0x14, 0x44, 0x7A, 0x74,
    0x9C, 0xC3, 0x02, 0xC7, 0x8E, 0xC3, 0xC1, 0x7E, 0x37, 0xC3, 0x64, 0x3B, 0x64, 0x6C, 0x64, 0x79,
    0x6C, 0x7C, 0x64, 0x6F, 0x03, 0x64, 0x82, 0x92, 0x6B, 0x65, 0x05, 0x6B, 0x86, 0x79, 0xB4, 0xCF,
    0xD0, 0xD7, 0xB3, 0xFB, 0x02, 0xFF, 0x88, 0xDF, 0xD7, 0xED, 0xDF, 0xED, 0xDF, 0xE4, 0xFF, 0xE8,
    0x02, 0xF4, 0x04, 0xFF, 0x90, 0xFC, 0xFF, 0xC8, 0xDF, 0xD4, 0xB6, 0xE4, 0xF2, 0xE3, 0xD7, 0xE4,
    0xFD, 0xE4, 0xFB, 0xF0, 0xCC, 0x85, 0x03, 0x84, 0x80, 0x85, 0x06, 0x84, 0x04, 0x5E, 0x85, 0x85,
    0x9E, 0x8C, 0x5E, 0x84, 0x5E, 0x05, 0x84, 0x80, 0x5E, 0x02, 0x84, 0x03, 0x5E, 0x85, 0x5F, 0x90,
    0x9D, 0x9E, 0xAB, 0xBB, 0x02, 0xB8, 0x0D, 0xB7, 0x84, 0xB4, 0xAB, 0xB7, 0xF2, 0xD8, 0x02, 0xED,
    0x80, 0xE4, 0x03, 0xED, 0x87, 0xE1, 0xD7, 0xFC, 0xAB, 0xD6, 0xE5, 0xFC, 0xF7, 0x02, 0xFB, 0x8F,
    0xF8, 0xF0, 0xEF, 0xFC, 0xED, 0xE4, 0xD4, 0xF6, 0xCE, 0xC9, 0xCB, 0x44, 0x45, 0x58, 0x54, 0x28,
    0x02, 0x29, 0x81, 0x30, 0x29, 0x02, 0x2E, 0x02, 0x29, 0x84, 0x23, 0x0F, 0x1B, 0x29, 0x36, 0x02,
    0x29, 0x80, 0x36, 0x03, 0x29, 0x05, 0x28, 0x81, 0x30, 0x29, 0x02, 0x2E, 0x82, 0x25, 0x29, 0x27,
    0x02, 0x20, 0x81, 0x27, 0x32, 0x03, 0x31, 0x82, 0x36, 0x56, 0x74, 0x03, 0x76, 0x81, 0x8A, 0x7B,
    0x02, 0x95, 0x9B, 0x77, 0x89, 0x76, 0x77, 0x5C, 0x44, 0x36, 0x33, 0x27, 0x44, 0x77, 0xB3, 0xC6,
    0x96, 0x89, 0x5C, 0x8B, 0x33, 0x44, 0x33, 0x44, 0x33, 0x44, 0x2E, 0x29, 0x54, 0x95, 0xC4, 0x03,
    0xC9, 0x85, 0xC5, 0x99, 0xB2, 0x92, 0xC5, 0x98, 0x02, 0x7B, 0x82, 0x98, 0xA0, 0x98, 0x05, 0xA0,
    0x81, 0x66, 0x98, 0x05, 0xA0, 0x8A, 0x98, 0x74, 0x9A, 0xA0, 0xB1, 0x99, 0xB1, 0x98, 0x99, 0x9A,
    0x96, 0x09, 0xC4, 0x8A, 0xCF, 0xC6, 0x77, 0x9D, 0x5B, 0x38, 0x2D, 0x3C, 0x38, 0x2C, 0x1B, 0x02,
    0x2C, 0x02, 0x58, 0x81, 0x59, 0x58, 0x04, 0x44, 0x83, 0x96, 0xA9, 0x9F, 0x99, 0x02, 0x92, 0x03,
    0x8A, 0x02, 0x92, 0x85, 0x76, 0x31, 0x2F, 0x54, 0x6D, 0x94, 0x02, 0xB1, 0x86, 0xC3, 0xB1, 0x6D,
    0x35, 0x30, 0x94, 0x93, 0x04, 0x64, 0x82, 0x79, 0x64, 0x6C, 0x02, 0x64, 0x80, 0x6F, 0x02, 0x64,
    0x81, 0x65, 0x92, 0x02, 0x6B, 0x80, 0x7C, 0x04, 0x6B, 0x89, 0x79, 0xB4, 0xC4, 0xCF, 0xD7, 0x9F,
    0xF6, 0xFF, 0xFB, 0xE3, 0x04, 0xED, 0x85, 0xDF, 0xD8, 0xFF, 0xF2, 0xF4, 0xF9, 0x05, 0xFF, 0x87,
    0xFC, 0xF7, 0xCF, 0xDF, 0xE3, 0xB6, 0xFB, 0xE8, 0x02, 0xEE, 0x85, 0xFC, 0xE7, 0xF8, 0xB3, 0x85,
    0x84, 0x04, 0x85, 0x80, 0x5F, 0x05, 0x84, 0x08, 0x5E, 0x80, 0x84, 0x0D, 0x5E, 0x80, 0x87, 0x02,
    0x8F, 0x80, 0xAB, 0x09, 0xB7, 0x80, 0xB8, 0x03, 0xB7, 0x07, 0xB4, 0x87, 0xE7, 0xF7, 0xD8, 0xE3,
    0xED, 0xE4, 0xEE, 0xED, 0x02, 0xD7, 0x80, 0xE8, 0x04, 0xAB, 0x94, 0xE8, 0xFC, 0xF6, 0xF0, 0xF8,
    0xF6, 0xFC, 0xED, 0xE3, 0xE4, 0xC2, 0xCE, 0xD0, 0x77, 0x44, 0x58, 0x54, 0x38, 0x28, 0x29, 0x30,
    0x06, 0x29, 0x86, 0x25, 0x28, 0x2E, 0x36, 0x28, 0x29, 0x36, 0x02, 0x29, 0x80, 0x25, 0x05, 0x29,
    0x89, 0x36, 0x29, 0x28, 0x56, 0xB3, 0xC8, 0x98, 0x56, 0x44, 0x54, 0x03, 0x63, 0x87, 0x54, 0xA0,
    0xC6, 0xCF, 0xC4, 0x96, 0x77, 0x8A, 0x03, 0x95, 0x02, 0x8A, 0x8F, 0x77, 0x76, 0x77, 0x5C, 0x54,
    0x38, 0x58, 0x75, 0x77, 0x9D, 0xB6, 0x77, 0x5C, 0x75, 0x89, 0x5B, 0x02, 0x44, 0x83, 0x77, 0x96,
    0x59, 0x38, 0x02, 0xA0, 0x82, 0xC4, 0xC5, 0xB6, 0x02, 0xC9, 0x82, 0x76, 0x91, 0xA0, 0x06, 0x98,
    0x80, 0xA0, 0x02, 0x98, 0x04, 0xA0, 0x86, 0x6D, 0xA0, 0x58, 0x74, 0xA0, 0x98, 0xB1, 0x03, 0x98,
    0x87, 0x75, 0x98, 0x9A, 0x56, 0x95, 0x99, 0x95, 0x98, 0x03, 0xB3, 0x81, 0xC4, 0xB3, 0x03, 0xC4,
    0x81, 0xC6, 0xC4, 0x03, 0xC6, 0x80, 0xB3, 0x02, 0xA0, 0x89, 0xB3, 0x9F, 0x96, 0x75, 0x54, 0x34,
    0x44, 0x58, 0x59, 0x76, 0x02, 0x44, 0x83, 0x5C, 0x89, 0x8A, 0x8E, 0x07, 0x8A, 0x83, 0x92, 0x8A,
    0x92, 0x8A, 0x02, 0x76, 0x02, 0x6D, 0x02, 0x7E, 0x85, 0x94, 0x7E, 0x53, 0x32, 0x3D, 0xC3, 0x04,
    0x64, 0x83, 0x65, 0x79, 0x64, 0x65, 0x02, 0x64, 0x80, 0x6F, 0x02, 0x64, 0x81, 0x72, 0x79, 0x02,
    0x6B, 0x80, 0x7C, 0x02, 0x6B, 0x02, 0x7C, 0x89, 0x93, 0xB4, 0xC4, 0xCF, 0xC6, 0x9F, 0xF6, 0xFF,
    0xFB, 0xE3, 0x02, 0xED, 0x85, 0xDF, 0xED, 0xDF, 0xD8, 0xFF, 0xF2, 0x02, 0xF4, 0x05, 0xFF, 0x8E,
    0xFC, 0xFF, 0xD7, 0xD4, 0xE3, 0xEA, 0xB6, 0xF7, 0xF4, 0xE8, 0xFC, 0xF2, 0xFD, 0x5D, 0x84, 0x02,
    0x85, 0x80, 0x86, 0x02, 0x85, 0x0B, 0x84, 0x03, 0x5E, 0x09, 0x84, 0x04, 0x5E, 0x80, 0x84, 0x03,
    0x85, 0x80, 0x8F, 0x02, 0xAB, 0x05, 0xB7, 0x02, 0xAB, 0x80, 0xB7, 0x03, 0x8D, 0x81, 0x9E, 0xAB,
    0x04, 0xB7, 0x85, 0xB4, 0xAB, 0xB7, 0xE8, 0xF7, 0xE7, 0x03, 0xE4, 0x80, 0xED, 0x02, 0xD7, 0x80,
    0xCC, 0x04, 0xAB, 0x8C, 0xB7, 0xE5, 0xFB, 0xF6, 0xE4, 0xFF, 0xE4, 0xED, 0xD7, 0xF0, 0xD0, 0xDC,
    0xEF, 0x02, 0x44, 0x83, 0x52, 0x3C, 0x38, 0x28, 0x06, 0x29, 0x81, 0x28, 0x29, 0x02, 0x2E, 0x84,
    0x36, 0x29, 0x2E, 0x36, 0x2B, 0x02, 0x25, 0x02, 0x29, 0x80, 0x28, 0x02, 0x29, 0x89, 0x36, 0x27,
    0x29, 0x2E, 0x29, 0x2E, 0x25, 0x2E, 0x30, 0x29, 0x03, 0x36, 0x86, 0x2E, 0x36, 0x3C, 0x56, 0x74,
    0x5B, 0x56, 0x02, 0x44, 0x82, 0x59, 0x76, 0x75, 0x02, 0x5C, 0x02, 0x76, 0x81, 0x89, 0x75, 0x03,
    0x76, 0x02, 0x77, 0x87, 0xCB, 0xA9, 0x77, 0x58, 0x5C, 0x96, 0x9F, 0x5C, 0x02, 0x44, 0x82, 0x45,
    0x21, 0x98, 0x02, 0xA0, 0x02, 0xB2, 0x81, 0xB1, 0x98, 0x02, 0xA0, 0x80, 0x66, 0x02, 0x74, 0x80,
    0x76, 0x0A, 0x98, 0x83, 0xA0, 0x52, 0x39, 0xA0, 0x05, 0x98, 0x89, 0xB1, 0x27, 0x77, 0x98, 0x92,
    0x9A, 0x99, 0x98, 0xB3, 0xA0, 0x04, 0xB3, 0x80, 0xC4, 0x03, 0xC6, 0x90, 0x95, 0x74, 0x34, 0x15,
    0x10, 0x15, 0x18, 0x26, 0x15, 0x33, 0x5B, 0x89, 0x92, 0x99, 0xB2, 0xB5, 0xB2, 0x04, 0x89, 0x82,
    0x5C, 0x33, 0x2C, 0x02, 0x45, 0x84, 0x38, 0x34, 0x44, 0x34, 0x59, 0x02, 0x8A, 0x02, 0x92, 0x84,
    0x99, 0x98, 0x58, 0x2D, 0x26, 0x02, 0x30, 0x83, 0x26, 0x30, 0xC7, 0x65, 0x04, 0x64, 0x82, 0x73,
    0x64, 0x65, 0x03, 0x64, 0x80, 0x6F, 0x02, 0x64, 0x84, 0x93, 0x65, 0x6B, 0x65, 0x7C, 0x02, 0x6B,
    0x02, 0x7C, 0x89, 0x9A, 0xB5, 0xC8, 0xD4, 0xC6, 0x9F, 0xF2, 0xFF, 0xF2, 0xD7, 0x04, 0xED, 0x85,
    0xDF, 0xD8, 0xFF, 0xF2, 0xF4, 0xFE, 0x08, 0xFF, 0x8C, 0xC6, 0xEA, 0xDF, 0xD4, 0xB2, 0xF2, 0xF9,
    0xF4, 0xF2, 0xF3, 0x5D, 0x8B, 0x8C, 0x03, 0x85, 0x80, 0x84, 0x03, 0x85, 0x81, 0x84, 0x85, 0x05,
    0x84, 0x80, 0x85, 0x11, 0x84, 0x80, 0x85, 0x02, 0x87, 0x82, 0x85, 0x8C, 0x8F, 0x02, 0x9E, 0x03,
    0xAB, 0x02, 0x9E, 0x80, 0x9D, 0x02, 0x8D, 0x80, 0x9D, 0x03, 0x9E, 0x03, 0x8F, 0x8D, 0xA3, 0x9D,
    0xAA, 0xE5, 0xE6, 0xF4, 0xFC, 0xF6, 0xEE, 0xE4, 0xED, 0xCF, 0xED, 0xD8, 0x06, 0xAB, 0x87, 0xF4,
    0xFC, 0xF7, 0xE7, 0xE4, 0xE3, 0xFB, 0xE0, 0x02, 0xDE, 0x88, 0xB4, 0x44, 0x91, 0x52, 0x3C, 0x38,
    0x2E, 0x3C, 0x54, 0x02, 0x5A, 0x82, 0x67, 0x5A, 0x67, 0x02, 0x5A, 0x80, 0x67, 0x02, 0x54, 0x83,
    0x63, 0x54, 0x74, 0x95, 0x02, 0xA0, 0x89, 0xC4, 0x95, 0x98, 0x77, 0x75, 0x67, 0x56, 0x31, 0x44,
    0x38, 0x02, 0x36, 0x85, 0x32, 0x2F, 0x36, 0x34, 0x2C, 0x36, 0x02, 0x38, 0x82, 0x3C, 0x2E, 0x56,
    0x02, 0x77, 0x02, 0x75, 0x83, 0x58, 0x45, 0x44, 0x38, 0x02, 0x44, 0x02, 0x77, 0x87, 0x75, 0x77,
    0x96, 0xA9, 0xB6, 0xB2, 0xB6, 0xB3, 0x02, 0x9F, 0x81, 0x5B, 0x45, 0x02, 0x44, 0x81, 0x45, 0x98,
    0x03, 0xA0, 0x07, 0x98, 0x81, 0x97, 0x98, 0x04, 0x97, 0x09, 0x98, 0x03, 0xA0, 0x80, 0xC4, 0x02,
    0xC8, 0x04, 0xC6, 0x80, 0xB3, 0x03, 0xC4, 0x8A, 0xB3, 0xA0, 0x9F, 0x75, 0x56, 0x36, 0x38, 0x44,
    0x59, 0x5C, 0x76, 0x05, 0x89, 0x03, 0x8A, 0x80, 0x89, 0x04, 0x8A, 0x80, 0x92, 0x03, 0xB2, 0x05,
    0x89, 0x82, 0x59, 0x45, 0x44, 0x03, 0x33, 0x82, 0x8A, 0x92, 0x95, 0x03, 0x8A, 0x80, 0x92, 0x02,
    0x99, 0x88, 0x92, 0x76, 0x2B, 0x39, 0x32, 0x2D, 0x9B, 0x79, 0x7C, 0x03, 0x64, 0x02, 0x72, 0x81,
    0x64, 0x65, 0x03, 0x64, 0x80, 0x6F, 0x02, 0x64, 0x80, 0x92, 0x07, 0x6B, 0x84, 0x7C, 0xB2, 0xAA,
    0xD0, 0xDF, 0x02, 0xB3, 0x8C, 0xF6, 0xFF, 0xE2, 0xD7, 0xE4, 0xED, 0xEF, 0xED, 0xDF, 0xD7, 0xFF,
    0xF2, 0xF4, 0x06, 0xFF, 0x02, 0xFC, 0x8E, 0xFF, 0xEE, 0xD8, 0xE4, 0xE3, 0xEA, 0xB6, 0xE1, 0xF4,
    0xE8, 0xF4, 0x8D, 0x5D, 0x85, 0x8C, 0x11, 0x85, 0x05, 0x84, 0x81, 0x85, 0x84, 0x0D, 0x85, 0x82,
    0x8C, 0x8F, 0x9E, 0x03, 0xAB, 0x81, 0x9D, 0x8D, 0x03, 0x9E, 0x06, 0x8F, 0x04, 0x9E, 0x8B, 0xAB,
    0xD6, 0xF4, 0xF3, 0xF4, 0xF7, 0xF0, 0xE4, 0xE3, 0xD7, 0xEE, 0xCC, 0x03, 0xAB, 0x84, 0xB3, 0xAB,
    0xB7, 0xFE, 0xFF, 0x03, 0xE4, 0x8B, 0xF0, 0xE0, 0xDE, 0xCE, 0x47, 0x33, 0x94, 0x3C, 0x58, 0x5B,
    0x54, 0x55, 0x03, 0x5A, 0x84, 0x67, 0x57, 0x8B, 0x75, 0x97, 0x02, 0x95, 0x85, 0x9D, 0x96, 0x95,
    0x8C, 0x77, 0x67, 0x03, 0x5A, 0x82, 0x67, 0x55, 0x54, 0x02, 0x56, 0x89, 0x38, 0x56, 0x44, 0x54,
    0x38, 0x34, 0x3C, 0x36, 0x31, 0x38, 0x02, 0x54, 0x82, 0x3C, 0x31, 0x44, 0x02, 0x8A, 0x02, 0x95,
    0x03, 0x96, 0x81, 0x9F, 0xB3, 0x02, 0xB2, 0x83, 0x9F, 0x95, 0x74, 0x5B, 0x02, 0xB3, 0x86, 0xB4,
    0xB3, 0x27, 0x2C, 0x77, 0xB3, 0x9F, 0x02, 0xB3, 0x80, 0xB4, 0x02, 0xA0, 0x06, 0x98, 0x84, 0x97,
    0x95, 0x97, 0x95, 0x97, 0x04, 0x95, 0x81, 0x98, 0x97, 0x06, 0x98, 0x85, 0xB1, 0x97, 0x98, 0xA0,
    0x98, 0xC4, 0x03, 0xC6, 0x85, 0x38, 0xC4, 0xB3, 0x95, 0x38, 0x22, 0x02, 0x23, 0x87, 0x1B, 0x77,
    0x75, 0x2D, 0x31, 0x54, 0x59, 0x5C, 0x03, 0x89, 0x05, 0x8A, 0x82, 0x99, 0x8A, 0x89, 0x03, 0x8A,
    0x80, 0x89, 0x03, 0xB2, 0x07, 0x89, 0x83, 0x92, 0x89, 0x96, 0x89, 0x02, 0x8A, 0x80, 0x92, 0x03,
    0x8A, 0x85, 0x92, 0x99, 0x95, 0x92, 0x76, 0x2D, 0x02, 0x32, 0x81, 0x54, 0xC1, 0x02, 0x7C, 0x83,
    0x65, 0x64, 0x65, 0x73, 0x06, 0x64, 0x83, 0x6F, 0x64, 0x92, 0x79, 0x07, 0x6B, 0x93, 0x7C, 0xB6,
    0xD3, 0xDF, 0xED, 0x9D, 0xB3, 0xF6, 0xFC, 0xE2, 0xD7, 0xE4, 0xDF, 0xF0, 0xE4, 0xED, 0xD7, 0xFF,
    0xF2, 0xF4, 0x06, 0xFF, 0x03, 0xFC, 0x83, 0xF6, 0xF4, 0xF7, 0xED, 0x02, 0xE3, 0x02, 0xB6, 0x86,
    0xF7, 0xF4, 0xE5, 0x5D, 0x84, 0x85, 0x87, 0x26, 0x85, 0x82, 0x8F, 0x9E, 0xB4, 0x02, 0x9D, 0x81,
    0x8F, 0x9E, 0x08, 0x8F, 0x05, 0x9E, 0x82, 0xAB, 0xB7, 0xE6, 0x03, 0xF4, 0x81, 0xF7, 0xEE, 0x02,
    0xE3, 0x81, 0xD7, 0xF7, 0x02, 0xAB, 0x80, 0xB3, 0x03, 0xAB, 0x8E, 0xFE, 0xE7, 0xE4, 0xED, 0xFF,
    0xEF, 0xE0, 0xD0, 0xDE, 0x44, 0x58, 0x94, 0x54, 0x63, 0x74, 0x02, 0x5A, 0x02, 0x67, 0x81, 0x28,
    0x36, 0x02, 0x77, 0x83, 0x95, 0x9D, 0x57, 0x75, 0x02, 0x95, 0x02, 0x8F, 0x02, 0x9E, 0x81, 0xB4,
    0xB8, 0x02, 0xB4, 0x8F, 0xC6, 0xB3, 0xA9, 0x45, 0x33, 0x44, 0x77, 0x75, 0x77, 0x95, 0x74, 0x77,
    0x95, 0x96, 0x67, 0x36, 0x02, 0x31, 0x81, 0x54, 0x5C, 0x04, 0x76, 0x83, 0x77, 0x96, 0xCF, 0xCC,
    0x04, 0xC6, 0x8A, 0xB3, 0x44, 0xB3, 0x45, 0x75, 0x38, 0x24, 0x38, 0xC6, 0xB3, 0xC6, 0x02, 0xB4,
    0x82, 0x54, 0x95, 0x97, 0x02, 0x98, 0x02, 0x97, 0x0A, 0x95, 0x04, 0x97, 0x09, 0x98, 0x89, 0xA0,
    0x9F, 0x54, 0x2E, 0x27, 0x2E, 0x1C, 0x19, 0x12, 0x27, 0x02, 0x21, 0x85, 0x1E, 0x21, 0x28, 0x32,
    0x56, 0x95, 0x03, 0xC6, 0x8D, 0xCB, 0xB2, 0xB1, 0xB2, 0xB6, 0xB2, 0xB6, 0xD2, 0xD1, 0xB6, 0xCB,
    0x95, 0x9F, 0x96, 0x02, 0xB6, 0x81, 0x9F, 0x92, 0x06, 0x89, 0x86, 0x8A, 0x89, 0x8A, 0x89, 0x8A,
    0x92, 0x99, 0x03, 0x8A, 0x89, 0x99, 0x9A, 0x98, 0x92, 0x34, 0x26, 0x32, 0x2F, 0xCD, 0x64, 0x02,
    0x7C, 0x83, 0x6C, 0x64, 0x73, 0x72, 0x06, 0x64, 0x83, 0x7C, 0x65, 0x94, 0x7C, 0x04, 0x65, 0x89,
    0x6B, 0x65, 0x64, 0x93, 0xB4, 0xCB, 0xD7, 0xED, 0x9F, 0xCB, 0x02, 0xFB, 0x8A, 0xED, 0xDF, 0xED,
    0xE4, 0xF0, 0xDF, 0xED, 0xD7, 0xFC, 0xEE, 0xFD, 0x06, 0xFF, 0x80, 0xFC, 0x03, 0xFF, 0x8D, 0xF7,
    0xFD, 0xF4, 0xD7, 0xE3, 0xED, 0xD3, 0xB2, 0xCC, 0xFD, 0x5B, 0x84, 0x85, 0x87, 0x24, 0x85, 0x02,
    0x84, 0x85, 0x8B, 0x9D, 0xB3, 0xB4, 0x9E, 0x8C, 0x09, 0x8F, 0x02, 0x9E, 0x02, 0xAB, 0x8F, 0xB7,
    0xB8, 0xCC, 0xBB, 0xD6, 0xE6, 0xE8, 0xF4, 0xFA, 0xEE, 0xED, 0xD7, 0xED, 0xF2, 0xB7, 0xB3, 0x03,
    0xAB, 0x95, 0xAC, 0xFB, 0xED, 0xE4, 0xFC, 0xF0, 0xEF, 0xE0, 0xCE, 0x98, 0x33, 0x91, 0x94, 0x58,
    0x5B, 0x67, 0x55, 0x5A, 0x75, 0x77, 0x95, 0x57, 0x02, 0x9D, 0x84, 0x57, 0x8C, 0x75, 0x95, 0x9D,
    0x02, 0x8C, 0x83, 0x8F, 0xAB, 0xB8, 0xB7, 0x03, 0xB8, 0x83, 0xB3, 0xA9, 0x95, 0xA9, 0x02, 0x96,
    0x80, 0x95, 0x02, 0x77, 0x8A, 0x8A, 0x77, 0x5C, 0x58, 0x5B, 0x3C, 0x38, 0x56, 0x54, 0x74, 0x77,
    0x02, 0x95, 0x84, 0x5B, 0x44, 0x54, 0x56, 0x54, 0x02, 0x56, 0x85, 0x45, 0x74, 0x75, 0x5B, 0x8D,
    0x44, 0x02, 0x33, 0x82, 0x9D, 0x9F, 0xA0, 0x02, 0xB3, 0x02, 0xB4, 0x04, 0x98, 0x81, 0x97, 0x76,
    0x02, 0x97, 0x80, 0x95, 0x02, 0x77, 0x81, 0x76, 0x7B, 0x02, 0x77, 0x02, 0x95, 0x81, 0x97, 0x95,
    0x02, 0x97, 0x81, 0x95, 0x97, 0x07, 0x98, 0x86, 0x97, 0x77, 0x67, 0x29, 0x21, 0x29, 0x24, 0x02,
    0x29, 0x03, 0x21, 0x89, 0x1C, 0x23, 0x25, 0x28, 0x21, 0x27, 0x21, 0x22, 0x27, 0x29, 0x03, 0x23,
    0x8D, 0x2C, 0x3C, 0x56, 0x31, 0x1B, 0x12, 0x24, 0x27, 0x24, 0x75, 0x9A, 0x9F, 0x96, 0x8A, 0x02,
    0x89, 0x06, 0x8A, 0x81, 0x59, 0x33, 0x02, 0x58, 0x86, 0x76, 0xB1, 0xD1, 0x98, 0x58, 0x39, 0x2D,
    0x02, 0x2B, 0x83, 0x26, 0x30, 0xC2, 0x61, 0x02, 0x7C, 0x83, 0x6F, 0x6B, 0x72, 0x73, 0x05, 0x64,
    0x85, 0x65, 0x64, 0x6F, 0x79, 0x94, 0x7C, 0x06, 0x65, 0x95, 0x6B, 0x93, 0xB9, 0xC6, 0xE3, 0xD7,
    0x9D, 0xD7, 0xFC, 0xEE, 0xED, 0xDF, 0xED, 0xEE, 0xE4, 0xDF, 0xED, 0xD7, 0xFF, 0xF7, 0xFF, 0xFC,
    0x08, 0xFF, 0x8D, 0xE7, 0xB3, 0xF4, 0xFD, 0xF7, 0xE4, 0xD7, 0xDF, 0xB6, 0x9A, 0xD7, 0xE2, 0x5D,
    0x84, 0x26, 0x85, 0x03, 0x8D, 0x85, 0x8F, 0x9E, 0xAB, 0x9E, 0x8F, 0x8C, 0x05, 0x8F, 0x81, 0x9E,
    0xAB, 0x02, 0xB3, 0x81, 0xB7, 0xCC, 0x02, 0xB8, 0x8E, 0xB7, 0xF4, 0xFA, 0xFD, 0xFC, 0xF4, 0xFC,
    0xFD, 0xEE, 0xED, 0xEF, 0xEE, 0xFD, 0xB4, 0xB3, 0x03, 0xAB, 0x80, 0xD6, 0x02, 0xE4, 0x87, 0xEE,
    0xFF, 0xF0, 0xEF, 0xD0, 0xDE, 0x89, 0x44, 0x02, 0x94, 0x82, 0x52, 0x38, 0x3C, 0x02, 0x54, 0x80,
    0x3C, 0x02, 0x55, 0x91, 0x5A, 0x77, 0x75, 0x44, 0x54, 0x77, 0x5A, 0x55, 0x44, 0x67, 0x8C, 0xB3,
    0xAB, 0x95, 0xA9, 0x96, 0xCC, 0xB4, 0x02, 0xA9, 0x81, 0x9D, 0x9F, 0x03, 0x96, 0x82, 0x95, 0x5C,
    0x92, 0x02, 0x95, 0x8B, 0x75, 0x54, 0x34, 0x36, 0x44, 0x38, 0x44, 0x56, 0x63, 0x5B, 0x75, 0x63,
    0x02, 0x33, 0x8F, 0x44, 0x45, 0x5A, 0x33, 0x44, 0x33, 0x5B, 0x44, 0x5C, 0x59, 0x76, 0xB8, 0xE2,
    0xE5, 0xE7, 0xCC, 0x03, 0x98, 0x80, 0x99, 0x03, 0x95, 0x80, 0x7B, 0x03, 0x76, 0x80, 0x77, 0x04,
    0x76, 0x83, 0x75, 0x77, 0x74, 0x76, 0x04, 0x95, 0x03, 0x97, 0x80, 0x98, 0x03, 0x97, 0x03, 0x95,
    0x82, 0x77, 0x54, 0x27, 0x02, 0x28, 0x04, 0x21, 0x82, 0x27, 0x2E, 0x30, 0x02, 0x2E, 0x85, 0x36,
    0x34, 0x38, 0x25, 0x21, 0x38, 0x03, 0x56, 0x8E, 0x63, 0x67, 0x56, 0x54, 0x56, 0x54, 0x44, 0x8D,
    0xB1, 0x99, 0x98, 0xB2, 0xB6, 0xC9, 0xD4, 0x03, 0xEA, 0x86, 0xD4, 0xCA, 0x99, 0x5C, 0x59, 0x33,
    0x44, 0x02, 0x0F, 0x81, 0x13, 0x12, 0x02, 0x30, 0x87, 0x29, 0x22, 0x2B, 0x7B, 0x92, 0x64, 0x7C,
    0x6C, 0x02, 0x7C, 0x80, 0x92, 0x02, 0x6B, 0x07, 0x64, 0x80, 0x9A, 0x02, 0x93, 0x02, 0x65, 0x80,
    0x64, 0x02, 0x65, 0x02, 0x6C, 0x87, 0x93, 0xDF, 0xCB, 0xED, 0xB8, 0x9D, 0xD7, 0xFB, 0x04, 0xE4,
    0x80, 0xF0, 0x02, 0xDF, 0x83, 0xE0, 0xD8, 0xFF, 0xE8, 0x09, 0xFF, 0x83, 0xBB, 0xB8, 0xB7, 0xFD,
    0x02, 0xFA, 0x02, 0xF4, 0x86, 0xEE, 0xD4, 0xC6, 0x92, 0x99, 0x9E, 0x5D, 0x0E, 0x85, 0x80, 0x8C,
    0x16, 0x85, 0x05, 0x8C, 0x02, 0x9E, 0x02, 0xAB, 0x80, 0x9E, 0x04, 0x8F, 0x84, 0xB4, 0xC6, 0xCF,
    0xD7, 0xE4, 0x02, 0xD8, 0x90, 0xE4, 0xEE, 0xF6, 0xFB, 0xFC, 0xFD, 0xFC, 0xFA, 0xFC, 0xFD, 0xFC,
    0xD8, 0xED, 0xF7, 0xFA, 0xF7, 0xB8, 0x04, 0xAB, 0x03, 0xE4, 0x81, 0xFF, 0xEE, 0x02, 0xEF, 0x81,
    0xE0, 0xDE, 0x02, 0x45, 0x02, 0x94, 0x87, 0x66, 0x38, 0x44, 0x67, 0x54, 0x55, 0x62, 0x55, 0x02,
    0x67, 0x82, 0x5A, 0x54, 0x62, 0x02, 0x67, 0x02, 0x5A, 0x80, 0x57, 0x03, 0xB3, 0x85, 0xB4, 0x96,
    0xB4, 0xB8, 0x96, 0x9D, 0x02, 0x9F, 0x80, 0x98, 0x02, 0x96, 0x02, 0x77, 0x04, 0x95, 0x8F, 0x76,
    0x34, 0x36, 0x38, 0x44, 0x5C, 0x76, 0x9D, 0xB3, 0xB4, 0xB3, 0x9F, 0x98, 0x95, 0x58, 0x45, 0x04,
    0x33, 0x82, 0x44, 0x59, 0x5C, 0x02, 0x9A, 0x84, 0x98, 0x9A, 0x98, 0x96, 0x98, 0x02, 0x97, 0x89,
    0x98, 0x24, 0x95, 0x7B, 0x76, 0x77, 0x74, 0x75, 0x31, 0x2E, 0x04, 0x28, 0x04, 0x31, 0x06, 0x2E,
    0x91, 0x36, 0x30, 0x2E, 0x36, 0x2E, 0x3C, 0x95, 0x91, 0x77, 0x21, 0x29, 0x1C, 0x10, 0x12, 0x16,
    0x19, 0x12, 0x17, 0x02, 0x1A, 0x85, 0x3C, 0x5A, 0x67, 0x75, 0xB3, 0x0D, 0x02, 0x95, 0x84, 0xA0,
    0x97, 0x95, 0x5A, 0x54, 0x02, 0x36, 0x87, 0x1B, 0x36, 0x23, 0x1F, 0x8A, 0x99, 0x92, 0x99, 0x02,
    0x8A, 0x02, 0x96, 0x82, 0x95, 0x5C, 0x75, 0x02, 0x95, 0x80, 0x96, 0x02, 0x95, 0x8C, 0x75, 0x36,
    0x23, 0x21, 0x30, 0x29, 0x22, 0x2B, 0x32, 0xCD, 0x35, 0x6F, 0x7C, 0x02, 0x6F, 0x82, 0x93, 0x79,
    0x6B, 0x06, 0x64, 0x82, 0x6C, 0x79, 0x92, 0x02, 0x93, 0x05, 0x65, 0x02, 0x6C, 0x81, 0x93, 0xF6,
    0x02, 0xD7, 0x83, 0xB4, 0x9D, 0xDF, 0xEE, 0x04, 0xE4, 0x02, 0xED, 0x03, 0xDF, 0x82, 0xFF, 0xFC,
    0xFD, 0x06, 0xFF, 0x87, 0xFC, 0xB8, 0xBB, 0xB8, 0xBB, 0xF4, 0xE7, 0xF2, 0x03, 0xF4, 0x86, 0xE4,
    0xCF, 0xC3, 0x8A, 0xB5, 0x85, 0x5E, 0x0F, 0x85, 0x80, 0x5E, 0x13, 0x85, 0x03, 0x8C, 0x80, 0x85,
    0x05, 0x8F, 0x02, 0x9E, 0x87, 0xAB, 0xB7, 0xAB, 0xB8, 0xD0, 0xD7, 0xD8, 0xDF, 0x03, 0xD7, 0x81,
    0xD8, 0xC8, 0x02, 0xC6, 0x83, 0xCF, 0xD0, 0xEE, 0xF7, 0x02, 0xFD, 0x86, 0xFC, 0xF6, 0xE4, 0xF2,
    0xFA, 0xF4, 0xFA, 0x04, 0xAB, 0x84, 0xF2, 0xEE, 0xE3, 0xD8, 0xFF, 0x03, 0xEF, 0x83, 0xE0, 0xD4,
    0x47, 0x45, 0x02, 0x9B, 0x8E, 0x76, 0x3C, 0x54, 0x56, 0x3C, 0x55, 0x67, 0x97, 0x9F, 0xB3, 0xB8,
    0x9F, 0x5A, 0x38, 0x67, 0x02, 0x5A, 0x80, 0x95, 0x03, 0xB3, 0x88, 0xB4, 0x9D, 0x96, 0x58, 0x44,
    0x58, 0x74, 0x75, 0x77, 0x02, 0x5C, 0x80, 0x77, 0x04, 0x95, 0x80, 0x75, 0x02, 0x38, 0x02, 0x44,
    0x02, 0x95, 0x88, 0x96, 0x9F, 0xB8, 0xC8, 0xB3, 0x96, 0x5B, 0x44, 0x75, 0x03, 0x5C, 0x04, 0x59,
    0x02, 0x76, 0x02, 0x91, 0x87, 0x76, 0x8A, 0x98, 0x95, 0x54, 0x92, 0x76, 0x77, 0x02, 0x76, 0x02,
    0x74, 0x82, 0x3C, 0x27, 0x21, 0x03, 0x1E, 0x82, 0x21, 0x28, 0x2A, 0x02, 0x29, 0x8B, 0x28, 0x25,
    0x23, 0x25, 0x23, 0x25, 0x29, 0x25, 0x23, 0x29, 0x22, 0x29, 0x02, 0x77, 0x81, 0x54, 0x21, 0x02,
    0x25, 0x82, 0x21, 0x1C, 0x1A, 0x02, 0x1C, 0x8D, 0x27, 0x29, 0x1C, 0x23, 0x24, 0x1C, 0x1A, 0x29,
    0x1C, 0x2E, 0x25, 0x28, 0x25, 0x2E, 0x02, 0x25, 0x83, 0x29, 0x36, 0x29, 0x28, 0x03, 0x24, 0x88,
    0x38, 0x31, 0x2A, 0x24, 0x27, 0x31, 0x38, 0x5A, 0x67, 0x02, 0x75, 0x80, 0x77, 0x02, 0x95, 0x8B,
    0x97, 0x98, 0x97, 0x74, 0x22, 0x32, 0x28, 0x25, 0x2F, 0xC5, 0x3E, 0x6B, 0x02, 0x7C, 0x82, 0x6B,
    0x79, 0x93, 0x02, 0x6B, 0x05, 0x64, 0x81, 0x65, 0x6B, 0x02, 0x94, 0x02, 0x93, 0x02, 0x65, 0x80,
    0x6B, 0x02, 0x65, 0x83, 0x6C, 0x79, 0x92, 0xDF, 0x02, 0xE3, 0x81, 0x9D, 0xA9, 0x02, 0xDF, 0x02,
    0xE4, 0x83, 0xE3, 0xF6, 0xDF, 0xED, 0x02, 0xDF, 0x80, 0xD8, 0x08, 0xFF, 0x8A, 0xE8, 0xB8, 0xB7,
    0xBB, 0xB8, 0xBB, 0xF4, 0xE4, 0xEE, 0xF4, 0xF9, 0x02, 0xF4, 0x84, 0xD4, 0xC4, 0x99, 0x92, 0x9E,
    0x0E, 0x85, 0x82, 0x4C, 0x85, 0x5E, 0x13, 0x85, 0x03, 0x8C, 0x04, 0x8F, 0x86, 0x8C, 0x85, 0x8C,
    0x8F, 0x9E, 0xAB, 0xB8, 0x02, 0xD7, 0x85, 0xDF, 0xD4, 0xD8, 0xD7, 0xCB, 0xB2, 0x02, 0x99, 0x8F,
    0x9C, 0x9A, 0x99, 0xB1, 0xCF, 0xD7, 0xE4, 0xFA, 0xFD, 0xFA, 0xF7, 0xFA, 0xF9, 0xFD, 0xF4, 0xB7,
    0x03, 0xAB, 0x84, 0xB7, 0xE4, 0xED, 0xEE, 0xF1, 0x02, 0xF0, 0x02, 0xEF, 0x89, 0xE0, 0xCB, 0x4C,
    0x77, 0x9B, 0x7E, 0x74, 0x54, 0x38, 0x54, 0x02, 0x36, 0x89, 0x67, 0xB3, 0xB8, 0xCC, 0xC8, 0xCC,
    0xB8, 0xB3, 0x95, 0x77, 0x02, 0x95, 0x84, 0x9F, 0x75, 0x9F, 0x95, 0x75, 0x02, 0x38, 0x02, 0x58,
    0x83, 0x91, 0x8A, 0x77, 0x95, 0x02, 0x77, 0x03, 0x95, 0x03, 0x75, 0x03, 0x56, 0x81, 0x75, 0x96,
    0x02, 0x99, 0x04, 0x95, 0x87, 0x31, 0x97, 0x9D, 0xB8, 0xF7, 0xB8, 0xB3, 0x9A, 0x02, 0x76, 0x80,
    0x5C, 0x02, 0x76, 0x85, 0x59, 0x76, 0x9F, 0x0E, 0x77, 0x91, 0x02, 0x76, 0x03, 0x74, 0x02, 0x63,
    0x88, 0x54, 0x38, 0x2C, 0x2A, 0x1E, 0x25, 0x29, 0x28, 0x29, 0x02, 0x28, 0x85, 0x25, 0x23, 0x25,
    0x28, 0x2E, 0x3C, 0x02, 0x25, 0x81, 0x2E, 0x25, 0x02, 0x29, 0x84, 0x25, 0x2E, 0x44, 0x55, 0x36,
    0x05, 0x1C, 0x81, 0x1E, 0x29, 0x03, 0x23, 0x82, 0x21, 0x12, 0x25, 0x02, 0x21, 0x02, 0x29, 0x82,
    0x25, 0x2E, 0x25, 0x02, 0x28, 0x04, 0x2E, 0x82, 0x36, 0x38, 0x56, 0x02, 0x5A, 0x04, 0x67, 0x02,
    0x74, 0x81, 0x75, 0x77, 0x02, 0x95, 0x80, 0x97, 0x02, 0x9F, 0x87, 0xB3, 0x97, 0x23, 0x30, 0x28,
    0x22, 0xC6, 0x93, 0x02, 0x6B, 0x02, 0x7C, 0x83, 0x79, 0x94, 0x79, 0x6B, 0x06, 0x64, 0x85, 0x65,
    0x79, 0x92, 0x93, 0x94, 0x93, 0x02, 0x65, 0x80, 0x7C, 0x02, 0x65, 0x83, 0x6C, 0x9B, 0xB1, 0xC6,
    0x02, 0xED, 0x81, 0x9D, 0xB3, 0x02, 0xED, 0x02, 0xE4, 0x88, 0xD8, 0xF6, 0xDF, 0xE4, 0xE3, 0xDF,
    0xED, 0xFF, 0xFC, 0x04, 0xFF, 0x80, 0xF7, 0x05, 0xB8, 0x82, 0xB7, 0xE7, 0xEE, 0x02, 0xE4, 0x89,
    0xF7, 0xF4, 0xFA, 0xF4, 0xF3, 0xCB, 0x94, 0x92, 0x9D, 0x5D, 0x24, 0x85, 0x80, 0x87, 0x04, 0x8F,
    0x04, 0x85, 0x89, 0x8F, 0x9E, 0xB7, 0xB8, 0xD4, 0xD7, 0xB8, 0xB7, 0xB8, 0xAB, 0x02, 0x9D, 0x02,
    0x8F, 0x85, 0x9D, 0xA9, 0xB2, 0xB1, 0x9A, 0xB2, 0x02, 0xED, 0x81, 0xF4, 0xF1, 0x02, 0xF4, 0x04,
    0xFA, 0x04, 0xAB, 0x85, 0xF0, 0xED, 0xE4, 0xE7, 0xFF, 0xF0, 0x02, 0xEF, 0x84, 0xF0, 0xE0, 0xB3,
    0x5D, 0x99, 0x02, 0x94, 0x80, 0x6D, 0x03, 0x3C, 0x83, 0x63, 0x62, 0x7B, 0x9F, 0x02, 0xB3, 0x02,
    0xC4, 0x80, 0xB3, 0x02, 0xC6, 0x8B, 0xDF, 0xCC, 0xC6, 0xD8, 0xCC, 0xE4, 0xD7, 0xD3, 0xC4, 0xB2,
    0x96, 0x95, 0x04, 0x77, 0x81, 0x95, 0x77, 0x02, 0x95, 0x05, 0x77, 0x80, 0x75, 0x02, 0x95, 0x80,
    0x96, 0x03, 0x95, 0x02, 0x77, 0x82, 0x95, 0x97, 0x56, 0x02, 0x58, 0x84, 0x5B, 0xCC, 0x5B, 0x33,
    0x56, 0x02, 0x58, 0x84, 0x3A, 0x58, 0x59, 0x5A, 0x9D, 0x02, 0x77, 0x80, 0x76, 0x02, 0x74, 0x83,
    0x66, 0x63, 0x56, 0x63, 0x06, 0x56, 0x86, 0x54, 0x56, 0x54, 0x2E, 0x25, 0x28, 0x23, 0x03, 0x25,
    0x84, 0x2E, 0x25, 0x23, 0x2E, 0x5A, 0x02, 0x55, 0x85, 0x5A, 0x55, 0x57, 0x5A, 0x44, 0x55, 0x02,
    0x1C, 0x8B, 0x21, 0x1A, 0x1E, 0x27, 0x24, 0x18, 0x14, 0x25, 0x1C, 0x2E, 0x29, 0x2E, 0x02, 0x25,
    0x81, 0x28, 0x2E, 0x02, 0x29, 0x80, 0x2E, 0x03, 0x54, 0x03, 0x3C, 0x80, 0x54, 0x02, 0x56, 0x80,
    0x63, 0x03, 0x74, 0x84, 0x75, 0x77, 0x95, 0x77, 0x95, 0x02, 0x97, 0x03, 0xA0, 0x86, 0x95, 0x25,
    0x32, 0x25, 0xC4, 0x9B, 0x64, 0x02, 0x6B, 0x81, 0x7C, 0x79, 0x02, 0x94, 0x80, 0x6F, 0x07, 0x64,
    0x80, 0x65, 0x02, 0x9A, 0x82, 0x93, 0x94, 0x7C, 0x02, 0x65, 0x80, 0x7C, 0x03, 0x65, 0x88, 0xC6,
    0xDF, 0xCB, 0xE3, 0xED, 0x9D, 0xC8, 0xED, 0xDF, 0x02, 0xE4, 0x83, 0xEE, 0xE4, 0xED, 0xE4, 0x03,
    0xDF, 0x81, 0xFF, 0xFC, 0x03, 0xFF, 0x81, 0xBB, 0xCC, 0x04, 0xB8, 0x82, 0xB7, 0xE5, 0xF0, 0x02,
    0xE4, 0x82, 0xED, 0xF7, 0xF4, 0x02, 0xFA, 0x84, 0xF4, 0xF3, 0xD3, 0x92, 0x9D, 0x02, 0x8C, 0x21,
    0x85, 0x02, 0x84, 0x80, 0x8D, 0x03, 0x8F, 0x05, 0x85, 0x80, 0x8C, 0x02, 0x9E, 0x86, 0xB3, 0xC4,
    0x9E, 0x90, 0x9D, 0x9E, 0x8C, 0x02, 0x4D, 0x83, 0x4C, 0x4A, 0x5F, 0x8F, 0x03, 0x9E, 0x81, 0xB5,
    0x9A, 0x02, 0xDF, 0x80, 0xE8, 0x02, 0xF4, 0x04, 0xFA, 0x04, 0xAB, 0x85, 0xB8, 0xED, 0xDF, 0xEE,
    0xD6, 0xF6, 0x05, 0xEF, 0x8B, 0xA9, 0x8B, 0x98, 0x94, 0x9B, 0x7A, 0x54, 0x38, 0x56, 0x63, 0x97,
    0x9F, 0x03, 0xA0, 0x81, 0xC4, 0xB3, 0x02, 0xC8, 0x02, 0xDF, 0x80, 0xD7, 0x02, 0xC6, 0x86, 0xD0,
    0xC8, 0xC6, 0x97, 0x9F, 0x98, 0x95, 0x06, 0x77, 0x02, 0x95, 0x80, 0x77, 0x02, 0x95, 0x82, 0x96,
    0x95, 0x77, 0x02, 0x9F, 0x82, 0x96, 0x95, 0x77, 0x04, 0x75, 0x80, 0x97, 0x02, 0x95, 0x8F, 0x9E,
    0x75, 0x59, 0x44, 0x5C, 0x6D, 0x76, 0x77, 0x95, 0x91, 0x9A, 0x26, 0x97, 0x56, 0x75, 0x74, 0x02,
    0x66, 0x80, 0x63, 0x02, 0x56, 0x81, 0x17, 0x1A, 0x02, 0x1C, 0x81, 0x1A, 0x1C, 0x02, 0x29, 0x81,
    0x2E, 0x36, 0x02, 0x27, 0x81, 0x25, 0x24, 0x02, 0x27, 0x84, 0x25, 0x28, 0x25, 0x36, 0x55, 0x02,
    0x36, 0x80, 0x44, 0x03, 0x2E, 0x82, 0x28, 0x5A, 0x44, 0x03, 0x1C, 0x8C, 0x13, 0x1C, 0x1A, 0x14,
    0x1A, 0x1C, 0x0F, 0x1C, 0x2C, 0x28, 0x2E, 0x25, 0x27, 0x02, 0x2E, 0x83, 0x29, 0x2E, 0x36, 0x54,
    0x02, 0x56, 0x03, 0x54, 0x83, 0x3C, 0x54, 0x5A, 0x75, 0x03, 0x95, 0x8E, 0x7B, 0x74, 0x63, 0x56,
    0x63, 0x75, 0x97, 0xA0, 0xB3, 0x77, 0x25, 0x28, 0x2E, 0xC5, 0x78, 0x02, 0x64, 0x02, 0x6B, 0x80,
    0x6F, 0x02, 0x9B, 0x81, 0x7C, 0x6F, 0x07, 0x64, 0x81, 0x73, 0x92, 0x03, 0x94, 0x80, 0x7C, 0x02,
    0x65, 0x8C, 0x7C, 0x6C, 0x6F, 0x7C, 0xB2, 0xFA, 0xCF, 0xED, 0xBA, 0x9D, 0xED, 0xDF, 0xED, 0x02,
    0xE4, 0x82, 0xF6, 0xE4, 0xDF, 0x02, 0xED, 0x85, 0xDF, 0xED, 0xFF, 0xFA, 0xFF, 0xF2, 0x02, 0xBB,
    0x04, 0xB8, 0x82, 0xBB, 0xE8, 0xF0, 0x03, 0xE4, 0x89, 0xED, 0xF4, 0xFD, 0xFA, 0xF4, 0xE8, 0xD5,
    0x99, 0x92, 0x9D, 0x04, 0x8F, 0x81, 0x8C, 0x84, 0x1C, 0x85, 0x02, 0x84, 0x80, 0x8C, 0x03, 0x8F,
    0x06, 0x85, 0x84, 0x8C, 0x9E, 0x4C, 0xB4, 0xC4, 0x03, 0x8F, 0x80, 0x85, 0x07, 0x4A, 0x8D, 0x4C,
    0x85, 0x8C, 0x8F, 0x9D, 0x99, 0xB6, 0xDF, 0xE4, 0xF2, 0xF4, 0xFA, 0xFD, 0xFA, 0x05, 0xAB, 0x87,
    0xEE, 0xDF, 0xF0, 0xE4, 0xF1, 0xF0, 0xEF, 0xF0, 0x02, 0xEF, 0x83, 0xE0, 0xA9, 0x8D, 0x9A, 0x02,
    0x94, 0x8A, 0x9B, 0x7A, 0x3C, 0x38, 0x3C, 0x54, 0x74, 0x7B, 0x95, 0x9F, 0xB3, 0x03, 0xC8, 0x04,
    0xDF, 0x83, 0xCF, 0xC4, 0xC5, 0xA0, 0x02, 0xB6, 0x81, 0xB2, 0x96, 0x03, 0x99, 0x81, 0x96, 0x77,
    0x03, 0x74, 0x86, 0x5B, 0x95, 0x97, 0x96, 0x95, 0x77, 0x8D, 0x03, 0xA2, 0x85, 0x9F, 0xB3, 0xA0,
    0xCC, 0xC6, 0xB3, 0x03, 0x96, 0x80, 0x77, 0x02, 0x76, 0x02, 0x77, 0x02, 0x95, 0x02, 0x92, 0x83,
    0x5B, 0x2E, 0x91, 0x76, 0x03, 0x63, 0x02, 0x56, 0x86, 0x54, 0x18, 0x1E, 0x2E, 0x2C, 0x34, 0x38,
    0x02, 0x3C, 0x80, 0x56, 0x02, 0x95, 0x80, 0x56, 0x04, 0x67, 0x83, 0x5A, 0x21, 0x25, 0x36, 0x02,
    0x5A, 0x80, 0x55, 0x02, 0x57, 0x82, 0x55, 0x57, 0x5A, 0x02, 0x55, 0x80, 0x0F, 0x02, 0x12, 0x80,
    0x10, 0x02, 0x0F, 0x91, 0x12, 0x0F, 0x0D, 0x27, 0x29, 0x2E, 0x27, 0x2E, 0x25, 0x27, 0x2E, 0x29,
    0x2E, 0x22, 0x2B, 0x74, 0x97, 0xB3, 0x02, 0x9F, 0x03, 0x97, 0x80, 0x95, 0x03, 0x97, 0x85, 0x95,
    0x97, 0x7B, 0x75, 0x54, 0x63, 0x02, 0x7B, 0x86, 0x54, 0x0F, 0x12, 0x1C, 0x21, 0xCF, 0x61, 0x03,
    0x64, 0x86, 0x7C, 0x6B, 0x93, 0xC3, 0x93, 0x7C, 0x6F, 0x04, 0x64, 0x80, 0x6C, 0x02, 0x64, 0x81,
    0x92, 0x93, 0x03, 0x94, 0x80, 0x7C, 0x02, 0x65, 0x85, 0x7C, 0x6C, 0x6F, 0x94, 0x98, 0xFF, 0x02,
    0xD7, 0x81, 0xA9, 0x9D, 0x02, 0xDF, 0x80, 0xED, 0x02, 0xE4, 0x88, 0xEE, 0xED, 0xDF, 0xED, 0xE4,
    0xDF, 0xE4, 0xFF, 0xE5, 0x02, 0xCC, 0x04, 0xB8, 0x02, 0xBB, 0x81, 0xF4, 0xEE, 0x04, 0xE4, 0x80,
    0xEE, 0x02, 0xFD, 0x80, 0xFA, 0x02, 0xF4, 0x88, 0xC6, 0x92, 0xC9, 0x9E, 0x8C, 0x85, 0x8C, 0x8F,
    0x9E, 0x02, 0x8F, 0x1A, 0x85, 0x03, 0x84, 0x80, 0x8C, 0x02, 0x8F, 0x04, 0x85, 0x88, 0x87, 0x85,
    0x8C, 0x8F, 0x46, 0x4A, 0x4C, 0xC8, 0x9D, 0x02, 0x8F, 0x80, 0x85, 0x08, 0x4A, 0x82, 0x85, 0x87,
    0x8C, 0x02, 0x8F, 0x83, 0x99, 0x9A, 0xE0, 0xDF, 0x02, 0xEE, 0x81, 0xF2, 0xEE, 0x05, 0xAB, 0x81,
    0xF9, 0xD7, 0x02, 0xE4, 0x83, 0xE8, 0xF2, 0xDF, 0xF0, 0x04, 0xEF, 0x82, 0xA9, 0x8B, 0x9A, 0x03,
    0x94, 0x81, 0x9B, 0x54, 0x02, 0x38, 0x88, 0x56, 0x63, 0x54, 0x3C, 0x63, 0x97, 0xC4, 0xC6, 0xC8,
    0x03, 0xC6, 0x02, 0xB3, 0x85, 0xB8, 0x9F, 0x12, 0x5B, 0x74, 0x44, 0x02, 0x34, 0x84, 0x36, 0x38,
    0x54, 0x63, 0x74, 0x02, 0x75, 0x85, 0x95, 0x9F, 0xB3, 0xB8, 0xB4, 0xB7, 0x03, 0xA7, 0x02, 0xA8,
    0x91, 0xAB, 0xB4, 0xB8, 0x9D, 0xAB, 0xE8, 0xFF, 0xCC, 0xB4, 0x9D, 0x96, 0x95, 0x96, 0x95, 0x91,
    0x76, 0x77, 0x76, 0x02, 0x74, 0x81, 0x66, 0x59, 0x02, 0x56, 0x04, 0x54, 0x81, 0x56, 0x44, 0x02,
    0x1E, 0x81, 0x29, 0x2E, 0x02, 0x36, 0x82, 0x3C, 0xC4, 0x76, 0x02, 0x56, 0x81, 0x3C, 0x21, 0x03,
    0x25, 0x81, 0x36, 0x55, 0x02, 0x5A, 0x84, 0x55, 0x5A, 0x55, 0x5A, 0x55, 0x02, 0x21, 0x80, 0x1E,
    0x03, 0x21, 0x8D, 0x25, 0x1C, 0x16, 0x23, 0x25, 0x23, 0x29, 0x25, 0x2E, 0x25, 0x28, 0x56, 0xC6,
    0xC8, 0x04, 0xC6, 0x03, 0xB3, 0x03, 0xA0, 0x06, 0x9F, 0x80, 0x97, 0x02, 0x9F, 0x83, 0xA0, 0x9F,
    0x54, 0x30, 0x03, 0x25, 0x82, 0xC4, 0x70, 0x3E, 0x03, 0x64, 0x83, 0x7C, 0x6C, 0xB1, 0xC1, 0x02,
    0x7C, 0x80, 0x6F, 0x03, 0x64, 0x89, 0x6C, 0x6F, 0x64, 0x73, 0x72, 0x94, 0x9B, 0x94, 0x93, 0x7C,
    0x02, 0x65, 0x87, 0x7C, 0x6C, 0x79, 0xB2, 0x9A, 0xFF, 0xD7, 0xE4, 0x02, 0x9D, 0x87, 0xDF, 0xD8,
    0xED, 0xE4, 0xF6, 0xE4, 0xED, 0xDF, 0x04, 0xE4, 0x81, 0xF7, 0xBB, 0x03, 0xB8, 0x8A, 0xB7, 0xBB,
    0xB7, 0xD6, 0xF7, 0xF2, 0xEE, 0xE4, 0xEE, 0xED, 0xEE, 0x02, 0xFD, 0x8A, 0xF4, 0xF9, 0xE8, 0xDF,
    0xCF, 0x9A, 0xD7, 0xF3, 0x8F, 0x85, 0x87, 0x02, 0x85, 0x88, 0x8C, 0x8F, 0x9E, 0x8F, 0x8C, 0x84,
    0x85, 0x84, 0x87, 0x0C, 0x85, 0x04, 0x8C, 0x81, 0x85, 0x87, 0x03, 0x84, 0x80, 0x87, 0x02, 0x8F,
    0x80, 0x8C, 0x03, 0x85, 0x85, 0x5F, 0x5E, 0x8C, 0x85, 0x4A, 0x46, 0x02, 0x4A, 0x85, 0x9D, 0xB3,
    0x8F, 0x86, 0x8C, 0x46, 0x03, 0x43, 0x03, 0x46, 0x02, 0x4A, 0x82, 0x5F, 0x87, 0x8C, 0x02, 0x8F,
    0x86, 0xAA, 0xB2, 0xDF, 0xE4, 0xEE, 0xE4, 0xF7, 0x05, 0xAB, 0x81, 0xF3, 0xE4, 0x02, 0xED, 0x84,
    0xDF, 0xE8, 0xEE, 0xEF, 0xF0, 0x04, 0xEF, 0x83, 0xB4, 0x8D, 0x96, 0x9B, 0x03, 0x94, 0x90, 0x91,
    0x52, 0x56, 0x54, 0x3E, 0x3B, 0x3A, 0x58, 0x7B, 0xA0, 0xB3, 0xC4, 0xB3, 0x9F, 0x95, 0x77, 0x56,
    0x02, 0x44, 0x81, 0x33, 0x45, 0x02, 0x47, 0x03, 0x5B, 0x81, 0x67, 0x7B, 0x02, 0x97, 0x80, 0xB4,
    0x04, 0xB8, 0x80, 0xB7, 0x05, 0xB3, 0x81, 0xB8, 0xD8, 0x03, 0xB8, 0x81, 0xB4, 0xB3, 0x04, 0x9D,
    0x80, 0x96, 0x02, 0x95, 0x02, 0x91, 0x81, 0x73, 0x76, 0x02, 0x74, 0x02, 0x63, 0x80, 0x58, 0x02,
    0x56, 0x02, 0x54, 0x9A, 0x44, 0x54, 0x36, 0x1E, 0x1C, 0x17, 0x27, 0x1C, 0x28, 0x23, 0x18, 0x24,
    0x31, 0xDF, 0x38, 0x1C, 0x2E, 0x28, 0x23, 0x25, 0x2E, 0x36, 0x2A, 0x36, 0x44, 0x36, 0x2E, 0x02,
    0x25, 0x80, 0x21, 0x02, 0x1C, 0x03, 0x21, 0x88, 0x25, 0x23, 0x27, 0x23, 0x27, 0x25, 0x28, 0x25,
    0x2E, 0x02, 0x28, 0x81, 0x54, 0xE0, 0x02, 0xC8, 0x83, 0xC4, 0xA0, 0xC4, 0xC6, 0x02, 0xC4, 0x02,
    0xB3, 0x80, 0xA0, 0x02, 0x9F, 0x02, 0xA0, 0x80, 0x9F, 0x02, 0xA0, 0x89, 0x97, 0x54, 0x21, 0x29,
    0x36, 0x29, 0x25, 0x2B, 0xC4, 0x71, 0x02, 0x3B, 0x02, 0x64, 0x83, 0x6B, 0x79, 0x9C, 0xC3, 0x03,
    0x7C, 0x80, 0x6F, 0x03, 0x64, 0x8B, 0x6C, 0x6F, 0x64, 0x92, 0x73, 0x93, 0x9B, 0x94, 0x93, 0x7C,
    0x6C, 0x6B, 0x02, 0x7C, 0x87, 0x93, 0xB2, 0xA0, 0xF4, 0xDF, 0xE4, 0x9D, 0xB8, 0x02, 0xDF, 0x86,
    0xEF, 0xE4, 0xEE, 0xE4, 0xED, 0xDF, 0xED, 0x03, 0xE4, 0x80, 0xF7, 0x02, 0xBB, 0x83, 0xD5, 0xBB,
    0xB8, 0xCC, 0x03, 0xF4, 0x02, 0xF7, 0x82, 0xF4, 0xF7, 0xE8, 0x03, 0xF4, 0x8A, 0xF2, 0xED, 0xDF,
    0xD0, 0xC5, 0xCB, 0xFC, 0xFD, 0x8C, 0x85, 0x87, 0x04, 0x85, 0x80, 0x8C, 0x03, 0x8F, 0x80, 0x8C,
    0x06, 0x85, 0x05, 0x8C, 0x03, 0x85, 0x05, 0x8C, 0x80, 0x87, 0x03, 0x84, 0x81, 0x8C, 0x8F, 0x04,
    0x85, 0x84, 0x86, 0x4A, 0x43, 0x46, 0x4B, 0x03, 0x4A, 0x02, 0x43, 0x81, 0x47, 0x4C, 0x02, 0x45,
    0x80, 0x42, 0x05, 0x46, 0x80, 0x43, 0x03, 0x46, 0x80, 0x5F, 0x02, 0x87, 0x02, 0x8F, 0x82, 0xCA,
    0xB6, 0xED, 0x02, 0xEE, 0x80, 0xCC, 0x05, 0xAB, 0x81, 0xE6, 0xF0, 0x02, 0xED, 0x82, 0xDF, 0xE4,
    0xF1, 0x04, 0xF0, 0x87, 0xEF, 0xF0, 0xEF, 0xC8, 0x9D, 0x5D, 0x9B, 0x94, 0x02, 0x9B, 0x85, 0x97,
    0x7A, 0x66, 0x60, 0x3E, 0x3B, 0x03, 0x37, 0x8D, 0x3A, 0x3D, 0x38, 0x36, 0x31, 0x2C, 0x2E, 0x5A,
    0x67, 0x77, 0x8C, 0x77, 0x95, 0x8C, 0x02, 0x8F, 0x03, 0x9E, 0x02, 0xAB, 0x81, 0xB8, 0xCC, 0x03,
    0xB8, 0x82, 0xB4, 0xB3, 0xAB, 0x02, 0xB3, 0x05, 0xA9, 0x03, 0x9D, 0x81, 0x9F, 0x9D, 0x02, 0x96,
    0x02, 0x98, 0x83, 0x99, 0x91, 0x73, 0x97, 0x02, 0xB3, 0x84, 0x67, 0x5A, 0x44, 0x2A, 0x1B, 0x02,
    0x17, 0x87, 0x19, 0x1C, 0x2A, 0x1E, 0x1A, 0x17, 0x27, 0x14, 0x02, 0x27, 0x03, 0x1C, 0x84, 0x16,
    0x27, 0xB3, 0x9F, 0x2E, 0x03, 0x25, 0x82, 0x22, 0x24, 0x27, 0x02, 0x23, 0x8B, 0x21, 0x22, 0x29,
    0x23, 0x1C, 0x1E, 0x21, 0x23, 0x21, 0x25, 0x28, 0x23, 0x02, 0x27, 0x80, 0x25, 0x02, 0x28, 0x02,
    0x29, 0x83, 0x54, 0x9F, 0xA0, 0xB1, 0x05, 0xA0, 0x81, 0xC4, 0xC6, 0x03, 0xC4, 0x87, 0xB3, 0x97,
    0x67, 0x3C, 0x34, 0x29, 0x25, 0x27, 0x02, 0x25, 0x80, 0x2E, 0x02, 0x29, 0x82, 0x25, 0xC8, 0x53,
    0x02, 0x3B, 0x02, 0x64, 0x02, 0x6B, 0x82, 0x94, 0xC3, 0x94, 0x02, 0x7C, 0x81, 0x6B, 0x6F, 0x03,
    0x64, 0x95, 0x65, 0x6F, 0x92, 0x72, 0x9A, 0x93, 0x9B, 0x94, 0x79, 0x7C, 0x6C, 0x6B, 0x7C, 0x93,
    0xB1, 0xB2, 0xC4, 0xF2, 0xDF, 0xB8, 0x9D, 0xD8, 0x03, 0xED, 0x80, 0xF0, 0x02, 0xE4, 0x82, 0xED,
    0xDF, 0xED, 0x03, 0xE4, 0x81, 0xF7, 0xE8, 0x02, 0xBB, 0x86, 0xD6, 0xE8, 0xF7, 0xF2, 0xF6, 0xE4,
    0xF0, 0x03, 0xEE, 0x80, 0xF6, 0x02, 0xF7, 0x8B, 0xED, 0xEF, 0xED, 0xE3, 0xE7, 0xEE, 0xFC, 0xFD,
    0xFC, 0x9E, 0x8F, 0x8C, 0x04, 0x85, 0x03, 0x8C, 0x02, 0x8F, 0x80, 0x8C, 0x05, 0x85, 0x0D, 0x8C,
    0x80, 0x87, 0x02, 0x84, 0x06, 0x85, 0x81, 0x86, 0x46, 0x02, 0x43, 0x87, 0x4A, 0x46, 0x43, 0x46,
    0x43, 0x46, 0x41, 0x42, 0x02, 0x44, 0x02, 0x45, 0x80, 0x40, 0x02, 0x46, 0x03, 0x41, 0x02, 0x46,
    0x84, 0x43, 0x42, 0x4D, 0x87, 0x85, 0x02, 0x8F, 0x83, 0xEE, 0xD7, 0xEE, 0xD8, 0x06, 0xAB, 0x88,
    0xBE, 0xF8, 0xED, 0xDF, 0xED, 0xF0, 0xD8, 0xBC, 0xF6, 0x02, 0xF0, 0x87, 0xEF, 0xF0, 0xEF, 0xE0,
    0xEF, 0x9D, 0x84, 0x77, 0x02, 0x9B, 0x85, 0x94, 0xA0, 0x97, 0x6D, 0x53, 0x3A, 0x03, 0x3B, 0x80,
    0x3A, 0x05, 0x3B, 0x86, 0x59, 0x77, 0x2E, 0x5A, 0x27, 0x5A, 0x67, 0x03, 0x95, 0x82, 0x9D, 0x9E,
    0xB3, 0x05, 0x9E, 0x02, 0xAB, 0x80, 0x9E, 0x03, 0xA9, 0x05, 0xB3, 0x07, 0x9F, 0x05, 0x98, 0x80,
    0x94, 0x02, 0xB4, 0x82, 0x27, 0x5A, 0x27, 0x04, 0x55, 0x84, 0x45, 0x44, 0x36, 0x44, 0x36, 0x02,
    0x33, 0x80, 0x36, 0x02, 0x2A, 0x8F, 0x1E, 0x0F, 0x1A, 0x1C, 0x1A, 0x1C, 0x21, 0x29, 0x32, 0x9F,
    0xEF, 0xB3, 0x55, 0x36, 0x1B, 0x23, 0x02, 0x21, 0x81, 0x1C, 0x25, 0x06, 0x21, 0x02, 0x25, 0x87,
    0x21, 0x22, 0x23, 0x21, 0x25, 0x75, 0x8C, 0x83, 0x02, 0xA1, 0x83, 0x83, 0x8F, 0x9D, 0xC2, 0x02,
    0xA0, 0x86, 0x98, 0x34, 0x2B, 0x29, 0x2E, 0x29, 0x23, 0x03, 0x2E, 0x81, 0x25, 0x2E, 0x04, 0x25,
    0x02, 0x29, 0x82, 0x2E, 0xC4, 0x50, 0x03, 0x3B, 0x80, 0x64, 0x02, 0x6B, 0x82, 0x93, 0xC3, 0xC1,
    0x02, 0x7C, 0x82, 0x6B, 0x64, 0x6F, 0x03, 0x64, 0x85, 0x65, 0x79, 0x93, 0x72, 0x79, 0x94, 0x02,
    0x9B, 0x04, 0x7C, 0x8C, 0x79, 0x93, 0xCB, 0xEF, 0xF6, 0xDF, 0xED, 0xAB, 0x9D, 0xED, 0xDF, 0xED,
    0xD8, 0x04, 0xE4, 0x81, 0xDF, 0xED, 0x03, 0xE4, 0x82, 0xF7, 0xBB, 0xB7, 0x02, 0xAB, 0x04, 0x9E,
    0x83, 0xAB, 0xD6, 0xEE, 0xE4, 0x02, 0xEE, 0x85, 0xE4, 0xE8, 0xFA, 0xF4, 0xF2, 0xF4, 0x02, 0xFA,
    0x82, 0xFD, 0xF4, 0xAB, 0x02, 0x8C, 0x04, 0x8F, 0x04, 0x85, 0x04, 0x8C, 0x05, 0x85, 0x0C, 0x8C,
    0x82, 0x87, 0x84, 0x87, 0x05, 0x85, 0x80, 0x4D, 0x03, 0x43, 0x81, 0x4A, 0x46, 0x02, 0x41, 0x02,
    0x43, 0x03, 0x41, 0x82, 0x42, 0x40, 0x42, 0x02, 0x40, 0x81, 0x45, 0x42, 0x03, 0x41, 0x86, 0x42,
    0x46, 0x41, 0x43, 0x41, 0x4D, 0x85, 0x03, 0x8C, 0x83, 0xEE, 0xD5, 0xCC, 0xB7, 0x05, 0xAB, 0x84,
    0xF9, 0xF8, 0xEE, 0xD7, 0xDF, 0x02, 0xED, 0x82, 0xE4, 0xBB, 0xEF, 0x04, 0xF0, 0x8F, 0xEF, 0xE0,
    0xF6, 0xC6, 0x8B, 0x56, 0x74, 0x7B, 0x98, 0x9B, 0xC1, 0x7D, 0x66, 0x54, 0x3D, 0x3A, 0x04, 0x3B,
    0x02, 0x3E, 0x84, 0x52, 0x76, 0x56, 0x33, 0x44, 0x04, 0x95, 0x02, 0x96, 0x80, 0x9D, 0x02, 0x9F,
    0x81, 0x9E, 0xB3, 0x02, 0xB8, 0x02, 0xB7, 0x06, 0xAB, 0x81, 0xB3, 0x9F, 0x08, 0xB3, 0x81, 0xB6,
    0xB3, 0x03, 0xC6, 0x80, 0xB3, 0x02, 0xB8, 0x82, 0xAB, 0xB3, 0x8C, 0x07, 0x55, 0x02, 0x57, 0x02,
    0x55, 0x82, 0x5A, 0x55, 0x57, 0x02, 0x55, 0x88, 0x44, 0x36, 0x2E, 0x1C, 0x2A, 0x38, 0x54, 0x56,
    0x5C, 0x02, 0x76, 0x82, 0x8A, 0x96, 0xB2, 0x02, 0xB6, 0x83, 0x98, 0x97, 0x74, 0x75, 0x02, 0x67,
    0x04, 0x56, 0x8A, 0x3C, 0x29, 0x28, 0x2E, 0x36, 0x10, 0x83, 0xA1, 0x20, 0x83, 0x81, 0x02, 0xA1,
    0x81, 0x81, 0x49, 0x02, 0x88, 0x80, 0x33, 0x02, 0x25, 0x02, 0x2E, 0x80, 0x28, 0x03, 0x2E, 0x8C,
    0x25, 0x2E, 0x25, 0x29, 0x28, 0x25, 0x29, 0x36, 0xCF, 0x3E, 0x3B, 0x3E, 0x3B, 0x03, 0x6B, 0x83,
    0x73, 0x9A, 0xC7, 0x6F, 0x02, 0x7C, 0x82, 0x65, 0x64, 0x6F, 0x03, 0x64, 0x87, 0x6C, 0x9A, 0x7C,
    0x92, 0x6C, 0x94, 0xC1, 0x93, 0x04, 0x7C, 0x88, 0x93, 0x9B, 0xB4, 0xCF, 0xFB, 0xED, 0xEE, 0x9D,
    0xA9, 0x03, 0xED, 0x81, 0xF8, 0xDF, 0x03, 0xE4, 0x81, 0xDF, 0xED, 0x03, 0xE4, 0x84, 0xF7, 0xBB,
    0xB7, 0xB8, 0xAB, 0x03, 0x9E, 0x80, 0xA3, 0x03, 0x9E, 0x89, 0xAB, 0xE7, 0xEE, 0xED, 0xE4, 0xEE,
    0xFA, 0xFD, 0xF4, 0xFD, 0x02, 0xFA, 0x82, 0xAC, 0x87, 0x5E, 0x02, 0x85, 0x81, 0x84, 0x85, 0x03,
    0x8F, 0x80, 0x8C, 0x09, 0x85, 0x0C, 0x8C, 0x82, 0x85, 0x8C, 0x87, 0x05, 0x85, 0x80, 0x4A, 0x03,
    0x43, 0x82, 0x4A, 0x46, 0x41, 0x04, 0x43, 0x07, 0x41, 0x81, 0x43, 0x45, 0x02, 0x42, 0x02, 0x41,
    0x02, 0x42, 0x04, 0x41, 0x87, 0x4D, 0x86, 0x85, 0x8F, 0x9D, 0xAB, 0xD5, 0xB7, 0x05, 0xAB, 0x84,
    0xFD, 0xF6, 0xEE, 0xF6, 0xDF, 0x02, 0xED, 0x83, 0xE4, 0xEE, 0xBF, 0xF6, 0x02, 0xF0, 0x06, 0xEF,
    0x8C, 0xED, 0x77, 0x76, 0x97, 0x9B, 0xC1, 0x98, 0x9B, 0x7A, 0x63, 0x56, 0x54, 0x3C, 0x05, 0x3E,
    0x82, 0x52, 0x76, 0x91, 0x02, 0x95, 0x80, 0x97, 0x04, 0x95, 0x04, 0x98, 0x83, 0x95, 0x91, 0x77,
    0x96, 0x02, 0x9D, 0x80, 0x96, 0x04, 0x9D, 0x03, 0xA9, 0x03, 0x9D, 0x05, 0x96, 0x80, 0x98, 0x04,
    0x9F, 0x81, 0xB3, 0xB4, 0x03, 0xB3, 0x87, 0x77, 0x95, 0x9D, 0x27, 0x55, 0x19, 0x44, 0x57, 0x03,
    0x55, 0x86, 0x5A, 0x55, 0x5A, 0x55, 0x45, 0x44, 0x36, 0x02, 0x31, 0x83, 0x44, 0x5B, 0x76, 0x92,
    0x02, 0x8A, 0x07, 0x92, 0x95, 0x95, 0x76, 0x26, 0x22, 0x24, 0x26, 0x1B, 0x26, 0x32, 0x56, 0x74,
    0x30, 0x29, 0x2E, 0x27, 0x83, 0x49, 0xA1, 0x83, 0x0F, 0xA1, 0x81, 0x02, 0x20, 0x02, 0x83, 0x88,
    0xA1, 0x33, 0x25, 0x30, 0x29, 0x25, 0x2E, 0x36, 0x2E, 0x02, 0x25, 0x81, 0x28, 0x25, 0x02, 0x29,
    0x81, 0x3C, 0xC4, 0x04, 0x3B, 0x80, 0x64, 0x02, 0x6B, 0x84, 0x73, 0x94, 0xC3, 0x93, 0x6B, 0x02,
    0x7C, 0x82, 0x6C, 0x64, 0x6F, 0x03, 0x64, 0x86, 0x78, 0x73, 0x7C, 0x92, 0x7C, 0x94, 0xC1, 0x05,
    0x7C, 0x8A, 0x9B, 0xC2, 0xD7, 0xC6, 0xEF, 0xE3, 0xE4, 0x9D, 0xCC, 0xDF, 0xED, 0x02, 0xEE, 0x80,
    0xD7, 0x03, 0xE4, 0x82, 0xD8, 0xEE, 0xED, 0x02, 0xE4, 0x80, 0xF7, 0x02, 0xB7, 0x80, 0xBB, 0x09,
    0x9E, 0x82, 0x8F, 0xAB, 0xE2, 0x02, 0xE4, 0x86, 0xEE, 0xF2, 0xF9, 0xFD, 0xFA, 0xF3, 0x8F, 0x02,
    0x8C, 0x07, 0x85, 0x03, 0x8C, 0x07, 0x85, 0x0E, 0x8C, 0x04, 0x85, 0x80, 0x86, 0x02, 0x46, 0x83,
    0x43, 0x46, 0x4A, 0x46, 0x03, 0x41, 0x02, 0x43, 0x80, 0x46, 0x07, 0x41, 0x82, 0x43, 0x46, 0x45,
    0x02, 0x42, 0x83, 0x41, 0x42, 0x46, 0x41, 0x02, 0x42, 0x02, 0x41, 0x81, 0x43, 0x5E, 0x02, 0x9D,
    0x82, 0xB4, 0xCC, 0xB7, 0x03, 0xAB, 0x86, 0xAC, 0xAB, 0xF9, 0xF6, 0xF8, 0xF6, 0xD7, 0x02, 0xED,
    0x88, 0xDF, 0xE4, 0xF2, 0xE5, 0xF0, 0xF6, 0xEF, 0xF0, 0xEF, 0x02, 0xF0, 0x83, 0xEF, 0xDF, 0xF0,
    0xA0, 0x07, 0x9B, 0x82, 0x7B, 0x6D, 0x56, 0x02, 0x54, 0x02, 0x3C, 0x80, 0x52, 0x03, 0x50, 0x82,
    0x3A, 0x50, 0x66, 0x04, 0x52, 0x85, 0x66, 0x6D, 0x66, 0x59, 0x66, 0x6D, 0x05, 0x59, 0x84, 0x75,
    0x96, 0x9D, 0x9F, 0x98, 0x04, 0x9D, 0x83, 0x9F, 0x98, 0x9D, 0x96, 0x02, 0x9D, 0x81, 0x9F, 0x98,
    0x04, 0x9F, 0x02, 0x9D, 0x81, 0x75, 0x9F, 0x05, 0x55, 0x82, 0x45, 0x55, 0x5A, 0x03, 0x55, 0x83,
    0x5A, 0x55, 0x5A, 0x55, 0x02, 0x44, 0x02, 0x2E, 0x83, 0x33, 0x54, 0x77, 0x95, 0x02, 0x92, 0x02,
    0x8A, 0x07, 0x92, 0x82, 0x8A, 0x26, 0x1B, 0x02, 0x26, 0x83, 0x5B, 0xE0, 0xC6, 0xAA, 0x03, 0x83,
    0x84, 0x40, 0x81, 0x20, 0xA1, 0x19, 0x02, 0xA1, 0x82, 0x11, 0x40, 0x11, 0x03, 0x83, 0x89, 0xA1,
    0x49, 0x29, 0x2E, 0x29, 0x28, 0x2E, 0x36, 0x30, 0x28, 0x03, 0x25, 0x82, 0x36, 0x7B, 0xC2, 0x04,
    0x3B, 0x80, 0x64, 0x02, 0x6B, 0x8A, 0x79, 0x92, 0xC7, 0x9B, 0x7C, 0x6B, 0x7C, 0x6F, 0x6C, 0x64,
    0x6F, 0x03, 0x64, 0x83, 0x92, 0x93, 0x92, 0x6F, 0x02, 0x94, 0x80, 0x93, 0x04, 0x7C, 0x88, 0x79,
    0xC4, 0xCB, 0xFF, 0xC6, 0xD7, 0xE3, 0xAB, 0x9D, 0x02, 0xED, 0x83, 0xE4, 0xF0, 0xD8, 0xD7, 0x04,
    0xE4, 0x84, 0xEE, 0xED, 0xE4, 0xED, 0xF7, 0x02, 0xB7, 0x80, 0xBB, 0x0B, 0x9E, 0x87, 0xAB, 0xB7,
    0xE4, 0xEF, 0xED, 0xEE, 0xFA, 0xB8, 0x04, 0x8C, 0x09, 0x85, 0x02, 0x8C, 0x03, 0x8F, 0x80, 0x8C,
    0x03, 0x85, 0x0D, 0x8C, 0x02, 0x85, 0x83, 0x4D, 0x46, 0x43, 0x41, 0x02, 0x43, 0x03, 0x46, 0x80,
    0x43, 0x02, 0x41, 0x02, 0x43, 0x81, 0x46, 0x43, 0x07, 0x41, 0x80, 0x46, 0x03, 0x42, 0x80, 0x41,
    0x02, 0x42, 0x80, 0x41, 0x02, 0x46, 0x03, 0x41, 0x81, 0x4A, 0x9E, 0x02, 0xA9, 0x83, 0xAB, 0x2C,
    0x45, 0xAC, 0x03, 0xAB, 0x85, 0xFE, 0xF6, 0xF0, 0xE4, 0xF8, 0xE4, 0x04, 0xED, 0x02, 0xF1, 0x81,
    0xF2, 0xF6, 0x04, 0xF0, 0x03, 0xEF, 0x82, 0xDF, 0xD0, 0x9B, 0x02, 0xC1, 0x02, 0x9B, 0x80, 0x97,
    0x02, 0x9B, 0x83, 0x98, 0x7B, 0x6D, 0x56, 0x04, 0x54, 0x03, 0x52, 0x80, 0x66, 0x04, 0x52, 0x03,
    0x66, 0x03, 0x56, 0x81, 0x54, 0x58, 0x03, 0x59, 0x82, 0x3C, 0x9D, 0x33, 0x02, 0x96, 0x81, 0x98,
    0x96, 0x02, 0x9D, 0x81, 0x9F, 0x98, 0x03, 0x9D, 0x80, 0x96, 0x05, 0x9F, 0x80, 0x5A, 0x03, 0x55,
    0x88, 0x1C, 0x55, 0x44, 0x33, 0x54, 0x55, 0x77, 0x9D, 0x77, 0x03, 0x55, 0x84, 0x5A, 0x55, 0x54,
    0x2E, 0x1A, 0x02, 0x1C, 0x84, 0x27, 0x2A, 0x34, 0x76, 0x95, 0x04, 0x92, 0x81, 0x99, 0x92, 0x02,
    0x95, 0x86, 0x8A, 0x92, 0x91, 0x32, 0x1E, 0x40, 0x83, 0x02, 0xA1, 0x04, 0x81, 0x03, 0xA1, 0x80,
    0x48, 0x02, 0x20, 0x85, 0x40, 0x2E, 0x1C, 0x80, 0x49, 0x11, 0x04, 0x83, 0x82, 0x40, 0x29, 0x2E,
    0x02, 0x29, 0x02, 0x36, 0x80, 0x30, 0x02, 0x29, 0x84, 0x2E, 0x3C, 0xC4, 0x97, 0x3E, 0x03, 0x3B,
    0x80, 0x64, 0x02, 0x6B, 0x85, 0x79, 0x92, 0xB2, 0xC1, 0x6B, 0x7C, 0x02, 0x6B, 0x83, 0x6F, 0x65,
    0x64, 0x65, 0x02, 0x64, 0x86, 0x72, 0x73, 0x9B, 0x99, 0x7C, 0x94, 0x9B, 0x05, 0x7C, 0x8B, 0xC1,
    0xCF, 0xED, 0xFF, 0xB1, 0xE0, 0xE4, 0x8F, 0xB3, 0xDF, 0xED, 0xEE, 0x02, 0xD8, 0x05, 0xE4, 0x81,
    0xEE, 0xED, 0x02, 0xE4, 0x80, 0xF4, 0x02, 0xB7, 0x80, 0xB8, 0x0C, 0x9E, 0x02, 0xAB, 0x87, 0xCC,
    0xED, 0xDF, 0xE7, 0xFC, 0x9E, 0x4D, 0x4A, 0x02, 0x46, 0x83, 0x4A, 0x4D, 0x5F, 0x85, 0x02, 0x84,
    0x80, 0x4D, 0x02, 0x4A, 0x81, 0x4D, 0x8C, 0x05, 0x8F, 0x80, 0x8C, 0x02, 0x85, 0x0A, 0x8C, 0x82,
    0x85, 0x5F, 0x46, 0x04, 0x43, 0x05, 0x46, 0x03, 0x41, 0x02, 0x43, 0x81, 0x46, 0x43, 0x07, 0x41,
    0x03, 0x46, 0x80, 0x42, 0x04, 0x41, 0x02, 0x46, 0x03, 0x41, 0x85, 0x46, 0xAB, 0x9E, 0xB3, 0xB8,
    0xBB, 0x05, 0xAB, 0x83, 0xFE, 0xF6, 0xF8, 0xFB, 0x02, 0xE4, 0x80, 0xEE, 0x04, 0xE4, 0x83, 0xE5,
    0xBE, 0xF0, 0xF8, 0x04, 0xF6, 0x04, 0xEF, 0x82, 0xF0, 0x9B, 0x98, 0x0A, 0x9B, 0x02, 0x97, 0x85,
    0x7B, 0x76, 0x63, 0x56, 0x74, 0x56, 0x03, 0x58, 0x03, 0x74, 0x88, 0x38, 0x33, 0x44, 0x34, 0x58,
    0x3C, 0x44, 0x3A, 0x76, 0x02, 0x96, 0x84, 0x9D, 0x98, 0x96, 0x9D, 0x96, 0x02, 0x9F, 0x82, 0x98,
    0x96, 0x9F, 0x02, 0x9D, 0x02, 0x9F, 0x03, 0xB3, 0x80, 0x5A, 0x02, 0x55, 0x85, 0x57, 0x27, 0x19,
    0x44, 0x45, 0x5A, 0x04, 0x55, 0x88, 0x75, 0xB8, 0xD8, 0xCC, 0x95, 0x67, 0x21, 0x14, 0x24, 0x02,
    0x17, 0x8C, 0x1A, 0x21, 0x34, 0x77, 0x95, 0x5B, 0x56, 0x5B, 0x56, 0x96, 0x9F, 0x56, 0x2B, 0x02,
    0x1B, 0x80, 0x83, 0x0A, 0xA1, 0x89, 0x49, 0x42, 0x1E, 0x02, 0x1D, 0x24, 0x30, 0x19, 0x21, 0x2E,
    0x02, 0x21, 0x87, 0x36, 0x30, 0x29, 0x2E, 0x29, 0x2E, 0x29, 0x25, 0x03, 0x36, 0x86, 0x29, 0x2E,
    0x63, 0xCF, 0x53, 0x37, 0x3E, 0x02, 0x3B, 0x80, 0x64, 0x02, 0x6B, 0x83, 0x72, 0x92, 0xC5, 0xC3,
    0x02, 0x6B, 0x83, 0x7C, 0x6B, 0x6C, 0x6F, 0x02, 0x65, 0x03, 0x64, 0x80, 0x99, 0x02, 0x9C, 0x83,
    0x79, 0x93, 0x94, 0x79, 0x03, 0x7C, 0x8D, 0x79, 0x9B, 0xCB, 0xD7, 0xF6, 0xD8, 0x9C, 0xCF, 0xD7,
    0x8F, 0xCC, 0xED, 0xE7, 0xE8, 0x02, 0xD8, 0x05, 0xE4, 0x80, 0xEE, 0x03, 0xE4, 0x80, 0xE8, 0x02,
    0xB7, 0x81, 0xB8, 0xB7, 0x0B, 0x9E, 0x81, 0x8F, 0x9E, 0x02, 0xAB, 0x87, 0xCC, 0xCF, 0xE0, 0xD7,
    0xFC, 0x86, 0x43, 0x46, 0x03, 0x41, 0x81, 0x43, 0x41, 0x03, 0x4A, 0x80, 0x46, 0x02, 0x43, 0x84,
    0x41, 0x46, 0x4D, 0x87, 0x8C, 0x05, 0x85, 0x02, 0x8C, 0x02, 0x85, 0x04, 0x8C, 0x80, 0x4A, 0x05,
    0x43, 0x81, 0x46, 0x4A, 0x04, 0x46, 0x03, 0x41, 0x02, 0x43, 0x81, 0x46, 0x43, 0x07, 0x41, 0x03,
    0x46, 0x80, 0x42, 0x04, 0x41, 0x02, 0x46, 0x03, 0x41, 0x80, 0x42, 0x02, 0x9E, 0x82, 0xB3, 0xB4,
    0xBB, 0x04, 0xAB, 0x81, 0xB7, 0xFC, 0x02, 0xF8, 0x80, 0xFB, 0x02, 0xF0, 0x80, 0xF6, 0x05, 0xE4,
    0x83, 0xE2, 0xB8, 0xD8, 0xF8, 0x03, 0xFB, 0x81, 0xEF, 0xE4, 0x03, 0xEF, 0x81, 0xF0, 0x98, 0x0E,
    0x9B, 0x84, 0x98, 0x7F, 0x97, 0x6D, 0x58, 0x02, 0x52, 0x80, 0x58, 0x03, 0x66, 0x81, 0x58, 0x66,
    0x02, 0x58, 0x84, 0x3A, 0x33, 0x52, 0x59, 0x95, 0x02, 0x96, 0x87, 0x98, 0x9F, 0x96, 0x9F, 0x59,
    0x9F, 0x77, 0x9D, 0x03, 0xA9, 0x03, 0x9F, 0x82, 0xB3, 0xA9, 0x5A, 0x02, 0x55, 0x81, 0x44, 0x27,
    0x04, 0x44, 0x81, 0x27, 0x36, 0x06, 0x44, 0x81, 0x36, 0x29, 0x02, 0x2E, 0x80, 0x3C, 0x02, 0x56,
    0x83, 0x95, 0x9F, 0x97, 0xB3, 0x03, 0xC6, 0x8F, 0xC4, 0xA0, 0x9F, 0x97, 0x95, 0xC4, 0xD0, 0xC8,
    0xC6, 0xD7, 0xB7, 0xAD, 0xAB, 0xB8, 0xCB, 0xC6, 0x02, 0xB3, 0x8A, 0x17, 0x7D, 0x63, 0x1C, 0x27,
    0x09, 0x27, 0x2E, 0x21, 0x1C, 0x0F, 0x02, 0x12, 0x83, 0x29, 0x36, 0x54, 0xB3, 0x02, 0xC8, 0x82,
    0xA0, 0x75, 0x30, 0x02, 0x36, 0x85, 0x29, 0x97, 0xA0, 0x37, 0x3B, 0x37, 0x02, 0x3B, 0x80, 0x64,
    0x02, 0x6B, 0x83, 0x79, 0x92, 0xC5, 0xC1, 0x03, 0x6B, 0x85, 0x7C, 0x65, 0x6C, 0x6F, 0x6C, 0x65,
    0x02, 0x64, 0x87, 0x9A, 0x92, 0xEF, 0xEA, 0x7C, 0x94, 0x9B, 0x6F, 0x03, 0x7C, 0x8F, 0x79, 0xC5,
    0xDF, 0xE3, 0xD7, 0xEF, 0xC7, 0xCF, 0xB4, 0x9D, 0xE4, 0xEE, 0xF4, 0xCC, 0xD8, 0xE7, 0x06, 0xE4,
    0x84, 0xED, 0xE4, 0xDF, 0xE4, 0xB7, 0x02, 0xB8, 0x81, 0xBB, 0xAB, 0x0A, 0x9E, 0x03, 0x8F, 0x02,
    0xAB, 0x87, 0xB3, 0xED, 0xCF, 0xD7, 0xD8, 0xF4, 0x5E, 0x4A, 0x03, 0x46, 0x81, 0x43, 0x46, 0x04,
    0x4A, 0x80, 0x46, 0x05, 0x43, 0x04, 0x46, 0x05, 0x4A, 0x87, 0x4D, 0x5E, 0x87, 0x4D, 0x4A, 0x43,
    0x46, 0x43, 0x05, 0x4A, 0x02, 0x46, 0x80, 0x43, 0x03, 0x41, 0x02, 0x43, 0x81, 0x46, 0x43, 0x07,
    0x41, 0x03, 0x46, 0x80, 0x42, 0x04, 0x41, 0x02, 0x46, 0x03, 0x41, 0x87, 0x46, 0x85, 0x9E, 0xB3,
    0xAB, 0xBB, 0xAB, 0xAC, 0x02, 0xAB, 0x81, 0xB7, 0xFB, 0x02, 0xF8, 0x82, 0xFB, 0xF0, 0xEE, 0x06,
    0xE4, 0x86, 0xD7, 0xD8, 0xBB, 0xF6, 0xF8, 0xF7, 0xFB, 0x02, 0xF0, 0x81, 0xF6, 0xEF, 0x02, 0xE0,
    0x82, 0xEE, 0xC8, 0xC1, 0x02, 0x9B, 0x82, 0x98, 0x97, 0x9B, 0x02, 0x97, 0x84, 0x98, 0x7A, 0x74,
    0x66, 0x56, 0x02, 0x58, 0x80, 0x6D, 0x05, 0x58, 0x02, 0x66, 0x82, 0x59, 0x52, 0x66, 0x02, 0x59,
    0x02, 0x58, 0x81, 0x59, 0x58, 0x03, 0x96, 0x84, 0x98, 0x9F, 0x96, 0x9D, 0x75, 0x02, 0x96, 0x02,
    0x9D, 0x02, 0xA9, 0x02, 0x9F, 0x02, 0xB3, 0x81, 0xA9, 0x55, 0x02, 0x5A, 0x80, 0x57, 0x05, 0x55,
    0x80, 0x45, 0x03, 0x36, 0x84, 0x27, 0x1C, 0x17, 0x1A, 0x1C, 0x03, 0x27, 0x04, 0x1C, 0x82, 0x1E,
    0x27, 0x25, 0x03, 0x27, 0x80, 0x21, 0x02, 0x27, 0x83, 0x29, 0x28, 0x29, 0x25, 0x02, 0x29, 0x81,
    0x21, 0x25, 0x02, 0x23, 0x81, 0x25, 0x29, 0x02, 0x25, 0x88, 0x28, 0x0D, 0x29, 0x25, 0x1A, 0x09,
    0x0D, 0x2E, 0x30, 0x02, 0x2E, 0x84, 0x38, 0xC8, 0xD0, 0xF6, 0x95, 0x04, 0xDF, 0x87, 0xC8, 0xA0,
    0x67, 0x36, 0x32, 0xC4, 0x56, 0x50, 0x03, 0x37, 0x89, 0x3B, 0x61, 0x6B, 0x7C, 0x79, 0x99, 0xC5,
    0xC1, 0x6B, 0x7C, 0x02, 0x6B, 0x84, 0x6F, 0x65, 0x6C, 0x6F, 0x6C, 0x02, 0x64, 0x80, 0x65, 0x02,
    0xF6, 0x85, 0xE4, 0x73, 0x93, 0x94, 0x72, 0x6C, 0x03, 0x7C, 0x81, 0x9B, 0xCF, 0x02, 0xD7, 0x8A,
    0xED, 0xD4, 0xC5, 0xD7, 0x9D, 0xB3, 0xE4, 0xE8, 0xE7, 0xD8, 0xD6, 0x07, 0xE4, 0x03, 0xDF, 0x80,
    0xE4, 0x02, 0xB7, 0x85, 0xB8, 0xBB, 0xB7, 0xAB, 0x9E, 0xA3, 0x04, 0x9E, 0x80, 0xA3, 0x02, 0x9E,
    0x83, 0x90, 0x8F, 0x8C, 0x8F, 0x02, 0xAB, 0x83, 0xB3, 0xDF, 0xD0, 0xCF, 0x02, 0xC6, 0x80, 0xAB,
    0x03, 0x4A, 0x02, 0x46, 0x06, 0x4A, 0x0B, 0x43, 0x80, 0x46, 0x0F, 0x4A, 0x81, 0x46, 0x43, 0x03,
    0x41, 0x81, 0x43, 0x41, 0x02, 0x43, 0x06, 0x41, 0x85, 0x42, 0x46, 0x41, 0x46, 0x41, 0x42, 0x03,
    0x41, 0x81, 0x46, 0x4A, 0x02, 0x41, 0x86, 0x43, 0x46, 0x33, 0x45, 0xA9, 0x9E, 0x8F, 0x02, 0xB7,
    0x02, 0xAB, 0x80, 0xB7, 0x03, 0xFB, 0x83, 0xF8, 0xF6, 0xEE, 0xF0, 0x06, 0xE4, 0x87, 0xD7, 0xE4,
    0xB7, 0xFA, 0xF8, 0xFB, 0xF6, 0xF0, 0x02, 0xFB, 0x03, 0xEF, 0x82, 0xC8, 0xEF, 0xA0, 0x02, 0xC4,
    0x04, 0x98, 0x82, 0x54, 0x56, 0x58, 0x02, 0x56, 0x82, 0x58, 0x56, 0x6D, 0x03, 0x58, 0x81, 0x59,
    0x66, 0x02, 0x76, 0x81, 0x59, 0x52, 0x02, 0x58, 0x80, 0x59, 0x02, 0x58, 0x02, 0x59, 0x80, 0x96,
    0x08, 0x9D, 0x81, 0x77, 0x9D, 0x02, 0x9E, 0x80, 0xA9, 0x02, 0x9F, 0x82, 0xB3, 0x9F, 0xA9, 0x05,
    0x5A, 0x07, 0x55, 0x83, 0x57, 0x55, 0x27, 0x57, 0x03, 0x55, 0x03, 0x5A, 0x05, 0x55, 0x80, 0x44,
    0x03, 0x36, 0x02, 0x2E, 0x80, 0x25, 0x02, 0x29, 0x02, 0x25, 0x80, 0x2E, 0x02, 0x29, 0x02, 0x25,
    0x02, 0x29, 0x80, 0x28, 0x02, 0x25, 0x80, 0x28, 0x02, 0x25, 0x84, 0x0D, 0x2E, 0x62, 0xB3, 0xE0,
    0x02, 0xDF, 0x80, 0xD0, 0x02, 0xDF, 0x8C, 0xC8, 0xF0, 0x5A, 0xEF, 0xDF, 0xED, 0xDF, 0xC8, 0xC4,
    0x75, 0x62, 0xD0, 0x39, 0x03, 0x3B, 0x88, 0x37, 0x3B, 0x64, 0x6C, 0x65, 0x72, 0x9A, 0xC7, 0x94,
    0x04, 0x6B, 0x83, 0x64, 0x79, 0x65, 0x6C, 0x02, 0x6F, 0x02, 0x64, 0x86, 0xB2, 0xCB, 0xF7, 0xB9,
    0x7C, 0x9C, 0x94, 0x02, 0x65, 0x03, 0x7C, 0x82, 0xC3, 0xD8, 0xED, 0x02, 0xDF, 0x89, 0xCF, 0xC2,
    0xCB, 0x9D, 0xCC, 0xE4, 0xF4, 0xD6, 0xD8, 0xD6, 0x02, 0xE4, 0x80, 0xED, 0x04, 0xE4, 0x02, 0xDF,
    0x82, 0xD7, 0xE4, 0xB7, 0x02, 0xB8, 0x82, 0xB7, 0xB8, 0xAB, 0x06, 0x9E, 0x80, 0xA3, 0x03, 0x9E,
    0x03, 0x8F, 0x86, 0x8C, 0x9E, 0xAB, 0x9E, 0xCF, 0xD0, 0xC6, 0x02, 0xC4, 0x83, 0xA3, 0x4A, 0x46,
    0x43, 0x02, 0x46, 0x0A, 0x4A, 0x06, 0x43, 0x80, 0x46, 0x0D, 0x4A, 0x82, 0x4B, 0x4A, 0x46, 0x04,
    0x41, 0x81, 0x43, 0x41, 0x02, 0x43, 0x07, 0x41, 0x02, 0x46, 0x80, 0x42, 0x05, 0x41, 0x02, 0x42,
    0x89, 0x41, 0x46, 0x4A, 0x46, 0x47, 0x5B, 0xA9, 0x9E, 0xAB, 0xB8, 0x03, 0xAB, 0x80, 0xB7, 0x04,
    0xFB, 0x02, 0xF6, 0x02, 0xEE, 0x04, 0xE4, 0x8A, 0xD7, 0xD3, 0xED, 0xEF, 0xAC, 0xFF, 0xFB, 0xF8,
    0xF6, 0xFA, 0xFB, 0x03, 0xF0, 0x89, 0xDF, 0xEF, 0xE4, 0xDF, 0xCF, 0xC4, 0x7B, 0x54, 0x56, 0x58,
    0x02, 0x56, 0x81, 0x63, 0x5B, 0x02, 0x56, 0x82, 0x63, 0x58, 0x56, 0x02, 0x58, 0x80, 0x59, 0x02,
    0x74, 0x03, 0x58, 0x81, 0x5B, 0x74, 0x04, 0x59, 0x81, 0x58, 0x77, 0x02, 0x95, 0x80, 0x96, 0x02,
    0x9D, 0x02, 0x9F, 0x80, 0x8D, 0x03, 0x85, 0x80, 0x8B, 0x04, 0x9F, 0x80, 0xA9, 0x03, 0x5A, 0x02,
    0x55, 0x03, 0x5A, 0x04, 0x55, 0x80, 0x5A, 0x02, 0x55, 0x02, 0x27, 0x84, 0x44, 0x2E, 0x36, 0x27,
    0x2E, 0x02, 0x55, 0x03, 0x5A, 0x80, 0x55, 0x02, 0x27, 0x02, 0x5A, 0x80, 0x57, 0x02, 0x5A, 0x84,
    0x57, 0x2E, 0x21, 0x2E, 0x29, 0x07, 0x25, 0x87, 0x28, 0x36, 0x97, 0x77, 0xEF, 0x77, 0xDF, 0xE0,
    0x02, 0xDF, 0x02, 0xEF, 0x83, 0xF0, 0xEF, 0xE0, 0xEF, 0x02, 0xDF, 0x80, 0xEF, 0x02, 0xDF, 0x80,
    0xC8, 0x02, 0xA0, 0x81, 0xCF, 0x3B, 0x04, 0x37, 0x89, 0x3B, 0x64, 0x6C, 0x65, 0x73, 0xB2, 0xC2,
    0x79, 0x6B, 0x7C, 0x02, 0x6B, 0x84, 0x65, 0x64, 0x6F, 0x65, 0x6C, 0x02, 0x6F, 0x02, 0x64, 0x86,
    0xB9, 0xEF, 0xF4, 0xC3, 0x7C, 0x9C, 0x6C, 0x02, 0x65, 0x02, 0x7C, 0x8F, 0x9B, 0xC6, 0xE4, 0xD7,
    0xDF, 0xD7, 0xB6, 0xC2, 0xB4, 0x9D, 0xED, 0xE8, 0xE7, 0xD6, 0xD8, 0xE7, 0x06, 0xE4, 0x8A, 0xD8,
    0xE3, 0xD7, 0xD4, 0xE4, 0xB8, 0xB7, 0xB8, 0xB7, 0xB8, 0xB7, 0x06, 0x9E, 0x80, 0xA3, 0x03, 0x9E,
    0x85, 0x8F, 0x8C, 0x8F, 0x88, 0x8C, 0xAB, 0x02, 0x9E, 0x81, 0xCF, 0xC6, 0x02, 0xC4, 0x81, 0xC6,
    0x5E, 0x06, 0x46, 0x0A, 0x4A, 0x02, 0x46, 0x03, 0x43, 0x80, 0x46, 0x0D, 0x4A, 0x87, 0x46, 0x43,
    0x41, 0x43, 0x41, 0x43, 0x46, 0x43, 0x02, 0x46, 0x04, 0x41, 0x80, 0x46, 0x02, 0x41, 0x02, 0x46,
    0x02, 0x43, 0x04, 0x41, 0x03, 0x46, 0x03, 0x4A, 0x02, 0x4C, 0x02, 0x9E, 0x81, 0xAB, 0xBB, 0x03,
    0xAB, 0x81, 0xB7, 0xFC, 0x03, 0xF7, 0x03, 0xF6, 0x80, 0xE4, 0x02, 0xEE, 0x02, 0xE4, 0x82, 0xDF,
    0xD7, 0xCC, 0x02, 0xE2, 0x83, 0xBB, 0xFD, 0xF7, 0xFA, 0x02, 0xFB, 0x80, 0xF7, 0x02, 0xEE, 0x82,
    0xED, 0xEF, 0xED, 0x02, 0xEF, 0x88, 0xED, 0xDF, 0xCB, 0x97, 0x66, 0x58, 0x54, 0x56, 0x66, 0x02,
    0x56, 0x81, 0x74, 0x56, 0x03, 0x58, 0x80, 0x44, 0x03, 0x5B, 0x83, 0x59, 0x58, 0x63, 0x6D, 0x03,
    0x59, 0x03, 0x5C, 0x80, 0x59, 0x02, 0x5C, 0x83, 0x59, 0x5C, 0x76, 0x58, 0x02, 0x5C, 0x84, 0x76,
    0x77, 0x95, 0x96, 0x9D, 0x02, 0x9F, 0x80, 0xA9, 0x08, 0x5A, 0x04, 0x55, 0x80, 0x5A, 0x09, 0x55,
    0x81, 0x57, 0x55, 0x04, 0x5A, 0x80, 0x57, 0x02, 0x5A, 0x83, 0x55, 0x44, 0x12, 0x27, 0x02, 0x55,
    0x80, 0x29, 0x02, 0x2E, 0x06, 0x25, 0x02, 0x28, 0x80, 0x62, 0x02, 0x75, 0x80, 0x5A, 0x02, 0x2E,
    0x81, 0x29, 0x23, 0x02, 0x29, 0x83, 0x28, 0x29, 0x30, 0x54, 0x04, 0xEF, 0x86, 0xDF, 0xC4, 0x97,
    0xE0, 0x7B, 0x52, 0x3E, 0x02, 0x3B, 0x8A, 0x37, 0x3B, 0x64, 0x65, 0x6C, 0x73, 0xC5, 0xC1, 0x6F,
    0x6B, 0x7C, 0x02, 0x6B, 0x85, 0x65, 0x64, 0x65, 0x6F, 0x79, 0x6C, 0x02, 0x6F, 0x88, 0x64, 0x73,
    0xD3, 0xF6, 0xFD, 0x7C, 0x9A, 0x93, 0x64, 0x02, 0x65, 0x02, 0x7C, 0x8B, 0xB1, 0xED, 0xE4, 0xED,
    0xD4, 0xD7, 0xB6, 0xC5, 0xA9, 0xB4, 0xEE, 0xF4, 0x03, 0xD6, 0x80, 0xE7, 0x07, 0xE4, 0x80, 0xDF,
    0x02, 0xCF, 0x80, 0xD8, 0x03, 0xB8, 0x03, 0xB7, 0x80, 0xAB, 0x05, 0x9E, 0x80, 0xA3, 0x03, 0x9E,
    0x80, 0x8F, 0x02, 0x8C, 0x82, 0x87, 0x8C, 0x8F, 0x03, 0x9E, 0x81, 0xDF, 0xCB, 0x02, 0xC4, 0x82,
    0xDF, 0x4C, 0x4A, 0x02, 0x46, 0x80, 0x4A, 0x02, 0x41, 0x02, 0x46, 0x02, 0x4A, 0x86, 0x4B, 0x4D,
    0x4C, 0x4B, 0x5E, 0x8B, 0x5E, 0x02, 0x46, 0x02, 0x43, 0x80, 0x41, 0x0B, 0x4A, 0x81, 0x46, 0x43,
    0x02, 0x41, 0x82, 0x43, 0x41, 0x43, 0x02, 0x41, 0x02, 0x46, 0x02, 0x42, 0x89, 0x40, 0x42, 0x46,
    0x43, 0x41, 0x43, 0x46, 0x43, 0x41, 0x43, 0x02, 0x41, 0x87, 0x42, 0x46, 0x4C, 0x4A, 0x4D, 0x4A,
    0x4C, 0x5E, 0x02, 0x4C, 0x82, 0x9E, 0xB7, 0xB8, 0x03, 0xAB, 0x81, 0xB7, 0xFB, 0x04, 0xF7, 0x81,
    0xF6, 0xF7, 0x03, 0xEE, 0x02, 0xE4, 0x81, 0xDF, 0xD7, 0x02, 0xE4, 0x85, 0xB7, 0xE2, 0xF1, 0xAC,
    0xFF, 0xF4, 0x02, 0xFB, 0x02, 0xF6, 0x8A, 0xEE, 0xD8, 0xCC, 0xD5, 0xF2, 0xF6, 0xDF, 0xE3, 0xED,
    0xCF, 0x9B, 0x02, 0x98, 0x86, 0xA0, 0x95, 0x76, 0x74, 0x63, 0x59, 0x5B, 0x02, 0x59, 0x88, 0x2A,
    0x5B, 0x26, 0x5B, 0x59, 0x5C, 0x74, 0x59, 0x5C, 0x02, 0x59, 0x02, 0x5C, 0x80, 0x59, 0x03, 0x5C,
    0x02, 0x76, 0x81, 0x5C, 0x76, 0x02, 0x5C, 0x81, 0x59, 0x66, 0x02, 0x76, 0x84, 0x95, 0x9F, 0xA9,
    0x23, 0x57, 0x06, 0x5A, 0x02, 0x55, 0x02, 0x5A, 0x83, 0x62, 0x5A, 0x55, 0x5A, 0x06, 0x55, 0x02,
    0x33, 0x86, 0x44, 0x55, 0x5E, 0x90, 0x0C, 0x5E, 0x57, 0x03, 0x5A, 0x87, 0x0F, 0x17, 0x1D, 0x27,
    0x29, 0x2E, 0x25, 0x28, 0x03, 0x25, 0x02, 0x29, 0x80, 0x25, 0x02, 0x28, 0x83, 0x29, 0x14, 0x12,
    0x14, 0x02, 0x1A, 0x89, 0x14, 0x16, 0x1C, 0x1A, 0x14, 0x23, 0x36, 0x9F, 0xDF, 0xC8, 0x03, 0xC4,
    0x80, 0x3E, 0x02, 0x52, 0x83, 0x50, 0x3B, 0x37, 0x3B, 0x02, 0x64, 0x84, 0x65, 0x94, 0xC1, 0x93,
    0x6C, 0x03, 0x6B, 0x80, 0x7C, 0x02, 0x65, 0x8E, 0x64, 0x6C, 0x94, 0x6C, 0x6F, 0x79, 0x6F, 0x6C,
    0xB1, 0xF2, 0xF7, 0xF6, 0x79, 0x9B, 0x7C, 0x02, 0x65, 0x85, 0x6C, 0x65, 0xC1, 0xB6, 0xD8, 0xE4,
    0x02, 0xD7, 0x88, 0xDF, 0xC3, 0xB6, 0x9E, 0xD5, 0xF4, 0xE8, 0xD6, 0xD5, 0x02, 0xD8, 0x07, 0xE4,
    0x86, 0xDF, 0xC8, 0xCF, 0xDF, 0xB8, 0xB7, 0xB8, 0x02, 0xB7, 0x81, 0xB4, 0xAB, 0x02, 0x9E, 0x80,
    0xA3, 0x06, 0x9E, 0x80, 0x8F, 0x02, 0x8C, 0x80, 0x87, 0x02, 0x85, 0x04, 0x9E, 0x80, 0xD4, 0x02,
    0xC4, 0x81, 0xC6, 0xBB, 0x02, 0x4A, 0x02, 0x46, 0x80, 0x43, 0x03, 0x41, 0x80, 0x43, 0x02, 0x46,
    0x80, 0x4A, 0x02, 0x4D, 0x82, 0x5E, 0x8C, 0x5E, 0x03, 0x4A, 0x80, 0x46, 0x03, 0x43, 0x07, 0x4A,
    0x82, 0x4D, 0x4A, 0x46, 0x03, 0x41, 0x02, 0x43, 0x85, 0x41, 0x43, 0x41, 0x43, 0x42, 0x44, 0x02,
    0x40, 0x81, 0x42, 0x46, 0x04, 0x43, 0x02, 0x41, 0x80, 0x43, 0x02, 0x46, 0x83, 0x4B, 0x4D, 0x85,
    0x5E, 0x02, 0x4D, 0x84, 0x4A, 0x85, 0x5E, 0x5B, 0x86, 0x02, 0xD6, 0x80, 0xB7, 0x02, 0xAB, 0x80,
    0xB7, 0x07, 0xF7, 0x81, 0xF6, 0xEE, 0x03, 0xE4, 0x04, 0xD7, 0x88, 0xE4, 0xE2, 0xAD, 0xF2, 0xAC,
    0xFE, 0xFF, 0xF2, 0xEE, 0x02, 0xF6, 0x02, 0xF0, 0x88, 0xF6, 0xE4, 0xD5, 0xB8, 0xBA, 0xE2, 0xED,
    0xDF, 0xCF, 0x02, 0xA0, 0x81, 0x98, 0x58, 0x02, 0x63, 0x02, 0x58, 0x02, 0x59, 0x83, 0x5B, 0x77,
    0x5B, 0x59, 0x02, 0x5C, 0x83, 0x5B, 0x44, 0x33, 0x5B, 0x04, 0x5C, 0x80, 0x2A, 0x03, 0x5C, 0x82,
    0x76, 0x5C, 0x76, 0x03, 0x5C, 0x04, 0x76, 0x86, 0x95, 0x9D, 0x27, 0x55, 0x08, 0x5A, 0x57, 0x02,
    0x55, 0x03, 0x5A, 0x85, 0x55, 0x19, 0x44, 0x2A, 0x55, 0x57, 0x05, 0x55, 0x84, 0x45, 0x0F, 0x55,
    0xA2, 0x40, 0x03, 0xA2, 0x88, 0x40, 0x55, 0x5A, 0x57, 0x0F, 0x55, 0x5A, 0x1B, 0x1C, 0x02, 0x2E,
    0x80, 0x25, 0x05, 0x29, 0x02, 0x25, 0x84, 0x29, 0x25, 0x29, 0x25, 0x2E, 0x06, 0x29, 0x88, 0x2E,
    0x29, 0x28, 0x30, 0x54, 0xC6, 0xC4, 0xEC, 0x53, 0x02, 0x50, 0x85, 0x3E, 0x52, 0x50, 0x3B, 0x37,
    0x64, 0x02, 0x65, 0x83, 0x9A, 0x94, 0x79, 0x7C, 0x04, 0x6B, 0x86, 0x7C, 0x6C, 0x65, 0x64, 0x93,
    0x6F, 0x65, 0x03, 0x6F, 0x83, 0x71, 0xB9, 0xF2, 0xF7, 0x02, 0x93, 0x89, 0x79, 0x7C, 0x64, 0x7C,
    0x65, 0x93, 0xC1, 0xE3, 0xEE, 0xE4, 0x02, 0xD7, 0x81, 0xE3, 0xC5, 0x02, 0xB3, 0x81, 0xF2, 0xFA,
    0x03, 0xD6, 0x02, 0xD8, 0x05, 0xE4, 0x85, 0xD8, 0xE4, 0xDF, 0xC8, 0xCF, 0xDF, 0x03, 0xB8, 0x03,
    0xB7, 0x02, 0xAB, 0x81, 0x9E, 0xA3, 0x06, 0x9E, 0x80, 0x90, 0x02, 0x8C, 0x80, 0x87, 0x02, 0x86,
    0x80, 0x85, 0x03, 0x9E, 0x80, 0xB4, 0x03, 0xC4, 0x84, 0xE8, 0x46, 0x43, 0x42, 0x46, 0x06, 0x41,
    0x80, 0x43, 0x02, 0x46, 0x84, 0x4A, 0x4D, 0x5E, 0x4C, 0x4D, 0x02, 0x4A, 0x83, 0x4B, 0x4A, 0x46,
    0x43, 0x06, 0x4A, 0x83, 0x4D, 0x4A, 0x46, 0x43, 0x03, 0x41, 0x02, 0x43, 0x03, 0x41, 0x80, 0x46,
    0x02, 0x45, 0x85, 0x42, 0x43, 0x41, 0x46, 0x43, 0x41, 0x05, 0x43, 0x85, 0x46, 0x4A, 0x4B, 0x4C,
    0x85, 0x5E, 0x03, 0x4D, 0x86, 0x85, 0x75, 0x5E, 0x4C, 0x8F, 0xFA, 0xBB, 0x02, 0xAB, 0x80, 0xB7,
    0x07, 0xF7, 0x02, 0xF6, 0x80, 0xEE, 0x02, 0xE4, 0x04, 0xD7, 0x88, 0xE4, 0xE2, 0xD7, 0xBD, 0xA4,
    0xFA, 0xA4, 0xFF, 0xF7, 0x02, 0xF6, 0x90, 0xF0, 0xF6, 0xFB, 0xF6, 0xEF, 0xED, 0xEE, 0xF6, 0xB7,
    0xA4, 0xBD, 0xE4, 0xC8, 0xC4, 0x74, 0x63, 0x56, 0x02, 0x58, 0x84, 0x59, 0x5B, 0x75, 0x77, 0x74,
    0x02, 0x5C, 0x85, 0x45, 0x34, 0x2C, 0x44, 0x5B, 0x89, 0x03, 0x5C, 0x02, 0x5D, 0x02, 0x5C, 0x82,
    0x76, 0x5C, 0x76, 0x03, 0x5C, 0x04, 0x76, 0x81, 0x75, 0x77, 0x02, 0x67, 0x8D, 0x36, 0x45, 0x0F,
    0x1C, 0x14, 0x67, 0x5A, 0x57, 0x45, 0x25, 0x29, 0x23, 0x21, 0x23, 0x03, 0x21, 0x8C, 0x1C, 0x21,
    0x1C, 0x0E, 0x40, 0xA1, 0x20, 0x40, 0x81, 0x19, 0x1A, 0x0E, 0x1A, 0x02, 0x0F, 0x81, 0x0C, 0x23,
    0x02, 0x0F, 0x83, 0x29, 0x2E, 0x28, 0x12, 0x02, 0x29, 0x81, 0x2E, 0x55, 0x03, 0x67, 0x85, 0x5A,
    0x2E, 0x29, 0x2E, 0x29, 0x2E, 0x05, 0x29, 0x80, 0x28, 0x02, 0x29, 0x92, 0x54, 0xE0, 0x76, 0x37,
    0x3B, 0x50, 0x3E, 0x50, 0x52, 0x50, 0x3B, 0x64, 0x65, 0x6C, 0x99, 0x73, 0x6F, 0x6C, 0x7C, 0x04,
    0x6B, 0x80, 0x6F, 0x02, 0x6C, 0x83, 0x94, 0x79, 0x6F, 0x64, 0x03, 0x6F, 0x85, 0x9A, 0xF2, 0xFC,
    0xFB, 0x6C, 0x79, 0x02, 0x7C, 0x80, 0x64, 0x02, 0x65, 0x83, 0xC3, 0xD4, 0xE4, 0xD7, 0x02, 0xE4,
    0x86, 0xD7, 0xD4, 0xC4, 0x9F, 0xC6, 0xE8, 0xFA, 0x04, 0xD6, 0x80, 0xD8, 0x07, 0xE4, 0x84, 0xDF,
    0xC6, 0xCF, 0xDF, 0xD6, 0x02, 0xB8, 0x03, 0xB7, 0x02, 0xAB, 0x03, 0x9E, 0x81, 0xA3, 0x9E, 0x02,
    0xB8, 0x02, 0x9E, 0x02, 0x8C, 0x84, 0x87, 0x5F, 0x5E, 0x5F, 0x8F, 0x02, 0x9E, 0x80, 0xA9, 0x03,
    0xC4, 0x84, 0xCC, 0x86, 0x41, 0x42, 0x46, 0x09, 0x41, 0x82, 0x43, 0x46, 0x4A, 0x03, 0x4D, 0x80,
    0x4A, 0x02, 0x4D, 0x05, 0x4A, 0x02, 0x46, 0x83, 0x4C, 0x4A, 0x43, 0x46, 0x04, 0x41, 0x81, 0x46,
    0x43, 0x02, 0x41, 0x04, 0x42, 0x82, 0x43, 0x41, 0x43, 0x02, 0x46, 0x80, 0x41, 0x04, 0x43, 0x86,
    0x49, 0x4A, 0x42, 0x40, 0x4A, 0x85, 0x5E, 0x03, 0x4D, 0x03, 0x85, 0x02, 0x8C, 0x87, 0xBB, 0xFC,
    0xB7, 0xAB, 0xB7, 0xFC, 0xFB, 0xF6, 0x06, 0xF7, 0x02, 0xE4, 0x82, 0xEE, 0xE4, 0xDF, 0x02, 0xD7,
    0x80, 0xE4, 0x02, 0xE2, 0x83, 0xE4, 0xE2, 0xBD, 0xAD, 0x02, 0xAE, 0x86, 0xFF, 0xF7, 0xF6, 0xF0,
    0xF6, 0xFC, 0xF7, 0x02, 0xEE, 0x03, 0xEF, 0x86, 0xEE, 0xBA, 0xAD, 0xA3, 0xAB, 0xC6, 0xB3, 0x03,
    0x59, 0x83, 0x63, 0x75, 0x77, 0x74, 0x03, 0x5C, 0x81, 0x75, 0x44, 0x03, 0x5C, 0x04, 0x89, 0x83,
    0x5C, 0x77, 0x76, 0x77, 0x02, 0x5C, 0x80, 0x76, 0x02, 0x89, 0x80, 0x5C, 0x03, 0x76, 0x8A, 0x75,
    0x76, 0x62, 0x57, 0x13, 0x0F, 0x67, 0x57, 0x67, 0x5A, 0x33, 0x02, 0x27, 0x84, 0x28, 0x2A, 0x0A,
    0x1C, 0x23, 0x02, 0x21, 0x86, 0x23, 0x21, 0x27, 0x21, 0x1F, 0x83, 0x20, 0x02, 0xA1, 0x8A, 0x83,
    0x4B, 0x08, 0xA1, 0x81, 0x20, 0x40, 0x12, 0x26, 0x21, 0x26, 0x02, 0x2B, 0x02, 0x29, 0x81, 0x25,
    0x54, 0x02, 0x5A, 0x88, 0x57, 0x5A, 0x67, 0x5A, 0x67, 0x5A, 0x67, 0x5A, 0x2E, 0x06, 0x29, 0x86,
    0x2E, 0x30, 0x56, 0x37, 0x3B, 0x37, 0x3B, 0x02, 0x3E, 0x02, 0x50, 0x86, 0x53, 0x65, 0x64, 0x72,
    0x92, 0x72, 0x65, 0x02, 0x6F, 0x88, 0x7C, 0x6F, 0x7C, 0x6B, 0x64, 0x6F, 0x6C, 0x93, 0x94, 0x02,
    0x6C, 0x80, 0x65, 0x02, 0x6F, 0x86, 0x6C, 0xB2, 0xFC, 0xFD, 0xEF, 0x79, 0x64, 0x03, 0x7C, 0x83,
    0x64, 0x94, 0xB1, 0xE1, 0x04, 0xE4, 0x85, 0xD7, 0xD4, 0xCB, 0xB6, 0xE4, 0xE8, 0x06, 0xD6, 0x82,
    0xD8, 0xE4, 0xDF, 0x02, 0xED, 0x02, 0xE4, 0x80, 0xE0, 0x02, 0xCF, 0x81, 0xDF, 0xD6, 0x02, 0xB8,
    0x03, 0xB7, 0x80, 0xB4, 0x02, 0xAB, 0x03, 0x9E, 0x82, 0xCC, 0xB4, 0xA3, 0x02, 0x9E, 0x82, 0x87,
    0x8C, 0x87, 0x02, 0x86, 0x83, 0x4D, 0x90, 0x8F, 0x9E, 0x04, 0xC4, 0x82, 0xB8, 0xAB, 0x43, 0x02,
    0x46, 0x0B, 0x41, 0x02, 0x46, 0x02, 0x4A, 0x04, 0x4D, 0x03, 0x4A, 0x80, 0x4B, 0x02, 0x4A, 0x83,
    0x4D, 0x46, 0x43, 0x46, 0x04, 0x41, 0x81, 0x43, 0x46, 0x03, 0x41, 0x82, 0x42, 0x46, 0x43, 0x03,
    0x41, 0x81, 0x4A, 0x46, 0x04, 0x43, 0x80, 0x49, 0x05, 0x4A, 0x81, 0x5E, 0x86, 0x03, 0x4D, 0x02,
    0x85, 0x02, 0x8C, 0x02, 0x9E, 0x02, 0xF4, 0x82, 0xAB, 0xB7, 0xFC, 0x03, 0xF6, 0x03, 0xF7, 0x81,
    0xF2, 0xFA, 0x02, 0xEE, 0x80, 0xE4, 0x02, 0xD7, 0x02, 0xE4, 0x81, 0xD7, 0xE4, 0x02, 0xE2, 0x90,
    0xD5, 0xD8, 0xE2, 0xBD, 0xA4, 0xA3, 0xE6, 0xFC, 0xF6, 0xEE, 0xFB, 0xF7, 0xF0, 0xFB, 0xF6, 0xF0,
    0xEE, 0x02, 0xED, 0x8B, 0xE0, 0xD7, 0xDF, 0xCC, 0x88, 0x82, 0xB7, 0xB3, 0x75, 0x5C, 0x77, 0x74,
    0x03, 0x5C, 0x82, 0x75, 0x58, 0x89, 0x06, 0x5C, 0x02, 0x75, 0x81, 0x76, 0x77, 0x02, 0x5C, 0x81,
    0x76, 0x89, 0x02, 0x5C, 0x02, 0x75, 0x02, 0x77, 0x86, 0x76, 0x19, 0x07, 0x00, 0x1A, 0x2E, 0x1F,
    0x02, 0x2E, 0x82, 0x09, 0x0D, 0x25, 0x02, 0x1C, 0x02, 0x25, 0x80, 0x22, 0x03, 0x23, 0x8C, 0x21,
    0x27, 0x1E, 0x1F, 0x80, 0x20, 0x80, 0x20, 0x81, 0x20, 0xA1, 0x20, 0x40, 0x02, 0x83, 0x81, 0x19,
    0x40, 0x02, 0x26, 0x02, 0x2B, 0x84, 0x28, 0x29, 0x36, 0x5A, 0x67, 0x03, 0x5A, 0x80, 0x67, 0x02,
    0x5A, 0x84, 0x67, 0x5A, 0x67, 0x30, 0x28, 0x04, 0x29, 0x02, 0x2E, 0x8D, 0x54, 0x3B, 0x3E, 0x3B,
    0x37, 0x3B, 0x3E, 0x3B, 0x50, 0x53, 0x6F, 0x64, 0x91, 0x72, 0x03, 0x65, 0x80, 0x79, 0x02, 0x7C,
    0x02, 0x6B, 0x9B, 0x65, 0x64, 0x6F, 0x93, 0x9C, 0x91, 0x65, 0x6F, 0x64, 0x6F, 0x6C, 0x91, 0xD3,
    0xF4, 0xFA, 0x93, 0x6C, 0x65, 0x7C, 0x79, 0x65, 0x79, 0x9C, 0xD7, 0xE2, 0xE4, 0xEE, 0xD8, 0x02,
    0xD7, 0x84, 0xD4, 0xE0, 0xEA, 0xE4, 0xFC, 0x04, 0xD6, 0x03, 0xD8, 0x81, 0xE4, 0xDF, 0x02, 0xED,
    0x02, 0xE4, 0x80, 0xD4, 0x03, 0xCF, 0x80, 0xD6, 0x02, 0xB8, 0x02, 0xB7, 0x81, 0xB8, 0xB4, 0x02,
    0xAB, 0x04, 0x9E, 0x81, 0xE4, 0xB9, 0x02, 0x9E, 0x81, 0x87, 0x8C, 0x02, 0x5F, 0x84, 0x8C, 0x9D,
    0xB3, 0xCF, 0xC6, 0x04, 0xC4, 0x83, 0xD7, 0x8F, 0x5E, 0x43, 0x0C, 0x41, 0x03, 0x43, 0x02, 0x4A,
    0x87, 0x4F, 0x86, 0x5F, 0x4D, 0x4B, 0x4A, 0x4C, 0x4A, 0x02, 0x4D, 0x81, 0x46, 0x43, 0x05, 0x41,
    0x81, 0x43, 0x46, 0x02, 0x41, 0x02, 0x46, 0x81, 0x43, 0x41, 0x03, 0x43, 0x81, 0x4A, 0x46, 0x04,
    0x43, 0x80, 0x49, 0x04, 0x4A, 0x84, 0x4B, 0x5E, 0x4C, 0x4B, 0x4C, 0x02, 0x5E, 0x82, 0x85, 0x8C,
    0x8F, 0x02, 0x9E, 0x87, 0xAB, 0xFA, 0xE6, 0xD6, 0xF7, 0xF6, 0xF2, 0xF6, 0x03, 0xF7, 0x86, 0xF6,
    0xF4, 0xEE, 0xF2, 0xEE, 0xE4, 0xD7, 0x02, 0xE4, 0x81, 0xDF, 0xD7, 0x05, 0xE2, 0x02, 0xE4, 0x84,
    0xB4, 0xAE, 0xAC, 0xFC, 0xFF, 0x02, 0xFA, 0x88, 0xE7, 0xF7, 0xFA, 0xF7, 0xF6, 0xEE, 0xED, 0xEF,
    0xDF, 0x02, 0xCF, 0x89, 0xC6, 0xC4, 0xCB, 0xB9, 0xA3, 0x88, 0x90, 0x8F, 0x8B, 0x75, 0x02, 0x76,
    0x80, 0x89, 0x04, 0x5C, 0x03, 0x89, 0x87, 0x5C, 0x77, 0x75, 0x77, 0x75, 0x89, 0x77, 0x89, 0x02,
    0x75, 0x04, 0x77, 0x8F, 0x76, 0x29, 0x0E, 0x17, 0x27, 0x09, 0x1C, 0x29, 0x27, 0x08, 0x06, 0x27,
    0x1A, 0x1C, 0x28, 0x29, 0x02, 0x25, 0x85, 0x23, 0x25, 0x22, 0x25, 0x27, 0x83, 0x02, 0x11, 0x8D,
    0x41, 0x21, 0x20, 0x48, 0x1F, 0x11, 0x20, 0x49, 0xA1, 0x49, 0xA1, 0x49, 0x2A, 0x2D, 0x02, 0x26,
    0x84, 0x29, 0x55, 0x5A, 0x57, 0x67, 0x02, 0x5A, 0x80, 0x67, 0x04, 0x5A, 0x82, 0x67, 0x30, 0x25,
    0x02, 0x2E, 0x83, 0x2B, 0x9F, 0xC4, 0x6D, 0x03, 0x3B, 0x02, 0x37, 0x88, 0x3B, 0x3E, 0x3B, 0x61,
    0x79, 0x6C, 0x91, 0x72, 0x64, 0x02, 0x65, 0x80, 0x6C, 0x03, 0x7C, 0x81, 0x6B, 0x64, 0x02, 0x6C,
    0x97, 0x9B, 0x94, 0xEF, 0x64, 0x65, 0x6F, 0x64, 0x6F, 0x64, 0x99, 0xF6, 0xFA, 0xFF, 0x6F, 0x6B,
    0x64, 0x6C, 0x79, 0x64, 0xC1, 0xC5, 0xE2, 0xE4, 0xE2, 0x02, 0xE4, 0x02, 0xD7, 0x87, 0xCD, 0xE3,
    0xCF, 0xE8, 0xFA, 0xD6, 0xD8, 0xD6, 0x03, 0xD8, 0x84, 0xE7, 0xE4, 0xED, 0xE4, 0xED, 0x02, 0xE4,
    0x03, 0xCF, 0x81, 0xCB, 0xCC, 0x02, 0xB8, 0x80, 0xB7, 0x02, 0xB8, 0x80, 0xB4, 0x02, 0xAB, 0x05,
    0x9E, 0x83, 0xE4, 0xDF, 0xED, 0xD7, 0x02, 0xCF, 0x81, 0xCB, 0xC6, 0x07, 0xC4, 0x81, 0xCF, 0xAB,
    0x02, 0x8C, 0x0E, 0x41, 0x87, 0x43, 0x41, 0x46, 0x4A, 0x4D, 0x4F, 0x88, 0x8C, 0x03, 0x4D, 0x84,
    0x4A, 0x4D, 0x4C, 0x43, 0x46, 0x05, 0x41, 0x02, 0x46, 0x02, 0x41, 0x80, 0x43, 0x02, 0x46, 0x04,
    0x43, 0x02, 0x46, 0x03, 0x43, 0x80, 0x49, 0x09, 0x4A, 0x02, 0x4D, 0x83, 0x5E, 0x86, 0x8C, 0x8F,
    0x02, 0x9E, 0x80, 0xB8, 0x05, 0xF4, 0x81, 0xF7, 0xF6, 0x03, 0xF7, 0x81, 0xF2, 0xF7, 0x02, 0xF2,
    0x82, 0xE8, 0xE4, 0xDF, 0x02, 0xE4, 0x86, 0xDF, 0xE4, 0xD5, 0xE2, 0xD8, 0xE2, 0xD8, 0x04, 0xE2,
    0x86, 0xBA, 0xA3, 0xF1, 0xFF, 0xFE, 0xE8, 0xFC, 0x04, 0xF7, 0x84, 0xF2, 0xF0, 0xE4, 0xDF, 0xD4,
    0x06, 0xC6, 0x8F, 0xCB, 0xC6, 0xB9, 0xBA, 0xA3, 0x88, 0x82, 0x88, 0x90, 0x8F, 0x8B, 0x76, 0x5C,
    0x5D, 0x5C, 0x89, 0x02, 0x77, 0x83, 0x89, 0x75, 0x77, 0x75, 0x02, 0x89, 0x86, 0x77, 0x75, 0x77,
    0x75, 0x5B, 0x29, 0x09, 0x02, 0x29, 0x88, 0x1C, 0x12, 0x27, 0x1C, 0x29, 0x14, 0x25, 0x28, 0x2E,
    0x03, 0x29, 0x03, 0x25, 0x80, 0x23, 0x02, 0x25, 0x02, 0x83, 0x8F, 0x0E, 0x28, 0x23, 0x33, 0x80,
    0x48, 0x40, 0x81, 0x40, 0x20, 0x81, 0x83, 0x40, 0x42, 0x2E, 0x2B, 0x02, 0x29, 0x80, 0x55, 0x05,
    0x5A, 0x80, 0x67, 0x04, 0x5A, 0x94, 0x55, 0x2E, 0x28, 0x2B, 0xC6, 0xC9, 0x9B, 0x61, 0x3E, 0x37,
    0x3E, 0x37, 0x3B, 0x37, 0x3B, 0x3E, 0x61, 0x6F, 0x79, 0x99, 0x73, 0x04, 0x65, 0x02, 0x7C, 0x02,
    0x6F, 0x02, 0x65, 0x84, 0x79, 0xC3, 0x9B, 0xFB, 0x73, 0x02, 0x64, 0x88, 0x6F, 0x64, 0x6F, 0x72,
    0xB9, 0xF7, 0xFB, 0x94, 0x6B, 0x02, 0x65, 0x89, 0x93, 0x7C, 0x94, 0xB1, 0xD7, 0xE2, 0xE4, 0xE2,
    0xD7, 0xE4, 0x02, 0xD7, 0x86, 0xC5, 0xE4, 0xCF, 0xE7, 0xE5, 0xD6, 0xCC, 0x02, 0xD6, 0x02, 0xD8,
    0x81, 0xE7, 0xE4, 0x03, 0xED, 0x02, 0xE4, 0x04, 0xCF, 0x80, 0xCC, 0x02, 0xB8, 0x80, 0xB7, 0x02,
    0xB8, 0x83, 0xB4, 0xB7, 0xAC, 0xAB, 0x02, 0x9E, 0x02, 0xA3, 0x02, 0x9E, 0x81, 0xB8, 0xED, 0x02,
    0xC6, 0x02, 0xC4, 0x02, 0xC6, 0x04, 0xC4, 0x84, 0xCC, 0x9E, 0x8F, 0x8C, 0x4A, 0x09, 0x41, 0x80,
    0x46, 0x06, 0x41, 0x02, 0x43, 0x84, 0x4A, 0x4B, 0x86, 0x8C, 0x88, 0x04, 0x4D, 0x80, 0x4A, 0x02,
    0x43, 0x05, 0x41, 0x02, 0x46, 0x02, 0x41, 0x80, 0x43, 0x02, 0x46, 0x04, 0x43, 0x02, 0x4A, 0x80,
    0x43, 0x03, 0x49, 0x09, 0x4A, 0x03, 0x4D, 0x82, 0x86, 0x8C, 0x8F, 0x02, 0x9E, 0x83, 0xB8, 0xFA,
    0xF4, 0xD6, 0x02, 0xBB, 0x81, 0xF4, 0xFA, 0x03, 0xF7, 0x86, 0xF6, 0xF7, 0xF6, 0xF2, 0xF7, 0xE4,
    0xDF, 0x02, 0xE4, 0x80, 0xDF, 0x02, 0xD8, 0x80, 0xE4, 0x02, 0xE2, 0x81, 0x45, 0xB4, 0x02, 0xE2,
    0x81, 0xD7, 0xE4, 0x02, 0xBD, 0x84, 0xAC, 0xE5, 0xFF, 0xFD, 0xE8, 0x07, 0xF2, 0x82, 0xE4, 0xC8,
    0xCB, 0x04, 0xC6, 0x80, 0xCC, 0x02, 0xC6, 0x82, 0xB5, 0xC6, 0xC8, 0x03, 0xC6, 0x02, 0xB9, 0x81,
    0xB7, 0xA3, 0x03, 0x88, 0x85, 0x9E, 0xA9, 0xA3, 0x9F, 0xA0, 0x98, 0x02, 0x96, 0x05, 0x95, 0x8B,
    0xC8, 0x96, 0x38, 0x25, 0x0D, 0x11, 0x0F, 0x28, 0x17, 0x1C, 0x28, 0x25, 0x02, 0x2E, 0x81, 0x29,
    0x28, 0x04, 0x25, 0x85, 0x29, 0x21, 0x2C, 0x20, 0x23, 0x28, 0x02, 0x25, 0x02, 0x27, 0x85, 0x2A,
    0x1F, 0x33, 0x20, 0x29, 0x25, 0x02, 0x29, 0x02, 0x2E, 0x83, 0x29, 0x2E, 0x36, 0x5A, 0x07, 0x67,
    0x87, 0x5A, 0x36, 0x29, 0x2E, 0x9F, 0xD0, 0xCE, 0x68, 0x02, 0x3B, 0x80, 0x37, 0x03, 0x3B, 0x02,
    0x37, 0x89, 0x3B, 0x61, 0x6C, 0x93, 0x91, 0x72, 0x64, 0x65, 0x64, 0x65, 0x03, 0x7C, 0x92, 0x6B,
    0x65, 0x64, 0x93, 0xC7, 0x93, 0xF0, 0xCF, 0x6C, 0x65, 0x64, 0x6F, 0x64, 0x6F, 0x92, 0xE8, 0xF4,
    0xF6, 0x6F, 0x02, 0x6B, 0x85, 0x65, 0x79, 0x78, 0xC1, 0xCB, 0xD8, 0x03, 0xE4, 0x8A, 0xD8, 0xE4,
    0xD8, 0xD7, 0xB2, 0xE4, 0xD7, 0xE8, 0xE5, 0xD6, 0xCC, 0x02, 0xD6, 0x03, 0xD8, 0x06, 0xE4, 0x80,
    0xC8, 0x03, 0xCF, 0x82, 0xCC, 0xBB, 0xB8, 0x02, 0xB7, 0x02, 0xB8, 0x83, 0xB7, 0xAB, 0xB7, 0xAB,
    0x06, 0x9E, 0x82, 0x4D, 0x5B, 0x9F, 0x02, 0xC4, 0x80, 0xC2, 0x04, 0xC4, 0x85, 0xCC, 0x8C, 0x8F,
    0x8C, 0x86, 0x42, 0x09, 0x41, 0x80, 0x46, 0x07, 0x41, 0x8A, 0x43, 0x46, 0x49, 0x4B, 0x86, 0x90,
    0x5E, 0x4D, 0x5F, 0x4D, 0x46, 0x07, 0x41, 0x80, 0x43, 0x02, 0x46, 0x02, 0x41, 0x02, 0x46, 0x04,
    0x43, 0x81, 0x46, 0x4A, 0x02, 0x43, 0x02, 0x49, 0x08, 0x4A, 0x02, 0x4B, 0x02, 0x4D, 0x85, 0x5F,
    0x86, 0x8C, 0x8F, 0x9E, 0xD6, 0x02, 0xF4, 0x04, 0xB7, 0x80, 0xE8, 0x04, 0xF7, 0x85, 0xEE, 0xF7,
    0xF2, 0xF7, 0xE4, 0xED, 0x02, 0xE4, 0xA1, 0xDF, 0xD8, 0xD7, 0xE2, 0xF2, 0xCC, 0x67, 0x8B, 0xB9,
    0xB8, 0xCB, 0xD7, 0xD5, 0xD8, 0xE2, 0xBD, 0x90, 0xF3, 0xF4, 0xFD, 0xF4, 0xFA, 0xF2, 0xEE, 0xE8,
    0xF2, 0xEE, 0xE4, 0xD7, 0xCF, 0xD0, 0xCB, 0xC6, 0xC8, 0x02, 0xC6, 0x82, 0xB6, 0xC4, 0xC6, 0x07,
    0xB4, 0x85, 0xB5, 0xB9, 0x5B, 0xCB, 0xC6, 0xB4, 0x02, 0xB9, 0x83, 0xAD, 0xA3, 0x90, 0x88, 0x02,
    0x8C, 0x02, 0x88, 0x88, 0xC6, 0xB3, 0xA0, 0xC8, 0xC4, 0x5A, 0xC8, 0x97, 0x56, 0x02, 0x36, 0x82,
    0x44, 0x5A, 0x62, 0x02, 0x67, 0x02, 0x5A, 0x82, 0x57, 0x5A, 0x57, 0x02, 0x5A, 0x84, 0x54, 0x36,
    0x2E, 0x23, 0x29, 0x02, 0x25, 0x93, 0x29, 0x2E, 0x2B, 0x2E, 0x3C, 0x38, 0x56, 0x67, 0x63, 0x74,
    0x62, 0x54, 0x3C, 0x2E, 0x29, 0x36, 0x54, 0x5A, 0x54, 0x36, 0x03, 0x29, 0x83, 0x56, 0xD0, 0xC3,
    0x68, 0x02, 0x3B, 0x04, 0x37, 0x80, 0x3B, 0x02, 0x37, 0x80, 0x3B, 0x02, 0x64, 0x86, 0x93, 0x72,
    0x6F, 0x6C, 0x64, 0x65, 0x6C, 0x02, 0x7C, 0x80, 0x6B, 0x02, 0x6C, 0x86, 0x64, 0x93, 0xC3, 0x9B,
    0xEC, 0xFB, 0x78, 0x02, 0x64, 0x90, 0x65, 0x6C, 0x64, 0x79, 0x96, 0xFA, 0xF6, 0x93, 0x7C, 0x6B,
    0x65, 0x6C, 0x6F, 0xC1, 0xB1, 0xE4, 0xD8, 0x03, 0xE4, 0x81, 0xD7, 0xE4, 0x02, 0xD8, 0x80, 0xB1,
    0x02, 0xD7, 0x83, 0xF4, 0xE5, 0xD6, 0xCC, 0x02, 0xD6, 0x03, 0xD8, 0x04, 0xE4, 0x81, 0xD8, 0xE4,
    0x04, 0xCF, 0x80, 0xB8, 0x02, 0xBB, 0x02, 0xB7, 0x02, 0xB8, 0x04, 0xB7, 0x80, 0xAB, 0x04, 0x9E,
    0x88, 0x46, 0x43, 0x42, 0x33, 0x40, 0x33, 0x47, 0x5D, 0x9D, 0x02, 0x8B, 0x84, 0x8C, 0x8D, 0x8F,
    0x4C, 0x42, 0x0A, 0x41, 0x80, 0x46, 0x06, 0x41, 0x06, 0x43, 0x82, 0x4B, 0xBC, 0x4C, 0x02, 0x4D,
    0x80, 0x46, 0x07, 0x41, 0x80, 0x43, 0x02, 0x46, 0x02, 0x43, 0x02, 0x46, 0x04, 0x43, 0x02, 0x4A,
    0x04, 0x49, 0x0A, 0x4A, 0x02, 0x4D, 0x87, 0x4F, 0x86, 0x8C, 0x8F, 0x9E, 0xCC, 0xF4, 0xF1, 0x03,
    0xB7, 0x81, 0xAB, 0xB7, 0x04, 0xF7, 0x84, 0xEE, 0xF7, 0xF2, 0xF7, 0xEE, 0x03, 0xE4, 0x80, 0xDF,
    0x02, 0xD8, 0x02, 0xE2, 0x84, 0xF2, 0xF7, 0xCC, 0xCB, 0xB9, 0x02, 0xC6, 0x90, 0xB9, 0xC6, 0xD7,
    0xD5, 0xD8, 0xE6, 0xA4, 0xAC, 0xF1, 0xFD, 0xF7, 0xE7, 0xE8, 0xF2, 0xE7, 0xE2, 0xE7, 0x02, 0xE2,
    0x02, 0xD7, 0x85, 0xE4, 0xD8, 0xB8, 0xB9, 0xB4, 0xB3, 0x03, 0xB4, 0x05, 0xB5, 0x85, 0x9E, 0x33,
    0x45, 0x44, 0xB4, 0xB5, 0x02, 0xC6, 0x81, 0xB9, 0xB4, 0x02, 0xC4, 0x82, 0xC6, 0xB6, 0xB2, 0x03,
    0xF0, 0x82, 0xEE, 0x67, 0x54, 0x02, 0x27, 0x84, 0x54, 0x67, 0x75, 0x9F, 0x9D, 0x03, 0xCC, 0x04,
    0xF0, 0x80, 0xF8, 0x04, 0xF0, 0x84, 0xCC, 0xB8, 0xC6, 0xB3, 0x62, 0x02, 0x3C, 0x81, 0x31, 0x2E,
    0x04, 0x29, 0x02, 0x2E, 0x06, 0x29, 0x80, 0x2E, 0x02, 0x29, 0x85, 0x2E, 0x29, 0x54, 0xD0, 0xC1,
    0x61, 0x03, 0x3B, 0x02, 0x37, 0x81, 0x3B, 0x37, 0x04, 0x3B, 0x02, 0x65, 0x81, 0x73, 0x65, 0x02,
    0x6F, 0x02, 0x65, 0x80, 0x64, 0x02, 0x7C, 0x81, 0x6B, 0x65, 0x02, 0x6C, 0x88, 0x93, 0xC7, 0x9B,
    0xC7, 0xFB, 0xB1, 0x6F, 0x65, 0x64, 0x02, 0x65, 0x86, 0x64, 0x91, 0x99, 0xF2, 0xF8, 0x79, 0x7C,
    0x02, 0x65, 0x85, 0x64, 0x93, 0xB1, 0xDF, 0xE2, 0xD7, 0x03, 0xE4, 0x80, 0xD8, 0x03, 0xE4, 0x86,
    0xB6, 0xD4, 0xD7, 0xFD, 0xD6, 0xD5, 0xD8, 0x02, 0xD6, 0x82, 0xD8, 0xCC, 0xE7, 0x04, 0xE4, 0x81,
    0xD7, 0xE4, 0x04, 0xCF, 0x02, 0xB8, 0x82, 0xCC, 0xB8, 0xB7, 0x02, 0xB8, 0x82, 0xB7, 0xAB, 0x9E,
    0x02, 0xB7, 0x02, 0x9E, 0x82, 0x90, 0x4B, 0x46, 0x02, 0x43, 0x82, 0x41, 0x46, 0x40, 0x02, 0x33,
    0x82, 0x44, 0x33, 0x40, 0x03, 0x45, 0x81, 0x42, 0x46, 0x0A, 0x41, 0x80, 0x46, 0x07, 0x41, 0x80,
    0x43, 0x02, 0x46, 0x03, 0x43, 0x86, 0x88, 0xAB, 0x4E, 0x86, 0x4A, 0x41, 0x43, 0x05, 0x41, 0x04,
    0x46, 0x80, 0x43, 0x03, 0x46, 0x03, 0x43, 0x02, 0x4A, 0x04, 0x49, 0x09, 0x4A, 0x02, 0x4B, 0x88,
    0x4D, 0x4F, 0x86, 0x88, 0x8F, 0x9E, 0xD6, 0xF4, 0xBB, 0x02, 0xB7, 0x03, 0xAB, 0x85, 0xBB, 0xFB,
    0xF7, 0xE8, 0xEE, 0xF4, 0x02, 0xF7, 0x84, 0xF2, 0xEE, 0xE2, 0xE4, 0xDF, 0x02, 0xD8, 0x86, 0xE2,
    0xD5, 0xD7, 0xE4, 0xF2, 0xEE, 0xD8, 0x02, 0xC6, 0x83, 0xB5, 0xB4, 0xB5, 0xB4, 0x04, 0xD5, 0x86,
    0xAD, 0x90, 0xA4, 0xE7, 0xFE, 0xFD, 0xE8, 0x05, 0xE2, 0x03, 0xD8, 0x84, 0xE2, 0xD5, 0xCC, 0xBA,
    0xB9, 0x04, 0xB5, 0x02, 0xB4, 0x83, 0xB5, 0xB4, 0xAA, 0xB4, 0x02, 0xB5, 0x02, 0xB4, 0x81, 0xB5,
    0xAA, 0x02, 0xB4, 0x02, 0xB3, 0x02, 0xA0, 0x03, 0xF8, 0x82, 0xB3, 0x9D, 0x95, 0x05, 0x67, 0x81,
    0x5A, 0x67, 0x03, 0x57, 0x81, 0x67, 0x57, 0x06, 0x67, 0x80, 0x57, 0x02, 0x67, 0x85, 0x57, 0x67,
    0x5A, 0x67, 0x5A, 0x36, 0x05, 0x29, 0x02, 0x2E, 0x05, 0x29, 0x80, 0x2E, 0x02, 0x29, 0x84, 0x25,
    0x75, 0xEC, 0xC5, 0x73, 0x03, 0x3B, 0x06, 0x37, 0x83, 0x3B, 0x3E, 0x61, 0x64, 0x02, 0x73, 0x81,
    0x65, 0x64, 0x02, 0x6F, 0x02, 0x6C, 0x02, 0x7C, 0x8C, 0x6B, 0x65, 0x64, 0x6C, 0x93, 0xC7, 0xC3,
    0xEC, 0xC5, 0xF6, 0x72, 0x79, 0x6C, 0x04, 0x65, 0x83, 0x9A, 0x8E, 0xF4, 0x9B, 0x02, 0x7C, 0x80,
    0x64, 0x02, 0x65, 0x85, 0x9C, 0xCB, 0xDF, 0xE2, 0xDF, 0xE4, 0x03, 0xE2, 0x89, 0xD8, 0xE7, 0xD7,
    0xCB, 0xCA, 0xE4, 0xFD, 0xD6, 0xCC, 0xD8, 0x02, 0xD6, 0x84, 0xD5, 0xCC, 0xE7, 0xE4, 0xED, 0x03,
    0xE4, 0x80, 0xCC, 0x03, 0xCF, 0x80, 0xC6, 0x03, 0xCC, 0x02, 0xB7, 0x02, 0xB8, 0x82, 0xB7, 0xAB,
    0xBB, 0x03, 0xB7, 0x86, 0xAB, 0x5E, 0x4A, 0x46, 0x4A, 0x46, 0x43, 0x02, 0x41, 0x82, 0x46, 0x42,
    0x40, 0x03, 0x33, 0x84, 0x44, 0x45, 0x33, 0x40, 0x42, 0x09, 0x41, 0x02, 0x46, 0x05, 0x41, 0x81,
    0x43, 0x41, 0x02, 0x46, 0x04, 0x43, 0x83, 0xAC, 0x86, 0x88, 0x46, 0x07, 0x41, 0x04, 0x46, 0x83,
    0x41, 0x46, 0x4A, 0x46, 0x03, 0x43, 0x02, 0x4A, 0x05, 0x49, 0x07, 0x4A, 0x80, 0x4C, 0x02, 0x4B,
    0x02, 0x4F, 0x83, 0x86, 0x88, 0x8C, 0x9E, 0x02, 0xE8, 0x02, 0xB7, 0x80, 0xAC, 0x02, 0xAB, 0x85,
    0xAC, 0x47, 0xEE, 0xF7, 0xE8, 0xF6, 0x02, 0xF4, 0x80, 0xF7, 0x02, 0xF2, 0x82, 0xE2, 0xE4, 0xDF,
    0x02, 0xD8, 0x02, 0xE2, 0x81, 0xD5, 0xDF, 0x03, 0xD4, 0x83, 0xCF, 0xD3, 0xB9, 0xB4, 0x04, 0xB5,
    0x02, 0xBA, 0x8C, 0xD5, 0xD3, 0xB9, 0xB7, 0x82, 0x90, 0xB7, 0xF9, 0xFD, 0xD6, 0xBC, 0xE2, 0xD5,
    0x02, 0xE2, 0x05, 0xD5, 0x80, 0xBD, 0x02, 0xBA, 0x81, 0xB9, 0xAD, 0x03, 0xAA, 0x81, 0xB5, 0xB4,
    0x03, 0xB5, 0x02, 0xB4, 0x02, 0xB5, 0x8C, 0xB4, 0xB3, 0xC6, 0xC4, 0xB6, 0xF8, 0xD8, 0xB8, 0xB3,
    0x9F, 0x95, 0x67, 0x5A, 0x02, 0x67, 0x03, 0x5A, 0x06, 0x67, 0x83, 0x5A, 0x67, 0x5A, 0x67, 0x02,
    0x5A, 0x03, 0x67, 0x80, 0x5A, 0x04, 0x67, 0x81, 0x5A, 0x36, 0x03, 0x29, 0x02, 0x2E, 0x05, 0x29,
    0x81, 0x3C, 0x95, 0x02, 0xDD, 0x80, 0x9B, 0x08, 0x3B, 0x03, 0x37, 0x8B, 0x3B, 0x37, 0x61, 0x6C,
    0x92, 0x72, 0x64, 0x65, 0x64, 0x6F, 0x6C, 0x6F, 0x02, 0x7C, 0x84, 0x6B, 0x65, 0x64, 0x65, 0x79,
    0x02, 0xC7, 0x83, 0xEC, 0xEA, 0xFC, 0x79, 0x02, 0x6F, 0x80, 0x6C, 0x04, 0x65, 0x82, 0x99, 0xAA,
    0xF8, 0x03, 0x7C, 0x83, 0x64, 0x65, 0x94, 0xB1, 0x02, 0xD7, 0x02, 0xE4, 0x8D, 0xEE, 0xE2, 0xE4,
    0xE2, 0xD8, 0xE7, 0xD3, 0xD7, 0xD1, 0xD7, 0xFD, 0xD6, 0xCC, 0xD8, 0x02, 0xD6, 0x82, 0xD5, 0xCC,
    0xE7, 0x04, 0xE4, 0x82, 0xD8, 0x9E, 0xCB, 0x02, 0xCF, 0x83, 0xC6, 0xCC, 0xE7, 0xCC, 0x04, 0xB8,
    0x06, 0xB7, 0x81, 0x9E, 0x4D, 0x02, 0x4A, 0x02, 0x46, 0x84, 0x43, 0x42, 0x41, 0x42, 0x40, 0x02,
    0x41, 0x02, 0x42, 0x85, 0x45, 0x44, 0x40, 0x33, 0x40, 0x43, 0x08, 0x41, 0x02, 0x46, 0x02, 0x41,
    0x04, 0x43, 0x82, 0x41, 0x43, 0x46, 0x04, 0x43, 0x83, 0x49, 0xBF, 0x9E, 0x4B, 0x07, 0x41, 0x81,
    0x46, 0x41, 0x02, 0x46, 0x80, 0x41, 0x02, 0x46, 0x80, 0x4A, 0x03, 0x43, 0x02, 0x4A, 0x05, 0x49,
    0x07, 0x4A, 0x82, 0x85, 0x4C, 0x4D, 0x02, 0x4F, 0x02, 0x86, 0x86, 0x8F, 0x9E, 0xE8, 0xD6, 0xAB,
    0xAC, 0xB7, 0x02, 0xAB, 0x85, 0x9E, 0x4C, 0xB8, 0xF2, 0xF7, 0xF6, 0x02, 0xF4, 0x80, 0xF7, 0x02,
    0xF2, 0x82, 0xEE, 0xE4, 0xDF, 0x02, 0xD8, 0x02, 0xE2, 0x80, 0xD5, 0x02, 0xD7, 0x81, 0xD3, 0xD7,
    0x03, 0xCF, 0x81, 0xD7, 0xB9, 0x02, 0xBA, 0x80, 0xB4, 0x02, 0xB5, 0x02, 0xB9, 0x81, 0xB4, 0xB5,
    0x02, 0xB4, 0x86, 0xAA, 0x83, 0x88, 0xAB, 0xBB, 0xF4, 0xD6, 0x02, 0xD5, 0x02, 0xBD, 0x80, 0xD5,
    0x02, 0xBB, 0x80, 0xBD, 0x03, 0xBB, 0x80, 0xBD, 0x02, 0xBB, 0x02, 0xAD, 0x84, 0xB9, 0xAA, 0xAD,
    0xAA, 0xB4, 0x04, 0xB5, 0x02, 0xB4, 0x02, 0xB3, 0x82, 0xD8, 0xCC, 0xB3, 0x02, 0x9F, 0x82, 0x95,
    0x67, 0x5A, 0x02, 0x67, 0x04, 0x5A, 0x03, 0x67, 0x81, 0x5A, 0x67, 0x03, 0x5A, 0x80, 0x67, 0x02,
    0x5A, 0x80, 0x67, 0x03, 0x5A, 0x04, 0x67, 0x02, 0x5A, 0x8C, 0x2E, 0x28, 0x2E, 0x36, 0x29, 0x2F,
    0x6D, 0xC8, 0xC5, 0xC7, 0xC2, 0x73, 0x37, 0x02, 0x3B, 0x02, 0x37, 0x83, 0x3B, 0x35, 0x3B, 0x37,
    0x02, 0x3B, 0x81, 0x37, 0x3A, 0x02, 0x3B, 0x83, 0x65, 0x70, 0x9A, 0x6C, 0x04, 0x65, 0x02, 0x6F,
    0x02, 0x7C, 0x80, 0x6B, 0x02, 0x65, 0x8D, 0x64, 0x79, 0xC7, 0xC3, 0xEC, 0xFB, 0xFC, 0xC6, 0x65,
    0x79, 0x6F, 0x6C, 0x65, 0x64, 0x02, 0x65, 0x82, 0x9A, 0xD3, 0x93, 0x03, 0x7C, 0x82, 0x6F, 0x6C,
    0xB1, 0x02, 0xD7, 0x02, 0xE4, 0x8D, 0xD7, 0xFA, 0xE8, 0xE2, 0xD8, 0xEE, 0xD8, 0xB6, 0xE3, 0xB2,
    0xE2, 0xF4, 0xD6, 0xCC, 0x05, 0xD6, 0x80, 0xE7, 0x05, 0xE4, 0x80, 0xD5, 0x02, 0xCF, 0x80, 0xC6,
    0x02, 0xC8, 0x82, 0xE8, 0xE5, 0xBB, 0x03, 0xB8, 0x04, 0xB7, 0x8A, 0xB8, 0xB7, 0x9E, 0x5F, 0x4D,
    0x5E, 0x4C, 0x4A, 0x46, 0x41, 0x46, 0x05, 0x41, 0x04, 0x42, 0x83, 0x40, 0x33, 0x42, 0x43, 0x02,
    0x41, 0x02, 0x43, 0x80, 0x41, 0x02, 0x43, 0x81, 0x4A, 0x46, 0x02, 0x43, 0x80, 0x46, 0x04, 0x43,
    0x02, 0x46, 0x05, 0x43, 0x82, 0x4F, 0xF3, 0x88, 0x07, 0x41, 0x81, 0x46, 0x41, 0x02, 0x46, 0x02,
    0x43, 0x82, 0x46, 0x4A, 0x43, 0x0A, 0x49, 0x05, 0x4A, 0x80, 0x4B, 0x02, 0x5E, 0x02, 0x4F, 0x86,
    0x86, 0x8C, 0x88, 0x8C, 0x9E, 0xE5, 0xBB, 0x04, 0xAB, 0x81, 0x8F, 0x9E, 0x02, 0xAB, 0x80, 0xE7,
    0x02, 0xF6, 0x89, 0xFA, 0xF2, 0xF4, 0xE8, 0xF4, 0xE7, 0xE4, 0xD8, 0xE4, 0xD8, 0x02, 0xE2, 0x81,
    0xD5, 0xCC, 0x04, 0xCF, 0x02, 0xCB, 0x85, 0xC6, 0xCB, 0xD3, 0xB9, 0xB4, 0xB5, 0x04, 0xAA, 0x80,
    0xB5, 0x03, 0xAA, 0x88, 0xB5, 0xB3, 0xAD, 0x49, 0x83, 0xB7, 0xE2, 0xD6, 0xAE, 0x02, 0xBD, 0x85,
    0xBB, 0xAF, 0xAE, 0xA2, 0xA4, 0xA7, 0x05, 0xAE, 0x81, 0xBB, 0xAE, 0x02, 0xBD, 0x81, 0xD5, 0xBA,
    0x02, 0xB7, 0x80, 0xB5, 0x02, 0xB4, 0x02, 0xB3, 0x87, 0xCC, 0xB8, 0xB3, 0x9F, 0x95, 0x77, 0x67,
    0x5A, 0x03, 0x67, 0x02, 0x5A, 0x04, 0x67, 0x81, 0x5A, 0x67, 0x03, 0x5A, 0x80, 0x67, 0x02, 0x5A,
    0x80, 0x67, 0x03, 0x5A, 0x04, 0x67, 0x84, 0x5A, 0x54, 0x36, 0x63, 0x97, 0x02, 0xC4, 0x82, 0xC2,
    0x94, 0x61, 0x03, 0x3B, 0x02, 0x37, 0x80, 0x3E, 0x02, 0x3B, 0x82, 0x3C, 0x12, 0x18, 0x02, 0x2D,
    0x80, 0x3E, 0x03, 0x3B, 0x83, 0x64, 0x65, 0x91, 0x99, 0x02, 0x6C, 0x04, 0x65, 0x03, 0x7C, 0x80,
    0x6F, 0x03, 0x65, 0x80, 0x79, 0x02, 0xC7, 0x85, 0xEC, 0xFB, 0xFC, 0xFB, 0x6C, 0x65, 0x02, 0x6F,
    0x80, 0x6C, 0x02, 0x65, 0x84, 0x6C, 0x72, 0x99, 0xC3, 0x6C, 0x03, 0x7C, 0x84, 0x79, 0x94, 0xCB,
    0xD5, 0xD7, 0x03, 0xE4, 0x8C, 0xFD, 0xFA, 0xE7, 0xD8, 0xE2, 0xD8, 0xB1, 0xE1, 0xB2, 0xE7, 0xF3,
    0xD6, 0xD5, 0x05, 0xD6, 0x80, 0xE7, 0x05, 0xE4, 0x80, 0xD7, 0x02, 0xCF, 0x84, 0xC6, 0xC8, 0xCF,
    0xE5, 0xE8, 0x04, 0xB8, 0x05, 0xB7, 0x82, 0xB8, 0x8F, 0x8C, 0x02, 0x85, 0x85, 0x84, 0x4B, 0x4A,
    0x46, 0x47, 0x42, 0x06, 0x41, 0x80, 0x40, 0x02, 0x42, 0x82, 0x44, 0x40, 0x42, 0x04, 0x43, 0x80,
    0x41, 0x02, 0x46, 0x81, 0x4A, 0x46, 0x02, 0x43, 0x02, 0x46, 0x03, 0x43, 0x02, 0x46, 0x05, 0x43,
    0x80, 0x49, 0x02, 0x88, 0x80, 0x43, 0x06, 0x41, 0x83, 0x46, 0x41, 0x4A, 0x46, 0x02, 0x43, 0x81,
    0x46, 0x4A, 0x0C, 0x49, 0x02, 0x4A, 0x03, 0x4B, 0x02, 0x5E, 0x02, 0x4F, 0x85, 0x86, 0x8C, 0x88,
    0x8F, 0x9E, 0xE7, 0x07, 0xAB, 0x8B, 0xAC, 0xAB, 0xB8, 0xE7, 0xA9, 0xF4, 0xF2, 0xF4, 0xF2, 0xF7,
    0xE7, 0xE4, 0x02, 0xD8, 0x04, 0xE2, 0x80, 0xD5, 0x03, 0xD7, 0x03, 0xCB, 0x80, 0xC6, 0x05, 0xCB,
    0x80, 0xB5, 0x0C, 0xAA, 0x8E, 0xAB, 0x88, 0xA4, 0xBF, 0xAE, 0xBB, 0xAE, 0xA7, 0xA5, 0xA1, 0x83,
    0xA5, 0xA7, 0xAE, 0xAF, 0x02, 0xAE, 0x80, 0xBB, 0x02, 0xAE, 0x80, 0xBD, 0x02, 0xBB, 0x03, 0xBD,
    0x89, 0xD5, 0xE2, 0xD7, 0xD5, 0xCC, 0xB3, 0x9F, 0x96, 0x77, 0x67, 0x02, 0x5A, 0x02, 0x67, 0x80,
    0x5A, 0x03, 0x57, 0x02, 0x67, 0x80, 0x57, 0x03, 0x67, 0x04, 0x5A, 0x02, 0x67, 0x02, 0x95, 0x80,
    0xB3, 0x02, 0xC6, 0x02, 0xDF, 0x86, 0xD4, 0xCF, 0xC3, 0xC7, 0xC3, 0x73, 0x50, 0x03, 0x3B, 0x06,
    0x37, 0x80, 0x2D, 0x02, 0x0F, 0x84, 0x15, 0x0D, 0x34, 0x3A, 0x3E, 0x02, 0x3B, 0x8A, 0x64, 0x6C,
    0x92, 0x91, 0x65, 0x6C, 0x64, 0x6C, 0x65, 0x6C, 0x6B, 0x03, 0x7C, 0x83, 0x6C, 0x64, 0x6C, 0x79,
    0x02, 0xC7, 0x89, 0xDD, 0xFC, 0xFB, 0xFC, 0x9A, 0x6C, 0x64, 0x6F, 0x78, 0x6C, 0x02, 0x65, 0x86,
    0x6C, 0x72, 0x99, 0x79, 0x6B, 0x7C, 0x79, 0x02, 0x93, 0x89, 0xC9, 0xE1, 0xD7, 0xED, 0xD7, 0xE4,
    0xF2, 0xFA, 0xFD, 0xE2, 0x03, 0xD8, 0x87, 0xB1, 0xE1, 0x9F, 0xE7, 0xF1, 0xBE, 0xD6, 0xD8, 0x05,
    0xD6, 0x04, 0xE4, 0x81, 0xED, 0xD7, 0x02, 0xCF, 0x80, 0xC8, 0x02, 0xC6, 0x85, 0xD6, 0xF7, 0xBB,
    0xB8, 0xCC, 0xB8, 0x02, 0xB7, 0x81, 0xB8, 0xB7, 0x02, 0xB8, 0x05, 0x8C, 0x84, 0x86, 0x4D, 0x4A,
    0x4C, 0x46, 0x0A, 0x41, 0x83, 0x42, 0x45, 0x42, 0x46, 0x03, 0x43, 0x83, 0x4A, 0x46, 0x4A, 0x46,
    0x02, 0x43, 0x81, 0x46, 0x4A, 0x03, 0x43, 0x83, 0x46, 0x4A, 0x43, 0x46, 0x04, 0x43, 0x83, 0x49,
    0x88, 0x49, 0x46, 0x05, 0x41, 0x85, 0x46, 0x43, 0x4A, 0x46, 0x41, 0x43, 0x02, 0x4A, 0x0A, 0x49,
    0x80, 0x4B, 0x02, 0x49, 0x03, 0x4B, 0x82, 0x4F, 0x5F, 0x85, 0x02, 0x4F, 0x81, 0x82, 0x8C, 0x02,
    0x8F, 0x81, 0xBB, 0xE7, 0x05, 0xAB, 0x86, 0x47, 0x11, 0xA3, 0xAC, 0xAB, 0xEE, 0xCC, 0x02, 0xF4,
    0x87, 0xF2, 0xE8, 0xF7, 0xE8, 0xEE, 0xD8, 0xD7, 0xD8, 0x03, 0xE2, 0x81, 0xD5, 0xE4, 0x02, 0xE8,
    0x87, 0xD8, 0xCC, 0xCF, 0xC6, 0xCF, 0xCB, 0xC6, 0xB4, 0x02, 0xC6, 0x02, 0xB9, 0x0C, 0xAA, 0x97,
    0xA3, 0xA2, 0x83, 0xAC, 0xA7, 0xA1, 0x80, 0x48, 0x80, 0xA1, 0xA5, 0xA7, 0xAE, 0xAF, 0xA7, 0xAD,
    0xAE, 0xAF, 0xBB, 0xB8, 0xBB, 0xAF, 0xBB, 0xBD, 0x04, 0xD5, 0x83, 0xB3, 0x9F, 0x95, 0x77, 0x02,
    0x67, 0x02, 0x5A, 0x02, 0x67, 0x81, 0x75, 0x77, 0x02, 0x95, 0x82, 0x97, 0x9F, 0xB3, 0x02, 0xC6,
    0x02, 0xDF, 0x82, 0xCF, 0xCA, 0xC5, 0x02, 0xC3, 0x82, 0xC2, 0xC3, 0xC5, 0x02, 0xC3, 0x83, 0xC7,
    0xB1, 0x94, 0x52, 0x02, 0x37, 0x83, 0x3B, 0x3E, 0x3B, 0x37, 0x02, 0x3B, 0x81, 0x37, 0x3B, 0x03,
    0x37, 0x81, 0x2D, 0x3C, 0x03, 0x37, 0x81, 0x3B, 0x3E, 0x02, 0x3B, 0x87, 0x61, 0x64, 0x73, 0x99,
    0x70, 0x64, 0x65, 0x6C, 0x02, 0x64, 0x02, 0x6B, 0x02, 0x7C, 0x84, 0x6B, 0x6F, 0x6C, 0x64, 0x93,
    0x02, 0xC7, 0x80, 0xDD, 0x03, 0xFC, 0x8C, 0xFB, 0x6C, 0x6F, 0x64, 0x6F, 0x79, 0x72, 0x65, 0x64,
    0x6C, 0x72, 0x9C, 0x65, 0x02, 0x7C, 0x02, 0x93, 0x80, 0x9C, 0x02, 0xE1, 0x84, 0xE4, 0xED, 0xD8,
    0xE4, 0xF7, 0x02, 0xFA, 0x86, 0xE2, 0xE3, 0xE4, 0xE1, 0xC5, 0xE2, 0xB6, 0x02, 0xE5, 0x82, 0xBC,
    0xD6, 0xD8, 0x05, 0xD6, 0x04, 0xE4, 0x84, 0xD7, 0xE3, 0xCB, 0xCF, 0xC8, 0x02, 0xC6, 0x82, 0xE7,
    0xF4, 0xF3, 0x04, 0xB8, 0x80, 0xB7, 0x04, 0xB8, 0x80, 0x8F, 0x05, 0x8C, 0x02, 0x5E, 0x82, 0x85,
    0x4A, 0x46, 0x09, 0x41, 0x82, 0x43, 0x4A, 0x42, 0x04, 0x43, 0x03, 0x4A, 0x80, 0x46, 0x02, 0x43,
    0x02, 0x4A, 0x03, 0x43, 0x83, 0x46, 0x4A, 0x43, 0x46, 0x05, 0x43, 0x81, 0x41, 0x49, 0x05, 0x41,
    0x88, 0x43, 0x46, 0x43, 0x4A, 0x46, 0x43, 0x49, 0x4A, 0x4B, 0x08, 0x49, 0x03, 0x4B, 0x02, 0x49,
    0x03, 0x4B, 0x80, 0x4F, 0x02, 0x86, 0x82, 0x4F, 0x82, 0x88, 0x03, 0x9E, 0x84, 0xF3, 0xE8, 0x9E,
    0xA3, 0xAB, 0x02, 0xA3, 0x81, 0xA4, 0x8F, 0x02, 0xA4, 0x84, 0xAC, 0xB8, 0xEE, 0xF7, 0xF4, 0x04,
    0xF2, 0x84, 0xE7, 0xE2, 0xE4, 0xD8, 0xE2, 0x02, 0xE7, 0x83, 0xE2, 0xD5, 0xF2, 0xE8, 0x02, 0xE7,
    0x89, 0xF1, 0xD5, 0xCB, 0xB4, 0xC6, 0xB4, 0xCB, 0xC6, 0xCB, 0xB4, 0x02, 0xB9, 0x03, 0xAA, 0x09,
    0xA3, 0x83, 0xA4, 0xA6, 0xA1, 0x80, 0x02, 0x48, 0x81, 0x80, 0xA1, 0x02, 0xA5, 0x81, 0xA1, 0xA5,
    0x02, 0xA7, 0x02, 0xA6, 0x80, 0xA7, 0x02, 0xAF, 0x81, 0xBC, 0xAF, 0x03, 0xBD, 0x02, 0xD5, 0x02,
    0x9F, 0x02, 0xDF, 0x89, 0xED, 0xDF, 0xE3, 0xD4, 0xE0, 0xD4, 0xCF, 0xC7, 0x9B, 0x94, 0x02, 0x9B,
    0x02, 0x94, 0x02, 0xC1, 0x83, 0x9B, 0x73, 0x71, 0x61, 0x02, 0x53, 0x81, 0x50, 0x3E, 0x05, 0x3B,
    0x83, 0x37, 0x32, 0x14, 0x2D, 0x06, 0x3B, 0x05, 0x37, 0x82, 0x3B, 0x3E, 0x37, 0x05, 0x3B, 0x83,
    0x64, 0x73, 0x99, 0x73, 0x05, 0x6C, 0x05, 0x6B, 0x84, 0x6F, 0x6C, 0x6F, 0x6C, 0xC1, 0x02, 0xC3,
    0x80, 0xD0, 0x02, 0xFC, 0x8E, 0xF6, 0xFB, 0x6C, 0x6F, 0x6C, 0x64, 0x6F, 0x93, 0x6C, 0x65, 0x64,
    0x6C, 0x72, 0x79, 0x6B, 0x02, 0x7C, 0x81, 0x93, 0x9B, 0x03, 0xE1, 0x89, 0xE4, 0xD8, 0xED, 0xF2,
    0xF7, 0xFA, 0xF9, 0xE2, 0xE4, 0xE7, 0x02, 0xB6, 0x84, 0xE3, 0xD3, 0xE2, 0xD6, 0xBC, 0x07, 0xD6,
    0x04, 0xE4, 0x83, 0xCF, 0xE4, 0xD4, 0xCF, 0x02, 0xC6, 0x81, 0xCF, 0xEE, 0x02, 0xF4, 0x82, 0xBB,
    0xB8, 0xCC, 0x06, 0xB8, 0x80, 0x96, 0x04, 0x8F, 0x83, 0x8C, 0x85, 0x5E, 0x85, 0x02, 0x4A, 0x81,
    0x46, 0x43, 0x06, 0x41, 0x02, 0x43, 0x02, 0x46, 0x80, 0x41, 0x03, 0x43, 0x03, 0x4A, 0x80, 0x46,
    0x03, 0x43, 0x81, 0x4A, 0x49, 0x02, 0x43, 0x83, 0x46, 0x4A, 0x43, 0x4A, 0x05, 0x43, 0x8C, 0x49,
    0x88, 0x41, 0x43, 0x41, 0x40, 0x41, 0x43, 0x46, 0x43, 0x4A, 0x46, 0x43, 0x02, 0x49, 0x80, 0x4B,
    0x05, 0x49, 0x83, 0x4B, 0x49, 0x4B, 0x49, 0x02, 0x4B, 0x80, 0x49, 0x03, 0x4B, 0x02, 0x4F, 0x03,
    0x86, 0x87, 0x88, 0x9E, 0xB3, 0xAB, 0xD6, 0xF3, 0xD6, 0x8F, 0x05, 0xA3, 0x85, 0x88, 0xA4, 0xA3,
    0xAC, 0xAB, 0xE8, 0x02, 0xF7, 0x87, 0xF6, 0xFC, 0xB3, 0xF2, 0xE7, 0xEE, 0xE4, 0xD8, 0x02, 0xE2,
    0x85, 0xE7, 0xD6, 0xBB, 0xF2, 0xD3, 0xC6, 0x02, 0xB4, 0x02, 0xB9, 0x84, 0xAA, 0xD5, 0xE2, 0xD5,
    0xBA, 0x02, 0xB9, 0x81, 0xB5, 0xB4, 0x02, 0xAD, 0x80, 0xAA, 0x04, 0xA3, 0x80, 0xA4, 0x02, 0xA3,
    0x80, 0xA4, 0x02, 0xA2, 0x83, 0xA5, 0x83, 0x40, 0x80, 0x02, 0x81, 0x02, 0xA1, 0x80, 0x81, 0x03,
    0xA1, 0x81, 0x83, 0x81, 0x02, 0xA1, 0x02, 0x81, 0x82, 0xA1, 0xA5, 0xAF, 0x03, 0xBD, 0x82, 0xD5,
    0x76, 0x91, 0x05, 0x76, 0x82, 0x91, 0x97, 0xA0, 0x02, 0xC4, 0x84, 0xA0, 0x7B, 0x91, 0x66, 0x3E,
    0x02, 0x3B, 0x80, 0x37, 0x03, 0x3B, 0x80, 0x37, 0x02, 0x3B, 0x03, 0x37, 0x04, 0x3B, 0x83, 0x35,
    0x37, 0x35, 0x37, 0x06, 0x3B, 0x05, 0x37, 0x81, 0x3B, 0x50, 0x02, 0x3B, 0x83, 0x3E, 0x3B, 0x64,
    0x6C, 0x02, 0x73, 0x81, 0x64, 0x65, 0x02, 0x6C, 0x02, 0x64, 0x02, 0x7C, 0x02, 0x6B, 0x8E, 0x7C,
    0x64, 0x6C, 0x64, 0x79, 0xC7, 0xC5, 0xC7, 0xF0, 0xFA, 0xFC, 0xFB, 0xFD, 0xB2, 0x6C, 0x02, 0x6F,
    0x82, 0x64, 0x79, 0x93, 0x02, 0x6C, 0x02, 0x65, 0x82, 0x79, 0x6C, 0x65, 0x02, 0x7C, 0x88, 0x94,
    0xC9, 0xE1, 0xD5, 0xE1, 0xF2, 0xD7, 0xED, 0xFA, 0x02, 0xF7, 0x8A, 0xF4, 0xE2, 0xE4, 0xD8, 0xB6,
    0x9F, 0xE3, 0xD3, 0xE7, 0xD6, 0xBC, 0x07, 0xD6, 0x04, 0xE4, 0x83, 0xCF, 0xE4, 0xD4, 0xCF, 0x02,
    0xC6, 0x82, 0xCF, 0xEE, 0xE8, 0x02, 0xF4, 0x02, 0xB8, 0x03, 0xBB, 0x03, 0xB8, 0x80, 0x9D, 0x04,
    0x8F, 0x84, 0x8C, 0x85, 0x5E, 0x8B, 0x4C, 0x02, 0x4A, 0x80, 0x46, 0x02, 0x43, 0x04, 0x41, 0x81,
    0x46, 0x43, 0x02, 0x46, 0x04, 0x43, 0x03, 0x4A, 0x80, 0x46, 0x02, 0x43, 0x83, 0x49, 0x4A, 0x49,
    0x43, 0x02, 0x49, 0x82, 0x4A, 0x43, 0x4A, 0x07, 0x43, 0x80, 0x49, 0x02, 0x43, 0x84, 0x40, 0x41,
    0x43, 0x46, 0x43, 0x02, 0x4A, 0x02, 0x49, 0x03, 0x4B, 0x04, 0x49, 0x81, 0x4B, 0x49, 0x04, 0x4B,
    0x02, 0x4F, 0x02, 0x88, 0x02, 0x8C, 0x03, 0x9E, 0x04, 0xAB, 0x02, 0xF3, 0x81, 0xAB, 0x90, 0x03,
    0xA3, 0x02, 0x90, 0x02, 0x88, 0x02, 0xA4, 0x88, 0xAB, 0xCC, 0xF2, 0xF7, 0xD8, 0xF7, 0xE2, 0xF4,
    0xEE, 0x02, 0xE4, 0x80, 0xD8, 0x02, 0xE2, 0x85, 0xE7, 0xE5, 0xBC, 0xBD, 0xAD, 0xB4, 0x03, 0xB9,
    0x86, 0xBA, 0xBD, 0xE6, 0xD6, 0xBE, 0xBC, 0xBE, 0x02, 0xBD, 0x80, 0xB9, 0x02, 0xB5, 0x80, 0xAD,
    0x05, 0xA3, 0x02, 0xA2, 0x85, 0xA3, 0xA2, 0xA5, 0xA1, 0x83, 0x48, 0x02, 0x81, 0x02, 0xA1, 0x80,
    0x81, 0x05, 0xA1, 0x88, 0x81, 0xA1, 0x80, 0x40, 0x48, 0x49, 0xA1, 0xA5, 0xAF, 0x03, 0xBD, 0x08,
    0x76, 0x03, 0x7B, 0x84, 0x91, 0x76, 0x77, 0x7B, 0x76, 0x03, 0x3B, 0x05, 0x37, 0x08, 0x3B, 0x83,
    0x37, 0x26, 0x32, 0x2F, 0x03, 0x3B, 0x80, 0x37, 0x03, 0x3B, 0x05, 0x37, 0x84, 0x3B, 0x50, 0x3E,
    0x3B, 0x61, 0x02, 0x6C, 0x80, 0x79, 0x05, 0x6C, 0x02, 0x65, 0x80, 0x6B, 0x02, 0x7C, 0x02, 0x6B,
    0x83, 0x6C, 0x65, 0x6C, 0x79, 0x03, 0xC7, 0x81, 0xF0, 0xFC, 0x02, 0xFB, 0x02, 0xFC, 0x02, 0x6C,
    0x02, 0x6F, 0x83, 0x64, 0x93, 0x79, 0x6C, 0x03, 0x65, 0x80, 0x6C, 0x02, 0x65, 0x87, 0x7C, 0x79,
    0xC5, 0xD4, 0xD3, 0xD7, 0xE1, 0xF6, 0x02, 0xD7, 0x80, 0xFC, 0x02, 0xF7, 0x87, 0xF4, 0xE2, 0xD8,
    0xD7, 0xF5, 0x9F, 0xE1, 0xED, 0x02, 0xD6, 0x80, 0xBC, 0x07, 0xD6, 0x04, 0xE4, 0x84, 0xCB, 0xE2,
    0xD7, 0xCF, 0xC6, 0x02, 0xCF, 0x81, 0xD8, 0xE8, 0x02, 0xF4, 0x82, 0xE8, 0xB4, 0xB7, 0x03, 0xBB,
    0x02, 0xB8, 0x80, 0xB3, 0x02, 0x8F, 0x02, 0x9D, 0x80, 0x8F, 0x02, 0x8C, 0x82, 0x8B, 0x5E, 0x4D,
    0x02, 0x4A, 0x81, 0x46, 0x43, 0x03, 0x41, 0x82, 0x46, 0x47, 0x43, 0x02, 0x46, 0x04, 0x43, 0x03,
    0x4A, 0x80, 0x46, 0x02, 0x43, 0x81, 0x49, 0x4B, 0x04, 0x49, 0x82, 0x4A, 0x49, 0x4A, 0x05, 0x43,
    0x82, 0x41, 0x43, 0x88, 0x02, 0x43, 0x80, 0x40, 0x04, 0x43, 0x02, 0x4A, 0x02, 0x49, 0x02, 0x4B,
    0x07, 0x49, 0x83, 0x4B, 0x49, 0xAC, 0xAB, 0x04, 0x9E, 0x03, 0xB3, 0x04, 0xAB, 0x84, 0xB4, 0xBB,
    0xE6, 0xBF, 0x9E, 0x05, 0x90, 0x82, 0x88, 0x82, 0x90, 0x02, 0xA4, 0x86, 0xAC, 0xAB, 0xF4, 0xF2,
    0xEE, 0xF6, 0xE8, 0x02, 0xF2, 0x02, 0xE4, 0x80, 0xD8, 0x02, 0xE2, 0x82, 0xE7, 0xE5, 0xBF, 0x02,
    0xA7, 0x02, 0xAE, 0x02, 0xA7, 0x80, 0xA6, 0x02, 0xA7, 0x81, 0xAE, 0xBB, 0x04, 0xBD, 0x80, 0xAF,
    0x03, 0xAD, 0x80, 0xAE, 0x02, 0xA3, 0x05, 0xA2, 0x82, 0xA5, 0xA1, 0x81, 0x02, 0xA1, 0x02, 0x81,
    0x80, 0xA1, 0x02, 0x81, 0x02, 0xA1, 0x81, 0x48, 0x80, 0x04, 0xA1, 0x81, 0x81, 0x80, 0x02, 0x40,
    0x02, 0xA5, 0x80, 0xA2, 0x02, 0xBD, 0x03, 0x76, 0x82, 0x91, 0x75, 0x58, 0x03, 0x76, 0x80, 0x7B,
    0x04, 0x76, 0x83, 0x7B, 0x76, 0x3A, 0x37, 0x02, 0x3B, 0x04, 0x37, 0x04, 0x3B, 0x80, 0x37, 0x06,
    0x3B, 0x81, 0x3A, 0x3B, 0x03, 0x37, 0x02, 0x3B, 0x80, 0x37, 0x06, 0x3B, 0x83, 0x53, 0x3B, 0x64,
    0x6C, 0x04, 0x65, 0x82, 0x6C, 0x65, 0x6C, 0x02, 0x6F, 0x02, 0x6B, 0x81, 0x7C, 0x6B, 0x02, 0x64,
    0x89, 0x6C, 0x64, 0x9B, 0xC3, 0xCD, 0xC7, 0xEF, 0xF6, 0xFC, 0xFA, 0x02, 0xFC, 0x80, 0x91, 0x02,
    0x65, 0x02, 0x6F, 0x83, 0x72, 0x92, 0x6F, 0x6C, 0x03, 0x65, 0x03, 0x6C, 0x82, 0x79, 0x9B, 0xCF,
    0x03, 0xE1, 0x84, 0xE2, 0xFC, 0xDF, 0xD8, 0xFD, 0x02, 0xFA, 0x8B, 0xF1, 0xE2, 0xD7, 0xB6, 0xD7,
    0xB6, 0xCB, 0xE1, 0xE2, 0xD6, 0xBC, 0xBE, 0x06, 0xD6, 0x03, 0xE4, 0x90, 0xDF, 0xCF, 0xE1, 0xD7,
    0xCF, 0xC6, 0xC8, 0xD0, 0xE4, 0xE8, 0xF9, 0xF4, 0xF7, 0xD6, 0xB7, 0xB8, 0xBB, 0x03, 0xCC, 0x81,
    0xB4, 0x9E, 0x02, 0x8F, 0x80, 0x9D, 0x02, 0x8F, 0x81, 0x8C, 0x8F, 0x02, 0x85, 0x80, 0x5E, 0x02,
    0x4D, 0x03, 0x4A, 0x02, 0x46, 0x81, 0x4A, 0x43, 0x02, 0x46, 0x04, 0x43, 0x03, 0x4A, 0x03, 0x43,
    0x81, 0x49, 0x4A, 0x04, 0x49, 0x82, 0x4A, 0x49, 0x4A, 0x05, 0x49, 0x03, 0x43, 0x83, 0x4A, 0x41,
    0x40, 0x41, 0x03, 0x43, 0x02, 0x4A, 0x02, 0x49, 0x81, 0x4B, 0x82, 0x06, 0x49, 0x84, 0x82, 0xA3,
    0xBB, 0x9E, 0xBC, 0x02, 0xE6, 0x82, 0xF3, 0xE6, 0xD6, 0x02, 0xAB, 0x03, 0xB7, 0x81, 0xBB, 0xD6,
    0x02, 0xE6, 0x81, 0xBE, 0x8F, 0x04, 0x90, 0x02, 0x88, 0x81, 0x82, 0x90, 0x02, 0xA4, 0x02, 0xAB,
    0x81, 0xF2, 0xF4, 0x02, 0xE8, 0x02, 0xF2, 0x80, 0xF7, 0x02, 0xEE, 0x03, 0xE4, 0x02, 0xE2, 0x81,
    0xBF, 0xAF, 0x05, 0xA7, 0x03, 0xA6, 0x84, 0xA4, 0xB7, 0xBA, 0xAE, 0xAF, 0x02, 0xAE, 0x02, 0xAF,
    0x82, 0xBB, 0xA7, 0xAF, 0x06, 0xA2, 0x80, 0xA5, 0x02, 0x81, 0x80, 0xA1, 0x06, 0x81, 0x83, 0xA1,
    0x81, 0xA1, 0x80, 0x02, 0x81, 0x02, 0xA1, 0x88, 0x81, 0x48, 0x49, 0x40, 0xA5, 0x83, 0xA5, 0x83,
    0xBD, 0x04, 0x76, 0x81, 0x67, 0x7B, 0x03, 0x76, 0x80, 0x7B, 0x02, 0x76, 0x80, 0x66, 0x02, 0x76,
    0x81, 0x7B, 0x66, 0x03, 0x3B, 0x04, 0x37, 0x02, 0x3B, 0x83, 0x37, 0x3B, 0x3E, 0x53, 0x02, 0x64,
    0x02, 0x6B, 0x81, 0x64, 0x3B, 0x03, 0x37, 0x0A, 0x3B, 0x8A, 0x3E, 0x3B, 0x64, 0x6C, 0x65, 0x6C,
    0x6F, 0x65, 0x6C, 0x65, 0x6B, 0x04, 0x7C, 0x8C, 0x6F, 0x64, 0x65, 0x64, 0x79, 0xC3, 0xC7, 0xC3,
    0xCD, 0xE3, 0xFB, 0xFD, 0xFB, 0x02, 0xFC, 0x83, 0xC9, 0x65, 0x64, 0x65, 0x02, 0x6F, 0x80, 0x92,
    0x02, 0x79, 0x81, 0x6C, 0x65, 0x02, 0x6C, 0x03, 0x79, 0x83, 0x93, 0xCB, 0xC6, 0xD7, 0x02, 0xE1,
    0x84, 0xE2, 0xFC, 0xED, 0xF2, 0xFD, 0x02, 0xFA, 0x8B, 0xF1, 0xE2, 0xD7, 0xC6, 0xD8, 0xCB, 0xB6,
    0xF2, 0xE4, 0xD6, 0xBC, 0xBE, 0x06, 0xD6, 0x02, 0xE4, 0x83, 0xED, 0xD7, 0xC6, 0xD3, 0x02, 0xD7,
    0x87, 0xC8, 0xCF, 0xD0, 0xD8, 0xE8, 0xF9, 0xF4, 0xF0, 0x02, 0xE8, 0x81, 0xB7, 0xBB, 0x02, 0xCC,
    0x81, 0xB3, 0xCC, 0x02, 0x9E, 0x81, 0x8F, 0x9D, 0x04, 0x8F, 0x02, 0x8C, 0x83, 0x8B, 0x86, 0x5E,
    0x47, 0x02, 0x5E, 0x80, 0x4A, 0x02, 0x4C, 0x03, 0x4A, 0x04, 0x43, 0x02, 0x4A, 0x03, 0x43, 0x02,
    0x49, 0x80, 0x4B, 0x02, 0x49, 0x84, 0x4B, 0x49, 0x4A, 0x49, 0x4B, 0x06, 0x49, 0x84, 0x43, 0x42,
    0x88, 0x43, 0x40, 0x02, 0x41, 0x02, 0x43, 0x03, 0x49, 0x80, 0x4B, 0x02, 0x82, 0x02, 0x49, 0x03,
    0x4B, 0x82, 0x49, 0x82, 0xF1, 0x05, 0x8F, 0x85, 0xAB, 0xE6, 0xF3, 0xE7, 0xE8, 0xE5, 0x03, 0xF3,
    0x03, 0xE6, 0x80, 0xAC, 0x02, 0x90, 0x80, 0x88, 0x02, 0x90, 0x03, 0x83, 0x80, 0x90, 0x03, 0xA4,
    0x87, 0xAB, 0xD5, 0xF2, 0xE8, 0xF2, 0xEE, 0xF2, 0xF7, 0x02, 0xEE, 0x02, 0xE4, 0x80, 0xE8, 0x02,
    0xE2, 0x81, 0xBE, 0xBF, 0x05, 0xA7, 0x02, 0xA6, 0x82, 0xA7, 0xA3, 0xAA, 0x02, 0xAF, 0x80, 0x83,
    0x03, 0xA5, 0x80, 0xA6, 0x04, 0xA7, 0x04, 0xA2, 0x85, 0xA1, 0x81, 0x80, 0x81, 0xA1, 0x80, 0x06,
    0x81, 0x80, 0x80, 0x03, 0x81, 0x80, 0x80, 0x02, 0x81, 0x83, 0xA1, 0x81, 0x48, 0x49, 0x03, 0x83,
    0x81, 0xA5, 0xA7, 0x05, 0x76, 0x80, 0x91, 0x02, 0x76, 0x80, 0x77, 0x02, 0x76, 0x04, 0x7B, 0x82,
    0x76, 0x66, 0x37, 0x03, 0x3B, 0x03, 0x37, 0x02, 0x3B, 0x81, 0x61, 0x6F, 0x04, 0x6B, 0x81, 0x7C,
    0x6B, 0x02, 0x64, 0x02, 0x50, 0x86, 0x53, 0x64, 0x6F, 0x6B, 0x68, 0x3E, 0x37, 0x04, 0x3B, 0x83,
    0x50, 0x3E, 0x3B, 0x64, 0x02, 0x6C, 0x80, 0x79, 0x02, 0x6C, 0x81, 0x64, 0x6F, 0x02, 0x7C, 0x85,
    0x6B, 0x64, 0x65, 0x64, 0x6C, 0x94, 0x03, 0xC7, 0x82, 0xCE, 0xEF, 0xFB, 0x03, 0xFA, 0x02, 0xFC,
    0x02, 0x65, 0x88, 0x64, 0x6C, 0x6F, 0x93, 0x99, 0x6C, 0x79, 0x6C, 0x65, 0x02, 0x72, 0x02, 0x79,
    0x83, 0x93, 0xB6, 0xD3, 0xB6, 0x03, 0xE1, 0x83, 0xE7, 0xFA, 0xDF, 0xF2, 0x02, 0xFA, 0x80, 0xF4,
    0x02, 0xE2, 0x81, 0xE3, 0xD5, 0x02, 0xD3, 0x82, 0xB6, 0xE4, 0xE2, 0x02, 0xD6, 0x82, 0xBE, 0xD6,
    0xD5, 0x04, 0xD6, 0x8C, 0xE7, 0xD8, 0xDF, 0xCF, 0xCB, 0xCF, 0xCC, 0xD7, 0xC6, 0xCF, 0xC8, 0xDF,
    0xE8, 0x03, 0xF4, 0x80, 0xE8, 0x02, 0xF4, 0x81, 0xD6, 0xE5, 0x03, 0xCC, 0x80, 0xB4, 0x03, 0x9D,
    0x03, 0x8F, 0x80, 0x9D, 0x03, 0x8F, 0x80, 0x8C, 0x03, 0x85, 0x80, 0x8C, 0x02, 0x5E, 0x83, 0x8B,
    0x85, 0x5E, 0x4D, 0x03, 0x4A, 0x82, 0x43, 0x4A, 0x4D, 0x05, 0x49, 0x02, 0x4B, 0x81, 0x49, 0x4B,
    0x03, 0x49, 0x80, 0x4B, 0x04, 0x49, 0x80, 0x41, 0x02, 0x43, 0x87, 0x42, 0x4A, 0x43, 0x40, 0x41,
    0x40, 0x43, 0x4A, 0x03, 0x49, 0x80, 0x4B, 0x02, 0x82, 0x05, 0x4B, 0x82, 0x88, 0xBC, 0x9E, 0x04,
    0x8F, 0x88, 0x8C, 0x8F, 0x8C, 0x9E, 0x8F, 0xB8, 0xF4, 0xE5, 0xF3, 0x03, 0xE6, 0x80, 0xBF, 0x03,
    0x90, 0x02, 0x88, 0x80, 0x90, 0x02, 0x83, 0x81, 0x49, 0x90, 0x02, 0xA4, 0x80, 0xAC, 0x02, 0xAB,
    0x86, 0xF4, 0xE8, 0xF2, 0xF7, 0xF2, 0xF7, 0xF2, 0x06, 0xE4, 0x02, 0xBF, 0x06, 0xA7, 0x85, 0xA8,
    0xA4, 0xAA, 0xA2, 0x83, 0x40, 0x03, 0x48, 0x81, 0x81, 0xA5, 0x03, 0xA6, 0x81, 0xA7, 0xA6, 0x02,
    0xA2, 0x81, 0xA1, 0x80, 0x02, 0x48, 0x06, 0x81, 0x81, 0x80, 0xA1, 0x03, 0x80, 0x04, 0x81, 0x84,
    0x80, 0x81, 0xA1, 0x81, 0x48, 0x04, 0x83, 0x80, 0xA2, 0x0E, 0x76, 0x81, 0x7B, 0x6D, 0x04, 0x3B,
    0x04, 0x37, 0x02, 0x3B, 0x09, 0x6B, 0x82, 0x6F, 0x93, 0x9C, 0x02, 0x9B, 0x81, 0x79, 0x61, 0x07,
    0x3B, 0x83, 0x53, 0x3E, 0x3B, 0x50, 0x03, 0x21, 0x82, 0x65, 0x6C, 0x64, 0x02, 0x7C, 0x84, 0x6B,
    0x65, 0x64, 0x65, 0x6C, 0x02, 0xC3, 0x02, 0xC7, 0x84, 0xDD, 0xFB, 0xFC, 0xFA, 0xFC, 0x02, 0xFA,
    0x81, 0xFC, 0x93, 0x02, 0x65, 0x87, 0x64, 0x6C, 0x79, 0x99, 0x73, 0x6F, 0x72, 0x6C, 0x02, 0x72,
    0x80, 0x79, 0x02, 0x93, 0x83, 0xB6, 0xB9, 0xD3, 0xC6, 0x03, 0xE1, 0x83, 0xE7, 0xFD, 0xDF, 0xF7,
    0x02, 0xFA, 0x8E, 0xF4, 0xE5, 0xD5, 0xB3, 0xD5, 0xE1, 0xD3, 0xB2, 0xE4, 0xE8, 0xD6, 0xBC, 0xBE,
    0xD6, 0xD5, 0x04, 0xD6, 0x83, 0xE7, 0xE4, 0xDF, 0xCF, 0x02, 0xCB, 0x86, 0xCC, 0xD7, 0xCB, 0xCF,
    0xC8, 0xD7, 0xE8, 0x02, 0xF4, 0x81, 0xE7, 0xE8, 0x03, 0xF4, 0x81, 0xFA, 0xE8, 0x03, 0xCC, 0x80,
    0xAB, 0x02, 0x9D, 0x03, 0x8F, 0x81, 0x9E, 0x8F, 0x02, 0x9D, 0x05, 0x8C, 0x83, 0x85, 0x8C, 0x8D,
    0x8C, 0x02, 0x85, 0x02, 0x4D, 0x02, 0x4B, 0x02, 0x4C, 0x80, 0x43, 0x04, 0x49, 0x83, 0x4D, 0x4B,
    0x49, 0x4B, 0x03, 0x49, 0x80, 0x4B, 0x04, 0x49, 0x85, 0x4B, 0x40, 0x49, 0x43, 0x40, 0x88, 0x03,
    0x40, 0x81, 0x49, 0x4A, 0x03, 0x49, 0x80, 0x83, 0x02, 0x82, 0x03, 0x83, 0x82, 0x4B, 0xA4, 0xAC,
    0x02, 0xA3, 0x04, 0x8F, 0x82, 0x88, 0x87, 0x4C, 0x02, 0x8F, 0x83, 0x9D, 0x9E, 0xAB, 0xE5, 0x02,
    0xE6, 0x82, 0xE5, 0xAE, 0x88, 0x02, 0x90, 0x82, 0x88, 0x90, 0x88, 0x03, 0x83, 0x03, 0xA4, 0x80,
    0xAC, 0x02, 0xAB, 0x03, 0xE8, 0x03, 0xF7, 0x80, 0xF2, 0x06, 0xE4, 0x82, 0xE2, 0xBF, 0xB0, 0x05,
    0xA7, 0x84, 0xA8, 0xA4, 0xA3, 0x83, 0x40, 0x06, 0x48, 0x80, 0x81, 0x02, 0xA5, 0x80, 0xA6, 0x02,
    0xA2, 0x81, 0x81, 0x80, 0x02, 0x48, 0x80, 0x80, 0x02, 0x81, 0x02, 0x80, 0x80, 0x81, 0x02, 0x80,
    0x87, 0xA1, 0x80, 0x81, 0x80, 0x81, 0xA1, 0x80, 0x81, 0x02, 0x80, 0x82, 0x81, 0xA1, 0x80, 0x05,
    0x83, 0x02, 0x76, 0x80, 0x52, 0x02, 0x37, 0x84, 0x3B, 0x3E, 0x0F, 0x37, 0x3A, 0x03, 0x37, 0x80,
    0x3A, 0x02, 0x3E, 0x02, 0x37, 0x02, 0x3B, 0x81, 0x37, 0x3B, 0x02, 0x37, 0x83, 0x3B, 0x3E, 0x6B,
    0x7C, 0x02, 0x6B, 0x81, 0x79, 0x9B, 0x02, 0xC7, 0x87, 0xB2, 0xC5, 0xC1, 0x93, 0x6F, 0x3B, 0x3E,
    0x50, 0x07, 0x3B, 0x80, 0x3E, 0x02, 0x37, 0x93, 0x35, 0x21, 0x35, 0x21, 0x6E, 0x64, 0x7C, 0x6B,
    0x6F, 0x6C, 0x64, 0x65, 0x93, 0xCD, 0xC3, 0xC5, 0xC3, 0xEC, 0xF8, 0xFC, 0x02, 0xFB, 0x80, 0xFC,
    0x02, 0xFB, 0x82, 0xF6, 0x6C, 0x65, 0x02, 0x64, 0x84, 0x6C, 0x91, 0xA9, 0x65, 0x6C, 0x03, 0x72,
    0x85, 0x73, 0x93, 0x94, 0xB6, 0xF1, 0xB9, 0x02, 0xD3, 0x87, 0xD7, 0xD3, 0xE1, 0xF2, 0xFD, 0xD7,
    0xF7, 0xFD, 0x02, 0xF9, 0x83, 0xE8, 0xE3, 0xD3, 0xCC, 0x02, 0xD3, 0x87, 0xB5, 0xD5, 0xE2, 0xE5,
    0xD6, 0xBE, 0xD6, 0xD8, 0x04, 0xD6, 0x84, 0xE7, 0xD8, 0xDF, 0xC6, 0xCB, 0x02, 0xD7, 0x8D, 0xE4,
    0xD7, 0xCB, 0xC8, 0xD0, 0xD6, 0xF4, 0xE7, 0xCC, 0xB8, 0xB7, 0xAC, 0xB7, 0xBB, 0x03, 0xF7, 0x85,
    0xE8, 0xD6, 0xB7, 0x9D, 0x9E, 0x8F, 0x02, 0x9E, 0x80, 0x8F, 0x02, 0x9D, 0x04, 0x8C, 0x80, 0x8F,
    0x02, 0x8C, 0x85, 0x8F, 0x8C, 0x85, 0x8C, 0x4F, 0x4E, 0x02, 0x4F, 0x83, 0x86, 0x8C, 0x4D, 0x4B,
    0x03, 0x49, 0x80, 0x4F, 0x03, 0x4B, 0x02, 0x49, 0x81, 0x4B, 0x82, 0x04, 0x49, 0x80, 0x4B, 0x02,
    0x43, 0x82, 0x49, 0x40, 0x4F, 0x03, 0x40, 0x81, 0x49, 0x4A, 0x03, 0x49, 0x02, 0x83, 0x88, 0x82,
    0x83, 0x49, 0x4B, 0x90, 0xAF, 0xA4, 0x8F, 0x90, 0x02, 0x8F, 0x84, 0x8C, 0x5F, 0x86, 0x4D, 0x4F,
    0x03, 0x8F, 0x87, 0x8D, 0x9D, 0x8F, 0xAE, 0xAC, 0xBC, 0xA4, 0xA2, 0x02, 0x90, 0x02, 0xA2, 0x80,
    0x90, 0x02, 0x83, 0x80, 0x88, 0x02, 0xA4, 0x86, 0xAC, 0xAE, 0xBB, 0xAC, 0xD5, 0xE8, 0xF2, 0x02,
    0xFA, 0x81, 0xF2, 0xF6, 0x06, 0xE4, 0x80, 0xE2, 0x02, 0xBF, 0x02, 0xA7, 0x80, 0xA8, 0x02, 0xA7,
    0x83, 0xA6, 0xAD, 0xA3, 0x80, 0x04, 0x48, 0x02, 0x80, 0x03, 0x48, 0x02, 0xA1, 0x80, 0x83, 0x02,
    0x80, 0x80, 0x81, 0x02, 0x48, 0x02, 0x81, 0x02, 0x80, 0x80, 0x81, 0x02, 0x80, 0x81, 0x81, 0x80,
    0x04, 0x81, 0x81, 0xA1, 0x80, 0x02, 0x81, 0x83, 0x80, 0x81, 0x80, 0xA1, 0x05, 0x83, 0x80, 0x94,
    0x02, 0x7E, 0x03, 0x3B, 0x84, 0x3E, 0x37, 0x32, 0x2F, 0x37, 0x04, 0x3B, 0x85, 0x3E, 0x3B, 0x37,
    0x3E, 0x3B, 0x37, 0x04, 0x3B, 0x84, 0x71, 0x9B, 0xC1, 0xC7, 0xC5, 0x02, 0xC7, 0x81, 0x9B, 0x79,
    0x04, 0x6B, 0x83, 0x50, 0x3B, 0x3E, 0x50, 0x07, 0x3B, 0x82, 0x61, 0x68, 0x64, 0x03, 0x6C, 0x82,
    0x6F, 0x6C, 0x7C, 0x02, 0x6B, 0x02, 0x6C, 0x81, 0x64, 0xC1, 0x03, 0xC7, 0x82, 0xC3, 0xE0, 0xFB,
    0x02, 0xFA, 0x03, 0xFB, 0x02, 0xFC, 0x80, 0x73, 0x02, 0x64, 0x02, 0x65, 0x84, 0x73, 0x96, 0x99,
    0x65, 0x6C, 0x02, 0x72, 0x8F, 0x79, 0x92, 0x94, 0x9A, 0xFA, 0xF1, 0xD3, 0xCB, 0xD3, 0xD7, 0xD3,
    0xE1, 0xF7, 0xFA, 0xD7, 0xF7, 0x02, 0xF9, 0x85, 0xFA, 0xE2, 0xD3, 0xE1, 0xE2, 0xB3, 0x02, 0xB5,
    0x86, 0xD5, 0xE7, 0xE5, 0xD6, 0xBE, 0xD6, 0xD8, 0x04, 0xD6, 0x84, 0xE7, 0xD8, 0xD7, 0xC6, 0xCB,
    0x02, 0xD7, 0x82, 0xE2, 0xD7, 0xCB, 0x02, 0xC8, 0x84, 0xF7, 0xF4, 0xCC, 0xB8, 0xB7, 0x03, 0xAB,
    0x88, 0xB7, 0xAB, 0xB7, 0xCC, 0xE8, 0xF4, 0xFA, 0xF4, 0xB7, 0x02, 0x9E, 0x80, 0xAB, 0x02, 0x9E,
    0x81, 0x9D, 0x8C, 0x04, 0x8F, 0x02, 0x8C, 0x83, 0x8F, 0x8C, 0x87, 0x8C, 0x05, 0x86, 0x80, 0x8C,
    0x02, 0x4F, 0x02, 0x82, 0x80, 0x4B, 0x02, 0x4D, 0x81, 0x4B, 0x82, 0x02, 0x49, 0x02, 0x4B, 0x04,
    0x49, 0x8A, 0x4B, 0x49, 0x40, 0x49, 0x46, 0x42, 0x4F, 0x41, 0x43, 0x49, 0x4B, 0x02, 0x49, 0x03,
    0x83, 0x80, 0x82, 0x02, 0x83, 0x84, 0xA4, 0xAE, 0xBF, 0x88, 0x90, 0x05, 0x8F, 0x82, 0x88, 0x4E,
    0x4B, 0x06, 0x8F, 0x02, 0x90, 0x82, 0xA4, 0x90, 0x88, 0x02, 0x90, 0x82, 0xA2, 0x88, 0x90, 0x02,
    0x83, 0x82, 0xA2, 0xA4, 0xA7, 0x02, 0xAC, 0x80, 0xBB, 0x02, 0xB7, 0x02, 0xE8, 0x82, 0x8B, 0xF2,
    0xFA, 0x02, 0xFB, 0x80, 0xEE, 0x05, 0xE4, 0x02, 0xBF, 0x03, 0xA7, 0x87, 0xA8, 0xA7, 0xAD, 0xAA,
    0xA3, 0x48, 0x40, 0x48, 0x02, 0x80, 0x81, 0x48, 0x80, 0x02, 0x48, 0x80, 0x80, 0x02, 0xA1, 0x86,
    0x80, 0x48, 0x81, 0x48, 0xA1, 0x48, 0x81, 0x03, 0x48, 0x03, 0x80, 0x83, 0x81, 0x80, 0x81, 0xA1,
    0x02, 0x81, 0x82, 0xA1, 0x80, 0x81, 0x02, 0x80, 0x83, 0x48, 0x80, 0x81, 0xA1, 0x03, 0x83, 0x80,
    0xA5, 0x02, 0x9B, 0x80, 0x94, 0x02, 0x64, 0x88, 0x6B, 0x51, 0x54, 0x31, 0x28, 0x52, 0x50, 0x61,
    0x64, 0x04, 0x6B, 0x80, 0x6F, 0x03, 0x6B, 0x87, 0x94, 0xC7, 0xC5, 0xC3, 0xC7, 0xC2, 0x78, 0x64,
    0x07, 0x3B, 0x80, 0x37, 0x02, 0x3B, 0x81, 0x3E, 0x50, 0x04, 0x3B, 0x82, 0x37, 0x3B, 0x3E, 0x02,
    0x6C, 0x8D, 0x64, 0x6C, 0x7C, 0x6F, 0x7C, 0x6B, 0x6F, 0x64, 0x65, 0x6F, 0x93, 0xC7, 0xC5, 0xC3,
    0x02, 0xC7, 0x84, 0xFB, 0xF7, 0xFB, 0xF6, 0xFC, 0x02, 0xFB, 0x82, 0xFA, 0xFC, 0xB6, 0x02, 0x65,
    0x02, 0x64, 0x85, 0x72, 0x92, 0x9D, 0x72, 0x64, 0x6C, 0x02, 0x72, 0x80, 0x73, 0x02, 0x94, 0x8C,
    0xED, 0xF9, 0xE2, 0xD3, 0xC6, 0xD3, 0xD7, 0xD3, 0xE1, 0xF7, 0xFA, 0xD7, 0xF7, 0x02, 0xF9, 0x8E,
    0xFD, 0xE2, 0xA9, 0xCC, 0xD5, 0xB2, 0xB6, 0xCB, 0xE2, 0xF2, 0xE5, 0xD6, 0xE5, 0xD6, 0xD8, 0x04,
    0xD6, 0x84, 0xE7, 0xE4, 0xD7, 0xC6, 0xCB, 0x02, 0xD7, 0x82, 0xD5, 0xE3, 0xCB, 0x02, 0xC8, 0x86,
    0xEE, 0xD6, 0xB8, 0xAB, 0xB7, 0xAC, 0x9E, 0x02, 0xAB, 0x80, 0xB7, 0x03, 0xB4, 0x81, 0xB7, 0xE8,
    0x02, 0xF4, 0x85, 0xE8, 0xB8, 0xB7, 0x9E, 0xA9, 0xB3, 0x03, 0x9E, 0x81, 0x8F, 0x9D, 0x02, 0x8C,
    0x02, 0x8F, 0x81, 0x88, 0x8C, 0x03, 0x88, 0x82, 0x86, 0x87, 0x8C, 0x05, 0x4F, 0x83, 0x86, 0x87,
    0x82, 0x4F, 0x03, 0x4B, 0x82, 0x82, 0x49, 0x4B, 0x02, 0x49, 0x8C, 0x4B, 0x49, 0x40, 0x49, 0x4B,
    0x42, 0x90, 0x4A, 0x41, 0x49, 0x4B, 0x49, 0x4B, 0x03, 0x83, 0x87, 0x82, 0x88, 0xA2, 0xA4, 0xBF,
    0x90, 0x88, 0xA3, 0x03, 0x8F, 0x89, 0x88, 0x4E, 0x86, 0x42, 0x4B, 0x8F, 0x8C, 0x8F, 0x9E, 0x8F,
    0x05, 0x90, 0x80, 0xA2, 0x02, 0x90, 0x02, 0xA2, 0x80, 0x90, 0x03, 0xA2, 0x03, 0xA4, 0x89, 0xAC,
    0xB7, 0xAC, 0xB7, 0xF2, 0xE8, 0xE1, 0xE8, 0xFC, 0x9D, 0x02, 0xEE, 0x04, 0xE4, 0x80, 0xD8, 0x02,
    0xBF, 0x89, 0xAF, 0xA7, 0xA4, 0xA7, 0xA4, 0xA3, 0xB4, 0xA2, 0x48, 0x40, 0x04, 0x48, 0x80, 0x40,
    0x02, 0x48, 0x03, 0xA1, 0x02, 0x48, 0x80, 0x81, 0x02, 0x48, 0x81, 0xA1, 0x80, 0x05, 0x48, 0x02,
    0x80, 0x02, 0x81, 0x80, 0xA1, 0x02, 0x81, 0x80, 0xA1, 0x02, 0x81, 0x05, 0x80, 0x80, 0xA1, 0x02,
    0x83, 0x02, 0xA2, 0x02, 0x9B, 0x80, 0x93, 0x04, 0x6B, 0x81, 0x61, 0x21, 0x04, 0x6B, 0x80, 0x7C,
    0x03, 0x6B, 0x87, 0x6F, 0x94, 0xC3, 0xC5, 0xC7, 0x9B, 0x66, 0x50, 0x02, 0x37, 0x80, 0x3B, 0x03,
    0x37, 0x02, 0x3B, 0x03, 0x37, 0x02, 0x3B, 0x02, 0x37, 0x82, 0x3B, 0x50, 0x3E, 0x05, 0x3B, 0x80,
    0x64, 0x03, 0x6C, 0x80, 0x6B, 0x03, 0x7C, 0x80, 0x6B, 0x02, 0x64, 0x81, 0x65, 0xC3, 0x03, 0xC7,
    0x84, 0xC3, 0xDD, 0xF8, 0xFC, 0xF6, 0x05, 0xFB, 0x81, 0xFC, 0xEF, 0x03, 0x64, 0x8C, 0x65, 0x6C,
    0x8A, 0x96, 0xA9, 0x6C, 0x65, 0x6C, 0x72, 0x65, 0x92, 0x94, 0x9C, 0x02, 0xFD, 0x86, 0xE5, 0xD5,
    0xB2, 0xD3, 0xE1, 0xD7, 0xE1, 0x02, 0xFA, 0x81, 0xD7, 0xF7, 0x02, 0xFD, 0x8C, 0xF9, 0xE2, 0xE1,
    0xD5, 0xE4, 0xB2, 0xD3, 0xE1, 0xE2, 0xE7, 0xE5, 0xD6, 0xBE, 0x05, 0xD6, 0x82, 0xBE, 0xE7, 0xE3,
    0x03, 0xC6, 0x89, 0xE2, 0xD7, 0xD3, 0xE8, 0xCB, 0xC6, 0xCB, 0xDF, 0xD8, 0xB8, 0x03, 0xAB, 0x80,
    0x9E, 0x02, 0xAB, 0x80, 0xB7, 0x03, 0xB8, 0x02, 0xB7, 0x89, 0xAC, 0xAB, 0xB4, 0xCC, 0xF7, 0xF4,
    0xF0, 0xCC, 0xB7, 0x9E, 0x02, 0xAB, 0x81, 0xB3, 0x9E, 0x03, 0x8F, 0x06, 0x88, 0x8E, 0x86, 0x8C,
    0x86, 0x4F, 0x86, 0x82, 0x4E, 0x8F, 0xBC, 0xBE, 0x9E, 0x4B, 0x49, 0x4B, 0x4F, 0x03, 0x4B, 0x89,
    0x49, 0x4B, 0x49, 0x40, 0x49, 0x4B, 0x46, 0xAC, 0x4E, 0x49, 0x02, 0x4B, 0x02, 0x49, 0x83, 0x4B,
    0x88, 0x83, 0x88, 0x02, 0x90, 0x02, 0xBF, 0x86, 0x90, 0x8F, 0xA4, 0x8F, 0x4C, 0x8C, 0x88, 0x02,
    0x4F, 0x02, 0x4B, 0x80, 0x88, 0x04, 0x8F, 0x08, 0x90, 0x80, 0xA2, 0x02, 0x90, 0x02, 0xA2, 0x04,
    0xA4, 0x85, 0xAC, 0xB7, 0xAC, 0xBB, 0xE5, 0xE8, 0x02, 0xF2, 0x82, 0xF7, 0xF2, 0xF6, 0x05, 0xE4,
    0x83, 0xD8, 0xE6, 0xBF, 0xB0, 0x02, 0xA7, 0x02, 0xA4, 0x84, 0xA2, 0xA4, 0xA2, 0x48, 0x40, 0x04,
    0x48, 0x02, 0x40, 0x87, 0x48, 0xA1, 0x80, 0xA1, 0x80, 0x48, 0x81, 0x48, 0x02, 0x80, 0x82, 0xA1,
    0x48, 0x80, 0x04, 0x48, 0x80, 0x80, 0x05, 0x81, 0x80, 0xA1, 0x03, 0x81, 0x02, 0x80, 0x81, 0x81,
    0x80, 0x02, 0xA1, 0x80, 0xA5, 0x02, 0xA2, 0x81, 0x93, 0x7C, 0x05, 0x6B, 0x02, 0x6F, 0x03, 0x6B,
    0x82, 0x7C, 0x93, 0xC1, 0x02, 0xC3, 0x02, 0xC5, 0x02, 0xC7, 0x80, 0x53, 0x06, 0x3B, 0x03, 0x37,
    0x02, 0x3B, 0x80, 0x37, 0x06, 0x3B, 0x02, 0x50, 0x05, 0x3B, 0x80, 0x64, 0x02, 0x65, 0x05, 0x7C,
    0x83, 0x6F, 0x6C, 0x64, 0x93, 0x02, 0xC7, 0x03, 0xC3, 0x83, 0xF5, 0xFA, 0xFD, 0xFC, 0x06, 0xFB,
    0x82, 0xEF, 0x64, 0x6C, 0x02, 0x64, 0x95, 0x65, 0x72, 0x99, 0xA9, 0x92, 0x65, 0x64, 0x65, 0x72,
    0x64, 0x92, 0x94, 0xE2, 0xF9, 0xFD, 0xE5, 0xD5, 0xB6, 0xD7, 0xE1, 0xD7, 0xE1, 0x02, 0xFA, 0x81,
    0xD7, 0xF7, 0x03, 0xFD, 0x80, 0xAA, 0x02, 0xD5, 0x86, 0xB6, 0xB2, 0xD3, 0xD8, 0xE2, 0xE7, 0xE5,
    0x03, 0xD6, 0x80, 0xBE, 0x03, 0xD6, 0x82, 0xBE, 0xE2, 0xD7, 0x03, 0xC6, 0x83, 0xE2, 0xCC, 0xCB,
    0xF1, 0x03, 0xC6, 0x82, 0xCF, 0xD8, 0xB8, 0x05, 0xAB, 0x80, 0xAC, 0x02, 0xB7, 0x02, 0xB8, 0x81,
    0xB7, 0xAB, 0x02, 0x8F, 0x05, 0x9E, 0x02, 0xAB, 0x82, 0xBB, 0xF4, 0xE8, 0x02, 0xAB, 0x82, 0x9E,
    0xB3, 0x9E, 0x02, 0x8F, 0x05, 0x88, 0x04, 0x86, 0x84, 0x9E, 0xAB, 0x8F, 0x9E, 0xB7, 0x02, 0xE6,
    0x80, 0x90, 0x02, 0x4E, 0x80, 0x82, 0x03, 0x4B, 0x87, 0x4F, 0x4B, 0x40, 0x43, 0x4F, 0x86, 0x8F,
    0xA3, 0x02, 0x4B, 0x83, 0x82, 0x49, 0x83, 0x82, 0x02, 0x88, 0x02, 0x90, 0x81, 0xAE, 0xBE, 0x03,
    0x90, 0x81, 0xA3, 0x90, 0x02, 0x8F, 0x80, 0x88, 0x02, 0x4F, 0x82, 0x4B, 0x82, 0x8C, 0x02, 0x90,
    0x04, 0xA3, 0x06, 0xA4, 0x80, 0xA2, 0x02, 0xA4, 0x02, 0xA2, 0x05, 0xA4, 0x02, 0xAC, 0x82, 0xD6,
    0xE2, 0xE8, 0x02, 0xE7, 0x82, 0xF7, 0xF2, 0xF6, 0x06, 0xE4, 0x80, 0xF1, 0x02, 0xBF, 0x02, 0xA7,
    0x80, 0xA4, 0x02, 0xA2, 0x86, 0xA4, 0xA2, 0x48, 0x40, 0x48, 0x40, 0x48, 0x03, 0x40, 0x87, 0x80,
    0x81, 0x48, 0x81, 0xA1, 0x48, 0x81, 0x48, 0x03, 0x80, 0x81, 0xA1, 0x80, 0x04, 0x48, 0x02, 0x80,
    0x04, 0x81, 0x02, 0xA1, 0x02, 0x81, 0x80, 0x80, 0x03, 0x81, 0x81, 0xA1, 0xA5, 0x03, 0xA2, 0x0A,
    0x6B, 0x86, 0x7C, 0x93, 0x9B, 0x94, 0x73, 0x3B, 0x37, 0x04, 0x3B, 0x03, 0x37, 0x07, 0x3B, 0x80,
    0x50, 0x08, 0x3B, 0x82, 0x50, 0x53, 0x3E, 0x03, 0x3B, 0x02, 0x64, 0x80, 0x65, 0x03, 0x7C, 0x82,
    0x6B, 0x6F, 0x79, 0x02, 0x6C, 0x86, 0xC3, 0xC7, 0xC3, 0xC7, 0xC3, 0xC7, 0xF6, 0x02, 0xFB, 0x03,
    0xFC, 0x84, 0xFB, 0xF7, 0xFB, 0xFA, 0xEF, 0x02, 0x65, 0x81, 0x6C, 0x64, 0x02, 0x6C, 0x83, 0x92,
    0x9D, 0xA9, 0x73, 0x03, 0x65, 0x91, 0x6C, 0x64, 0x94, 0x9A, 0xFA, 0xFD, 0xF9, 0xE2, 0xD3, 0xCA,
    0xD5, 0xD7, 0xD3, 0xD7, 0xFA, 0xFD, 0xD8, 0xFA, 0x02, 0xFD, 0x86, 0xFA, 0xCB, 0xD5, 0xE3, 0xA9,
    0x92, 0xCB, 0x02, 0xD5, 0x83, 0xE2, 0xD6, 0xBC, 0xD5, 0x02, 0xD6, 0x04, 0xBE, 0x81, 0xE7, 0xE1,
    0x02, 0xC6, 0x84, 0xB4, 0xE2, 0xCB, 0xC6, 0xE2, 0x02, 0xCB, 0x83, 0xCF, 0xCB, 0xE4, 0xB8, 0x02,
    0xAB, 0x80, 0xB7, 0x02, 0xAB, 0x03, 0xB7, 0x02, 0xB8, 0x83, 0xB7, 0xAB, 0x9E, 0x8F, 0x09, 0x9E,
    0x88, 0xAB, 0xCC, 0xF4, 0xBB, 0xB3, 0xB4, 0xAB, 0x9E, 0x90, 0x04, 0x8F, 0x02, 0x90, 0x80, 0x8F,
    0x02, 0xF3, 0x80, 0x90, 0x02, 0x8F, 0x85, 0x88, 0x9E, 0xA3, 0xBE, 0xBC, 0x87, 0x02, 0x82, 0x02,
    0x4B, 0x82, 0x4F, 0x4B, 0x49, 0x02, 0x4F, 0x83, 0x86, 0x88, 0xBC, 0x4B, 0x02, 0x82, 0x02, 0x83,
    0x80, 0x88, 0x02, 0x90, 0x83, 0xA3, 0xA4, 0xF3, 0xBF, 0x02, 0x90, 0x83, 0xA3, 0xA4, 0x5E, 0x90,
    0x02, 0x8F, 0x81, 0x88, 0x82, 0x02, 0x88, 0x80, 0x90, 0x03, 0xA3, 0x81, 0x9E, 0xA3, 0x11, 0xA4,
    0x02, 0xAC, 0x81, 0xE5, 0xE7, 0x03, 0xE8, 0x81, 0xF7, 0xF2, 0x02, 0xEE, 0x04, 0xE4, 0x84, 0xE7,
    0xE2, 0xBF, 0xC0, 0xA7, 0x03, 0xA4, 0x03, 0xA7, 0x80, 0x80, 0x07, 0x40, 0x80, 0xA1, 0x03, 0x80,
    0x83, 0xA1, 0x48, 0x80, 0x48, 0x03, 0x80, 0x02, 0x81, 0x03, 0x48, 0x04, 0x80, 0x03, 0x81, 0x02,
    0xA1, 0x81, 0x81, 0xA1, 0x02, 0x81, 0x82, 0x83, 0x81, 0xA1, 0x02, 0xA5, 0x02, 0xA2, 0x05, 0x6B,
    0x80, 0x3E, 0x04, 0x3B, 0x80, 0x35, 0x04, 0x3E, 0x80, 0x37, 0x02, 0x3B, 0x82, 0x3E, 0x3B, 0x37,
    0x05, 0x3B, 0x02, 0x3E, 0x03, 0x3B, 0x82, 0x3E, 0x50, 0x3E, 0x06, 0x3B, 0x02, 0x50, 0x02, 0x3B,
    0x80, 0x64, 0x02, 0x65, 0x02, 0x6B, 0x02, 0x7C, 0x84, 0x6F, 0x65, 0x6F, 0x6C, 0x93, 0x05, 0xC7,
    0x82, 0xDE, 0xFB, 0xFC, 0x02, 0xFB, 0x03, 0xFC, 0x87, 0xFB, 0xF7, 0xFB, 0xCA, 0x6C, 0x64, 0x65,
    0x6C, 0x02, 0x65, 0x81, 0x91, 0x9D, 0x02, 0xA9, 0x02, 0x65, 0x85, 0x64, 0x65, 0x6C, 0x64, 0x93,
    0xB2, 0x02, 0xFD, 0x81, 0xF9, 0xD5, 0x02, 0xD3, 0x87, 0xD5, 0xE1, 0xD3, 0xD7, 0xFA, 0xFD, 0xE4,
    0xFD, 0x02, 0xF9, 0x82, 0xE1, 0xE7, 0xCC, 0x02, 0xB4, 0x81, 0x99, 0xB2, 0x02, 0xD5, 0x80, 0xE2,
    0x02, 0xE5, 0x80, 0xD5, 0x02, 0xD6, 0x04, 0xBE, 0x81, 0xE2, 0xD3, 0x02, 0xC6, 0x85, 0xB9, 0xD5,
    0xC6, 0xCB, 0xB9, 0xD5, 0x03, 0xC6, 0x84, 0xE4, 0xCC, 0xB7, 0xAC, 0xAB, 0x04, 0xB7, 0x03, 0xB8,
    0x02, 0xB7, 0x82, 0x9E, 0x8C, 0x8F, 0x02, 0x9E, 0x80, 0x8F, 0x02, 0x9D, 0x88, 0x8F, 0x9E, 0x8F,
    0x9E, 0xAB, 0x9E, 0xAC, 0xE8, 0xF4, 0x02, 0xF1, 0x81, 0xBC, 0xBB, 0x03, 0xAB, 0x02, 0x9E, 0x83,
    0xBB, 0xF3, 0x9E, 0x90, 0x03, 0x8F, 0x89, 0x9E, 0x8F, 0x88, 0xAC, 0xE5, 0x90, 0x88, 0x82, 0x4B,
    0x4E, 0x02, 0x4B, 0x02, 0x4F, 0x83, 0x87, 0x8F, 0xBB, 0x82, 0x02, 0x88, 0x80, 0x82, 0x02, 0x88,
    0x85, 0x90, 0xA3, 0xA4, 0xBF, 0xBE, 0x90, 0x04, 0xA3, 0x02, 0x90, 0x80, 0x9E, 0x05, 0x90, 0x81,
    0xA3, 0x9E, 0x04, 0xAB, 0x80, 0xAC, 0x10, 0xA4, 0x83, 0xAB, 0xAC, 0xBC, 0xD6, 0x03, 0xE8, 0x84,
    0xFA, 0xF2, 0xF6, 0xEE, 0xE4, 0x02, 0xE7, 0x82, 0xE2, 0xE8, 0xE7, 0x02, 0xBF, 0x80, 0xAF, 0x02,
    0xA4, 0x02, 0xA7, 0x82, 0xAD, 0xAF, 0x81, 0x06, 0x40, 0x81, 0x48, 0xA1, 0x02, 0x80, 0x82, 0x48,
    0x80, 0xA1, 0x02, 0x48, 0x04, 0x80, 0x80, 0x81, 0x03, 0x48, 0x04, 0x80, 0x82, 0x81, 0x80, 0x81,
    0x02, 0xA1, 0x04, 0x81, 0x81, 0x83, 0xA1, 0x03, 0xA5, 0x02, 0xA2, 0x85, 0x9B, 0x94, 0x7E, 0x50,
    0x37, 0x3E, 0x03, 0x37, 0x81, 0x3B, 0x37, 0x03, 0x3E, 0x83, 0x3B, 0x37, 0x3B, 0x37, 0x04, 0x3B,
    0x80, 0x3E, 0x03, 0x3B, 0x81, 0x3E, 0x50, 0x03, 0x3B, 0x81, 0x3E, 0x50, 0x07, 0x3B, 0x85, 0x50,
    0x53, 0x65, 0x64, 0x6F, 0x7C, 0x02, 0x6B, 0x87, 0x7C, 0x6F, 0x79, 0x6C, 0x65, 0x93, 0xC7, 0xCD,
    0x03, 0xC7, 0x82, 0xC9, 0xFB, 0xF6, 0x02, 0xFC, 0x02, 0xFA, 0x02, 0xFC, 0x83, 0xFB, 0xFF, 0xFB,
    0x93, 0x02, 0x65, 0x85, 0x6C, 0x65, 0x6C, 0x65, 0x91, 0x8E, 0x02, 0xA9, 0x82, 0x9D, 0x65, 0x72,
    0x03, 0x65, 0x82, 0x64, 0x93, 0xCA, 0x02, 0xF9, 0x87, 0xF1, 0xD5, 0xB2, 0xBA, 0xD5, 0xE1, 0xD3,
    0xD5, 0x02, 0xF7, 0x8A, 0xE2, 0xFA, 0xF9, 0xFD, 0xB4, 0xE7, 0xD7, 0xB4, 0xB6, 0xAA, 0x9F, 0x03,
    0xE2, 0x81, 0xE5, 0xBE, 0x02, 0xD6, 0x04, 0xBE, 0x81, 0xBC, 0xE2, 0x03, 0xC6, 0x85, 0xB9, 0xCC,
    0xC6, 0xCB, 0xC6, 0xE7, 0x03, 0xC6, 0x84, 0xD8, 0xCC, 0xBB, 0xB7, 0xAC, 0x02, 0xB7, 0x85, 0xB8,
    0xB7, 0x8C, 0xB8, 0xB4, 0xB8, 0x02, 0xB7, 0x04, 0x9E, 0x02, 0x8F, 0x84, 0x9D, 0x8C, 0x86, 0x8C,
    0x8F, 0x05, 0x9E, 0x81, 0xF3, 0xB7, 0x03, 0xF3, 0x02, 0xE6, 0x82, 0xF3, 0xBE, 0xE6, 0x02, 0x9E,
    0x02, 0x90, 0x03, 0x8F, 0x81, 0x90, 0x88, 0x02, 0x8F, 0x85, 0x90, 0x8F, 0x90, 0x87, 0x86, 0x4F,
    0x02, 0x82, 0x81, 0x86, 0x88, 0x02, 0x9E, 0x80, 0xAE, 0x04, 0x88, 0x80, 0x90, 0x02, 0xA3, 0x84,
    0xBC, 0xE6, 0xBC, 0xA3, 0x9E, 0x02, 0xAB, 0x80, 0xA4, 0x04, 0xA3, 0x03, 0x90, 0x81, 0xA3, 0xAB,
    0x05, 0xAC, 0x02, 0xAE, 0x03, 0xA4, 0x81, 0xA7, 0xAC, 0x02, 0xA7, 0x03, 0xA4, 0x80, 0xA7, 0x05,
    0xA4, 0x82, 0xAB, 0xBB, 0xD6, 0x03, 0xE8, 0x02, 0xF2, 0x80, 0xF7, 0x02, 0xE4, 0x02, 0xE7, 0x8D,
    0xE5, 0xE6, 0xE7, 0xBF, 0xB0, 0xAF, 0xB4, 0xAE, 0xA7, 0xAD, 0xBA, 0xAE, 0xA2, 0x48, 0x05, 0x40,
    0x02, 0x81, 0x02, 0x80, 0x03, 0x48, 0x02, 0x80, 0x81, 0x48, 0x80, 0x02, 0x48, 0x02, 0x80, 0x02,
    0x48, 0x04, 0x80, 0x82, 0x81, 0x80, 0x81, 0x02, 0xA1, 0x02, 0x81, 0x02, 0xA1, 0x80, 0x83, 0x02,
    0xA1, 0x81, 0xA6, 0xA5, 0x02, 0xA2, 0x06, 0x76, 0x80, 0x58, 0x02, 0x37, 0x02, 0x3B, 0x03, 0x3E,
    0x80, 0x3B, 0x02, 0x37, 0x81, 0x3B, 0x3E, 0x03, 0x3B, 0x80, 0x3E, 0x03, 0x3B, 0x81, 0x3E, 0x50,
    0x03, 0x3B, 0x82, 0x3E, 0x50, 0x3E, 0x06, 0x3B, 0x83, 0x52, 0x53, 0x6B, 0x6F, 0x03, 0x6B, 0x85,
    0x7C, 0x6B, 0x6F, 0x7C, 0x79, 0xC3, 0x03, 0xC7, 0x85, 0xC3, 0xCD, 0xF6, 0xFB, 0xF2, 0xFB, 0x02,
    0xFC, 0x02, 0xFA, 0x83, 0xFB, 0xFD, 0xFA, 0xCF, 0x02, 0x6C, 0x03, 0x64, 0x89, 0x65, 0x6C, 0x73,
    0x99, 0x9D, 0xA3, 0xA9, 0x92, 0x65, 0x72, 0x04, 0x65, 0x81, 0x79, 0xE2, 0x03, 0xF9, 0x81, 0xD5,
    0xB2, 0x02, 0xD5, 0x90, 0xE1, 0xD3, 0xE2, 0xF2, 0xFA, 0xE4, 0xF4, 0xFD, 0xF6, 0xFF, 0xD8, 0xCC,
    0xB4, 0xB1, 0xB5, 0xCB, 0xD5, 0x02, 0xE2, 0x81, 0xE6, 0xBE, 0x03, 0xD6, 0x03, 0xBE, 0x82, 0xBD,
    0xD5, 0xB9, 0x02, 0xC6, 0x86, 0xBA, 0xD5, 0xC6, 0xCB, 0xC6, 0xE2, 0xB9, 0x02, 0xC6, 0x81, 0xE4,
    0xD5, 0x02, 0xBB, 0x81, 0xB7, 0xBB, 0x03, 0xB8, 0x80, 0xB7, 0x04, 0xB8, 0x02, 0xB7, 0x03, 0x9E,
    0x02, 0x8F, 0x84, 0x9D, 0x85, 0x5F, 0x4E, 0x86, 0x03, 0x8F, 0x86, 0x9E, 0x8F, 0x5E, 0x9E, 0xE6,
    0xF3, 0xF1, 0x02, 0xE6, 0x80, 0xF3, 0x02, 0xE6, 0x80, 0x9E, 0x02, 0x90, 0x02, 0x8F, 0x83, 0x42,
    0x45, 0x8F, 0x90, 0x03, 0x8F, 0x83, 0x90, 0xA3, 0x90, 0x8F, 0x02, 0x86, 0x85, 0x88, 0x8C, 0x8F,
    0x9E, 0xAB, 0xE6, 0x02, 0x8F, 0x80, 0x88, 0x02, 0x90, 0x02, 0xAB, 0x83, 0xF3, 0xE6, 0x90, 0xA3,
    0x04, 0xAB, 0x05, 0xA3, 0x02, 0xA4, 0x03, 0xAC, 0x03, 0xB7, 0x80, 0xAC, 0x02, 0xAE, 0x03, 0xA4,
    0x81, 0xA7, 0xAC, 0x02, 0xA7, 0x80, 0xAC, 0x03, 0xA7, 0x05, 0xA4, 0x83, 0xAC, 0xBB, 0xD6, 0xF1,
    0x02, 0xE8, 0x02, 0xF2, 0x80, 0xF6, 0x02, 0xE4, 0x02, 0xE7, 0x02, 0xE6, 0x85, 0xE7, 0xBF, 0xB0,
    0xAF, 0xAA, 0xBD, 0x02, 0xA7, 0x80, 0xAE, 0x02, 0xA7, 0x80, 0x81, 0x05, 0x40, 0x02, 0x81, 0x82,
    0x80, 0x48, 0x80, 0x03, 0x48, 0x80, 0x80, 0x04, 0x48, 0x02, 0x80, 0x02, 0x48, 0x04, 0x80, 0x82,
    0x81, 0x80, 0x81, 0x02, 0xA1, 0x80, 0x81, 0x03, 0xA1, 0x82, 0xA2, 0xA1, 0xA5, 0x02, 0xA6, 0x02,
    0xA2, 0x08, 0x76, 0x80, 0x50, 0x02, 0x3B, 0x03, 0x3E, 0x81, 0x3B, 0x37, 0x06, 0x3B, 0x80, 0x50,
    0x03, 0x3B, 0x81, 0x3E, 0x50, 0x03, 0x3B, 0x02, 0x3E, 0x80, 0x50, 0x04, 0x3B, 0x82, 0x64, 0x61,
    0x6F, 0x06, 0x7C, 0x03, 0x93, 0x80, 0xC3, 0x05, 0xC7, 0x80, 0xEC, 0x03, 0xFC, 0x02, 0xFB, 0x80,
    0xFC, 0x03, 0xFA, 0x85, 0xFC, 0xFA, 0x7E, 0x64, 0x6F, 0x6C, 0x02, 0x65, 0x83, 0x64, 0x6C, 0x78,
    0x8E, 0x04, 0x9D, 0x83, 0x73, 0x65, 0x72, 0x6C, 0x03, 0x65, 0x86, 0x72, 0xFA, 0xF9, 0xFD, 0xF9,
    0xD5, 0xB5, 0x02, 0xD5, 0x8F, 0xE1, 0xD3, 0xE2, 0xE7, 0xFA, 0xE2, 0xF4, 0xFD, 0xA9, 0xF9, 0xD8,
    0xB8, 0xB4, 0x73, 0xB5, 0xD3, 0x03, 0xD5, 0x81, 0xF1, 0xBE, 0x03, 0xD6, 0x02, 0xBE, 0x83, 0xBC,
    0xBD, 0xBA, 0xB9, 0x02, 0xC6, 0x86, 0xBA, 0xD6, 0xB9, 0xC6, 0xCB, 0xB8, 0xD5, 0x02, 0xC6, 0x81,
    0xE4, 0xD8, 0x03, 0xBB, 0x82, 0xB7, 0xBB, 0xB8, 0x02, 0xBB, 0x80, 0xCC, 0x02, 0xB8, 0x83, 0xBB,
    0xB7, 0xB8, 0x8B, 0x02, 0x9E, 0x02, 0x8F, 0x86, 0x9D, 0x8F, 0x87, 0x4F, 0x86, 0x8C, 0x8F, 0x02,
    0x9E, 0x85, 0x8B, 0x9E, 0xAB, 0x9E, 0xAC, 0xF3, 0x02, 0xE6, 0x02, 0xF3, 0x02, 0x9E, 0x82, 0x90,
    0x8F, 0x90, 0x02, 0x88, 0x82, 0x8F, 0x88, 0xA3, 0x03, 0x8F, 0x80, 0x20, 0x02, 0x90, 0x81, 0x9E,
    0x90, 0x02, 0x8F, 0x80, 0x90, 0x02, 0x9E, 0x8E, 0xB3, 0xB7, 0xAB, 0x90, 0x88, 0x90, 0xA3, 0xAC,
    0xBF, 0xF3, 0xAC, 0xA3, 0xA4, 0xAC, 0xAB, 0x02, 0xAC, 0x02, 0xA4, 0x80, 0xA3, 0x02, 0xA4, 0x02,
    0xAC, 0x02, 0xAE, 0x80, 0xB7, 0x02, 0xBB, 0x80, 0xB7, 0x03, 0xAE, 0x80, 0xA7, 0x02, 0xA4, 0x81,
    0xA7, 0xAC, 0x02, 0xA7, 0x80, 0xAC, 0x03, 0xA7, 0x05, 0xA4, 0x83, 0xAC, 0xB7, 0xBC, 0xF1, 0x03,
    0xE8, 0x89, 0xF2, 0xEE, 0xE2, 0xE4, 0xE2, 0xE5, 0xE6, 0xBF, 0xE7, 0xBF, 0x02, 0xB0, 0x80, 0xA2,
    0x02, 0xA1, 0x02, 0x80, 0x80, 0x81, 0x02, 0xA1, 0x80, 0x81, 0x03, 0x40, 0x83, 0x48, 0x80, 0x81,
    0x80, 0x05, 0x48, 0x80, 0x80, 0x04, 0x48, 0x03, 0x80, 0x80, 0x48, 0x05, 0x80, 0x02, 0x81, 0x06,
    0xA1, 0x03, 0xA5, 0x02, 0xA6, 0x02, 0xA2, 0x08, 0x76, 0x85, 0x58, 0x3B, 0x37, 0x3E, 0x50, 0x52,
    0x05, 0x3B, 0x83, 0x37, 0x3E, 0x3B, 0x50, 0x03, 0x3B, 0x02, 0x3E, 0x03, 0x3B, 0x80, 0x61, 0x03,
    0x6C, 0x02, 0x65, 0x80, 0x64, 0x02, 0x6B, 0x03, 0x7C, 0x82, 0x6B, 0x93, 0xC3, 0x02, 0xC7, 0x80,
    0xC3, 0x04, 0xC7, 0x81, 0xC5, 0xEC, 0x02, 0xFB, 0x80, 0xFC, 0x04, 0xFB, 0x02, 0xFC, 0x83, 0xFD,
    0xFC, 0xCF, 0x6C, 0x02, 0x65, 0x81, 0x6C, 0x6F, 0x03, 0x65, 0x81, 0x72, 0x99, 0x05, 0x8E, 0x83,
    0x72, 0x64, 0x72, 0x6C, 0x03, 0x65, 0x80, 0x72, 0x03, 0xFD, 0x91, 0xF9, 0xE1, 0xCB, 0xBA, 0xD5,
    0xE1, 0xD3, 0xD7, 0xE2, 0xF2, 0xED, 0xE7, 0xFB, 0xF2, 0xF9, 0xE2, 0xB5, 0xB4, 0x02, 0xA9, 0x80,
    0xE1, 0x03, 0xD5, 0x81, 0xF4, 0xBE, 0x02, 0xBC, 0x80, 0xD6, 0x03, 0xBE, 0x81, 0xCC, 0xB9, 0x03,
    0xB5, 0x82, 0xB9, 0xBD, 0xB9, 0x03, 0xC6, 0x85, 0xF1, 0xC6, 0xD7, 0xD8, 0xD7, 0xBD, 0x04, 0xBB,
    0x80, 0xD6, 0x02, 0xBB, 0x02, 0xB8, 0x81, 0xCC, 0xD6, 0x02, 0xBB, 0x8C, 0xCC, 0xD6, 0xB3, 0x9E,
    0x8F, 0x9E, 0x8F, 0x8C, 0x86, 0x4D, 0x4E, 0x87, 0xA3, 0x02, 0xAB, 0x81, 0x9E, 0xA3, 0x02, 0x9E,
    0x81, 0xAB, 0xE6, 0x02, 0xF3, 0x80, 0xBB, 0x03, 0x90, 0x02, 0x8F, 0x02, 0x88, 0x80, 0x8F, 0x02,
    0x88, 0x80, 0xA3, 0x02, 0x8F, 0x02, 0x90, 0x82, 0xA3, 0xAB, 0xA3, 0x02, 0x9E, 0x85, 0xA3, 0x9E,
    0xAB, 0xB3, 0xB4, 0xBB, 0x03, 0x90, 0x83, 0xAB, 0xBB, 0xF3, 0xBE, 0x02, 0xA3, 0x05, 0xAC, 0x80,
    0xAB, 0x03, 0xA4, 0x84, 0xAC, 0xBB, 0xAE, 0xBB, 0xAE, 0x05, 0xBB, 0x02, 0xAE, 0x81, 0xAC, 0xA4,
    0x02, 0xA7, 0x80, 0xAC, 0x02, 0xA7, 0x80, 0xAC, 0x03, 0xA7, 0x05, 0xA4, 0x02, 0xAC, 0x86, 0xBC,
    0xE6, 0xF1, 0xE8, 0xE7, 0xEE, 0xE7, 0x03, 0xE2, 0x80, 0xE5, 0x02, 0xBF, 0x85, 0xE2, 0xBD, 0xB0,
    0xA8, 0xA2, 0x4B, 0x03, 0x40, 0x84, 0x48, 0x40, 0x48, 0xA1, 0x48, 0x02, 0x20, 0x83, 0x48, 0x80,
    0x81, 0x80, 0x05, 0x48, 0x80, 0x80, 0x04, 0x48, 0x08, 0x80, 0x03, 0x81, 0x03, 0xA1, 0x80, 0xA5,
    0x02, 0xA1, 0x03, 0xA5, 0x04, 0xA6, 0x02, 0xA0, 0x81, 0x98, 0x91, 0x04, 0x76, 0x83, 0x3E, 0x3B,
    0x3A, 0x2F, 0x02, 0x53, 0x80, 0x3E, 0x07, 0x3B, 0x81, 0x3E, 0x3B, 0x02, 0x37, 0x02, 0x3B, 0x80,
    0x37, 0x02, 0x3B, 0x80, 0x61, 0x02, 0x6C, 0x81, 0x65, 0x64, 0x04, 0x6B, 0x82, 0x7C, 0x93, 0xC1,
    0x02, 0xC7, 0x82, 0xC3, 0xC7, 0xC3, 0x03, 0xC7, 0x86, 0xCD, 0xEF, 0xFB, 0xF7, 0xF6, 0xFB, 0xFC,
    0x04, 0xFB, 0x86, 0xFC, 0xFA, 0xFF, 0x71, 0x65, 0x64, 0x65, 0x03, 0x6C, 0x02, 0x65, 0x82, 0x72,
    0x99, 0x96, 0x05, 0x8E, 0x83, 0x72, 0x65, 0x72, 0x6F, 0x03, 0x65, 0x93, 0x73, 0xFD, 0xF9, 0xFD,
    0xF9, 0xB4, 0xD3, 0xBA, 0xD5, 0xE1, 0xD3, 0xD5, 0xE2, 0xE4, 0xD7, 0xD5, 0xB3, 0xFA, 0xFD, 0xE2,
    0x02, 0xB5, 0x81, 0xB7, 0x5C, 0x03, 0xD5, 0x83, 0xD7, 0xE8, 0xBE, 0xBC, 0x02, 0xD6, 0x03, 0xBE,
    0x81, 0xB8, 0xB9, 0x03, 0xB5, 0x83, 0xB9, 0xBD, 0xBA, 0xB9, 0x02, 0xC6, 0x85, 0xBD, 0xCC, 0xD7,
    0xE4, 0xD7, 0xE5, 0x04, 0xBB, 0x82, 0xBC, 0x9E, 0xBB, 0x03, 0xB8, 0x88, 0xB7, 0x9E, 0xBB, 0xCC,
    0xD6, 0xB8, 0x9E, 0xA3, 0x9E, 0x02, 0x8F, 0x83, 0x86, 0x4F, 0x87, 0x88, 0x02, 0x8C, 0x02, 0x9E,
    0x81, 0xA3, 0xAB, 0x03, 0x9E, 0x82, 0xAC, 0xE6, 0x9E, 0x03, 0x90, 0x07, 0x88, 0x80, 0xA4, 0x04,
    0x90, 0x82, 0xA3, 0xAC, 0xBB, 0x05, 0xAB, 0x8A, 0xB3, 0xB4, 0xE5, 0xAB, 0x90, 0xA4, 0xAB, 0xE5,
    0xF3, 0x9E, 0xA3, 0x07, 0xAC, 0x02, 0xA4, 0x81, 0xAC, 0xBB, 0x04, 0xBC, 0x03, 0xBB, 0x83, 0xBC,
    0xBB, 0xBC, 0xAE, 0x02, 0xAC, 0x02, 0xA7, 0x84, 0xAE, 0xA7, 0xAE, 0xA7, 0xAE, 0x02, 0xA7, 0x05,
    0xA4, 0x88, 0xAF, 0xAC, 0xBE, 0xBF, 0xE6, 0xE8, 0xE2, 0xEE, 0xE7, 0x03, 0xE2, 0x80, 0xE5, 0x02,
    0xBF, 0x85, 0xE2, 0xBD, 0xB0, 0xA7, 0x80, 0x40, 0x03, 0x48, 0x81, 0x40, 0x48, 0x02, 0x40, 0x80,
    0x81, 0x02, 0x48, 0x81, 0x81, 0x48, 0x02, 0x80, 0x0A, 0x48, 0x08, 0x80, 0x03, 0x81, 0x03, 0xA1,
    0x06, 0xA5, 0x04, 0xA6, 0x8F, 0x92, 0x97, 0x98, 0x91, 0x6D, 0x66, 0x58, 0x3B, 0x3E, 0x34, 0x24,
    0x1A, 0x2F, 0x32, 0x35, 0x37, 0x02, 0x3B, 0x03, 0x37, 0x82, 0x3B, 0x3E, 0x3B, 0x03, 0x37, 0x04,
    0x3B, 0x88, 0x64, 0x6F, 0x7C, 0x6B, 0x7C, 0x6B, 0x7C, 0x94, 0xC3, 0x03, 0xC7, 0x03, 0xC3, 0x03,
    0xC7, 0x81, 0xCD, 0xEF, 0x04, 0xFB, 0x8B, 0xF6, 0xFB, 0xFC, 0xFB, 0xFC, 0xF6, 0xF7, 0xFB, 0x91,
    0x64, 0x65, 0x64, 0x05, 0x6C, 0x81, 0x65, 0x72, 0x03, 0x99, 0x04, 0x8E, 0x84, 0x59, 0x72, 0x65,
    0x73, 0x72, 0x03, 0x65, 0x80, 0x92, 0x04, 0xFD, 0x81, 0xB6, 0xBA, 0x02, 0xD5, 0x02, 0xD3, 0x81,
    0xE1, 0xD5, 0x02, 0xE2, 0x02, 0xED, 0x86, 0xFA, 0xFD, 0xE2, 0xB9, 0x92, 0xAD, 0x73, 0x04, 0xD5,
    0x81, 0xE2, 0xE6, 0x02, 0xBC, 0x80, 0xD6, 0x02, 0xBE, 0x81, 0xE5, 0xBA, 0x04, 0xB4, 0x83, 0xB8,
    0xBD, 0xBB, 0xB4, 0x02, 0xC6, 0x82, 0xB9, 0xE5, 0xD5, 0x02, 0xE2, 0x80, 0xE7, 0x07, 0xBB, 0x82,
    0xB8, 0xCC, 0xB8, 0x03, 0xBB, 0x82, 0xCC, 0xD6, 0xCC, 0x02, 0xBB, 0x02, 0x9E, 0x02, 0x8F, 0x87,
    0x8C, 0x88, 0x8F, 0xA3, 0xAB, 0xB4, 0xAB, 0xA3, 0x02, 0xAB, 0x84, 0x9E, 0xA3, 0x9E, 0xA3, 0xAB,
    0x04, 0x90, 0x06, 0x88, 0x81, 0x90, 0xA3, 0x03, 0x90, 0x02, 0xA3, 0x82, 0xBB, 0xE8, 0xBB, 0x03,
    0xAB, 0x83, 0xB3, 0xB7, 0xE6, 0xD6, 0x02, 0xAB, 0x85, 0xBB, 0xF1, 0xE6, 0xA4, 0xAC, 0xBB, 0x02,
    0xAC, 0x83, 0xB7, 0xAC, 0xB7, 0xAC, 0x02, 0xA4, 0x81, 0xAC, 0xD6, 0x03, 0xBE, 0x02, 0xBC, 0x03,
    0xBB, 0x02, 0xBC, 0x80, 0xAE, 0x02, 0xAC, 0x02, 0xA7, 0x04, 0xAE, 0x82, 0xA7, 0xAC, 0xA7, 0x04,
    0xA4, 0x87, 0xAC, 0xBE, 0xAC, 0xBE, 0xBF, 0xF1, 0xE8, 0xD5, 0x04, 0xE2, 0x81, 0xE7, 0xE5, 0x02,
    0xBF, 0x84, 0xE2, 0xBD, 0xAF, 0xA2, 0x48, 0x02, 0x80, 0x03, 0x48, 0x04, 0x40, 0x03, 0x81, 0x0D,
    0x48, 0x04, 0x80, 0x05, 0x81, 0x04, 0xA1, 0x04, 0xA5, 0x80, 0xA6, 0x02, 0xA5, 0x04, 0xA6, 0x80,
    0x53, 0x03, 0x61, 0x81, 0x3B, 0x3E, 0x02, 0x3B, 0x85, 0x3F, 0x32, 0x3E, 0x2D, 0x51, 0x52, 0x02,
    0x3B, 0x80, 0x3E, 0x05, 0x3B, 0x82, 0x53, 0x3E, 0x3B, 0x03, 0x3E, 0x82, 0x50, 0x64, 0x6B, 0x04,
    0x7C, 0x81, 0x9B, 0xC3, 0x02, 0xC7, 0x80, 0xC5, 0x03, 0xC7, 0x02, 0xC3, 0x02, 0xC7, 0x82, 0xCE,
    0xEF, 0xFC, 0x02, 0xF7, 0x80, 0xFC, 0x02, 0xFB, 0x81, 0xF7, 0xFB, 0x03, 0xFC, 0x82, 0xC8, 0x79,
    0x6C, 0x02, 0x64, 0x87, 0x6C, 0x79, 0x6C, 0x65, 0x64, 0x6C, 0x6F, 0x72, 0x04, 0x99, 0x03, 0x8E,
    0x85, 0x99, 0x64, 0x72, 0x65, 0x92, 0x79, 0x03, 0x65, 0x80, 0x9A, 0x04, 0xFD, 0x80, 0xCB, 0x02,
    0xBA, 0x80, 0xD5, 0x02, 0xD3, 0x80, 0xE1, 0x02, 0xD5, 0x8A, 0xE7, 0xB6, 0xEE, 0xFA, 0xFD, 0xE8,
    0xB5, 0x9A, 0xB5, 0x9A, 0xB8, 0x04, 0xD5, 0x80, 0xF9, 0x02, 0xBC, 0x85, 0xD6, 0xBE, 0xBC, 0xE5,
    0xBA, 0xB4, 0x03, 0xB5, 0x83, 0xB7, 0xBD, 0xBC, 0xB5, 0x02, 0xB4, 0x82, 0xB9, 0xD5, 0xD6, 0x02,
    0xE2, 0x81, 0xD8, 0xE5, 0x06, 0xBB, 0x02, 0xB8, 0x86, 0xBD, 0x4C, 0xB7, 0xBB, 0xCC, 0xD6, 0xCC,
    0x02, 0xBB, 0x80, 0xB8, 0x04, 0x9E, 0x80, 0x8C, 0x02, 0xAB, 0x02, 0xB7, 0x02, 0xAB, 0x80, 0xAC,
    0x03, 0xAB, 0x84, 0x9E, 0xA4, 0x9E, 0xA4, 0xA3, 0x06, 0x90, 0x03, 0x88, 0x80, 0xA3, 0x02, 0x90,
    0x04, 0xA3, 0x82, 0xBB, 0xF1, 0xBC, 0x02, 0xAB, 0x89, 0xB3, 0xB4, 0xBB, 0xE8, 0xBB, 0xBC, 0xF3,
    0xD6, 0xAC, 0xA3, 0x02, 0xBB, 0x04, 0xAC, 0x81, 0xAE, 0xAC, 0x02, 0xA4, 0x82, 0xBC, 0xD6, 0xE6,
    0x03, 0xBE, 0x80, 0xBC, 0x02, 0xBB, 0x03, 0xBC, 0x03, 0xAE, 0x02, 0xA7, 0x06, 0xAE, 0x80, 0xA7,
    0x02, 0xA4, 0x80, 0xA7, 0x02, 0xAC, 0x86, 0xE6, 0xAC, 0xBF, 0xE6, 0xF1, 0xE7, 0xD5, 0x05, 0xE2,
    0x80, 0xBE, 0x02, 0xBF, 0x02, 0xBD, 0x80, 0xAE, 0x02, 0xA4, 0x82, 0x88, 0x80, 0x81, 0x02, 0x48,
    0x03, 0x40, 0x83, 0x80, 0x81, 0x48, 0x81, 0x0D, 0x48, 0x03, 0x80, 0x05, 0x81, 0x05, 0xA1, 0x04,
    0xA5, 0x80, 0xA6, 0x02, 0xA5, 0x04, 0xA6, 0x04, 0x3B, 0x80, 0x3E, 0x03, 0x3B, 0x82, 0x50, 0x3B,
    0x3E, 0x03, 0x53, 0x82, 0x50, 0x3B, 0x3E, 0x05, 0x3B, 0x81, 0x50, 0x3E, 0x02, 0x3B, 0x04, 0x6B,
    0x85, 0x79, 0x94, 0x9B, 0xC1, 0xC3, 0xC1, 0x02, 0xC3, 0x06, 0xC7, 0x83, 0xCD, 0xEC, 0xFB, 0xFC,
    0x02, 0xFB, 0x84, 0xFC, 0xF7, 0xF8, 0xF6, 0xF8, 0x02, 0xF7, 0x8A, 0xFB, 0xCE, 0x6C, 0x6F, 0x6C,
    0x65, 0x6C, 0x6F, 0x6C, 0x65, 0x6F, 0x03, 0x65, 0x80, 0x73, 0x02, 0x99, 0x81, 0x8E, 0x96, 0x04,
    0x8E, 0x85, 0x72, 0x64, 0x72, 0x73, 0x92, 0x79, 0x03, 0x65, 0x80, 0x98, 0x03, 0xFD, 0x81, 0xEF,
    0xE2, 0x03, 0xD5, 0x80, 0xD3, 0x02, 0xBA, 0x02, 0xD5, 0x8A, 0xE3, 0xD3, 0xEE, 0xF7, 0xF9, 0xF2,
    0xC9, 0xB5, 0xB2, 0xB5, 0xBA, 0x02, 0xD5, 0x8A, 0xE2, 0xD5, 0xE6, 0xC0, 0xBE, 0xBC, 0xBE, 0xBB,
    0xE6, 0xD5, 0xB4, 0x03, 0xB5, 0x8C, 0xBA, 0xBC, 0xBF, 0xB5, 0xB9, 0xB4, 0xB9, 0xB4, 0xE6, 0xD7,
    0xD5, 0xE2, 0xD6, 0x07, 0xBB, 0x80, 0xB8, 0x04, 0xBB, 0x02, 0xCC, 0x03, 0xBB, 0x02, 0xB8, 0x82,
    0xA3, 0x9E, 0xAC, 0x02, 0xAB, 0x85, 0xAC, 0xB7, 0xB8, 0xB7, 0xAC, 0xB7, 0x02, 0xAC, 0x02, 0xAB,
    0x81, 0x33, 0xAB, 0x02, 0xA4, 0x02, 0xA3, 0x0B, 0x90, 0x02, 0xA3, 0x02, 0xAB, 0x88, 0xE5, 0xF3,
    0xBB, 0xAB, 0x9E, 0xB4, 0xB7, 0xE6, 0xE5, 0x02, 0xF3, 0x84, 0xF1, 0xA3, 0xB7, 0xE5, 0xBC, 0x03,
    0xAC, 0x02, 0xAE, 0x84, 0xAC, 0xA4, 0xAC, 0xE6, 0xD6, 0x04, 0xBE, 0x81, 0xBC, 0xD5, 0x04, 0xBC,
    0x80, 0xAF, 0x02, 0xAE, 0x80, 0xAC, 0x03, 0xAE, 0x80, 0xAF, 0x04, 0xAE, 0x02, 0xA4, 0x80, 0xAF,
    0x02, 0xAE, 0x87, 0xBF, 0xA7, 0xBF, 0xE6, 0xE5, 0xE7, 0xCC, 0xE2, 0x02, 0xD6, 0x02, 0xE2, 0x80,
    0xBF, 0x02, 0xB0, 0x80, 0xBE, 0x02, 0xC0, 0x03, 0xB0, 0x82, 0xA8, 0xA6, 0x81, 0x03, 0x40, 0x81,
    0x80, 0xA1, 0x02, 0x80, 0x80, 0x81, 0x0C, 0x48, 0x82, 0x80, 0x83, 0x80, 0x06, 0x81, 0x03, 0xA1,
    0x03, 0xA5, 0x80, 0xA6, 0x02, 0xA5, 0x80, 0xA6, 0x02, 0xA5, 0x03, 0xA6, 0x80, 0xA7, 0x02, 0x91,
    0x80, 0x6D, 0x05, 0x3B, 0x82, 0x3E, 0x3B, 0x3E, 0x03, 0x53, 0x87, 0x50, 0x3E, 0x52, 0x50, 0x53,
    0x61, 0x70, 0x71, 0x02, 0x94, 0x07, 0x9B, 0x80, 0x9C, 0x05, 0x9B, 0x97, 0xC1, 0xC7, 0xC3, 0xC7,
    0xCD, 0xD0, 0xF6, 0xFC, 0xFD, 0xF7, 0xF8, 0xFC, 0xFB, 0xFC, 0xF7, 0xFA, 0xFB, 0xCC, 0xE0, 0xB1,
    0x79, 0x6C, 0x65, 0x6F, 0x02, 0x6C, 0x84, 0x65, 0x6C, 0x64, 0x65, 0x6F, 0x02, 0x65, 0x80, 0x73,
    0x02, 0x99, 0x06, 0x8E, 0x80, 0xAA, 0x02, 0x65, 0x84, 0x6C, 0x8E, 0x99, 0x79, 0x65, 0x02, 0x6C,
    0x85, 0x92, 0xFA, 0xF4, 0xFA, 0xB4, 0xF1, 0x03, 0xD5, 0x80, 0xD3, 0x02, 0xBA, 0x02, 0xE1, 0x8A,
    0xB6, 0xE2, 0xD7, 0xE2, 0xF9, 0xF7, 0xB6, 0xB9, 0x99, 0xB5, 0xB9, 0x02, 0xD5, 0x84, 0xE7, 0xD5,
    0xBD, 0xF3, 0xBE, 0x02, 0xBC, 0x83, 0xE6, 0xD6, 0xD5, 0xB4, 0x03, 0xB5, 0x83, 0xB7, 0xBD, 0xBF,
    0xB6, 0x02, 0xB4, 0x83, 0xB5, 0xB4, 0xB9, 0xBF, 0x02, 0xD5, 0x83, 0xE2, 0xD6, 0xBB, 0xBC, 0x04,
    0xBB, 0x80, 0xB8, 0x04, 0xBB, 0x02, 0xCC, 0x02, 0xBB, 0x85, 0xBC, 0xCC, 0xB8, 0xAB, 0xA3, 0xAB,
    0x02, 0x9E, 0x82, 0xAB, 0xB7, 0xB8, 0x02, 0xB7, 0x80, 0xAC, 0x04, 0xB7, 0x83, 0xAC, 0xB7, 0xA4,
    0xAC, 0x09, 0xA4, 0x80, 0xA3, 0x03, 0x90, 0x80, 0xA3, 0x02, 0xAB, 0x81, 0xB7, 0xAC, 0x02, 0xF3,
    0x84, 0xAB, 0xB3, 0xAB, 0xAC, 0xE6, 0x03, 0xF3, 0x84, 0xBB, 0xAC, 0xD6, 0xE6, 0xBC, 0x03, 0xAC,
    0x02, 0xAE, 0x84, 0xAC, 0xA4, 0xAE, 0xE5, 0xD6, 0x04, 0xBE, 0x81, 0xBC, 0xD6, 0x03, 0xBC, 0x83,
    0xBE, 0xBC, 0xAE, 0xBC, 0x0B, 0xAE, 0x80, 0xBC, 0x02, 0xAE, 0x87, 0xBF, 0xAC, 0xBF, 0xE6, 0xE5,
    0xE7, 0xCC, 0xD5, 0x02, 0xBD, 0x82, 0xD6, 0xBE, 0xBF, 0x02, 0xB0, 0x82, 0xBD, 0xF3, 0xC0, 0x03,
    0xB0, 0x88, 0xA8, 0xB0, 0xA6, 0x80, 0x40, 0x48, 0xA1, 0x80, 0x48, 0x02, 0x81, 0x0A, 0x48, 0x03,
    0x80, 0x81, 0x81, 0x80, 0x05, 0x81, 0x04, 0xA1, 0x03, 0xA5, 0x80, 0xA6, 0x02, 0xA5, 0x04, 0xA6,
    0x02, 0xA8, 0x80, 0xA7, 0x03, 0x91, 0x80, 0x6D, 0x07, 0x3B, 0x80, 0x53, 0x02, 0x61, 0x02, 0x53,
    0x02, 0x61, 0x80, 0x70, 0x02, 0x71, 0x81, 0x7E, 0x94, 0x02, 0x9B, 0x80, 0x9C, 0x05, 0x9B, 0x80,
    0xC1, 0x05, 0x9B, 0x85, 0xC1, 0xC7, 0xEC, 0xF8, 0xFC, 0xF7, 0x03, 0xFC, 0x80, 0xF7, 0x02, 0xFB,
    0x02, 0xFC, 0x86, 0xEF, 0x98, 0xC4, 0xA0, 0x78, 0x64, 0x65, 0x02, 0x64, 0x84, 0x6F, 0x6C, 0x64,
    0x65, 0x6F, 0x02, 0x65, 0x82, 0x6F, 0x6C, 0x73, 0x02, 0x99, 0x03, 0x8E, 0x80, 0xA3, 0x03, 0x8E,
    0x86, 0xB5, 0x64, 0x65, 0x72, 0x8E, 0x99, 0x79, 0x02, 0x6C, 0x86, 0x65, 0x73, 0xFC, 0xF7, 0xFC,
    0xE4, 0xFD, 0x03, 0xD5, 0x8F, 0xD3, 0xBA, 0xE1, 0xBA, 0xE1, 0xCB, 0xFF, 0xD8, 0xD7, 0xE7, 0xF6,
    0xB3, 0xD5, 0x73, 0xB9, 0xB4, 0x02, 0xD5, 0x80, 0xE2, 0x02, 0xD5, 0x87, 0xE6, 0xBC, 0xBE, 0xE6,
    0xD6, 0xE2, 0xD5, 0xB4, 0x03, 0xB5, 0x80, 0xB7, 0x02, 0xBF, 0x86, 0xB6, 0xB4, 0xB9, 0xB5, 0xB4,
    0xB6, 0xBF, 0x03, 0xD5, 0x80, 0xD6, 0x02, 0xBC, 0x04, 0xBB, 0x81, 0xB8, 0xBB, 0x02, 0xAE, 0x83,
    0xBB, 0xCC, 0xD5, 0xCC, 0x02, 0xBB, 0x82, 0xD6, 0xCC, 0xBC, 0x04, 0xA3, 0x85, 0xAB, 0xB7, 0xCC,
    0xB8, 0xBB, 0xAE, 0x02, 0xB7, 0x84, 0xAB, 0xB7, 0xAE, 0xB8, 0xAE, 0x04, 0xAC, 0x80, 0xA4, 0x05,
    0xAC, 0x81, 0xA4, 0xAC, 0x02, 0xA3, 0x80, 0xA4, 0x02, 0xAC, 0x89, 0xB7, 0xAB, 0xBB, 0xF3, 0xE8,
    0xA9, 0x9E, 0xAB, 0xE6, 0xF4, 0x02, 0xF3, 0x81, 0xBC, 0xD6, 0x02, 0xE6, 0x80, 0xBE, 0x03, 0xAC,
    0x84, 0xAE, 0xBC, 0xAC, 0xA7, 0xAE, 0x02, 0xD6, 0x05, 0xBE, 0x80, 0xBD, 0x05, 0xBE, 0x02, 0xBC,
    0x04, 0xAE, 0x80, 0xAF, 0x05, 0xAE, 0x81, 0xBC, 0xBF, 0x02, 0xBE, 0x86, 0xE6, 0xAD, 0xBF, 0xBE,
    0xE5, 0xD8, 0xCC, 0x02, 0xBD, 0x83, 0xBC, 0xBD, 0xBF, 0xAF, 0x02, 0xB0, 0x84, 0xBC, 0xB0, 0xAF,
    0xA8, 0xB0, 0x04, 0xA8, 0x83, 0x81, 0x48, 0xA1, 0x80, 0x02, 0x48, 0x81, 0xA1, 0x81, 0x09, 0x48,
    0x04, 0x80, 0x07, 0x81, 0x03, 0xA1, 0x04, 0xA5, 0x80, 0xA6, 0x02, 0xA5, 0x04, 0xA6, 0x02, 0xA8,
    0x80, 0xA7, 0x03, 0x91, 0x81, 0x70, 0x53, 0x02, 0x71, 0x04, 0x73, 0x81, 0x7E, 0x94, 0x18, 0x9B,
    0x87, 0xB6, 0xFB, 0xF2, 0xF6, 0xFB, 0xEF, 0xCF, 0xD4, 0x02, 0xCF, 0x8C, 0xA0, 0x93, 0x79, 0x65,
    0x64, 0x65, 0x72, 0x6F, 0x6C, 0x37, 0x3E, 0x53, 0x65, 0x02, 0x6C, 0x02, 0x65, 0x84, 0x6C, 0x64,
    0x6C, 0x72, 0x92, 0x02, 0x99, 0x82, 0x96, 0x9D, 0xA9, 0x02, 0xA3, 0x02, 0x8E, 0x81, 0xAA, 0x99,
    0x02, 0x65, 0x83, 0x73, 0x8E, 0x96, 0x79, 0x02, 0x6C, 0x89, 0x65, 0x70, 0xFF, 0xFC, 0xB4, 0xFB,
    0xF4, 0xE2, 0xD5, 0xD3, 0x03, 0xD5, 0x8A, 0xBA, 0xB5, 0xE1, 0xF1, 0xF7, 0xE4, 0xD5, 0xD3, 0xE4,
    0xE2, 0xD3, 0x02, 0xB9, 0x02, 0xD5, 0x03, 0xE2, 0x83, 0xD5, 0xD6, 0xE5, 0xD6, 0x02, 0xE2, 0x81,
    0xD5, 0xB4, 0x03, 0xB5, 0x8B, 0xAD, 0xBF, 0xB0, 0xB9, 0xB4, 0xB9, 0xB5, 0xB9, 0xB4, 0xAD, 0xE6,
    0xBA, 0x02, 0xD5, 0x80, 0xE5, 0x02, 0xBC, 0x03, 0xBB, 0x02, 0xB8, 0x82, 0xBB, 0xAE, 0xB7, 0x02,
    0xBB, 0x87, 0xCC, 0xBB, 0xBC, 0xCC, 0xD8, 0xD6, 0xBB, 0x9E, 0x03, 0xAC, 0x81, 0xB7, 0xB8, 0x03,
    0xBB, 0x03, 0xB7, 0x81, 0xB8, 0xAE, 0x02, 0xB7, 0x02, 0xAE, 0x81, 0xAC, 0xAE, 0x07, 0xAC, 0x80,
    0xAE, 0x06, 0xAC, 0x84, 0x9E, 0xAC, 0xBB, 0xE6, 0xB8, 0x02, 0x9E, 0x83, 0xF3, 0xE6, 0xF3, 0xE6,
    0x03, 0xE5, 0x02, 0xE6, 0x80, 0xAD, 0x02, 0xAC, 0x83, 0xAE, 0xBC, 0xAC, 0xA4, 0x02, 0xBE, 0x80,
    0xD6, 0x05, 0xBE, 0x80, 0xD6, 0x07, 0xBE, 0x04, 0xAE, 0x80, 0xAF, 0x05, 0xAE, 0x02, 0xBE, 0x02,
    0xE6, 0x87, 0xBF, 0xA3, 0xBE, 0xE5, 0xE7, 0xD5, 0xBA, 0xAE, 0x02, 0xAF, 0x80, 0xBD, 0x06, 0xAF,
    0x80, 0xA7, 0x04, 0xA6, 0x03, 0xA2, 0x81, 0xA1, 0x81, 0x02, 0x48, 0x82, 0x80, 0x81, 0xA1, 0x09,
    0x48, 0x03, 0x80, 0x07, 0x81, 0x04, 0xA1, 0x04, 0xA5, 0x07, 0xA6, 0x02, 0xA8, 0x80, 0xA7, 0x02,
    0x91, 0x83, 0x6D, 0x3B, 0x3E, 0x70, 0x06, 0x9B, 0x02, 0xC1, 0x17, 0x9B, 0x82, 0x79, 0x65, 0x6C,
    0x02, 0x6F, 0x03, 0x6C, 0x80, 0x65, 0x02, 0x6C, 0x80, 0x6F, 0x02, 0x65, 0x02, 0x6C, 0x02, 0x6F,
    0x85, 0x25, 0x17, 0x1B, 0x6C, 0x65, 0x6C, 0x03, 0x65, 0x82, 0x6C, 0x64, 0x6C, 0x02, 0x99, 0x81,
    0x8E, 0x96, 0x02, 0xA9, 0x82, 0xA3, 0xA4, 0xBF, 0x02, 0x8E, 0x81, 0x9D, 0x89, 0x02, 0x65, 0x8E,
    0x89, 0x8E, 0x96, 0x79, 0x6C, 0x6F, 0x65, 0x72, 0xFD, 0xEE, 0xEF, 0xFD, 0xF4, 0xFA, 0xE2, 0x04,
    0xD5, 0x8C, 0xD3, 0xB6, 0xD3, 0xD5, 0xFD, 0xF7, 0xF6, 0xB6, 0xE2, 0xD7, 0xE7, 0xE1, 0xD3, 0x02,
    0xD5, 0x02, 0xE2, 0x81, 0xF9, 0xE6, 0x05, 0xD5, 0x80, 0xE2, 0x04, 0xB5, 0x83, 0xAD, 0xC0, 0xAF,
    0xB8, 0x02, 0xB4, 0x02, 0xB5, 0x87, 0xB4, 0xB9, 0xBA, 0xBF, 0xBA, 0xB9, 0xBA, 0xE5, 0x04, 0xBB,
    0x85, 0xB8, 0xBB, 0xBA, 0xAE, 0xAD, 0xB7, 0x03, 0xBB, 0x82, 0xBC, 0xD5, 0xCC, 0x02, 0xD6, 0x02,
    0xBB, 0x03, 0xB7, 0x82, 0xB8, 0xBB, 0xBC, 0x02, 0xBB, 0x02, 0xB7, 0x81, 0xB8, 0xBB, 0x02, 0xB7,
    0x80, 0xAC, 0x0D, 0xAE, 0x02, 0xAC, 0x02, 0xB7, 0x89, 0xB8, 0xAC, 0x9E, 0xBE, 0xE7, 0x9E, 0xA3,
    0xBF, 0xE6, 0xF3, 0x02, 0xE5, 0x81, 0xE6, 0xD6, 0x02, 0xE6, 0x02, 0xAE, 0x87, 0xAC, 0xAE, 0xBB,
    0xAC, 0xA4, 0xBF, 0xBE, 0xD6, 0x05, 0xBE, 0x81, 0xE5, 0xBE, 0x02, 0xBF, 0x03, 0xE6, 0x84, 0xE5,
    0xBB, 0xAE, 0xBC, 0xAE, 0x03, 0xBC, 0x80, 0xBB, 0x02, 0xBC, 0x81, 0xF1, 0xE6, 0x03, 0xBF, 0x84,
    0xA3, 0xBE, 0xD6, 0xE7, 0xBB, 0x02, 0xAE, 0x82, 0xA8, 0xAF, 0xAE, 0x04, 0xAF, 0x03, 0xA7, 0x04,
    0xA6, 0x83, 0xA2, 0xA4, 0xA2, 0xA1, 0x03, 0x48, 0x02, 0x80, 0x81, 0xA1, 0x80, 0x09, 0x48, 0x80,
    0x80, 0x02, 0x83, 0x04, 0x81, 0x06, 0xA1, 0x04, 0xA5, 0x07, 0xA6, 0x02, 0xA8, 0x80, 0xA7, 0x05,
    0x3B, 0x80, 0x61, 0x05, 0x9B, 0x83, 0x9C, 0x9A, 0x98, 0x9C, 0x06, 0x9B, 0x84, 0x9C, 0xC1, 0x9C,
    0xC1, 0x9B, 0x02, 0x9C, 0x81, 0xC1, 0x9C, 0x02, 0x9B, 0x02, 0x9C, 0x02, 0x9B, 0x80, 0x94, 0x03,
    0x93, 0x02, 0x79, 0x80, 0x6C, 0x03, 0x64, 0x83, 0x6F, 0x78, 0x79, 0x64, 0x03, 0x65, 0x02, 0x79,
    0x82, 0x64, 0x21, 0x64, 0x02, 0x65, 0x80, 0x6C, 0x03, 0x65, 0x85, 0x6F, 0x6C, 0x92, 0x99, 0x96,
    0x9D, 0x02, 0xA9, 0x83, 0xA3, 0xAF, 0xF3, 0xAD, 0x02, 0x8E, 0x81, 0x9D, 0x73, 0x02, 0x65, 0x8A,
    0x89, 0x8E, 0x96, 0x79, 0x6C, 0x65, 0x6B, 0x6C, 0xFB, 0xC6, 0xF2, 0x02, 0xFA, 0x81, 0xFD, 0xF2,
    0x04, 0xD5, 0x8B, 0xB6, 0xCB, 0xD3, 0xD5, 0xF2, 0xFA, 0xF7, 0xC6, 0xFA, 0xA9, 0xE2, 0xE1, 0x02,
    0xD3, 0x85, 0xD7, 0xE7, 0xD5, 0xF1, 0xFD, 0xF1, 0x05, 0xD5, 0x80, 0xB9, 0x04, 0xAD, 0x82, 0xC0,
    0xB0, 0xBB, 0x02, 0xB4, 0x03, 0xB5, 0x02, 0xB4, 0x84, 0xAF, 0xAD, 0xB4, 0xB9, 0xD6, 0x02, 0xBC,
    0x02, 0xBB, 0x02, 0xBC, 0x02, 0xBA, 0x02, 0xB7, 0x81, 0xBB, 0xB7, 0x03, 0xBB, 0x80, 0xCC, 0x02,
    0xD6, 0x02, 0xBC, 0x02, 0xBB, 0x83, 0xB7, 0xB8, 0xD5, 0xBC, 0x03, 0xBB, 0x89, 0xB7, 0xB8, 0xBB,
    0xB8, 0xB7, 0xAE, 0xBB, 0xAE, 0xBB, 0xBC, 0x03, 0xBB, 0x04, 0xAE, 0x03, 0xB7, 0x03, 0xBB, 0x86,
    0xCC, 0xAC, 0x9E, 0xB7, 0xE6, 0xB7, 0xA3, 0x02, 0xBF, 0x02, 0xD6, 0x82, 0xE6, 0xF1, 0xE5, 0x02,
    0xE6, 0x02, 0xBB, 0x81, 0xAC, 0xAE, 0x02, 0xAC, 0x84, 0xA4, 0xBE, 0xE5, 0xD6, 0xE6, 0x05, 0xBE,
    0x82, 0xE6, 0xBE, 0xBF, 0x04, 0xE6, 0x83, 0xBB, 0xAE, 0xBF, 0xAE, 0x03, 0xBC, 0x84, 0xBB, 0xBC,
    0xBE, 0xF3, 0xE6, 0x03, 0xBF, 0x83, 0xA4, 0xBD, 0xE5, 0xD8, 0x02, 0xAE, 0x05, 0xA7, 0x02, 0xAF,
    0x80, 0xA8, 0x02, 0xA7, 0x03, 0xA6, 0x87, 0xA4, 0xA6, 0xA2, 0xA4, 0xA2, 0x81, 0x48, 0x40, 0x03,
    0x48, 0x80, 0xA1, 0x02, 0x81, 0x08, 0x48, 0x80, 0x80, 0x02, 0x83, 0x02, 0x81, 0x07, 0xA1, 0x05,
    0xA5, 0x07, 0xA6, 0x03, 0xA8, 0x04, 0x3B, 0x81, 0x61, 0x94, 0x05, 0x9B, 0x85, 0x9C, 0x9B, 0xA0,
    0x3E, 0x70, 0x93, 0x02, 0x94, 0x81, 0x9B, 0x9C, 0x02, 0xB1, 0x02, 0x9C, 0x04, 0x9A, 0x81, 0x9B,
    0x9A, 0x04, 0x9B, 0x03, 0x94, 0x02, 0x93, 0x82, 0x79, 0x93, 0x6F, 0x02, 0x64, 0x84, 0x65, 0x6C,
    0x6F, 0x6C, 0x64, 0x03, 0x65, 0x83, 0x79, 0x6F, 0x6C, 0x2D, 0x02, 0x65, 0x03, 0x6C, 0x02, 0x65,
    0x82, 0x72, 0x92, 0x99, 0x02, 0x9D, 0x85, 0xA9, 0x9D, 0xA9, 0xBC, 0xF3, 0xFD, 0x03, 0x8E, 0x81,
    0x9D, 0x73, 0x02, 0x65, 0x03, 0x8E, 0x82, 0x79, 0x6C, 0x6B, 0x02, 0x6C, 0x82, 0x93, 0xFB, 0xFC,
    0x02, 0xFA, 0x88, 0xFD, 0xFA, 0xF2, 0xE2, 0xD5, 0xBA, 0xB5, 0xBA, 0xD3, 0x02, 0xD5, 0x89, 0xF2,
    0xEE, 0xD4, 0xFA, 0xD3, 0xE2, 0xE1, 0xD3, 0xD7, 0xD3, 0x02, 0xE2, 0x83, 0xD6, 0xFD, 0xF9, 0xF1,
    0x02, 0xF9, 0x81, 0xBD, 0xBA, 0x05, 0xAD, 0x02, 0xB0, 0x81, 0xBD, 0xB4, 0x04, 0xB5, 0x80, 0xB4,
    0x02, 0xB5, 0x87, 0xBF, 0xAD, 0xB9, 0xD5, 0xE2, 0xBE, 0xBC, 0xBB, 0x03, 0xBC, 0x81, 0xBB, 0xB8,
    0x02, 0xBB, 0x81, 0xB7, 0xAD, 0x02, 0xBB, 0x81, 0xB8, 0xBC, 0x04, 0xD6, 0x83, 0xBC, 0xBD, 0xCC,
    0xD5, 0x04, 0xBC, 0x80, 0xBB, 0x02, 0xB7, 0x02, 0xB8, 0x02, 0xAE, 0x02, 0xBB, 0x05, 0xBC, 0x80,
    0xBB, 0x02, 0xAE, 0x81, 0xBB, 0xB8, 0x04, 0xBB, 0x81, 0xD5, 0xB7, 0x02, 0x9E, 0x82, 0xE5, 0xD6,
    0xAB, 0x02, 0xBE, 0x86, 0xD6, 0xBC, 0xE6, 0xF1, 0xE5, 0xF3, 0xE6, 0x02, 0xBD, 0x87, 0xAC, 0xAE,
    0xAC, 0xAE, 0xA7, 0xBF, 0xBE, 0xD6, 0x02, 0xE6, 0x80, 0xBE, 0x0A, 0xE6, 0x83, 0xBB, 0xAE, 0xBF,
    0xAE, 0x05, 0xBC, 0x03, 0xF1, 0x80, 0xBF, 0x02, 0xAF, 0x84, 0xA2, 0xBF, 0xE2, 0xCC, 0xAF, 0x0B,
    0xA7, 0x03, 0xA6, 0x81, 0xA7, 0xA2, 0x02, 0xA4, 0x81, 0xA2, 0x81, 0x02, 0x20, 0x03, 0x48, 0x80,
    0x80, 0x02, 0xA1, 0x80, 0x81, 0x04, 0x48, 0x81, 0x49, 0x48, 0x02, 0x80, 0x02, 0x83, 0x02, 0x81,
    0x06, 0xA1, 0x06, 0xA5, 0x07, 0xA6, 0x03, 0xA8, 0x89, 0x91, 0x73, 0x58, 0x50, 0x3B, 0x3E, 0x70,
    0x7E, 0x91, 0x7E, 0x02, 0x94, 0x82, 0x7A, 0x9B, 0x94, 0x02, 0x93, 0x80, 0x94, 0x02, 0x91, 0x81,
    0x92, 0x99, 0x03, 0x9A, 0x82, 0x9C, 0x9A, 0x94, 0x02, 0x9B, 0x04, 0x94, 0x03, 0x93, 0x03, 0x79,
    0x82, 0x6C, 0x6F, 0x6C, 0x03, 0x65, 0x82, 0x6C, 0x6F, 0x6C, 0x04, 0x65, 0x81, 0x6F, 0x79, 0x02,
    0x6C, 0x88, 0x61, 0x92, 0x70, 0x72, 0x65, 0x6C, 0x72, 0x99, 0x9D, 0x03, 0xA9, 0x81, 0x9D, 0xAD,
    0x02, 0xBD, 0x02, 0xBA, 0x03, 0x8E, 0x81, 0xAA, 0x8A, 0x02, 0x65, 0x80, 0x89, 0x02, 0x8E, 0x80,
    0x51, 0x02, 0x6C, 0x02, 0x6F, 0x82, 0x94, 0xF6, 0xFB, 0x02, 0xFA, 0x03, 0xFD, 0x83, 0xF2, 0xD5,
    0xB2, 0xD5, 0x04, 0xBA, 0x90, 0xD3, 0xC6, 0xF6, 0xD3, 0xE4, 0xD5, 0xD3, 0xE1, 0xD7, 0xD3, 0xD7,
    0xE1, 0xD5, 0xE2, 0xFE, 0xF1, 0xF9, 0x02, 0xF3, 0x80, 0xBF, 0x04, 0xAD, 0x80, 0xAA, 0x02, 0xB0,
    0x82, 0xBF, 0xAA, 0xAD, 0x05, 0xB5, 0x86, 0xB9, 0xAD, 0xB0, 0xAD, 0xB9, 0xE2, 0xD6, 0x06, 0xBC,
    0x02, 0xCC, 0x80, 0xBB, 0x04, 0xAE, 0x82, 0xB8, 0xBB, 0xBC, 0x0C, 0xD6, 0x82, 0xCC, 0xBB, 0xB8,
    0x04, 0xBB, 0x82, 0xAE, 0xBE, 0xD6, 0x03, 0xBE, 0x80, 0xBB, 0x02, 0xAE, 0x81, 0xBB, 0xB8, 0x02,
    0xBB, 0x8F, 0xBC, 0xBB, 0xD6, 0xBB, 0xB7, 0x9E, 0xBB, 0xD6, 0xBE, 0xBF, 0xBE, 0xD6, 0xBB, 0xE6,
    0xF1, 0xE5, 0x02, 0xE6, 0x81, 0xE5, 0xBD, 0x03, 0xAE, 0x82, 0xA7, 0xAE, 0xE6, 0x03, 0xE5, 0x0B,
    0xE6, 0x85, 0xF1, 0xBB, 0xAE, 0xBF, 0xBB, 0xBE, 0x03, 0xBC, 0x80, 0xBE, 0x02, 0xF1, 0x87, 0xC0,
    0xF3, 0xAF, 0xA8, 0xA7, 0xE6, 0xE1, 0xBB, 0x03, 0xAE, 0x02, 0xA7, 0x80, 0xAE, 0x05, 0xA7, 0x81,
    0xA6, 0xA7, 0x02, 0xA6, 0x81, 0xA4, 0x48, 0x02, 0xA4, 0x81, 0xA2, 0xA1, 0x02, 0x20, 0x80, 0x40,
    0x03, 0x48, 0x80, 0x81, 0x02, 0xA1, 0x80, 0x81, 0x03, 0x80, 0x81, 0x83, 0x48, 0x02, 0x80, 0x03,
    0x83, 0x06, 0xA1, 0x03, 0xA5, 0x80, 0xA2, 0x03, 0xA5, 0x07, 0xA6, 0x02, 0xA8, 0x81, 0xA7, 0x76,
    0x05, 0x91, 0x83, 0x73, 0x58, 0x3E, 0x3B, 0x02, 0x3E, 0x83, 0x25, 0x53, 0x50, 0x3A, 0x02, 0x3B,
    0x80, 0x37, 0x02, 0x3B, 0x80, 0x91, 0x02, 0xB1, 0x84, 0xB2, 0xB1, 0x94, 0x93, 0x79, 0x02, 0x6C,
    0x02, 0x65, 0x80, 0x6C, 0x06, 0x65, 0x82, 0x64, 0x6F, 0x6C, 0x03, 0x65, 0x86, 0x6C, 0x6F, 0x6C,
    0x65, 0x6C, 0x65, 0x6C, 0x02, 0x79, 0x81, 0x6C, 0x65, 0x02, 0x6C, 0x03, 0x72, 0x81, 0x8A, 0xA9,
    0x03, 0x8E, 0x80, 0x96, 0x0A, 0x8E, 0x81, 0xAA, 0x99, 0x02, 0x65, 0x80, 0x89, 0x02, 0x8E, 0x82,
    0x3D, 0x21, 0x6C, 0x02, 0x6F, 0x82, 0x72, 0xF6, 0xFB, 0x02, 0xFA, 0x81, 0xFD, 0xFA, 0x02, 0xFD,
    0x82, 0xF2, 0xD3, 0xE1, 0x04, 0xBA, 0x86, 0xE3, 0xCB, 0xE1, 0xB5, 0xFF, 0xD5, 0xD3, 0x02, 0xE1,
    0x82, 0xD3, 0xD7, 0xE1, 0x02, 0xD5, 0x80, 0xF1, 0x02, 0xF9, 0x02, 0xF3, 0x02, 0xC0, 0x80, 0xAA,
    0x02, 0xAD, 0x80, 0xAA, 0x02, 0xB0, 0x80, 0xBF, 0x03, 0xAD, 0x04, 0xB5, 0x02, 0xB4, 0x85, 0xB5,
    0xBF, 0xB5, 0xD5, 0xE2, 0xE5, 0x05, 0xBC, 0x84, 0xD6, 0xCC, 0xB8, 0xB7, 0xAC, 0x02, 0xAE, 0x02,
    0xB7, 0x81, 0xBB, 0xBC, 0x0C, 0xD6, 0x81, 0xBB, 0xB8, 0x05, 0xBB, 0x80, 0xBD, 0x02, 0xD6, 0x87,
    0xE5, 0xE6, 0xBE, 0xBB, 0xAE, 0xBB, 0xB8, 0xBD, 0x02, 0xBC, 0x8A, 0xBB, 0xD8, 0xE6, 0xB8, 0xA3,
    0xAB, 0xE5, 0xD6, 0xBF, 0xF3, 0xD6, 0x02, 0xBC, 0x81, 0xE6, 0xE5, 0x02, 0xE6, 0x02, 0xE5, 0x80,
    0xBB, 0x02, 0xAE, 0x81, 0xA7, 0xAE, 0x02, 0xE6, 0x02, 0xE5, 0x81, 0xE6, 0xE5, 0x08, 0xE6, 0x89,
    0xF1, 0xE6, 0xBB, 0xAE, 0xBE, 0xB7, 0xE6, 0xE5, 0xD6, 0xE6, 0x03, 0xF1, 0x89, 0xE6, 0xC0, 0xBF,
    0xA7, 0xC0, 0xF1, 0xD5, 0xAE, 0xAF, 0xAE, 0x03, 0xA7, 0x80, 0xAE, 0x04, 0xA7, 0x84, 0x88, 0xA2,
    0xA6, 0xA7, 0xA6, 0x02, 0xA2, 0x80, 0xA3, 0x02, 0xA4, 0x81, 0xA1, 0x20, 0x02, 0x40, 0x04, 0x48,
    0x82, 0x81, 0x83, 0x81, 0x02, 0x80, 0x81, 0x81, 0x83, 0x03, 0x80, 0x03, 0x83, 0x05, 0xA1, 0x04,
    0xA5, 0x80, 0xA6, 0x02, 0xA5, 0x08, 0xA6, 0x03, 0xA8, 0x0A, 0x76, 0x87, 0x7B, 0x76, 0x26, 0x2C,
    0x1C, 0x27, 0x3B, 0x3E, 0x04, 0x37, 0x02, 0x3B, 0x03, 0x37, 0x81, 0x3B, 0x61, 0x04, 0x65, 0x80,
    0x6C, 0x04, 0x64, 0x82, 0x65, 0x64, 0x65, 0x02, 0x6C, 0x03, 0x65, 0x81, 0x6C, 0x79, 0x02, 0x72,
    0x82, 0x65, 0x64, 0x65, 0x02, 0x6F, 0x02, 0x64, 0x84, 0x72, 0x91, 0x99, 0x9D, 0x99, 0x05, 0x8E,
    0x80, 0x96, 0x0A, 0x8E, 0x81, 0xA9, 0x99, 0x02, 0x65, 0x84, 0x72, 0x8E, 0x96, 0x70, 0x50, 0x02,
    0x6F, 0x82, 0x7C, 0x65, 0xEF, 0x03, 0xFA, 0x88, 0xFC, 0xFA, 0xFC, 0xF9, 0xB3, 0xE8, 0xBA, 0xD5,
    0xBA, 0x02, 0xD5, 0x81, 0xB5, 0xCB, 0x02, 0xD3, 0x82, 0xBA, 0xD5, 0xD3, 0x02, 0xE1, 0x82, 0xD3,
    0xD7, 0xE1, 0x02, 0xD3, 0x80, 0xD5, 0x03, 0xF9, 0x80, 0xF3, 0x02, 0xC0, 0x02, 0xAA, 0x81, 0xAD,
    0xAA, 0x02, 0xB0, 0x80, 0xBF, 0x02, 0xAD, 0x81, 0xB4, 0xAA, 0x03, 0xB5, 0x02, 0xB4, 0x02, 0xAD,
    0x81, 0xB0, 0xBD, 0x02, 0xE2, 0x81, 0xD6, 0xBE, 0x03, 0xBC, 0x8B, 0xBD, 0xD6, 0xD8, 0xB8, 0xAD,
    0xAE, 0xAC, 0xAD, 0xB7, 0xAE, 0xBB, 0xBC, 0x04, 0xD6, 0x06, 0xE5, 0x02, 0xD6, 0x82, 0xCC, 0xBB,
    0xBC, 0x03, 0xBB, 0x82, 0xB8, 0xD5, 0xE5, 0x02, 0xE6, 0x85, 0xF1, 0xBB, 0xAE, 0xBB, 0xB8, 0xBD,
    0x02, 0xBE, 0x85, 0xD5, 0xD6, 0xE6, 0xB8, 0xA3, 0xAB, 0x02, 0xE5, 0x80, 0xBE, 0x02, 0xE5, 0x03,
    0xBC, 0x82, 0xE5, 0xF3, 0xF1, 0x02, 0xE5, 0x80, 0xBD, 0x02, 0xAE, 0x82, 0xA7, 0xAF, 0xBF, 0x02,
    0xE6, 0x03, 0xE5, 0x07, 0xE6, 0x02, 0xF1, 0x84, 0xE5, 0xBC, 0xBB, 0xE6, 0xBA, 0x02, 0xF1, 0x81,
    0xE5, 0xE6, 0x04, 0xF1, 0x02, 0xBF, 0x84, 0xB0, 0xBF, 0xBE, 0xBB, 0xAE, 0x02, 0xAF, 0x03, 0xA7,
    0x80, 0xAE, 0x03, 0xA7, 0x8C, 0xA6, 0xA8, 0xA6, 0xA7, 0xA4, 0xA3, 0x80, 0x88, 0x90, 0xA3, 0x90,
    0xA1, 0x48, 0x03, 0x40, 0x03, 0x48, 0x02, 0x83, 0x81, 0x81, 0xA1, 0x02, 0x81, 0x02, 0x83, 0x02,
    0x80, 0x03, 0x83, 0x04, 0xA1, 0x05, 0xA5, 0x80, 0xA6, 0x02, 0xA5, 0x09, 0xA6, 0x81, 0xA8, 0xA6,
    0x0A, 0x76, 0x84, 0x91, 0x76, 0x58, 0x3B, 0x3E, 0x02, 0x37, 0x80, 0x3E, 0x05, 0x37, 0x80, 0x3B,
    0x03, 0x37, 0x84, 0x3B, 0x50, 0x3E, 0x64, 0x65, 0x08, 0x64, 0x81, 0x65, 0x6C, 0x05, 0x65, 0x81,
    0x6F, 0x64, 0x04, 0x65, 0x02, 0x6F, 0x02, 0x65, 0x84, 0x9A, 0x99, 0xAA, 0xAD, 0xA9, 0x05, 0x8E,
    0x80, 0x9D, 0x0B, 0x8E, 0x80, 0x96, 0x03, 0x65, 0x94, 0x92, 0x9D, 0x73, 0x6F, 0x79, 0x6F, 0x7C,
    0x6C, 0xB2, 0xF2, 0xF6, 0xFB, 0xFA, 0xFB, 0xF7, 0xE4, 0xFC, 0xF9, 0xF4, 0xD5, 0xD3, 0x02, 0xD5,
    0x85, 0xCB, 0xCA, 0xB6, 0xBA, 0xD5, 0xBA, 0x02, 0xD3, 0x83, 0xD7, 0xD3, 0xD8, 0xD7, 0x02, 0xE1,
    0x82, 0xD3, 0xBA, 0xF2, 0x02, 0xF9, 0x80, 0xC0, 0x05, 0xAD, 0x83, 0xAE, 0xB0, 0xBC, 0xBF, 0x02,
    0xB5, 0x02, 0xB9, 0x04, 0xB5, 0x80, 0xB9, 0x02, 0xAD, 0x80, 0xBD, 0x03, 0xE2, 0x84, 0xD6, 0xBE,
    0xBB, 0xBC, 0xBD, 0x02, 0xD6, 0x81, 0xD5, 0xBB, 0x03, 0xAE, 0x83, 0xB7, 0xBB, 0xBC, 0xBE, 0x03,
    0xD6, 0x07, 0xE5, 0x83, 0xE2, 0xD6, 0xE5, 0xD6, 0x02, 0xBC, 0x89, 0xBB, 0xCC, 0xB8, 0xD5, 0xF1,
    0xE6, 0xE2, 0xE6, 0xE2, 0xBC, 0x02, 0xBB, 0x8E, 0xBD, 0xE6, 0xBE, 0xE5, 0xD6, 0xF3, 0xB7, 0xA4,
    0xA3, 0xBC, 0xBE, 0xF3, 0xCC, 0xE5, 0xD6, 0x02, 0xBC, 0x81, 0xD6, 0xF3, 0x02, 0xE6, 0x82, 0xE5,
    0xD6, 0xAD, 0x02, 0xAE, 0x80, 0xAF, 0x02, 0xBF, 0x81, 0xE5, 0xE6, 0x02, 0xD6, 0x06, 0xE6, 0x84,
    0xF3, 0xF1, 0xF3, 0xE6, 0xD6, 0x02, 0xBE, 0x81, 0xB7, 0xF3, 0x03, 0xE6, 0x81, 0xF1, 0xF3, 0x02,
    0xF1, 0x03, 0xBF, 0x80, 0xAF, 0x02, 0xAE, 0x02, 0xAF, 0x81, 0xAE, 0xAF, 0x05, 0xA7, 0x04, 0xA4,
    0x82, 0xA3, 0xA7, 0x83, 0x02, 0xA4, 0x88, 0xA2, 0xA7, 0xA4, 0xA6, 0xA1, 0x48, 0x40, 0x48, 0x80,
    0x02, 0x81, 0x02, 0x83, 0x04, 0x81, 0x02, 0x83, 0x81, 0x81, 0x80, 0x03, 0x83, 0x81, 0xA1, 0x83,
    0x02, 0xA1, 0x05, 0xA5, 0x80, 0xA2, 0x06, 0xA5, 0x81, 0xA6, 0xA5, 0x02, 0xA6, 0x03, 0xA7, 0x0A,
    0x76, 0x02, 0x91, 0x82, 0x66, 0x50, 0x3E, 0x02, 0x37, 0x80, 0x3E, 0x05, 0x37, 0x80, 0x3B, 0x03,
    0x37, 0x80, 0x3B, 0x02, 0x3E, 0x81, 0x64, 0x65, 0x08, 0x64, 0x80, 0x65, 0x04, 0x64, 0x83, 0x65,
    0x64, 0x6C, 0x64, 0x04, 0x65, 0x86, 0x79, 0x72, 0x65, 0x64, 0x65, 0x6C, 0x72, 0x07, 0x8E, 0x80,
    0x96, 0x0C, 0x8E, 0x80, 0x8A, 0x02, 0x65, 0x83, 0x72, 0x96, 0x92, 0x6F, 0x02, 0x79, 0x02, 0x6F,
    0x80, 0x78, 0x02, 0xFB, 0x84, 0xF7, 0xF2, 0xF7, 0xF6, 0xD3, 0x04, 0xFD, 0x84, 0xE2, 0xD5, 0xB9,
    0xD5, 0xB2, 0x02, 0xD5, 0x02, 0xBA, 0x02, 0xD3, 0x83, 0xD5, 0xD3, 0xD8, 0xD7, 0x02, 0xE1, 0x02,
    0xD3, 0x84, 0x8D, 0xE2, 0xF3, 0xC0, 0xBF, 0x03, 0xAD, 0x86, 0xAA, 0xAD, 0xB0, 0xBD, 0xBF, 0xB5,
    0xB9, 0x03, 0xAA, 0x80, 0xB9, 0x03, 0xB5, 0x82, 0xB9, 0xAD, 0xAB, 0x03, 0xE2, 0x88, 0xD6, 0xE2,
    0xE5, 0xE6, 0xE2, 0xD8, 0xE7, 0xD6, 0xBE, 0x04, 0xBB, 0x80, 0xBC, 0x02, 0xBE, 0x80, 0xD6, 0x07,
    0xE5, 0x02, 0xE6, 0x02, 0xE7, 0x82, 0xF1, 0xE6, 0xE5, 0x02, 0xD6, 0x91, 0xD5, 0xB8, 0xBA, 0xF1,
    0xE6, 0xE7, 0xE6, 0xE2, 0xB7, 0xBB, 0xD5, 0xBB, 0xE6, 0xBF, 0xE6, 0xE5, 0xF1, 0xBC, 0x02, 0xA4,
    0x8B, 0xAE, 0xBE, 0xF3, 0xCC, 0xE5, 0xD6, 0xBE, 0xBC, 0xE5, 0xF3, 0xE6, 0xF1, 0x02, 0xE5, 0x80,
    0xAD, 0x02, 0xAE, 0x80, 0xAF, 0x02, 0xC0, 0x81, 0xBF, 0xE6, 0x02, 0xE5, 0x80, 0xE6, 0x04, 0xF1,
    0x81, 0xE6, 0xF1, 0x02, 0xF3, 0x02, 0xF1, 0x84, 0xF3, 0xBB, 0xB7, 0xF3, 0xF1, 0x02, 0xE6, 0x02,
    0xF1, 0x83, 0xF3, 0xE6, 0xBE, 0xE6, 0x02, 0xAF, 0x02, 0xAE, 0x03, 0xAF, 0x84, 0xA7, 0xA8, 0xA7,
    0xB0, 0xA4, 0x02, 0xA2, 0x80, 0xA1, 0x02, 0x81, 0x80, 0x49, 0x02, 0xB0, 0x83, 0xA8, 0x83, 0xA8,
    0xAF, 0x03, 0xA8, 0x83, 0xA5, 0x81, 0xA1, 0x80, 0x02, 0x48, 0x02, 0x83, 0x04, 0x80, 0x02, 0x83,
    0x80, 0x80, 0x08, 0x83, 0x05, 0xA5, 0x80, 0xA2, 0x04, 0xA5, 0x06, 0xA6, 0x03, 0xA7, 0x02, 0xC2,
    0x82, 0xA0, 0x98, 0x91, 0x05, 0x76, 0x82, 0x91, 0x7B, 0x76, 0x02, 0x7B, 0x80, 0x76, 0x02, 0x7B,
    0x85, 0x76, 0x58, 0x50, 0x3E, 0x37, 0x3B, 0x03, 0x37, 0x83, 0x3B, 0x53, 0x8A, 0x92, 0x06, 0x73,
    0x81, 0x91, 0x73, 0x0D, 0x64, 0x82, 0x65, 0x79, 0x72, 0x02, 0x64, 0x02, 0x72, 0x08, 0x8E, 0x80,
    0x96, 0x0B, 0x8E, 0x87, 0x9D, 0x8E, 0x72, 0x65, 0x6C, 0x73, 0x9D, 0x72, 0x03, 0x79, 0x8A, 0x6F,
    0x79, 0xB1, 0xE1, 0xF7, 0xFD, 0xFB, 0x9D, 0xF4, 0xFD, 0xF9, 0x02, 0xFD, 0x86, 0xF4, 0xF7, 0xD5,
    0xF2, 0xCB, 0xF1, 0xE2, 0x05, 0xD5, 0x81, 0xBA, 0xE2, 0x02, 0xD5, 0x87, 0xE1, 0xD3, 0xD5, 0xB9,
    0xB5, 0xD5, 0xF1, 0xE2, 0x02, 0xAA, 0x03, 0xAD, 0x03, 0xBF, 0x81, 0xAD, 0xB9, 0x02, 0xB5, 0x02,
    0xB9, 0x05, 0xB5, 0x83, 0xAA, 0xBA, 0xAB, 0xD5, 0x05, 0xE2, 0x02, 0xD8, 0x80, 0xE5, 0x02, 0xBE,
    0x02, 0xBC, 0x80, 0xBB, 0x03, 0xBE, 0x04, 0xE5, 0x06, 0xE6, 0x02, 0xE7, 0x02, 0xE6, 0x80, 0xF1,
    0x02, 0xE6, 0x82, 0xE2, 0xD5, 0xBA, 0x02, 0xE6, 0x84, 0xE2, 0xE6, 0xE5, 0xD6, 0xBC, 0x02, 0xBB,
    0x85, 0xE6, 0xF3, 0xE6, 0xE5, 0xE6, 0xF1, 0x02, 0xA4, 0x84, 0xAE, 0xBE, 0xF3, 0xBB, 0xD6, 0x02,
    0xBE, 0x81, 0xBC, 0xD6, 0x02, 0xE6, 0x80, 0xF1, 0x02, 0xE6, 0x80, 0xAD, 0x02, 0xAF, 0x80, 0xBF,
    0x03, 0xC0, 0x80, 0xF1, 0x02, 0xE6, 0x80, 0xF3, 0x02, 0xE6, 0x82, 0xF3, 0xF1, 0xE6, 0x03, 0xF3,
    0x03, 0xF1, 0x85, 0xBC, 0xBB, 0xF1, 0xE6, 0xF1, 0xE6, 0x03, 0xBF, 0x80, 0xAF, 0x03, 0xBC, 0x81,
    0xAF, 0xAE, 0x03, 0xAF, 0x02, 0xA7, 0x84, 0xAF, 0xA7, 0xD6, 0xBB, 0xAF, 0x02, 0xAE, 0x83, 0xA7,
    0xAF, 0xA7, 0xA6, 0x02, 0x83, 0x02, 0xA6, 0x03, 0xA7, 0x82, 0xA6, 0xA5, 0x81, 0x03, 0x48, 0x80,
    0x80, 0x02, 0x83, 0x04, 0x80, 0x08, 0x83, 0x02, 0xA2, 0x06, 0xA5, 0x80, 0xA2, 0x06, 0xA5, 0x07,
    0xA6, 0x02, 0xC6, 0x0E, 0xC4, 0x80, 0xC6, 0x02, 0xA0, 0x02, 0xB5, 0x80, 0xAA, 0x0A, 0xB5, 0x07,
    0xAD, 0x82, 0xB6, 0x8A, 0x70, 0x0A, 0x64, 0x88, 0x65, 0x6C, 0x72, 0x65, 0x73, 0x92, 0xB5, 0xAD,
    0x9D, 0x06, 0x8E, 0x80, 0x96, 0x0B, 0x8E, 0x80, 0x9D, 0x02, 0x8E, 0x84, 0x72, 0x6C, 0x79, 0x72,
    0x99, 0x06, 0x79, 0x85, 0x94, 0x9C, 0xFB, 0xC6, 0xF6, 0xF4, 0x04, 0xF9, 0x85, 0xF4, 0xF2, 0xFD,
    0xB5, 0xF7, 0xFF, 0x02, 0xF9, 0x84, 0xFD, 0xF9, 0xE7, 0xD5, 0xBA, 0x02, 0xD5, 0x02, 0xBA, 0x89,
    0xB9, 0xBA, 0xB9, 0xBA, 0xF1, 0xF9, 0xBD, 0xB5, 0xAA, 0xA9, 0x02, 0xAA, 0x86, 0xBA, 0xBB, 0xAE,
    0xBF, 0xB5, 0xB9, 0xB5, 0x02, 0xB9, 0x05, 0xB5, 0x02, 0xB9, 0x82, 0x5B, 0x8F, 0xD5, 0x04, 0xE2,
    0x02, 0xD8, 0x83, 0xD6, 0xE6, 0xF3, 0xBC, 0x02, 0xBB, 0x81, 0xBE, 0xE5, 0x08, 0xE6, 0x84, 0xE5,
    0xE6, 0xF1, 0xE8, 0xE5, 0x04, 0xF1, 0x89, 0xE6, 0xE5, 0xD6, 0xBB, 0xBD, 0xE6, 0xE2, 0xE6, 0xE5,
    0xE6, 0x02, 0xE5, 0x8D, 0xBB, 0xBF, 0xE6, 0xBF, 0xE5, 0xF1, 0xE8, 0xAC, 0xA7, 0xAC, 0xBC, 0xBF,
    0xBD, 0xD6, 0x03, 0xBC, 0x86, 0xD6, 0xE6, 0xE5, 0xF1, 0xE5, 0xE6, 0xAD, 0x02, 0xAF, 0x02, 0xC0,
    0x81, 0xBF, 0xC0, 0x02, 0xBF, 0x81, 0xE6, 0xC0, 0x02, 0xF3, 0x02, 0xF1, 0x80, 0xE6, 0x03, 0xF3,
    0x02, 0xF1, 0x82, 0xC0, 0xAE, 0xAF, 0x02, 0xBC, 0x80, 0xD6, 0x02, 0xAF, 0x84, 0xC0, 0xBF, 0x90,
    0xAF, 0xAE, 0x02, 0xAF, 0x85, 0xB0, 0xAE, 0xA7, 0xA2, 0xA8, 0xA7, 0x02, 0xA6, 0x80, 0xA7, 0x04,
    0xA6, 0x80, 0xA8, 0x02, 0x83, 0x05, 0xA6, 0x82, 0xA8, 0xA6, 0xA8, 0x02, 0x81, 0x81, 0x80, 0x48,
    0x02, 0x81, 0x04, 0x83, 0x80, 0x80, 0x06, 0x83, 0x83, 0xA2, 0x83, 0xA2, 0x83, 0x02, 0xA2, 0x06,
    0xA5, 0x82, 0xA2, 0xA5, 0xA6, 0x04, 0xA5, 0x07, 0xA6, 0x84, 0xC6, 0xC4, 0xC6, 0x9F, 0xB3, 0x04,
    0xC4, 0x80, 0xB6, 0x06, 0xC4, 0x83, 0xB6, 0xA0, 0x9F, 0xB9, 0x02, 0xD5, 0x02, 0xBD, 0x80, 0xD5,
    0x02, 0xBA, 0x80, 0xB9, 0x02, 0xB5, 0x81, 0xAA, 0xB5, 0x02, 0xAA, 0x80, 0x9D, 0x02, 0xAA, 0x03,
    0xB5, 0x81, 0xAA, 0x72, 0x0B, 0x64, 0x81, 0x65, 0x6C, 0x02, 0x65, 0x02, 0x72, 0x80, 0xA9, 0x05,
    0xAA, 0x80, 0xA9, 0x02, 0x99, 0x03, 0x8E, 0x81, 0x9D, 0x96, 0x06, 0x8E, 0x80, 0x9D, 0x02, 0x8E,
    0x85, 0x96, 0x72, 0x79, 0x72, 0x73, 0x94, 0x05, 0x79, 0x87, 0x6C, 0x72, 0x79, 0xB1, 0xF2, 0xF4,
    0xF9, 0xE6, 0x02, 0xBB, 0x87, 0xD6, 0xD7, 0xE1, 0xE4, 0xFD, 0xF9, 0xBC, 0xBE, 0x02, 0xF9, 0x84,
    0xF7, 0xFA, 0xF4, 0xFA, 0xE8, 0x02, 0xBA, 0x84, 0xCB, 0xBA, 0xB9, 0xBA, 0xF1, 0x02, 0xF3, 0x02,
    0xF9, 0x03, 0xF3, 0x85, 0xF1, 0x8F, 0xBA, 0xAF, 0xAD, 0xB5, 0x03, 0xB9, 0x06, 0xB5, 0x84, 0x9D,
    0x5B, 0x9E, 0xBD, 0xE2, 0x02, 0xD5, 0x8A, 0xE2, 0xD8, 0xD7, 0xD5, 0xF1, 0x8C, 0xBE, 0xE6, 0xBB,
    0xBE, 0xBD, 0x02, 0xE5, 0x80, 0xBE, 0x07, 0xE6, 0x82, 0xF1, 0xE7, 0xE5, 0x02, 0xF1, 0x03, 0xF3,
    0x86, 0xE7, 0xE5, 0xAE, 0xB7, 0xF1, 0xE2, 0xE6, 0x02, 0xE5, 0x88, 0xE6, 0xE5, 0xBC, 0xBF, 0xE6,
    0xBF, 0xE5, 0xF1, 0xE6, 0x02, 0xBC, 0x81, 0xBE, 0xE6, 0x02, 0xF1, 0x80, 0xF4, 0x03, 0xF1, 0x86,
    0xE6, 0xF1, 0xE5, 0xF1, 0xBF, 0xE6, 0xAF, 0x03, 0xB0, 0x03, 0xC0, 0x04, 0xBF, 0x03, 0xC0, 0x02,
    0xE6, 0x81, 0xF3, 0xBF, 0x02, 0xAE, 0x8A, 0xAC, 0xBF, 0xB0, 0xBF, 0xC0, 0xE5, 0xBB, 0xB7, 0xAE,
    0xAF, 0xAE, 0x02, 0xAF, 0x87, 0xA6, 0xA2, 0xA6, 0xA8, 0xB0, 0xA8, 0xA7, 0xA8, 0x02, 0xA6, 0x81,
    0x81, 0x83, 0x02, 0xA1, 0x82, 0xA5, 0xA6, 0xA5, 0x05, 0xA6, 0x80, 0xA5, 0x02, 0xA2, 0x80, 0xA7,
    0x02, 0x81, 0x02, 0x48, 0x03, 0x81, 0x04, 0x83, 0x80, 0x81, 0x02, 0x83, 0x80, 0x88, 0x02, 0xA5,
    0x84, 0xA2, 0xA4, 0xA6, 0xA2, 0xA5, 0x02, 0xA2, 0x06, 0xA5, 0x02, 0xA6, 0x80, 0xA7, 0x02, 0xA6,
    0x81, 0xA5, 0xA6, 0x05, 0xA5, 0x85, 0xA6, 0xA2, 0xB1, 0xC6, 0xCF, 0xCB, 0x02, 0xC6, 0x81, 0xB3,
    0xA0, 0x02, 0xB3, 0x05, 0xC4, 0x81, 0xC6, 0xC4, 0x02, 0xB5, 0x80, 0xBA, 0x02, 0xE2, 0x84, 0xBD,
    0xD5, 0xD6, 0xBD, 0xD6, 0x02, 0xD5, 0x82, 0xBD, 0xD5, 0xB9, 0x02, 0xAD, 0x80, 0xB9, 0x02, 0xAA,
    0x85, 0x9D, 0xA9, 0xAA, 0xB5, 0x64, 0x65, 0x0B, 0x64, 0x82, 0x6C, 0x64, 0x65, 0x02, 0x72, 0x08,
    0x65, 0x80, 0x6F, 0x02, 0x70, 0x84, 0x72, 0x91, 0x92, 0x8A, 0x99, 0x03, 0x8E, 0x03, 0x9D, 0x02,
    0x8E, 0x86, 0x96, 0x79, 0x72, 0x6C, 0x79, 0x93, 0x91, 0x02, 0x73, 0x83, 0x91, 0x79, 0x7C, 0x6C,
    0x03, 0x79, 0x87, 0x73, 0xB6, 0xF2, 0xFF, 0x9F, 0xF6, 0x9D, 0xBE, 0x02, 0xFD, 0x02, 0xF9, 0x02,
    0xFD, 0x82, 0xD5, 0xBB, 0xB7, 0x02, 0xFA, 0x84, 0xF4, 0xF9, 0xF2, 0xF1, 0xF9, 0x05, 0xF3, 0x8A,
    0x8F, 0xBC, 0xF9, 0xE6, 0xF3, 0xBE, 0xBF, 0xF9, 0xBD, 0xB5, 0xB2, 0x02, 0xB5, 0x82, 0xB9, 0xAA,
    0x96, 0x03, 0xB9, 0x81, 0xBA, 0xE2, 0x02, 0xD5, 0x80, 0xE2, 0x02, 0xD5, 0x81, 0xE2, 0xD8, 0x03,
    0xD5, 0x80, 0xE2, 0x02, 0xE5, 0x80, 0xD5, 0x04, 0xBD, 0x80, 0xBE, 0x02, 0xE6, 0x02, 0xBE, 0x04,
    0xE6, 0x81, 0xF1, 0xE5, 0x03, 0xF1, 0x02, 0xE6, 0x02, 0xE5, 0x84, 0xBC, 0xBB, 0xE6, 0xE2, 0xE6,
    0x02, 0xE5, 0x83, 0xE6, 0xE5, 0xBE, 0xBC, 0x02, 0xBF, 0x88, 0xE5, 0xF1, 0xE6, 0xE5, 0xBE, 0xD6,
    0xE6, 0xF1, 0xE6, 0x04, 0xF1, 0x86, 0xE6, 0xF1, 0xE6, 0xF1, 0xC0, 0xE5, 0xBF, 0x06, 0xC0, 0x81,
    0xE6, 0xBE, 0x02, 0xBF, 0x80, 0xC0, 0x02, 0xBF, 0x82, 0xBE, 0xBC, 0xAF, 0x02, 0xA7, 0x80, 0xAC,
    0x03, 0xAE, 0x80, 0xB7, 0x03, 0xBB, 0x81, 0xC0, 0xB0, 0x02, 0xA2, 0x84, 0xA6, 0xA8, 0xAF, 0xBF,
    0xC0, 0x05, 0xB0, 0x04, 0xA8, 0x02, 0xA5, 0x84, 0x80, 0x83, 0xA5, 0xA2, 0xA5, 0x02, 0xA6, 0x81,
    0x83, 0xA6, 0x02, 0xA7, 0x81, 0xA6, 0xA1, 0x02, 0x48, 0x02, 0x81, 0x81, 0x80, 0x81, 0x05, 0x83,
    0x83, 0xA1, 0xA5, 0xA2, 0xA4, 0x04, 0xA7, 0x04, 0xA6, 0x05, 0xA5, 0x83, 0xA6, 0xAF, 0xA8, 0xAF,
    0x02, 0xA8, 0x80, 0xA6, 0x06, 0xA5, 0x02, 0xA2, 0x85, 0x94, 0x7E, 0xC5, 0xCB, 0xD7, 0xCB, 0x05,
    0xC6, 0x05, 0xC4, 0x84, 0xB6, 0xB3, 0xB4, 0xBD, 0xE2, 0x02, 0xD5, 0x04, 0xE2, 0x02, 0xD5, 0x80,
    0xE2, 0x02, 0xD5, 0x80, 0xBA, 0x02, 0xB9, 0x02, 0xD5, 0x02, 0xE5, 0x83, 0xD6, 0xBF, 0xE1, 0x8A,
    0x02, 0x73, 0x80, 0x72, 0x03, 0x65, 0x03, 0x72, 0x02, 0x64, 0x80, 0x6C, 0x02, 0x64, 0x81, 0x79,
    0x6C, 0x02, 0x65, 0x80, 0x64, 0x04, 0x65, 0x82, 0x6C, 0x79, 0x72, 0x02, 0x6C, 0x86, 0x79, 0x93,
    0x72, 0x91, 0x8A, 0x92, 0x99, 0x02, 0x9D, 0x03, 0x96, 0x81, 0x99, 0x9F, 0x02, 0x72, 0x83, 0x79,
    0x6C, 0x73, 0x91, 0x02, 0x73, 0x82, 0x92, 0x79, 0x6C, 0x06, 0x79, 0x85, 0x72, 0x6F, 0x72, 0x9A,
    0xF2, 0xAB, 0x05, 0xFD, 0x81, 0xE5, 0xF4, 0x02, 0xE8, 0x80, 0xFA, 0x02, 0xF9, 0x82, 0xE8, 0xF9,
    0xBB, 0x04, 0xF9, 0x80, 0xFD, 0x02, 0xF9, 0x84, 0xFD, 0xAC, 0xBE, 0xE5, 0xF1, 0x03, 0xF9, 0x81,
    0xFD, 0xBA, 0x02, 0xB2, 0x81, 0xAA, 0xB5, 0x02, 0xB9, 0x83, 0xB5, 0xB9, 0xBA, 0xD5, 0x02, 0xE2,
    0x02, 0xD5, 0x81, 0xE2, 0xD8, 0x04, 0xD5, 0x02, 0xE2, 0x81, 0xD5, 0xE5, 0x02, 0xBD, 0x81, 0xE5,
    0xF1, 0x03, 0xE5, 0x03, 0xE6, 0x81, 0xBE, 0xBC, 0x02, 0xBB, 0x80, 0xBC, 0x03, 0xE6, 0x86, 0xE5,
    0xD6, 0xE5, 0xD6, 0xBC, 0xBE, 0xE5, 0x04, 0xE6, 0x82, 0xE5, 0xBE, 0xAE, 0x02, 0xBF, 0x81, 0xE5,
    0xF1, 0x04, 0xE6, 0x02, 0xF1, 0x02, 0xE6, 0x80, 0xBE, 0x02, 0xE6, 0x80, 0xE5, 0x02, 0xBE, 0x87,
    0xE5, 0xBF, 0xF3, 0xC0, 0xBF, 0xB0, 0xC0, 0xB0, 0x02, 0xAF, 0x80, 0xE6, 0x02, 0xF1, 0x80, 0xF3,
    0x02, 0xBF, 0x02, 0xAF, 0x02, 0xA7, 0x02, 0xB0, 0x02, 0xBF, 0x82, 0xC0, 0xA4, 0xA2, 0x02, 0xA4,
    0x83, 0xA7, 0xAF, 0xBF, 0xF1, 0x02, 0xF3, 0x80, 0xBF, 0x02, 0xC0, 0x80, 0xAF, 0x04, 0xA8, 0x02,
    0xA7, 0x03, 0xA8, 0x81, 0xA2, 0xA1, 0x02, 0xA5, 0x80, 0x83, 0x02, 0xA5, 0x81, 0xA6, 0x83, 0x02,
    0xA6, 0x02, 0xA8, 0x84, 0xA1, 0x80, 0x48, 0x81, 0x80, 0x02, 0x81, 0x80, 0x80, 0x03, 0x83, 0x84,
    0xA1, 0xA5, 0xA6, 0xA7, 0xAC, 0x03, 0xA7, 0x80, 0xAF, 0x05, 0xA8, 0x02, 0xA6, 0x81, 0xA5, 0xA6,
    0x0A, 0xA8, 0x81, 0xA6, 0xA5, 0x03, 0xA6, 0x80, 0xA8, 0x04, 0x94, 0x80, 0xC2, 0x02, 0xCF, 0x80,
    0xC4, 0x03, 0xC6, 0x05, 0xC4, 0x83, 0xC6, 0xC4, 0xB9, 0xBD, 0x06, 0xE2, 0x87, 0xD5, 0xCC, 0xB9,
    0xB5, 0xB4, 0xCC, 0xE2, 0xE5, 0x02, 0xE2, 0x04, 0xBD, 0x82, 0xE5, 0xBD, 0xAD, 0x02, 0xAA, 0x02,
    0xAD, 0x80, 0xBA, 0x02, 0xE2, 0x02, 0xF1, 0x80, 0xF2, 0x03, 0xE2, 0x80, 0xE8, 0x04, 0xF2, 0x05,
    0xFB, 0x81, 0xFA, 0xF6, 0x04, 0xFB, 0x82, 0xF8, 0xF0, 0xEF, 0x02, 0xE3, 0x8A, 0xE8, 0xE4, 0xEE,
    0xD7, 0xB9, 0xB4, 0xB5, 0xAA, 0x9D, 0x73, 0x79, 0x08, 0x72, 0x0B, 0x79, 0x85, 0x72, 0xFC, 0xF9,
    0xFD, 0xFA, 0xFD, 0x02, 0xF4, 0x89, 0xCC, 0xF7, 0xFA, 0xFD, 0xFE, 0xFA, 0xFD, 0xFE, 0xBB, 0xFE,
    0x05, 0xFD, 0x83, 0xF9, 0xF3, 0xFD, 0xAB, 0x04, 0xF9, 0x84, 0xF3, 0xF9, 0xD5, 0xB2, 0xB6, 0x02,
    0xB5, 0x80, 0xB9, 0x02, 0xB5, 0x93, 0xBA, 0xD5, 0xD6, 0xE6, 0xE8, 0xE7, 0xF4, 0xF2, 0xE8, 0xF1,
    0xE8, 0xFD, 0xF9, 0xFD, 0xE8, 0xF4, 0xF9, 0xF1, 0xE5, 0xAB, 0x08, 0xBD, 0x02, 0xD5, 0x05, 0xBD,
    0x02, 0xB8, 0x02, 0xB7, 0x88, 0xBB, 0xD6, 0xF3, 0xBE, 0xE6, 0xBF, 0xE5, 0xBE, 0xAE, 0x03, 0xBF,
    0x81, 0xE6, 0xBC, 0x02, 0xBB, 0x81, 0xBD, 0xD6, 0x02, 0xBE, 0x82, 0xE5, 0xBC, 0xAF, 0x02, 0xAE,
    0x82, 0xAF, 0xAE, 0xBC, 0x02, 0xAF, 0x02, 0xAE, 0x04, 0xAF, 0x84, 0xAE, 0xBC, 0xBE, 0xBF, 0xAF,
    0x02, 0xA7, 0x80, 0xA8, 0x05, 0xB0, 0x03, 0xBE, 0x82, 0xB0, 0xA4, 0xAC, 0x02, 0xBE, 0x03, 0xF3,
    0x81, 0xF9, 0xC0, 0x02, 0xB0, 0x81, 0xBF, 0xB0, 0x02, 0xA8, 0x02, 0xB0, 0x80, 0xAF, 0x03, 0xA8,
    0x81, 0xA7, 0xA6, 0x04, 0xA5, 0x83, 0x83, 0xA2, 0xA6, 0xA8, 0x03, 0xB0, 0x82, 0xA8, 0x81, 0x48,
    0x02, 0x80, 0x02, 0x81, 0x84, 0x80, 0x49, 0x83, 0xA5, 0xA1, 0x02, 0x90, 0x02, 0x88, 0x80, 0xA4,
    0x05, 0xA7, 0x13, 0xA8, 0x81, 0xB0, 0xA8, 0x02, 0xB0, 0x80, 0xBE, 0x07, 0x94, 0x82, 0x9B, 0xB1,
    0xC4, 0x02, 0xC6, 0x04, 0xC4, 0x02, 0xC6, 0x80, 0xCB, 0x04, 0xD5, 0x80, 0xBA, 0x02, 0xB5, 0x85,
    0xB9, 0xBA, 0xD5, 0xE5, 0xE2, 0xD5, 0x02, 0xE2, 0x80, 0xE5, 0x07, 0xBD, 0x80, 0xAD, 0x02, 0xAA,
    0x81, 0xB5, 0xAD, 0x02, 0xAA, 0x81, 0xBA, 0xF2, 0x02, 0xE4, 0x85, 0xF2, 0xE4, 0xF2, 0xF6, 0xEE,
    0xF2, 0x05, 0xFB, 0x84, 0xFC, 0xF6, 0xFB, 0xF8, 0xF6, 0x02, 0xFB, 0x80, 0xF8, 0x02, 0xFB, 0x04,
    0xFC, 0x89, 0xFB, 0xFC, 0xF8, 0xFB, 0xEF, 0xB2, 0x94, 0x9C, 0xD2, 0xD0, 0x0A, 0x79, 0x80, 0x93,
    0x04, 0x79, 0x80, 0x7C, 0x04, 0x79, 0x80, 0x9C, 0x02, 0xFA, 0x82, 0xF4, 0xF9, 0xF7, 0x02, 0xF2,
    0x02, 0xFC, 0x86, 0xFA, 0xFF, 0xF4, 0xBB, 0xF3, 0xFD, 0xFF, 0x07, 0xFD, 0x82, 0xFF, 0xF3, 0xFE,
    0x05, 0xFD, 0x86, 0xD6, 0xB6, 0xB9, 0xBA, 0xD5, 0xD6, 0xE2, 0x02, 0xE5, 0x04, 0xF4, 0x81, 0xE8,
    0xF4, 0x02, 0xE8, 0x82, 0xF1, 0x9E, 0xE6, 0x02, 0xF9, 0x86, 0xE5, 0xF3, 0xF9, 0xF3, 0xF9, 0xF3,
    0xE5, 0x07, 0xBD, 0x02, 0xD5, 0x03, 0xBD, 0x81, 0xF1, 0xF2, 0x02, 0xE8, 0x8A, 0xE2, 0xE7, 0xF2,
    0xE4, 0xF1, 0xB8, 0xD6, 0xE5, 0xD6, 0xBF, 0xAE, 0x03, 0xBF, 0x02, 0xBC, 0x02, 0xBE, 0x82, 0xD6,
    0xBD, 0xBC, 0x02, 0xBE, 0x02, 0xBC, 0x02, 0xAE, 0x02, 0xBC, 0x84, 0xBE, 0xBD, 0xAE, 0xB0, 0xBF,
    0x02, 0xC0, 0x84, 0xB0, 0xA7, 0xA4, 0xA7, 0xAE, 0x02, 0xAF, 0x02, 0xC0, 0x02, 0xB0, 0x80, 0xBF,
    0x02, 0xC0, 0x8A, 0xFE, 0x9E, 0xF3, 0xFE, 0xF3, 0xFD, 0xF3, 0xF9, 0xFE, 0xF9, 0xFE, 0x02, 0xC0,
    0x80, 0xB0, 0x04, 0xC0, 0x02, 0xA6, 0x82, 0xA8, 0xB0, 0xBF, 0x02, 0xB0, 0x03, 0xAF, 0x80, 0xA6,
    0x02, 0xA2, 0x02, 0xA6, 0x05, 0xA8, 0x82, 0xB0, 0xA5, 0x81, 0x03, 0x80, 0x04, 0xA1, 0x82, 0x88,
    0x85, 0x4D, 0x05, 0x88, 0x02, 0x90, 0x03, 0xA7, 0x02, 0xA8, 0x02, 0xB0, 0x0E, 0xA8, 0x03, 0xB0,
    0x82, 0xAF, 0xBC, 0xBF, 0x0B, 0x94, 0x86, 0x9B, 0x9C, 0xC5, 0xC4, 0xCB, 0xB9, 0xB6, 0x03, 0x99,
    0x02, 0xA9, 0x80, 0xB5, 0x05, 0xB9, 0x80, 0xB5, 0x02, 0xB9, 0x82, 0xAA, 0x8B, 0xAA, 0x06, 0xB9,
    0x82, 0xAD, 0xB5, 0xAA, 0x02, 0xB5, 0x02, 0xAA, 0x02, 0xB5, 0x83, 0xD5, 0xE2, 0xE8, 0xE2, 0x02,
    0xE4, 0x80, 0xF2, 0x02, 0xEE, 0x81, 0xF2, 0xFA, 0x03, 0xFB, 0x80, 0xFC, 0x02, 0xFB, 0x83, 0xF6,
    0xF8, 0xFC, 0xFA, 0x05, 0xFC, 0x86, 0xFB, 0xFF, 0xF8, 0xF0, 0xCF, 0x9A, 0x91, 0x02, 0x93, 0x03,
    0x79, 0x02, 0x7C, 0x03, 0x79, 0x02, 0x72, 0x03, 0x79, 0x80, 0x93, 0x05, 0x79, 0x02, 0x7C, 0x8B,
    0x79, 0x93, 0xFB, 0xF2, 0xF6, 0xF2, 0xF6, 0xF2, 0xF6, 0xE2, 0xD5, 0xF7, 0x02, 0xFA, 0x83, 0xF6,
    0xF2, 0xFD, 0xFC, 0x03, 0xFD, 0x03, 0xFE, 0x85, 0xFD, 0xFE, 0xBB, 0xD6, 0xF3, 0xFD, 0x02, 0xFE,
    0x84, 0xFD, 0xE2, 0xD7, 0xE1, 0xD8, 0x03, 0xE2, 0x82, 0xE7, 0xD6, 0xE6, 0x03, 0xF4, 0x02, 0xE8,
    0x81, 0xF4, 0xE8, 0x02, 0xF4, 0x81, 0xE8, 0xF1, 0x02, 0xF4, 0x81, 0xE6, 0xF4, 0x04, 0xF9, 0x80,
    0xE5, 0x07, 0xBD, 0x02, 0xD5, 0x02, 0xBD, 0x03, 0xF1, 0x80, 0xE7, 0x02, 0xE2, 0x8F, 0xE7, 0xF1,
    0xE7, 0xF1, 0xE2, 0xE7, 0xE8, 0xE2, 0xF2, 0xE2, 0xBE, 0xBF, 0xBE, 0xE6, 0xF3, 0xF9, 0x04, 0xF3,
    0x80, 0xF9, 0x02, 0xBE, 0x87, 0xF3, 0xFD, 0xBE, 0xF3, 0xE6, 0xF3, 0xBE, 0xBF, 0x02, 0xB0, 0x83,
    0xA8, 0xB0, 0xC0, 0xB0, 0x02, 0xAF, 0x81, 0xB0, 0xC0, 0x02, 0xF3, 0x04, 0xC0, 0x83, 0xBF, 0xC0,
    0xF9, 0xF3, 0x02, 0xF9, 0x83, 0xBE, 0xF3, 0xBE, 0xFD, 0x02, 0xF9, 0x02, 0xC0, 0x81, 0xFE, 0xF9,
    0x02, 0xC0, 0x81, 0xF3, 0xC0, 0x03, 0xB0, 0x82, 0xC0, 0xB0, 0xAF, 0x04, 0xA7, 0x04, 0xA2, 0x02,
    0xA6, 0x05, 0xA8, 0x8E, 0xA5, 0xA1, 0x80, 0x81, 0xA1, 0xA5, 0xA8, 0xA2, 0xAB, 0xB8, 0x9E, 0x5E,
    0x86, 0x8F, 0x88, 0x02, 0x82, 0x02, 0x88, 0x02, 0xA2, 0x02, 0xA7, 0x02, 0xA8, 0x80, 0xB0, 0x0E,
    0xA8, 0x03, 0xB0, 0x80, 0xAF, 0x02, 0xBE, 0x04, 0x72, 0x80, 0x79, 0x07, 0x93, 0x80, 0x94, 0x03,
    0x93, 0x87, 0x73, 0x70, 0x93, 0xB2, 0xB5, 0xB6, 0xAA, 0xB5, 0x03, 0xAA, 0x02, 0xB5, 0x81, 0xAA,
    0x45, 0x02, 0xAA, 0x80, 0xB9, 0x06, 0xAA, 0x05, 0xB5, 0x80, 0xB6, 0x04, 0xB5, 0x81, 0xAA, 0xB5,
    0x04, 0xB9, 0x03, 0xBA, 0x83, 0xD5, 0xF2, 0xF7, 0xFB, 0x02, 0xFC, 0x02, 0xFB, 0x87, 0xF6, 0xEF,
    0xCF, 0xC9, 0x98, 0x9A, 0x71, 0x93, 0x02, 0x79, 0x80, 0x72, 0x03, 0x79, 0x81, 0x6C, 0x79, 0x02,
    0x6C, 0x02, 0x72, 0x80, 0x79, 0x02, 0x72, 0x03, 0x79, 0x03, 0x72, 0x02, 0x79, 0x88, 0x93, 0x7C,
    0x79, 0x6F, 0x93, 0xC3, 0xD3, 0xF9, 0xF3, 0x02, 0xBD, 0x02, 0xE5, 0x86, 0xF1, 0xF2, 0xF1, 0xF0,
    0xF6, 0x5B, 0xE7, 0x03, 0xF2, 0x80, 0xE2, 0x03, 0xFD, 0x80, 0xFA, 0x03, 0xFD, 0x83, 0xBC, 0xE6,
    0xFD, 0xBD, 0x02, 0xD5, 0x87, 0xB9, 0xCB, 0xB9, 0xE1, 0xD5, 0xD7, 0xE1, 0xD8, 0x03, 0xE7, 0x82,
    0xE2, 0xE8, 0xD6, 0x03, 0xF4, 0x86, 0xF7, 0xE7, 0xF4, 0xE8, 0xF4, 0xFA, 0xE7, 0x02, 0xF4, 0x02,
    0xE5, 0x80, 0xD6, 0x03, 0xE6, 0x85, 0xD6, 0xF1, 0xE5, 0xE6, 0xF1, 0xE5, 0x02, 0xBD, 0x82, 0xA3,
    0xBD, 0xE2, 0x03, 0xBD, 0x02, 0xF1, 0x02, 0xE2, 0x02, 0xD5, 0x83, 0xBD, 0xD5, 0xBD, 0xD5, 0x02,
    0xE2, 0x85, 0xF1, 0xE8, 0xF7, 0xF4, 0xFD, 0xF9, 0x04, 0xF3, 0x81, 0xF4, 0xE8, 0x02, 0xF3, 0x80,
    0xE6, 0x03, 0xF3, 0x80, 0xF9, 0x02, 0xBE, 0x02, 0xF3, 0x80, 0xC0, 0x02, 0xF3, 0x81, 0xE6, 0xF3,
    0x03, 0xBF, 0x02, 0xBE, 0x82, 0xF9, 0xAC, 0xBE, 0x04, 0xBF, 0x87, 0xC0, 0xBF, 0xC0, 0x5F, 0xF9,
    0xBE, 0xF9, 0xFE, 0x03, 0xF3, 0x03, 0xC0, 0x81, 0xFE, 0xF9, 0x03, 0xC0, 0x06, 0xB0, 0x82, 0xA7,
    0xA6, 0x83, 0x04, 0xA2, 0x02, 0xA6, 0x02, 0xA5, 0x80, 0xA6, 0x03, 0xA8, 0x81, 0xA6, 0xA5, 0x02,
    0x81, 0x82, 0xA1, 0xA5, 0xA6, 0x03, 0xA4, 0x88, 0xAB, 0xB3, 0x8C, 0x5E, 0x5F, 0x88, 0x8F, 0x88,
    0x8C, 0x03, 0x88, 0x02, 0xA2, 0x02, 0xA7, 0x80, 0xAF, 0x08, 0xA8, 0x80, 0xAF, 0x03, 0xA8, 0x05,
    0xB0, 0x82, 0xBE, 0xD6, 0xBC, 0x0C, 0x64, 0x80, 0x6C, 0x08, 0x64, 0x81, 0x6C, 0x9A, 0x03, 0xB5,
    0x82, 0x5D, 0x5C, 0xA9, 0x05, 0xB5, 0x06, 0xAA, 0x02, 0xB5, 0x02, 0xB9, 0x80, 0xCB, 0x02, 0xB9,
    0x07, 0xB5, 0x80, 0xB6, 0x02, 0xB2, 0x02, 0x9A, 0x02, 0x73, 0x80, 0x72, 0x03, 0x6C, 0x85, 0x79,
    0x6C, 0x79, 0x78, 0x79, 0x6C, 0x02, 0x79, 0x80, 0x6F, 0x02, 0x79, 0x02, 0x72, 0x82, 0x79, 0x93,
    0x51, 0x06, 0x72, 0x02, 0x79, 0x07, 0x72, 0x02, 0x79, 0x87, 0x9A, 0xE5, 0xBD, 0xBF, 0xAA, 0x92,
    0xB1, 0xBA, 0x04, 0xF1, 0x80, 0xE5, 0x05, 0xF1, 0x86, 0xAB, 0xE2, 0xF2, 0xEE, 0xCF, 0xC6, 0xCB,
    0x02, 0xC6, 0x80, 0xB1, 0x02, 0x9C, 0x02, 0xB1, 0x82, 0x99, 0x91, 0xB1, 0x02, 0x94, 0x03, 0xC5,
    0x80, 0xCA, 0x02, 0xE1, 0x02, 0xE2, 0x02, 0xE7, 0x80, 0xE2, 0x03, 0xE7, 0x80, 0xE8, 0x02, 0xF4,
    0x86, 0xF7, 0xEE, 0xF4, 0xE8, 0xF4, 0xF7, 0xE7, 0x02, 0xF4, 0x83, 0xFA, 0xE8, 0xD6, 0xF3, 0x07,
    0xF4, 0x80, 0xE5, 0x05, 0xBD, 0x02, 0xE5, 0x84, 0xBA, 0xAD, 0xBB, 0xD5, 0xE2, 0x02, 0xD5, 0x84,
    0xE5, 0xBD, 0xE2, 0xD5, 0xE2, 0x03, 0xFA, 0x80, 0xF7, 0x02, 0xFC, 0x81, 0xFA, 0xFD, 0x02, 0xF9,
    0x05, 0xF3, 0x81, 0xC0, 0xBF, 0x02, 0xBE, 0x80, 0xF3, 0x03, 0xF4, 0x81, 0xFD, 0xF3, 0x02, 0xC0,
    0x84, 0xB0, 0xBF, 0xC0, 0xBF, 0xBE, 0x02, 0xE6, 0x02, 0xF3, 0x81, 0xBE, 0xC0, 0x02, 0xBF, 0x02,
    0xF9, 0x03, 0xF3, 0x80, 0xE5, 0x06, 0xF3, 0x03, 0xC0, 0x04, 0xB0, 0x80, 0xF3, 0x02, 0xB0, 0x05,
    0xA8, 0x80, 0xA6, 0x03, 0xA8, 0x80, 0xA6, 0x02, 0xA8, 0x81, 0xB0, 0xA8, 0x02, 0xA6, 0x02, 0xA8,
    0x82, 0xA7, 0xA6, 0xA5, 0x02, 0xA1, 0x82, 0xA5, 0xA6, 0xA8, 0x02, 0xAF, 0x80, 0xA2, 0x02, 0xA7,
    0x87, 0xAF, 0xA4, 0x8C, 0x85, 0x5F, 0x86, 0x88, 0x8F, 0x04, 0x88, 0x02, 0xA2, 0x81, 0x90, 0xA4,
    0x03, 0xA7, 0x04, 0xA8, 0x81, 0xAF, 0xB0, 0x02, 0xA8, 0x05, 0xB0, 0x82, 0xBE, 0xE5, 0xBC, 0x0C,
    0x64, 0x80, 0x65, 0x08, 0x64, 0x80, 0x65, 0x02, 0x64, 0x80, 0x65, 0x02, 0x64, 0x82, 0x68, 0x94,
    0x92, 0x02, 0x91, 0x0D, 0x73, 0x80, 0x79, 0x02, 0x72, 0x05, 0x64, 0x87, 0x65, 0x7C, 0x6C, 0x65,
    0x79, 0x72, 0x6C, 0x65, 0x04, 0x6C, 0x81, 0x79, 0x6C, 0x03, 0x79, 0x80, 0x6C, 0x05, 0x79, 0x81,
    0x72, 0x6C, 0x04, 0x79, 0x05, 0x72, 0x02, 0x79, 0x04, 0x72, 0x87, 0x6C, 0x91, 0xB2, 0xE1, 0xF2,
    0xD6, 0xBF, 0xBD, 0x04, 0xBF, 0x80, 0xBD, 0x03, 0xB0, 0x03, 0xBE, 0x02, 0xE6, 0x80, 0xBF, 0x02,
    0xC0, 0x82, 0xF1, 0xBF, 0xF4, 0x02, 0xF8, 0x02, 0xFC, 0x81, 0xF4, 0xFA, 0x02, 0xFC, 0x95, 0xF6,
    0x91, 0x92, 0xEF, 0xFD, 0xE8, 0xEF, 0x99, 0xB6, 0xE4, 0xD3, 0xB6, 0xB2, 0xB6, 0x45, 0xB6, 0xC6,
    0xCC, 0xD8, 0xE7, 0xE2, 0xE8, 0x02, 0xF4, 0x86, 0xF7, 0xEE, 0xF4, 0xE8, 0xF4, 0xF7, 0xE7, 0x04,
    0xF4, 0x80, 0xFA, 0x04, 0xF4, 0x80, 0xFA, 0x08, 0xFD, 0x80, 0xF9, 0x02, 0xF1, 0x03, 0xBD, 0x81,
    0xD5, 0xE2, 0x02, 0xD5, 0x80, 0xE5, 0x03, 0xE2, 0x81, 0xE8, 0xF4, 0x02, 0xFA, 0x82, 0xF7, 0xFA,
    0xFC, 0x03, 0xFD, 0x82, 0xF4, 0xF3, 0xBF, 0x02, 0xBE, 0x02, 0xAF, 0x81, 0xBF, 0xBE, 0x04, 0xF3,
    0x80, 0xF4, 0x02, 0xF3, 0x80, 0xBE, 0x04, 0xC0, 0x84, 0xF3, 0xE6, 0xF3, 0xE6, 0xC0, 0x02, 0xE6,
    0x02, 0xC0, 0x02, 0xF3, 0x81, 0xFD, 0xF9, 0x02, 0xF3, 0x80, 0xFD, 0x07, 0xF3, 0x81, 0xAE, 0xBF,
    0x02, 0xAE, 0x81, 0xBF, 0xBC, 0x02, 0xE6, 0x80, 0xF9, 0x04, 0xF3, 0x80, 0xBF, 0x03, 0xC0, 0x80,
    0x8C, 0x02, 0xC0, 0x84, 0xBF, 0xAC, 0xA2, 0x88, 0xA4, 0x04, 0xA7, 0x84, 0xA5, 0xA1, 0xA5, 0xA6,
    0xA8, 0x02, 0xAF, 0x02, 0xA7, 0x02, 0xAE, 0x89, 0xAF, 0xB0, 0xAC, 0xBE, 0xAB, 0x8C, 0x85, 0x8C,
    0x4F, 0x82, 0x02, 0x88, 0x82, 0xA2, 0x88, 0x90, 0x03, 0xA2, 0x80, 0xA4, 0x04, 0xA7, 0x80, 0xAC,
    0x03, 0xA7, 0x03, 0xAE, 0x02, 0xBE, 0x03, 0xD6, 0x80, 0x3E, 0x03, 0x3B, 0x80, 0x50, 0x07, 0x64,
    0x80, 0x6C, 0x08, 0x64, 0x80, 0x6C, 0x06, 0x64, 0x80, 0x79, 0x02, 0x65, 0x04, 0x64, 0x02, 0x6C,
    0x0B, 0x64, 0x06, 0x65, 0x80, 0x79, 0x02, 0x65, 0x02, 0x79, 0x02, 0x65, 0x80, 0x6C, 0x02, 0x65,
    0x86, 0x6C, 0x79, 0x6C, 0x79, 0x61, 0x79, 0x6C, 0x02, 0x79, 0x80, 0x72, 0x02, 0x79, 0x81, 0x72,
    0x6C, 0x04, 0x79, 0x0E, 0x72, 0x82, 0x73, 0xB9, 0xBD, 0x09, 0xAF, 0x07, 0xAE, 0x84, 0xB0, 0xBF,
    0xB4, 0xAD, 0xBB, 0x02, 0xE7, 0x81, 0xEE, 0xCB, 0x02, 0x9A, 0x8C, 0xB2, 0xD3, 0xA9, 0xD5, 0xFA,
    0xDF, 0x9A, 0xB2, 0xFA, 0xF9, 0xFD, 0xFA, 0xFD, 0x02, 0xFA, 0x87, 0xF2, 0xEF, 0xD3, 0xB9, 0xCB,
    0xD5, 0xE7, 0xE2, 0x02, 0xE8, 0x84, 0xFA, 0xF7, 0xEE, 0xF4, 0xF7, 0x02, 0xFA, 0x81, 0xF2, 0xFD,
    0x07, 0xFF, 0x03, 0xFD, 0x80, 0xFF, 0x06, 0xFD, 0x82, 0xF9, 0xF1, 0xE5, 0x03, 0xE2, 0x81, 0xD5,
    0xE2, 0x02, 0xD5, 0x82, 0xF1, 0xF3, 0xFA, 0x02, 0xF4, 0x03, 0xFA, 0x84, 0xF7, 0xF4, 0xFA, 0xF7,
    0xFA, 0x02, 0xFD, 0x82, 0xF3, 0xBF, 0xBE, 0x02, 0xAF, 0x80, 0xB0, 0x02, 0xBE, 0x03, 0xF3, 0x83,
    0xE6, 0xF3, 0xE6, 0xF9, 0x02, 0xF3, 0x80, 0xC0, 0x02, 0xF3, 0x04, 0xE6, 0x03, 0xF3, 0x83, 0xE6,
    0xBF, 0xAE, 0xA7, 0x02, 0xAF, 0x82, 0xBF, 0xBE, 0xF3, 0x05, 0xF9, 0x84, 0xFD, 0xF3, 0xBB, 0xF3,
    0xF1, 0x02, 0xF3, 0x82, 0xF1, 0xE8, 0xD6, 0x04, 0xAE, 0x80, 0xAC, 0x04, 0xA7, 0x80, 0xB0, 0x03,
    0xC0, 0x81, 0xB0, 0xA8, 0x06, 0xA7, 0x82, 0xA2, 0xA5, 0xA6, 0x03, 0xA7, 0x84, 0xAE, 0xAF, 0xA7,
    0xAF, 0xBF, 0x02, 0xB0, 0x87, 0xAF, 0xBE, 0xAE, 0xA4, 0xAC, 0xB7, 0x8F, 0x8C, 0x02, 0x86, 0x02,
    0x88, 0x80, 0x8F, 0x03, 0x88, 0x81, 0x90, 0xA7, 0x02, 0xAE, 0x02, 0xAC, 0x80, 0xAE, 0x03, 0xAC,
    0x80, 0xAE, 0x03, 0xAC, 0x84, 0xB7, 0xB8, 0xB7, 0x3B, 0x37, 0x06, 0x3B, 0x81, 0x50, 0x3B, 0x02,
    0x3E, 0x82, 0x61, 0x3B, 0x3E, 0x02, 0x3B, 0x86, 0x70, 0x91, 0x73, 0x8A, 0xB1, 0xB2, 0xB6, 0x04,
    0xB2, 0x81, 0x9A, 0xB2, 0x04, 0xB1, 0x80, 0xB2, 0x02, 0xC3, 0x80, 0x79, 0x06, 0x64, 0x81, 0x65,
    0x6C, 0x03, 0x64, 0x81, 0x65, 0x64, 0x03, 0x65, 0x80, 0x6C, 0x02, 0x65, 0x02, 0x79, 0x88, 0x6C,
    0x65, 0x3B, 0x50, 0x65, 0x6C, 0x79, 0x6C, 0x7C, 0x02, 0x79, 0x82, 0x72, 0x79, 0x93, 0x03, 0x79,
    0x81, 0x72, 0x6C, 0x03, 0x79, 0x03, 0x72, 0x80, 0x6C, 0x09, 0x72, 0x80, 0x79, 0x02, 0x72, 0x81,
    0x94, 0xE5, 0x05, 0xAF, 0x02, 0xA8, 0x03, 0xA7, 0x02, 0xAE, 0x80, 0xAD, 0x02, 0xAE, 0x93, 0xA7,
    0xAF, 0x90, 0x96, 0x9D, 0x9A, 0x91, 0xB6, 0xBF, 0xBD, 0xE2, 0x9A, 0x93, 0x91, 0x9A, 0xC7, 0xEF,
    0xFC, 0xFB, 0xF6, 0x03, 0xFB, 0x88, 0xF6, 0xEF, 0xEA, 0xCB, 0xE1, 0x77, 0xC5, 0x99, 0x73, 0x02,
    0x79, 0x87, 0x98, 0xD7, 0xF8, 0xFB, 0xFC, 0xF7, 0xFF, 0xF6, 0x02, 0xFF, 0x80, 0xFC, 0x06, 0xFF,
    0x80, 0xFC, 0x03, 0xFF, 0x84, 0xFA, 0xFF, 0x9E, 0xFA, 0xF4, 0x04, 0xF2, 0x80, 0xE8, 0x07, 0xE2,
    0x81, 0xF7, 0xFD, 0x03, 0xFA, 0x80, 0xF4, 0x03, 0xFA, 0x02, 0xF7, 0x8E, 0xFD, 0xF7, 0xFD, 0xFA,
    0xF4, 0xF1, 0xF3, 0xF9, 0xAE, 0xA8, 0xB0, 0xAF, 0xAE, 0xAF, 0xB0, 0x02, 0xAF, 0x83, 0xAC, 0xBF,
    0xAF, 0xA7, 0x02, 0xAF, 0x82, 0xA4, 0xAE, 0x90, 0x03, 0xAE, 0x84, 0xBF, 0xE6, 0xD6, 0xBC, 0xAC,
    0x02, 0xBF, 0x02, 0xF3, 0x81, 0xFD, 0xF3, 0x02, 0xF4, 0x80, 0xF9, 0x02, 0xF4, 0x83, 0xF3, 0xE6,
    0xBB, 0xD6, 0x02, 0xF4, 0x80, 0xF9, 0x02, 0xF3, 0x82, 0xF4, 0xE5, 0xBD, 0x03, 0xBC, 0x82, 0xAE,
    0xA3, 0xAF, 0x05, 0xC0, 0x81, 0xAF, 0xAE, 0x02, 0xA7, 0x02, 0xA8, 0x80, 0xA7, 0x03, 0xA8, 0x80,
    0xA6, 0x03, 0xA7, 0x02, 0xAF, 0x02, 0xB0, 0x84, 0xAF, 0xBF, 0xA4, 0xAF, 0xAE, 0x02, 0xBC, 0x89,
    0xBE, 0xBC, 0xAB, 0xA4, 0xBC, 0xD6, 0xE6, 0xAE, 0xAC, 0xAB, 0x03, 0x90, 0x81, 0xA4, 0xAE, 0x02,
    0xAC, 0x02, 0xB7, 0x06, 0xAC, 0x03, 0xB7, 0x02, 0xB8, 0x03, 0x3B, 0x04, 0x37, 0x05, 0x3B, 0x80,
    0x3E, 0x03, 0x3B, 0x02, 0x3E, 0x82, 0x52, 0x61, 0x52, 0x02, 0x61, 0x80, 0x70, 0x02, 0x61, 0x84,
    0x70, 0x61, 0x70, 0x61, 0x52, 0x02, 0x3B, 0x02, 0x64, 0x02, 0x6C, 0x81, 0x64, 0x65, 0x04, 0x64,
    0x02, 0x65, 0x83, 0x6C, 0x64, 0x65, 0x64, 0x05, 0x65, 0x80, 0x6C, 0x02, 0x65, 0x81, 0x79, 0x6C,
    0x03, 0x65, 0x84, 0x6C, 0x65, 0x6C, 0x79, 0x6C, 0x02, 0x72, 0x83, 0x79, 0x65, 0x79, 0x93, 0x03,
    0x79, 0x02, 0x6C, 0x80, 0x72, 0x03, 0x79, 0x0C, 0x72, 0x84, 0x79, 0x72, 0x91, 0xB4, 0xBD, 0x02,
    0xBF, 0x02, 0xAF, 0x81, 0xAE, 0xB0, 0x08, 0xA7, 0x81, 0xAD, 0x8E, 0x02, 0x5D, 0x8A, 0x89, 0x70,
    0x73, 0x94, 0x8A, 0xB1, 0xB5, 0xAA, 0x9D, 0xBD, 0xF9, 0x02, 0xF1, 0x95, 0xF9, 0xFD, 0xFA, 0xEE,
    0xFB, 0xFC, 0xFA, 0xFC, 0xFB, 0xF6, 0xFB, 0xC6, 0xA0, 0xB1, 0x9A, 0x94, 0x9A, 0x9C, 0xB6, 0xEF,
    0xF6, 0xD8, 0x02, 0xD7, 0x81, 0xE4, 0xFB, 0x02, 0xFF, 0x81, 0xF7, 0xFD, 0x05, 0xFC, 0x8C, 0xF7,
    0xFC, 0xFA, 0xF4, 0x47, 0xFF, 0xF4, 0xFC, 0xF2, 0xF6, 0xF7, 0xF4, 0xE8, 0x03, 0xE2, 0x81, 0xF2,
    0xE2, 0x02, 0xF7, 0x81, 0xD8, 0xEE, 0x08, 0xFA, 0x80, 0xF7, 0x02, 0xF2, 0x03, 0xE2, 0x02, 0xE5,
    0x82, 0xF9, 0xE6, 0x90, 0x03, 0xA2, 0x80, 0x90, 0x02, 0xA2, 0x8B, 0xB0, 0xA7, 0xBF, 0xA4, 0xAE,
    0xBE, 0xBF, 0xAF, 0x88, 0xBF, 0xE6, 0xE5, 0x03, 0xF3, 0x02, 0xD6, 0x81, 0xE5, 0xB7, 0x04, 0xE6,
    0x82, 0xF3, 0xE5, 0xF4, 0x02, 0xBB, 0x83, 0xB7, 0xBB, 0xF3, 0xE8, 0x05, 0xF4, 0x82, 0xF3, 0xE5,
    0xD6, 0x02, 0xBD, 0x87, 0xBC, 0xBD, 0xBE, 0xF1, 0xE6, 0xF3, 0xAE, 0xF3, 0x02, 0xBF, 0x80, 0xAF,
    0x02, 0xAE, 0x02, 0xB0, 0x03, 0xC0, 0x02, 0xA7, 0x83, 0xA2, 0x88, 0xA8, 0xA7, 0x03, 0xAF, 0x02,
    0xAE, 0x81, 0xBB, 0xBC, 0x03, 0xAF, 0x87, 0xAE, 0xAF, 0xB0, 0xBF, 0xAF, 0xA8, 0xA4, 0xAC, 0x06,
    0xBE, 0x80, 0xE6, 0x04, 0xBE, 0x02, 0xD6, 0x81, 0xBE, 0xBC, 0x02, 0xBB, 0x04, 0xB7, 0x03, 0xB8,
    0x04, 0x3B, 0x04, 0x37, 0x80, 0x3B, 0x03, 0x37, 0x02, 0x3B, 0x81, 0x37, 0x3B, 0x02, 0x37, 0x06,
    0x3B, 0x04, 0x64, 0x80, 0x6C, 0x06, 0x64, 0x81, 0x6C, 0x72, 0x05, 0x64, 0x03, 0x65, 0x80, 0x6C,
    0x04, 0x65, 0x02, 0x64, 0x80, 0x61, 0x03, 0x65, 0x84, 0x6C, 0x79, 0x6C, 0x65, 0x6C, 0x03, 0x65,
    0x80, 0x6C, 0x02, 0x79, 0x80, 0x6C, 0x02, 0x79, 0x82, 0x6C, 0x79, 0x93, 0x03, 0x79, 0x85, 0x72,
    0x65, 0x6C, 0x72, 0x71, 0x72, 0x02, 0x79, 0x09, 0x72, 0x84, 0x73, 0x96, 0x89, 0xA9, 0xBA, 0x03,
    0xBF, 0x03, 0xBD, 0x80, 0xAD, 0x02, 0xAE, 0x85, 0xAF, 0xAE, 0xAD, 0xA4, 0x8E, 0x47, 0x03, 0x59,
    0x81, 0x5D, 0x8E, 0x04, 0xAD, 0x82, 0xAA, 0x8E, 0xAA, 0x05, 0xBA, 0x03, 0xBD, 0x81, 0xE1, 0xBD,
    0x02, 0xD5, 0x81, 0xE2, 0xD5, 0x03, 0xD3, 0x80, 0xCF, 0x02, 0xD4, 0x83, 0xCF, 0xCB, 0xBA, 0xB9,
    0x02, 0xAD, 0x89, 0xB9, 0xBA, 0xB9, 0xEF, 0xB6, 0xF6, 0xF2, 0xCC, 0xEE, 0xFC, 0x02, 0xFD, 0x82,
    0xFC, 0xFF, 0xF7, 0x02, 0xFF, 0x80, 0xFD, 0x02, 0xFF, 0x82, 0xFA, 0xF4, 0xF2, 0x02, 0xFD, 0x03,
    0xF2, 0x02, 0xF7, 0x8B, 0xCC, 0xF2, 0xB8, 0xD8, 0xB8, 0xB4, 0xF7, 0xFA, 0xFD, 0xFA, 0xF4, 0xFA,
    0x02, 0xF2, 0x81, 0xEE, 0xD7, 0x05, 0xE2, 0x84, 0xBD, 0xBC, 0x9E, 0x88, 0x49, 0x02, 0x80, 0x02,
    0x83, 0x94, 0xA7, 0xA8, 0xA7, 0xA4, 0xA2, 0xBC, 0xAE, 0xA4, 0x90, 0xC0, 0xBE, 0xE6, 0xBE, 0xE6,
    0xBC, 0xE5, 0xE6, 0xE5, 0xBE, 0xB7, 0xF3, 0x02, 0xF4, 0x86, 0xFC, 0xE5, 0xB7, 0xCC, 0xD8, 0xF4,
    0xE7, 0x02, 0xF7, 0x80, 0xE7, 0x04, 0xD6, 0x81, 0xE8, 0xE6, 0x03, 0xBD, 0x83, 0xD6, 0xF3, 0xBE,
    0xF4, 0x02, 0xF3, 0x84, 0xE6, 0xAE, 0xA7, 0x90, 0xA7, 0x02, 0xAF, 0x80, 0xBE, 0x05, 0xC0, 0x02,
    0xAF, 0x83, 0xA7, 0xA4, 0x49, 0xA7, 0x05, 0xAF, 0x81, 0xAE, 0xBD, 0x03, 0xBC, 0x81, 0xAE, 0xA7,
    0x02, 0xA6, 0x86, 0xA4, 0xA6, 0xA7, 0xAF, 0xB0, 0xC0, 0xB0, 0x03, 0xA4, 0x84, 0xAC, 0xAE, 0xBE,
    0xD6, 0xE5, 0x02, 0xD6, 0x82, 0xBE, 0xBC, 0xBB, 0x06, 0xAC, 0x89, 0xAB, 0x90, 0x52, 0x66, 0xB1,
    0xB2, 0x92, 0x70, 0x60, 0x52, 0x03, 0x3B, 0x02, 0x37, 0x80, 0x3B, 0x03, 0x37, 0x05, 0x3B, 0x06,
    0x64, 0x80, 0x6C, 0x06, 0x64, 0x81, 0x70, 0x72, 0x02, 0x65, 0x02, 0x64, 0x81, 0x3B, 0x2D, 0x02,
    0x65, 0x82, 0x79, 0x65, 0x64, 0x04, 0x65, 0x80, 0x3B, 0x02, 0x65, 0x82, 0x6C, 0x65, 0x6C, 0x02,
    0x65, 0x81, 0x6C, 0x79, 0x03, 0x94, 0x02, 0x9B, 0x02, 0x94, 0x81, 0x9B, 0x94, 0x02, 0x9C, 0x03,
    0x9B, 0x80, 0x9A, 0x02, 0x9C, 0x80, 0x9B, 0x02, 0xC1, 0x81, 0x94, 0x9B, 0x05, 0x9A, 0x02, 0x94,
    0x87, 0x9A, 0xB2, 0xA9, 0xC6, 0xE2, 0xEE, 0xE2, 0xBE, 0x02, 0xBD, 0x88, 0xFD, 0xF3, 0xE2, 0xD5,
    0xBA, 0xAA, 0x9D, 0x8B, 0x5C, 0x02, 0x59, 0x80, 0x58, 0x02, 0x59, 0x80, 0x5D, 0x04, 0xA4, 0x84,
    0x84, 0x8E, 0xA3, 0xA7, 0xAF, 0x04, 0xB0, 0x04, 0xC0, 0x80, 0xBF, 0x05, 0xC0, 0x02, 0xBE, 0x80,
    0xBC, 0x03, 0xD6, 0x83, 0xBE, 0xB9, 0xAE, 0xAF, 0x02, 0xB0, 0x8A, 0xC0, 0xA4, 0xBF, 0xF9, 0xF1,
    0xB4, 0xF9, 0xF4, 0xFD, 0xF2, 0xD7, 0x03, 0xFC, 0x8C, 0xB8, 0xF7, 0xF4, 0xE8, 0xF7, 0xFA, 0xFD,
    0xFA, 0xF6, 0xBB, 0xFD, 0xF9, 0xFD, 0x02, 0xFC, 0x03, 0xFA, 0x81, 0xE8, 0xF7, 0x02, 0xEE, 0x80,
    0xB4, 0x02, 0xFA, 0x87, 0xF7, 0xF0, 0xEE, 0xBD, 0xA7, 0xA4, 0x82, 0x49, 0x02, 0x83, 0x80, 0xA2,
    0x05, 0x83, 0x84, 0x80, 0x48, 0x81, 0xA2, 0xA5, 0x04, 0xA2, 0x83, 0x48, 0xA7, 0xA4, 0xAF, 0x02,
    0xB0, 0x83, 0xBF, 0xAE, 0xAC, 0xBB, 0x02, 0xF3, 0x83, 0xD6, 0xBB, 0xAC, 0xBC, 0x02, 0xF3, 0x02,
    0xE5, 0x02, 0xD6, 0x86, 0xCC, 0xE7, 0xE8, 0xF7, 0xEE, 0xF4, 0xD6, 0x04, 0xBB, 0x80, 0xF7, 0x02,
    0xD8, 0x85, 0xF4, 0xF9, 0xF4, 0xF3, 0xF9, 0xF1, 0x03, 0xF3, 0x81, 0xBE, 0xC0, 0x02, 0xB0, 0x80,
    0xAF, 0x02, 0xAE, 0x80, 0xB0, 0x03, 0xAF, 0x82, 0xBC, 0xAE, 0xBC, 0x02, 0xAF, 0x82, 0xA7, 0x90,
    0xAE, 0x06, 0xAF, 0x82, 0xA7, 0xA6, 0xA4, 0x04, 0xA7, 0x80, 0xBC, 0x03, 0xAF, 0x84, 0xA7, 0xA8,
    0xA7, 0xA8, 0xA7, 0x03, 0xA8, 0x80, 0xA7, 0x02, 0xA8, 0x81, 0xA7, 0xAF, 0x08, 0xA8, 0x02, 0xA4,
    0x80, 0xA2, 0x02, 0x76, 0x80, 0x73, 0x03, 0x76, 0x02, 0x91, 0x07, 0x76, 0x80, 0x91, 0x02, 0x76,
    0x80, 0x91, 0x02, 0x73, 0x03, 0x70, 0x02, 0x52, 0x02, 0x50, 0x82, 0x53, 0x3B, 0x37, 0x02, 0x3B,
    0x89, 0x37, 0x3B, 0x61, 0x66, 0x76, 0xA0, 0xCB, 0xCF, 0xCA, 0xCB, 0x03, 0xB2, 0x81, 0xB1, 0x9A,
    0x02, 0x94, 0x80, 0x79, 0x03, 0x72, 0x06, 0x65, 0x80, 0x79, 0x03, 0x94, 0x80, 0x9A, 0x02, 0x9B,
    0x86, 0x9A, 0x94, 0x9B, 0x9A, 0x9C, 0xB1, 0x9C, 0x04, 0x9A, 0x8C, 0x9C, 0xB1, 0xC5, 0xC6, 0xCC,
    0xD7, 0xD5, 0xD8, 0xEE, 0xE4, 0xCC, 0xD7, 0xD8, 0x02, 0xCC, 0x83, 0xDF, 0xC4, 0xB5, 0x38, 0x02,
    0xB4, 0x03, 0xB3, 0x80, 0xA9, 0x03, 0x9D, 0x02, 0x96, 0x80, 0x8D, 0x02, 0x8B, 0x83, 0x89, 0x8D,
    0x9D, 0xAD, 0x02, 0xA7, 0x83, 0xAD, 0xA4, 0x8E, 0x20, 0x03, 0xA7, 0x80, 0xAF, 0x0D, 0xB0, 0x05,
    0xAF, 0x80, 0xA7, 0x02, 0xA8, 0x81, 0xA7, 0xAE, 0x02, 0xA8, 0x02, 0xA7, 0x80, 0xB0, 0x02, 0xC0,
    0x81, 0xF1, 0xAA, 0x02, 0xF1, 0x91, 0xBD, 0xD5, 0xB1, 0xEE, 0xF7, 0xFC, 0xE7, 0xFC, 0xE7, 0xD6,
    0xE7, 0xBB, 0x9E, 0xF4, 0xF7, 0xFD, 0xF4, 0xFF, 0x06, 0xFC, 0x02, 0xF7, 0x83, 0xF2, 0xF1, 0xBD,
    0xBA, 0x02, 0xA4, 0x81, 0xA6, 0xA2, 0x04, 0xA1, 0x03, 0x81, 0x04, 0x80, 0x02, 0xA1, 0x02, 0x81,
    0x80, 0x80, 0x02, 0xA1, 0x02, 0xA5, 0x02, 0xA2, 0x80, 0xA7, 0x02, 0xB0, 0x02, 0xA7, 0x83, 0xA4,
    0xAE, 0xAC, 0xBB, 0x03, 0xF3, 0x85, 0xBB, 0xB7, 0xBC, 0xF3, 0xE6, 0xD6, 0x03, 0xBB, 0x83, 0xCC,
    0xB8, 0xCC, 0xD6, 0x02, 0xE7, 0x81, 0xE8, 0xF7, 0x02, 0xF0, 0x02, 0xF8, 0x81, 0xFC, 0xFF, 0x02,
    0xFC, 0x86, 0xFD, 0xF4, 0xF3, 0xF4, 0x9E, 0xB7, 0xAE, 0x03, 0xAF, 0x80, 0xB0, 0x03, 0xAF, 0x84,
    0xBF, 0xB0, 0xBF, 0xE6, 0xF9, 0x03, 0xE6, 0x8A, 0xAB, 0xA4, 0xBF, 0xC0, 0xE6, 0xF3, 0xC0, 0xBF,
    0xAF, 0xA7, 0xAE, 0x02, 0xAF, 0x80, 0xBB, 0x04, 0xAF, 0x81, 0xBC, 0xAF, 0x02, 0xA8, 0x80, 0xA7,
    0x05, 0xA8, 0x07, 0xA6, 0x07, 0xA5, 0x04, 0xA6, 0x13, 0x76, 0x81, 0x91, 0x76, 0x03, 0x91, 0x03,
    0x76, 0x84, 0x91, 0x99, 0x98, 0xB5, 0xD3, 0x03, 0xBA, 0x02, 0xD5, 0x82, 0xE4, 0xF2, 0xF7, 0x03,
    0xE8, 0x94, 0xF7, 0xE7, 0xEE, 0xE7, 0xD8, 0xBA, 0xB4, 0xA9, 0x9D, 0xA9, 0xB2, 0xB5, 0xB6, 0xB2,
    0xB6, 0xC9, 0xB2, 0xC9, 0xCA, 0xB6, 0xB2, 0x02, 0xB1, 0x02, 0x9A, 0x85, 0x94, 0x9A, 0x94, 0x9C,
    0xB1, 0x9C, 0x06, 0x9A, 0x81, 0x9C, 0xB2, 0x02, 0xD5, 0x81, 0xE2, 0xE5, 0x02, 0xF4, 0x88, 0xEE,
    0xF7, 0xEE, 0xB4, 0xB3, 0xEE, 0xD8, 0xB9, 0xB3, 0x03, 0xB4, 0x80, 0xAA, 0x03, 0xA9, 0x02, 0x9D,
    0x80, 0xA9, 0x02, 0x9F, 0x8A, 0xB4, 0xB8, 0xBB, 0xBD, 0xBB, 0xB7, 0xAD, 0xAA, 0x8E, 0x9D, 0xAE,
    0x02, 0xAD, 0x02, 0xAE, 0x80, 0xAF, 0x02, 0xC0, 0x02, 0xB0, 0x81, 0xA4, 0xA7, 0x02, 0xB0, 0x02,
    0xAF, 0x03, 0xB0, 0x80, 0x88, 0x04, 0xA8, 0x80, 0xA7, 0x02, 0xA8, 0x85, 0xA7, 0xAE, 0xA7, 0x88,
    0xA7, 0xAF, 0x02, 0xBF, 0x8B, 0xF1, 0xA9, 0xF3, 0xF1, 0xE1, 0x99, 0xBF, 0xF1, 0xF4, 0xFA, 0xFF,
    0xFA, 0x02, 0xBB, 0x81, 0xE6, 0xFD, 0x03, 0xFF, 0x81, 0xFC, 0xFD, 0x03, 0xFF, 0x87, 0xFB, 0xF6,
    0xDF, 0xF6, 0xF2, 0xBA, 0xAE, 0x90, 0x03, 0x49, 0x80, 0x83, 0x05, 0xA1, 0x03, 0x81, 0x02, 0x80,
    0x04, 0x48, 0x81, 0x81, 0xA1, 0x02, 0x81, 0x02, 0x80, 0x82, 0x48, 0x80, 0xA1, 0x02, 0xA5, 0x80,
    0xA6, 0x02, 0xB0, 0x84, 0xA7, 0xA4, 0xA7, 0xAF, 0xF3, 0x02, 0xAC, 0x02, 0xBB, 0x82, 0xD6, 0xCC,
    0xF4, 0x06, 0xCC, 0x81, 0xD6, 0xB8, 0x02, 0xCC, 0x81, 0xD6, 0xF7, 0x03, 0xF8, 0x80, 0xF7, 0x02,
    0xF8, 0x81, 0xFC, 0xFF, 0x03, 0xFC, 0x87, 0xF7, 0xFC, 0xF7, 0xE7, 0x8C, 0xB7, 0xA3, 0xE6, 0x02,
    0xF3, 0x80, 0xF9, 0x05, 0xF3, 0x8A, 0xF9, 0xBB, 0xE5, 0xCC, 0xF4, 0xD6, 0xE6, 0xF3, 0xF9, 0xE6,
    0xF3, 0x03, 0xC0, 0x86, 0xAF, 0xAE, 0xAD, 0xAC, 0xB7, 0xAF, 0xBC, 0x02, 0xAF, 0x81, 0xBC, 0xAE,
    0x02, 0xA7, 0x80, 0xA8, 0x02, 0xA7, 0x0A, 0xA6, 0x08, 0xA5, 0x03, 0xA6, 0x03, 0xF6, 0x83, 0xEF,
    0xB4, 0x95, 0x5C, 0x0D, 0x76, 0x04, 0x91, 0x82, 0x92, 0x99, 0x98, 0x02, 0x9F, 0x80, 0xB9, 0x02,
    0xD5, 0x03, 0xE2, 0x83, 0xE4, 0xEE, 0xF7, 0xFA, 0x03, 0xF4, 0x80, 0xF9, 0x05, 0xF4, 0x81, 0xFA,
    0xF7, 0x02, 0xFC, 0x87, 0xFF, 0xFC, 0xF7, 0xE7, 0xD7, 0xE2, 0xE8, 0xF2, 0x02, 0xE8, 0x81, 0xE7,
    0xE8, 0x02, 0xEE, 0x02, 0xFA, 0x80, 0xFC, 0x02, 0xFB, 0x84, 0xEF, 0xF6, 0xED, 0xD3, 0xCB, 0x04,
    0xC6, 0x84, 0xC4, 0xCF, 0xEE, 0xD8, 0xE7, 0x04, 0xD8, 0x02, 0xFC, 0x02, 0xFD, 0x84, 0xFF, 0xF4,
    0xFD, 0xF7, 0xFC, 0x03, 0xF4, 0x82, 0xE8, 0xF4, 0xF7, 0x03, 0xE8, 0x02, 0xD8, 0x81, 0xB8, 0xE7,
    0x02, 0xD8, 0x85, 0xCB, 0xAA, 0x8E, 0xAA, 0xBA, 0xB7, 0x02, 0xAE, 0x85, 0xA3, 0x87, 0x90, 0xAE,
    0xB0, 0xC0, 0x02, 0xB0, 0x80, 0xAF, 0x02, 0xB0, 0x80, 0xAF, 0x02, 0xBF, 0x81, 0xB0, 0xC0, 0x02,
    0xB0, 0x81, 0xA8, 0xB0, 0x02, 0xA8, 0x95, 0xA7, 0xA6, 0xA8, 0xA4, 0x90, 0xB0, 0xAF, 0xAE, 0xB0,
    0xF1, 0x9D, 0xB6, 0xA9, 0x96, 0xBA, 0xBF, 0xB0, 0xBD, 0xC0, 0xF9, 0xFA, 0xF9, 0x02, 0xFD, 0x86,
    0xFA, 0xFD, 0xFA, 0xFD, 0xFC, 0xF4, 0xF7, 0x02, 0xFD, 0x85, 0xFA, 0xFC, 0xF6, 0xD7, 0xCB, 0xBA,
    0x02, 0xAD, 0x81, 0x88, 0x82, 0x03, 0x49, 0x80, 0x83, 0x03, 0xA1, 0x02, 0x83, 0x02, 0x49, 0x80,
    0x80, 0x02, 0x48, 0x04, 0x40, 0x02, 0x48, 0x02, 0x80, 0x82, 0x48, 0x81, 0x80, 0x02, 0x48, 0x80,
    0xA1, 0x02, 0xA5, 0x04, 0xA2, 0x81, 0xA7, 0xAF, 0x02, 0xAE, 0x81, 0xBF, 0xAE, 0x02, 0xAC, 0x02,
    0xAB, 0x80, 0xAC, 0x04, 0xAB, 0x80, 0xB7, 0x03, 0xB8, 0x02, 0xCC, 0x80, 0xD8, 0x03, 0xF7, 0x84,
    0xF0, 0xEE, 0xFC, 0xF7, 0xF8, 0x02, 0xF0, 0x80, 0xF7, 0x03, 0xEE, 0x83, 0xD8, 0xD7, 0xB8, 0x9D,
    0x02, 0x84, 0x80, 0x90, 0x02, 0xA3, 0x84, 0xD5, 0xAB, 0xAD, 0xBD, 0xBB, 0x04, 0xB8, 0x85, 0xBB,
    0xBC, 0xAE, 0xBE, 0xE5, 0xE6, 0x02, 0xF3, 0x82, 0xC0, 0xBF, 0xBE, 0x02, 0xBC, 0x87, 0xD6, 0xBE,
    0xBC, 0xAE, 0xAC, 0xAB, 0xA3, 0x90, 0x06, 0xA4, 0x05, 0xA2, 0x03, 0xA6, 0x08, 0xA5, 0x03, 0xA6,
    0x05, 0xF6, 0x02, 0xD5, 0x83, 0xE4, 0xEF, 0xCB, 0x96, 0x0B, 0x76, 0x83, 0x91, 0x92, 0x96, 0x98,
    0x02, 0xA9, 0x81, 0xAA, 0xBA, 0x02, 0xBD, 0x80, 0xD5, 0x03, 0xE2, 0x82, 0xE7, 0xF4, 0xFA, 0x03,
    0xF4, 0x80, 0xF9, 0x02, 0xF4, 0x83, 0xD6, 0xCC, 0xD8, 0xCC, 0x02, 0xD8, 0x02, 0xEE, 0x84, 0xF0,
    0xF6, 0xE8, 0xCC, 0xE7, 0x03, 0xF1, 0x80, 0xE6, 0x04, 0xE8, 0x84, 0xF4, 0xF7, 0xF6, 0xFA, 0xF6,
    0x02, 0xFC, 0x84, 0xF8, 0xF6, 0xF0, 0xD8, 0xB8, 0x02, 0xD8, 0x81, 0xE7, 0xF0, 0x02, 0xF7, 0x02,
    0xF4, 0x02, 0xFC, 0x80, 0xF7, 0x03, 0xFC, 0x83, 0xFF, 0xFC, 0xF7, 0xFF, 0x02, 0xFC, 0x86, 0xFD,
    0xFF, 0xFD, 0xFC, 0xFD, 0xFA, 0xFC, 0x02, 0xFA, 0x8A, 0xF4, 0xE8, 0xE7, 0x8B, 0x33, 0x8E, 0x9D,
    0xB9, 0xD5, 0xB8, 0xCF, 0x02, 0xCC, 0x02, 0xD5, 0x82, 0xB7, 0xBD, 0x4C, 0x03, 0xC0, 0x02, 0xA7,
    0x80, 0xC0, 0x02, 0xB0, 0x8B, 0xBD, 0xC0, 0xB0, 0xC0, 0xB0, 0x88, 0xA2, 0xA8, 0xB0, 0xAF, 0xB0,
    0x88, 0x02, 0xA4, 0x8F, 0xAD, 0xAF, 0xBD, 0xB2, 0x65, 0x92, 0xE2, 0xF1, 0xA8, 0xC0, 0xA7, 0xB0,
    0xAF, 0xAD, 0xBA, 0xB9, 0x02, 0xE4, 0x02, 0xE7, 0x03, 0xE8, 0x81, 0xF9, 0xFA, 0x02, 0xE8, 0x81,
    0xF9, 0xFD, 0x02, 0xF3, 0x84, 0xF1, 0xBD, 0xBA, 0xAE, 0xA4, 0x02, 0x88, 0x02, 0x82, 0x02, 0x83,
    0x02, 0xA5, 0x03, 0x83, 0x02, 0x49, 0x80, 0x83, 0x02, 0x80, 0x05, 0x48, 0x80, 0x49, 0x03, 0x48,
    0x80, 0x80, 0x02, 0x81, 0x02, 0x80, 0x88, 0x48, 0x80, 0xA5, 0xA1, 0xA5, 0xA6, 0xB0, 0xA8, 0xA2,
    0x02, 0x90, 0x02, 0xAF, 0x86, 0xA7, 0xA4, 0xAB, 0xA3, 0xAC, 0xBB, 0xB7, 0x04, 0xBB, 0x02, 0xCC,
    0x83, 0xD6, 0xCC, 0xE7, 0xF0, 0x02, 0xF7, 0x81, 0xF0, 0xB3, 0x02, 0xFC, 0x80, 0xF8, 0x02, 0xF7,
    0x02, 0xF8, 0x85, 0xED, 0xE4, 0xB4, 0xB3, 0xAB, 0xB7, 0x02, 0xD8, 0x02, 0xE8, 0x85, 0xFA, 0xCC,
    0xE8, 0xB7, 0xB8, 0xE7, 0x03, 0xF0, 0x02, 0xD8, 0x82, 0xF0, 0xF7, 0xF3, 0x02, 0xE7, 0x80, 0xF4,
    0x03, 0xF3, 0x80, 0xF1, 0x03, 0xF3, 0x8A, 0xF1, 0xF9, 0xF3, 0xE6, 0xD6, 0xAB, 0xA3, 0xA4, 0xA3,
    0xA4, 0x88, 0x02, 0x4E, 0x81, 0x88, 0xA4, 0x02, 0xA7, 0x84, 0xA4, 0xA7, 0xAF, 0xB0, 0xA8, 0x02,
    0xA6, 0x80, 0xA8, 0x06, 0xA6, 0x80, 0xA8, 0x07, 0xF6, 0x83, 0xE4, 0xE3, 0xB9, 0xB4, 0x02, 0xB9,
    0x83, 0xB4, 0xA9, 0x95, 0x8A, 0x04, 0x76, 0x02, 0x8A, 0x02, 0x95, 0x84, 0x96, 0x9D, 0xA9, 0xAA,
    0xB8, 0x03, 0xD5, 0x82, 0xE2, 0xE8, 0xF3, 0x03, 0xF4, 0x80, 0xFD, 0x02, 0xFA, 0x83, 0xF9, 0xF4,
    0xD6, 0xD5, 0x03, 0xB8, 0x80, 0xC6, 0x03, 0xB4, 0x84, 0xC6, 0xB3, 0xA9, 0x77, 0x9F, 0x03, 0xB3,
    0x05, 0xB4, 0x02, 0xB8, 0x8A, 0xCC, 0xD5, 0xCC, 0xDF, 0xD8, 0xC8, 0xD8, 0xEE, 0xD8, 0xCC, 0xD8,
    0x03, 0xCC, 0x87, 0xD5, 0xD8, 0xE8, 0xE7, 0xF2, 0xF6, 0xE4, 0xEE, 0x02, 0xF2, 0x85, 0xF6, 0xFC,
    0xF7, 0xFC, 0xF7, 0xFA, 0x03, 0xFD, 0x83, 0xFC, 0xFD, 0xFC, 0xFA, 0x02, 0xB7, 0x02, 0xF7, 0x85,
    0xB7, 0xAD, 0xB7, 0xBE, 0xBB, 0xB7, 0x02, 0xAE, 0x02, 0xB7, 0x04, 0xAE, 0x81, 0x88, 0xA7, 0x03,
    0xB0, 0x84, 0xC0, 0xBF, 0xAD, 0xBD, 0xA3, 0x02, 0x90, 0x03, 0xA4, 0x80, 0xA7, 0x02, 0xB0, 0x88,
    0xA7, 0x90, 0xB9, 0xA9, 0x99, 0x9A, 0x94, 0x99, 0xAD, 0x03, 0xAF, 0x80, 0xC0, 0x03, 0xB0, 0x86,
    0xAF, 0xB0, 0xBD, 0xBA, 0xD3, 0xBA, 0xD5, 0x02, 0xE8, 0x88, 0xF1, 0xF7, 0xFA, 0xF4, 0xF9, 0xF4,
    0xF2, 0xE7, 0xF1, 0x04, 0xF3, 0x82, 0xBE, 0xBA, 0xA7, 0x02, 0xA2, 0x80, 0x90, 0x02, 0x88, 0x80,
    0x83, 0x02, 0xA5, 0x80, 0xA2, 0x08, 0x83, 0x05, 0x80, 0x80, 0x49, 0x03, 0x48, 0x80, 0x80, 0x02,
    0xA1, 0x02, 0x81, 0x03, 0x80, 0x81, 0xA1, 0xA5, 0x02, 0xA8, 0x86, 0xA2, 0xA5, 0x83, 0x49, 0xA4,
    0xA7, 0xA4, 0x03, 0xAC, 0x80, 0x9E, 0x03, 0xAB, 0x82, 0xB3, 0xAB, 0xB4, 0x02, 0xB3, 0x92, 0xB4,
    0xCC, 0xEE, 0xF0, 0xF7, 0xF8, 0xF0, 0xCC, 0xEE, 0xFC, 0xF8, 0xF7, 0xF8, 0xE8, 0xB7, 0xAB, 0xBC,
    0xE5, 0xE7, 0x02, 0xF8, 0x0F, 0xF0, 0x8E, 0xD8, 0xB8, 0xD6, 0xE7, 0xD8, 0xD6, 0xE5, 0xE6, 0xF3,
    0xE7, 0xE8, 0xF3, 0xF4, 0xF3, 0xE6, 0x02, 0xBE, 0x80, 0xD6, 0x04, 0xBC, 0x80, 0xAF, 0x06, 0xAE,
    0x84, 0xA7, 0xA4, 0x90, 0x88, 0xA4, 0x03, 0xA2, 0x07, 0xA6, 0x81, 0xA7, 0xF6, 0x02, 0xEE, 0x02,
    0xF2, 0x02, 0xF6, 0x03, 0xFB, 0x02, 0xF2, 0x02, 0xD5, 0x02, 0xBA, 0x06, 0xD5, 0x81, 0xBB, 0xB8,
    0x03, 0xD5, 0x82, 0xE2, 0xD5, 0xBA, 0x02, 0xD5, 0x80, 0xCC, 0x04, 0xD6, 0x83, 0xCC, 0xD6, 0xBB,
    0xD6, 0x02, 0xE5, 0x86, 0xE6, 0xE5, 0xD6, 0xCC, 0xD5, 0xCC, 0xB8, 0x02, 0xC6, 0x85, 0xB4, 0xC6,
    0xB3, 0x96, 0x92, 0x95, 0x04, 0xB3, 0x04, 0xB4, 0x03, 0xB8, 0x89, 0xCC, 0xB8, 0xCC, 0xD6, 0xCC,
    0xD7, 0xC6, 0xEE, 0xED, 0xB8, 0x03, 0xCC, 0x85, 0xE8, 0xEE, 0xF2, 0xF4, 0xFA, 0xFC, 0x05, 0xF7,
    0x84, 0xFC, 0xF7, 0xFC, 0xF7, 0xF2, 0x03, 0xE2, 0x8D, 0xE8, 0xF4, 0xE7, 0xE8, 0xE6, 0xBB, 0xB7,
    0xB8, 0xBE, 0xE6, 0xBF, 0xA4, 0xBD, 0xBB, 0x02, 0xAF, 0x02, 0xAD, 0x02, 0xAF, 0x83, 0x90, 0xA3,
    0xAE, 0xAF, 0x03, 0xB0, 0x80, 0xA8, 0x03, 0xB0, 0x82, 0xAF, 0xAE, 0xBF, 0x02, 0xBA, 0x8A, 0xA9,
    0x5D, 0x8E, 0xAD, 0xBF, 0xC0, 0xE3, 0x33, 0x5C, 0xD5, 0xBC, 0x03, 0xAF, 0x02, 0xB0, 0x81, 0xC0,
    0xB0, 0x04, 0xBF, 0x86, 0xE5, 0xD8, 0xE8, 0xD5, 0xB7, 0xF1, 0xF4, 0x03, 0xFD, 0x82, 0xF7, 0xFA,
    0xF4, 0x02, 0xD6, 0x80, 0xF1, 0x04, 0xF3, 0x02, 0xAF, 0x03, 0xA2, 0x80, 0x90, 0x03, 0xA2, 0x02,
    0xA5, 0x02, 0xA2, 0x07, 0x83, 0x81, 0x81, 0xA1, 0x02, 0x81, 0x03, 0x80, 0x03, 0x48, 0x81, 0xA1,
    0x81, 0x02, 0xA1, 0x04, 0x81, 0x81, 0xA5, 0xA1, 0x03, 0x81, 0x83, 0x80, 0x49, 0xAC, 0xBC, 0x02,
    0xD6, 0x82, 0xD5, 0xD8, 0xB8, 0x02, 0xB3, 0x81, 0xB4, 0xB8, 0x03, 0xD8, 0x80, 0xF0, 0x04, 0xF8,
    0x86, 0xF0, 0xD8, 0xB8, 0xF7, 0xE8, 0xD6, 0xB7, 0x02, 0xAB, 0x82, 0x9E, 0xB7, 0xF7, 0x02, 0xF8,
    0x13, 0xF0, 0x85, 0xD8, 0x95, 0x9F, 0xCC, 0xE7, 0xE8, 0x02, 0xF9, 0x83, 0xE6, 0xF9, 0xFD, 0xF4,
    0x04, 0xF3, 0x81, 0xE5, 0xD6, 0x02, 0xE5, 0x03, 0xD6, 0x81, 0xBC, 0xBB, 0x02, 0xBC, 0x80, 0xAE,
    0x03, 0xAC, 0x82, 0xA7, 0xBC, 0xAE, 0x05, 0xA7, 0x03, 0xA6, 0x02, 0xA7, 0x83, 0xD5, 0xCC, 0xE4,
    0xF2, 0x03, 0xEE, 0x80, 0xF7, 0x02, 0xFC, 0x83, 0xFA, 0xF4, 0xD6, 0xCC, 0x02, 0xB8, 0x02, 0xB9,
    0x82, 0xB8, 0xCC, 0xD5, 0x02, 0xF3, 0x02, 0xF4, 0x84, 0xE5, 0xD6, 0xB8, 0xB7, 0xAB, 0x02, 0xB7,
    0x83, 0xB8, 0xD6, 0xE8, 0xF3, 0x03, 0xF4, 0x80, 0xF9, 0x02, 0xF4, 0x80, 0xF3, 0x03, 0xF9, 0x02,
    0xF4, 0x86, 0xF9, 0xF7, 0xFC, 0xF7, 0xE4, 0xDF, 0xB4, 0x02, 0xB5, 0x80, 0xAA, 0x06, 0xA9, 0x03,
    0xAA, 0x80, 0xB5, 0x02, 0xB6, 0x8A, 0xB2, 0x9F, 0xC6, 0xD0, 0xE3, 0xE4, 0xFB, 0xDF, 0xB3, 0xB5,
    0xCB, 0x02, 0xBA, 0x86, 0xD5, 0xBA, 0xD5, 0xE2, 0xE8, 0xD8, 0xE2, 0x02, 0xE5, 0x81, 0xE2, 0xF2,
    0x02, 0xF7, 0x02, 0xF6, 0x81, 0xF7, 0xF2, 0x02, 0xE2, 0x80, 0xE5, 0x02, 0xB8, 0x83, 0xBB, 0xF1,
    0xE8, 0xD8, 0x02, 0xE6, 0x88, 0xBC, 0xF1, 0xBD, 0xB7, 0x90, 0xAC, 0xA3, 0x90, 0xA4, 0x02, 0xAE,
    0x05, 0xAF, 0x03, 0xA8, 0x86, 0xB0, 0xAF, 0xA4, 0xA3, 0x90, 0x88, 0xA4, 0x02, 0xBF, 0x86, 0xAF,
    0x9D, 0x96, 0xBD, 0xBF, 0xC0, 0xB0, 0x02, 0xBD, 0x81, 0xBF, 0xB0, 0x03, 0xC0, 0x82, 0xBF, 0xBD,
    0xB9, 0x02, 0xAA, 0x80, 0xBA, 0x02, 0xB8, 0x83, 0xD5, 0xE5, 0xE7, 0xF1, 0x02, 0xFA, 0x83, 0xF4,
    0xF3, 0xE7, 0xF9, 0x02, 0xF1, 0x80, 0xE5, 0x02, 0xF3, 0x02, 0xBF, 0x02, 0xAF, 0x80, 0xA8, 0x03,
    0xA2, 0x80, 0xA4, 0x02, 0xA2, 0x02, 0xA6, 0x06, 0xA2, 0x82, 0x83, 0xA2, 0x83, 0x04, 0xA1, 0x05,
    0x81, 0x02, 0x80, 0x04, 0x81, 0x02, 0xA1, 0x83, 0x81, 0xA1, 0x81, 0xA1, 0x02, 0x81, 0x03, 0x48,
    0x83, 0xA7, 0xBC, 0xBD, 0xD5, 0x02, 0xE2, 0x84, 0xD8, 0xB8, 0xCC, 0xD6, 0xE8, 0x02, 0xF7, 0x87,
    0xFC, 0xF7, 0xEE, 0xE7, 0xD8, 0xB3, 0xB8, 0xB7, 0x03, 0xAB, 0x83, 0xB4, 0xCC, 0xDF, 0xEF, 0x04,
    0xC8, 0x81, 0xF0, 0xE0, 0x12, 0xF0, 0x02, 0xF8, 0x83, 0xF0, 0xC8, 0x97, 0x96, 0x02, 0xD6, 0x83,
    0xB8, 0xB7, 0xB8, 0xE8, 0x02, 0xBE, 0x03, 0xBB, 0x80, 0xB7, 0x03, 0xAC, 0x80, 0xAE, 0x04, 0xAC,
    0x82, 0xAE, 0xA4, 0xAC, 0x02, 0xA4, 0x81, 0xAC, 0xBB, 0x02, 0xAE, 0x09, 0xA7, 0x81, 0xE2, 0xE1,
    0x02, 0xD8, 0x81, 0xCC, 0xB7, 0x02, 0xB8, 0x80, 0xCC, 0x02, 0xD6, 0x81, 0xF1, 0xCC, 0x02, 0xAB,
    0x02, 0xA9, 0x85, 0x9E, 0xA9, 0xB3, 0xAB, 0xD6, 0xE5, 0x02, 0xD6, 0x87, 0xD5, 0xE2, 0xD6, 0xE5,
    0xE6, 0xF1, 0xF3, 0xE8, 0x03, 0xF3, 0x82, 0xF4, 0xF1, 0xF9, 0x03, 0xF3, 0x03, 0xF9, 0x88, 0xF3,
    0xE8, 0xF4, 0xF9, 0xF4, 0xF2, 0xF4, 0xE4, 0xD5, 0x02, 0xB9, 0x80, 0xB4, 0x04, 0xB9, 0x82, 0xB5,
    0xA9, 0x9F, 0x02, 0x98, 0x83, 0x9F, 0x9A, 0x98, 0xB1, 0x02, 0x9F, 0x02, 0xC4, 0x02, 0x9F, 0x02,
    0xB3, 0x81, 0x9F, 0xA9, 0x02, 0xA0, 0x81, 0x9F, 0xB6, 0x03, 0xB3, 0x82, 0xB4, 0x9F, 0xB3, 0x03,
    0xAA, 0x86, 0xB4, 0xF6, 0xF7, 0xF0, 0xEE, 0xF2, 0xE2, 0x02, 0xBA, 0x84, 0xD6, 0xD8, 0xE7, 0xF4,
    0xE8, 0x02, 0xE7, 0x83, 0xE6, 0xBF, 0xBD, 0xBF, 0x02, 0xBC, 0x02, 0xBF, 0x02, 0xBC, 0x08, 0xAF,
    0x8F, 0xA7, 0xA2, 0x82, 0xA4, 0xAF, 0xAE, 0xB0, 0xAF, 0xAA, 0x8E, 0x9D, 0xB5, 0xBF, 0xAF, 0xBF,
    0xC0, 0x03, 0xBF, 0x02, 0xBD, 0x82, 0xBE, 0xAF, 0xBD, 0x03, 0xBA, 0x02, 0xB9, 0x02, 0xBA, 0x82,
    0xE8, 0xF1, 0xD8, 0x02, 0xE8, 0x80, 0xE7, 0x02, 0xE6, 0x80, 0xF3, 0x04, 0xF9, 0x82, 0xF1, 0xE8,
    0xBE, 0x02, 0xAF, 0x80, 0xAE, 0x02, 0xAF, 0x02, 0xA8, 0x02, 0xA2, 0x02, 0xA4, 0x80, 0xA2, 0x03,
    0xA6, 0x08, 0xA2, 0x03, 0xA5, 0x06, 0xA1, 0x05, 0x81, 0x08, 0xA1, 0x82, 0x81, 0x80, 0x40, 0x02,
    0x49, 0x80, 0xAF, 0x02, 0xBC, 0x80, 0xBD, 0x02, 0xD6, 0x81, 0xE2, 0xD5, 0x02, 0xE8, 0x89, 0xE5,
    0xBC, 0xBB, 0xB7, 0xAB, 0xB3, 0xAB, 0xB4, 0xB8, 0xCC, 0x03, 0xDF, 0x80, 0xE0, 0x0B, 0xC8, 0x80,
    0xDF, 0x0D, 0xF0, 0x80, 0xD8, 0x02, 0xF0, 0x80, 0xD8, 0x04, 0xC8, 0x87, 0xDF, 0xD8, 0xD6, 0xB4,
    0xB7, 0xAB, 0xD6, 0xBC, 0x03, 0xAE, 0x03, 0xB7, 0x80, 0xAC, 0x02, 0xAB, 0x81, 0xA4, 0xA3, 0x02,
    0xA4, 0x82, 0xA7, 0x90, 0x87, 0x02, 0xA3, 0x85, 0xAC, 0xB7, 0xAC, 0xAE, 0xA7, 0xAE, 0x06, 0xA7,
    0x80, 0xAC,
};
// clang-format on
