// Copyright 2025 QMK -- generated source code only, image retains original copyright
// SPDX-License-Identifier: GPL-2.0-or-later

// This file was auto-generated by `painter_convert_graphics` with arguments:
//    format | pal256
//    output | vial-qmk
//    input  | numi.jpg

// Image's metadata
// ----------------
// Width: 320
// Height: 240
// Single frame

#include <qp.h>

const uint32_t gfx_numi_length = 63345;

// clang-format off
const uint8_t gfx_numi[63345] = {
    0x00, 0xFF, 0x12, 0x00, 0x00, 0x51, 0x47, 0x46, 0x01, 0x71, 0xF7, 0x00, 0x00, 0x8E, 0x08, 0xFF,
    0xFF, 0x40, 0x01, 0xF0, 0x00, 0x01, 0x00, 0x01, 0xFE, 0x04, 0x00, 0x00, 0x20, 0x00, 0x00, 0x00,
    0x02, 0xFD, 0x06, 0x00, 0x00, 0x07, 0x00, 0x01, 0xFF, 0xE8, 0x03, 0x03, 0xFC, 0x00, 0x03, 0x00,
    0x00, 0x00, 0xFF, 0x2A, 0x01, 0xFF, 0x00, 0x01, 0xFF, 0x00, 0x00, 0xFE, 0x2A, 0x01, 0xFD, 0x6A,
    0x02, 0xFD, 0x00, 0x01, 0xFB, 0xF7, 0x06, 0xFA, 0x00, 0x00, 0xEF, 0x00, 0x00, 0xE9, 0x00, 0x03,
    0xE8, 0x2A, 0x01, 0xE4, 0x6A, 0x02, 0xE2, 0x00, 0x11, 0xEA, 0x00, 0x04, 0xE1, 0x00, 0x02, 0xDF,
    0x7F, 0x01, 0xDE, 0x00, 0x02, 0xDC, 0x55, 0x01, 0xDB, 0x00, 0x01, 0xD8, 0x0E, 0x03, 0xD7, 0x6A,
    0x07, 0xD7, 0x71, 0x03, 0xD4, 0x71, 0x0E, 0xD6, 0x00, 0x00, 0xD3, 0x6A, 0x02, 0xD3, 0x35, 0x04,
    0xD3, 0x78, 0x07, 0xD3, 0x06, 0x08, 0xD8, 0xAA, 0x02, 0xD4, 0x00, 0x00, 0xD2, 0x2A, 0x02, 0xD2,
    0x6A, 0x02, 0xD2, 0x7F, 0x06, 0xD2, 0x04, 0x0A, 0xD9, 0xE9, 0x02, 0xD3, 0x15, 0x02, 0xD2, 0xAA,
    0x02, 0xD3, 0x00, 0x00, 0xD1, 0x2A, 0x02, 0xD1, 0x7F, 0x04, 0xD1, 0x02, 0x27, 0xEF, 0x03, 0x18,
    0xE1, 0x02, 0x37, 0xF6, 0x01, 0x27, 0xE7, 0xEE, 0x0B, 0xD8, 0x09, 0x10, 0xD9, 0xFC, 0x13, 0xDA,
    0xD4, 0x03, 0xD3, 0xAA, 0x01, 0xD1, 0x0E, 0x03, 0xD1, 0xF6, 0x06, 0xD2, 0xFB, 0x0D, 0xD2, 0x94,
    0x02, 0xCF, 0x3F, 0x02, 0xCD, 0x00, 0x02, 0xCC, 0x6A, 0x02, 0xCB, 0x00, 0x01, 0xC8, 0x71, 0x07,
    0xC9, 0x00, 0x02, 0xC6, 0x00, 0x06, 0xC6, 0x00, 0x00, 0xC0, 0x77, 0x06, 0xC0, 0x01, 0x3D, 0xF1,
    0x01, 0x1E, 0xD1, 0x00, 0x09, 0xC1, 0x55, 0x01, 0xBC, 0x2A, 0x01, 0xBA, 0x00, 0x02, 0xB8, 0x00,
    0x4E, 0xF5, 0x00, 0x3C, 0xDD, 0x00, 0x18, 0xBE, 0x00, 0x62, 0xEC, 0x00, 0x44, 0xC8, 0x7F, 0x01,
    0xB5, 0xE9, 0x02, 0xB2, 0x6A, 0x02, 0xAF, 0x00, 0x07, 0xAE, 0x55, 0x01, 0xA6, 0xFB, 0x14, 0xAA,
    0x00, 0x03, 0x9F, 0x55, 0x01, 0x99, 0xFC, 0x1E, 0xA0, 0xE9, 0x03, 0x8A, 0x00, 0x84, 0xE5, 0x00,
    0x75, 0xCC, 0xFC, 0x25, 0x90, 0xFD, 0x47, 0x96, 0x00, 0x04, 0x76, 0x00, 0x09, 0x6D, 0x00, 0x10,
    0x69, 0x00, 0x00, 0x61, 0x6A, 0x05, 0x61, 0x9B, 0x07, 0x62, 0x00, 0x00, 0x60, 0x2A, 0x05, 0x60,
    0x00, 0xA1, 0xDA, 0xFE, 0xBE, 0xDB, 0x00, 0x81, 0xA6, 0xFE, 0xB1, 0xAF, 0x00, 0x18, 0x68, 0xF0,
    0x07, 0x61, 0x00, 0x00, 0x5F, 0xFC, 0x27, 0x68, 0xFD, 0x4F, 0x67, 0x6E, 0x0D, 0x61, 0x2A, 0x02,
    0x5D, 0x00, 0x02, 0x5A, 0x00, 0x02, 0x56, 0x55, 0x03, 0x53, 0x00, 0x06, 0x52, 0x00, 0x00, 0x4F,
    0x00, 0x0F, 0x51, 0x00, 0x00, 0x4B, 0x00, 0x00, 0x49, 0x7F, 0x03, 0x48, 0xF8, 0x17, 0x4C, 0x00,
    0x03, 0x46, 0x00, 0x00, 0x44, 0xFB, 0x2C, 0x4B, 0xFD, 0x59, 0x4D, 0x00, 0x04, 0x3C, 0x00, 0x04,
    0x35, 0x00, 0x14, 0x33, 0x55, 0x05, 0x2D, 0xFE, 0xDA, 0xE2, 0xFE, 0xEB, 0xE0, 0xFE, 0xF5, 0xEB,
    0xFE, 0xF3, 0xDB, 0x00, 0xFC, 0xFB, 0x00, 0xFB, 0xF6, 0xFE, 0xFA, 0xEC, 0xFE, 0xFF, 0xFE, 0xFE,
    0xFF, 0xFE, 0xFE, 0xFF, 0xFD, 0x00, 0xFF, 0xFD, 0xFE, 0xFF, 0xFB, 0xFE, 0xFD, 0xF3, 0xFE, 0xD2,
    0xC1, 0xFE, 0xE1, 0xBE, 0xFE, 0xF0, 0xC6, 0xFE, 0xEF, 0xB3, 0xFE, 0xCB, 0x94, 0xFE, 0xE3, 0x93,
    0xFE, 0xF4, 0x8E, 0xFE, 0xB8, 0x62, 0xFC, 0x8E, 0x46, 0xFC, 0x5C, 0x37, 0xFC, 0x97, 0x36, 0xFE,
    0xF2, 0x63, 0xFE, 0xF1, 0x4C, 0xFC, 0xCB, 0x36, 0xFE, 0xFA, 0x38, 0x00, 0x06, 0x2A, 0x55, 0x06,
    0x27, 0x00, 0x06, 0x25, 0x00, 0x2C, 0x28, 0x55, 0x07, 0x23, 0x00, 0x00, 0x21, 0x00, 0x00, 0x20,
    0xFB, 0x49, 0x26, 0x00, 0x08, 0x1E, 0x00, 0x00, 0x1C, 0x55, 0x09, 0x1B, 0x00, 0x00, 0x19, 0x00,
    0x00, 0x18, 0x00, 0x78, 0x26, 0x00, 0x42, 0x1B, 0xFB, 0xB2, 0x28, 0xFC, 0x91, 0x1C, 0xD4, 0x0B,
    0x17, 0x00, 0x00, 0x15, 0x00, 0x45, 0x16, 0xFC, 0xD3, 0x29, 0xFD, 0xF8, 0x29, 0xFB, 0xE6, 0x1F,
    0xFC, 0xBF, 0x18, 0xFD, 0xF4, 0x18, 0x6A, 0x18, 0x15, 0x00, 0x00, 0x13, 0x00, 0x00, 0x12, 0x00,
    0x00, 0x11, 0x00, 0x0F, 0x11, 0x00, 0x00, 0x0F, 0x15, 0x3C, 0x11, 0x00, 0x00, 0x0E, 0xE9, 0x3F,
    0x10, 0x00, 0x00, 0x0D, 0x00, 0x00, 0x0C, 0x08, 0x55, 0x0F, 0x00, 0x00, 0x0B, 0x00, 0x00, 0x0A,
    0x74, 0x5C, 0x0B, 0xFA, 0x96, 0x11, 0x00, 0xAF, 0x10, 0x00, 0x5C, 0x0B, 0x00, 0x00, 0x09, 0x00,
    0x00, 0x08, 0x1C, 0x55, 0x09, 0xF0, 0x55, 0x09, 0x00, 0x00, 0x07, 0x3F, 0x48, 0x07, 0x00, 0x00,
    0x06, 0x3F, 0x55, 0x06, 0xE9, 0x48, 0x07, 0xAA, 0x48, 0x07, 0x00, 0x00, 0x05, 0x9F, 0x7F, 0x08,
    0x2A, 0x66, 0x05, 0xFC, 0xE2, 0x12, 0x00, 0xC8, 0x0E, 0xFC, 0xFF, 0x10, 0xFA, 0xD4, 0x0C, 0xFB,
    0xFF, 0x0C, 0xF8, 0xB2, 0x0A, 0x00, 0xE5, 0x0A, 0xF6, 0xFF, 0x0A, 0x00, 0xFF, 0x0A, 0x00, 0x6D,
    0x07, 0x00, 0xB6, 0x07, 0xF7, 0xDA, 0x07, 0xF0, 0xFF, 0x06, 0x00, 0xFF, 0x08, 0x00, 0xFF, 0x06,
    0xAA, 0x55, 0x06, 0x00, 0x00, 0x04, 0xE9, 0x66, 0x05, 0x1C, 0xBF, 0x04, 0xE9, 0x7F, 0x04, 0xF4,
    0xCC, 0x05, 0x08, 0xFF, 0x05, 0xE9, 0xFF, 0x04, 0x00, 0xFF, 0x05, 0x00, 0xFF, 0x04, 0x6A, 0xDA,
    0x07, 0x63, 0xBF, 0x04, 0x94, 0xCC, 0x05, 0x00, 0x00, 0x03, 0x55, 0xAA, 0x03, 0x9F, 0xCC, 0x05,
    0x00, 0x00, 0x02, 0x2A, 0xFF, 0x02, 0x6A, 0xFF, 0x02, 0x55, 0xFF, 0x02, 0xAA, 0xBF, 0x04, 0xE9,
    0xAA, 0x03, 0x00, 0x00, 0x01, 0x15, 0xFF, 0x02, 0x2A, 0xFF, 0x01, 0x55, 0xFF, 0x01, 0xB4, 0xFF,
    0x04, 0xAA, 0xFF, 0x02, 0xE9, 0xFF, 0x02, 0x00, 0xFF, 0x03, 0x00, 0xFF, 0x01, 0x00, 0x00, 0x00,
    0x05, 0xFA, 0x3C, 0xF4, 0x00, 0x38, 0x1E, 0x80, 0x19, 0x08, 0x1E, 0x80, 0x19, 0x03, 0x1E, 0x8E,
    0x1D, 0x1E, 0x22, 0x68, 0xAD, 0xFC, 0xEE, 0xDF, 0xFF, 0xFC, 0xFF, 0xFE, 0xF6, 0xFF, 0xF4, 0x03,
    0xFF, 0x90, 0xF6, 0xED, 0xE3, 0xCA, 0xED, 0xA0, 0xA7, 0xDA, 0xE2, 0xFF, 0xC4, 0xA4, 0xB3, 0x99,
    0x6B, 0xB5, 0xA5, 0x02, 0xB6, 0x90, 0xB5, 0xB3, 0xA1, 0xA3, 0xAA, 0x9E, 0xA3, 0xA2, 0xA3, 0xB2,
    0xB7, 0xBB, 0xBE, 0xC5, 0xC8, 0xE1, 0xF6, 0x02, 0xF0, 0x80, 0xE2, 0x02, 0xDA, 0x83, 0xED, 0xF0,
    0xBC, 0x9F, 0x02, 0xA1, 0x83, 0xA3, 0xA2, 0xB5, 0xAB, 0x02, 0xF6, 0x80, 0xFB, 0x03, 0xFF, 0x93,
    0xFB, 0xFF, 0xF4, 0xE1, 0xAA, 0x9F, 0xA3, 0xA2, 0xA5, 0xB4, 0xB9, 0xBE, 0xF6, 0xED, 0xCE, 0xC4,
    0xA5, 0xB2, 0xE1, 0xF6, 0x02, 0xFF, 0x88, 0xF6, 0xFF, 0xED, 0xFA, 0xF4, 0xF6, 0xD2, 0xD3, 0xF6,
    0x05, 0xFF, 0x89, 0xF0, 0xE1, 0xED, 0xF0, 0xFA, 0xFF, 0xD3, 0xA8, 0xBA, 0xB9, 0x02, 0xC8, 0x0C,
    0xFF, 0x90, 0xBC, 0xAC, 0xB6, 0xBC, 0xB6, 0xF6, 0xEC, 0xDD, 0xE9, 0xF6, 0xF7, 0xD6, 0xE7, 0xEB,
    0xD5, 0x96, 0x8F, 0x03, 0x8D, 0x80, 0x8F, 0x02, 0x95, 0x80, 0x96, 0x07, 0x98, 0x80, 0xAE, 0x03,
    0xAF, 0x10, 0xAE, 0x81, 0x98, 0x96, 0x03, 0x95, 0x02, 0x8F, 0x80, 0x8A, 0x03, 0x60, 0x83, 0x55,
    0x48, 0x45, 0x3F, 0x02, 0x2B, 0x84, 0x3F, 0x48, 0x54, 0x61, 0x7D, 0x03, 0x61, 0x86, 0x45, 0x29,
    0x2F, 0x31, 0x20, 0x26, 0x23, 0x63, 0x1E, 0x8A, 0x30, 0x26, 0x1D, 0x20, 0x24, 0x40, 0x94, 0xD1,
    0xEE, 0xEB, 0xDE, 0x0A, 0xFF, 0x85, 0xCB, 0xC6, 0xD6, 0xDB, 0xA1, 0xF1, 0x02, 0xC7, 0x9D, 0xC8,
    0xBB, 0xA5, 0x9B, 0x58, 0xAB, 0xB2, 0xA1, 0xB3, 0xAA, 0xA5, 0xA3, 0xA2, 0xA5, 0x9F, 0xA1, 0x9E,
    0xA2, 0x9B, 0xA2, 0xAA, 0xAB, 0xB9, 0xBB, 0xB9, 0xBF, 0xCE, 0xF0, 0xF6, 0xED, 0x03, 0xDA, 0x82,
    0xE1, 0xC8, 0x9F, 0x02, 0xA1, 0x83, 0xA2, 0xA1, 0xCA, 0xA5, 0x03, 0xFF, 0x80, 0xED, 0x04, 0xFF,
    0x91, 0xFE, 0xF0, 0xA5, 0xA1, 0x9F, 0xA1, 0xA3, 0xAB, 0xB4, 0xB3, 0xF6, 0xF0, 0xC5, 0xCA, 0xC5,
    0x79, 0xFF, 0xE1, 0x05, 0xFF, 0x85, 0xE3, 0xEF, 0xEC, 0xF7, 0xC1, 0xD5, 0x06, 0xFF, 0x8B, 0xED,
    0xCA, 0xCE, 0xE1, 0xE4, 0xFF, 0xD3, 0xA8, 0xBD, 0xB7, 0xC8, 0xC5, 0x0C, 0xFF, 0x95, 0xBE, 0xB6,
    0xBA, 0xBE, 0xB7, 0xFF, 0xEE, 0xE7, 0xDF, 0xFF, 0xE9, 0xF3, 0xD8, 0xDF, 0xFE, 0xF1, 0xD1, 0x98,
    0x90, 0x8D, 0x8C, 0x8D, 0x02, 0x8C, 0x80, 0x8D, 0x04, 0x8C, 0x15, 0x8D, 0x09, 0x8C, 0x80, 0x7D,
    0x02, 0x61, 0x80, 0x7D, 0x05, 0x61, 0x85, 0x60, 0x55, 0x45, 0x29, 0x2C, 0x48, 0x03, 0x61, 0x86,
    0x60, 0x2B, 0x2E, 0x17, 0x30, 0x26, 0x23, 0x60, 0x1E, 0x8C, 0x19, 0x1E, 0x31, 0x1D, 0x1B, 0x32,
    0x2F, 0xAF, 0xD1, 0xE5, 0xF6, 0xFF, 0xF7, 0x03, 0xFF, 0x80, 0xF6, 0x03, 0xFF, 0x83, 0xF2, 0xE0,
    0xCB, 0xD0, 0x02, 0xC2, 0x82, 0x9C, 0xD4, 0xCA, 0x02, 0xED, 0x8E, 0xAA, 0xAB, 0x6D, 0x9F, 0xAA,
    0xB2, 0xA3, 0xB6, 0x7C, 0x99, 0xA4, 0xA3, 0xAA, 0xA3, 0x9F, 0x02, 0x9D, 0x89, 0x99, 0x9F, 0x9B,
    0x9F, 0xA1, 0xAA, 0xB5, 0x79, 0xC4, 0xC5, 0x02, 0xF0, 0x85, 0xC8, 0xC5, 0xE1, 0xBB, 0xC8, 0xA3,
    0x02, 0xA1, 0x02, 0xA2, 0x82, 0xBC, 0xA1, 0xF0, 0x06, 0xFF, 0x02, 0xF7, 0x81, 0xD7, 0xA7, 0x02,
    0x9E, 0x02, 0xA1, 0x80, 0xA3, 0x02, 0xAA, 0x86, 0xBF, 0xC5, 0xC4, 0xCA, 0xCE, 0x6F, 0xED, 0x06,
    0xFF, 0x86, 0xF0, 0xC8, 0xC9, 0xEB, 0xD8, 0xB0, 0xD7, 0x06, 0xFF, 0x8B, 0xCA, 0xC8, 0xC5, 0xCE,
    0xC7, 0xF1, 0xD1, 0xA9, 0xBD, 0xB9, 0xC5, 0xCA, 0x0A, 0xFF, 0x02, 0xF6, 0x84, 0xBF, 0xAC, 0xBD,
    0xDA, 0xC5, 0x0B, 0xFF, 0x84, 0xF4, 0xF6, 0xD7, 0xB1, 0x98, 0x03, 0x95, 0x09, 0x90, 0x02, 0x8F,
    0x0F, 0x8D, 0x02, 0x8F, 0x02, 0x95, 0x80, 0x96, 0x03, 0x98, 0x81, 0x95, 0x55, 0x02, 0x45, 0x80,
    0x48, 0x02, 0x54, 0x80, 0x60, 0x05, 0x61, 0x85, 0x54, 0x2A, 0x2E, 0x29, 0x45, 0x60, 0x02, 0x61,
    0x83, 0x2B, 0x17, 0x2D, 0x17, 0x63, 0x1E, 0x8A, 0x19, 0x16, 0x33, 0x2A, 0x78, 0xAD, 0xF7, 0xF8,
    0xF3, 0xF9, 0xF7, 0x05, 0xFF, 0x84, 0xF6, 0xE2, 0xCE, 0xCA, 0xCC, 0x02, 0xC2, 0x8D, 0x9C, 0xDB,
    0xC6, 0xC5, 0xE1, 0xAB, 0x72, 0x7C, 0xA3, 0xAA, 0xA4, 0xA2, 0x76, 0x7B, 0x03, 0xA3, 0x9C, 0xA4,
    0xAA, 0xA1, 0x9E, 0x9A, 0x99, 0x9D, 0x7B, 0x99, 0x9D, 0xA1, 0x7B, 0x7C, 0xB2, 0xB3, 0xCA, 0xF0,
    0xC8, 0xBE, 0xC5, 0xCE, 0x9D, 0xB2, 0xA3, 0xA2, 0xA1, 0xA3, 0xB4, 0xA3, 0x02, 0xFF, 0x80, 0xF0,
    0x05, 0xFF, 0x83, 0xE9, 0xDB, 0xA7, 0xA0, 0x02, 0x9F, 0x84, 0xA1, 0xA3, 0xAB, 0xA3, 0xC8, 0x03,
    0xBE, 0x81, 0xC8, 0x71, 0x02, 0xF6, 0x05, 0xFF, 0x87, 0xE1, 0xBE, 0xBF, 0xC5, 0xCB, 0xD4, 0xB0,
    0xE9, 0x05, 0xFF, 0x8C, 0xF6, 0xBC, 0xBF, 0xBC, 0xC5, 0xBC, 0xDB, 0xD1, 0xA9, 0xBD, 0xBB, 0xC8,
    0xCE, 0x0A, 0xFF, 0x86, 0xF0, 0xFF, 0xC5, 0xAA, 0xBD, 0xF5, 0xC5, 0x03, 0xFF, 0x80, 0xFE, 0x02,
    0xFF, 0x80, 0xFE, 0x04, 0xFF, 0x81, 0xFA, 0xEF, 0x02, 0xEA, 0x86, 0xF4, 0xF8, 0xFC, 0xF7, 0xDA,
    0xC6, 0xC2, 0x02, 0xD1, 0x80, 0xD3, 0x02, 0xD9, 0x84, 0xD5, 0xD3, 0xD1, 0xB1, 0xAF, 0x07, 0xAE,
    0x80, 0xAF, 0x02, 0xAE, 0x81, 0xAF, 0xAE, 0x02, 0xA8, 0x81, 0xA6, 0xB8, 0x02, 0xEA, 0x02, 0xEB,
    0x87, 0xF3, 0xA6, 0x67, 0x14, 0x17, 0x1D, 0x33, 0x34, 0x02, 0x2A, 0x02, 0x2B, 0x80, 0x46, 0x02,
    0x61, 0x8A, 0x3F, 0x24, 0x18, 0x32, 0x29, 0x55, 0x61, 0x60, 0x2A, 0x20, 0x17, 0x5E, 0x1E, 0x02,
    0x1F, 0x02, 0x1E, 0x86, 0x19, 0x21, 0x18, 0x2A, 0x59, 0xA8, 0xD1, 0x03, 0xF2, 0x82, 0xFF, 0xFC,
    0xF9, 0x02, 0xFF, 0x83, 0xFE, 0xED, 0xC9, 0xC8, 0x02, 0xC7, 0x8E, 0xC3, 0xA9, 0xA0, 0xD0, 0xC8,
    0xC0, 0xCA, 0x79, 0x6C, 0xAA, 0xA5, 0xB3, 0xA5, 0x9B, 0xA1, 0x04, 0xAA, 0x96, 0xA5, 0xAA, 0xA5,
    0xA2, 0x9A, 0x9B, 0x7A, 0x6C, 0x7C, 0x99, 0x9D, 0x66, 0x9D, 0xA2, 0x7A, 0xB7, 0xBE, 0xBF, 0xBE,
    0xC4, 0xC5, 0x66, 0xB2, 0x03, 0xA1, 0x83, 0xA3, 0xB5, 0xA1, 0xC5, 0x08, 0xFF, 0x81, 0xDF, 0xAC,
    0x02, 0xA1, 0x80, 0x9D, 0x02, 0xA1, 0x84, 0xAB, 0xA3, 0xBF, 0xBC, 0xBE, 0x02, 0xBB, 0x83, 0xA5,
    0xAA, 0xC8, 0xF6, 0x03, 0xFF, 0x81, 0xF0, 0xFF, 0x02, 0xB2, 0x85, 0xB5, 0xB7, 0xE3, 0xB0, 0xB1,
    0xF7, 0x05, 0xFF, 0x80, 0xF0, 0x02, 0xB9, 0x89, 0xBE, 0xCE, 0xBA, 0xC9, 0xB0, 0xA8, 0xBD, 0xB9,
    0xC5, 0xE1, 0x05, 0xFF, 0x80, 0xF6, 0x06, 0xFF, 0x84, 0xC5, 0xBD, 0xC7, 0xE2, 0xE1, 0x04, 0xFF,
    0x80, 0xF6, 0x03, 0xFF, 0x80, 0xFB, 0x02, 0xFF, 0x02, 0xDE, 0x02, 0xDF, 0x81, 0xD8, 0xE7, 0x02,
    0xFC, 0x93, 0xE2, 0xC4, 0xC0, 0xBB, 0xCF, 0xC0, 0xF2, 0xEF, 0xEC, 0xEF, 0xEC, 0xC8, 0xC4, 0xBF,
    0xBC, 0xB9, 0xCF, 0xEF, 0xCF, 0xEC, 0x02, 0xCF, 0x80, 0xC5, 0x02, 0xB8, 0x8D, 0xA4, 0xA3, 0xB2,
    0xA4, 0xB7, 0xBE, 0xC7, 0xE4, 0xDF, 0xAF, 0x68, 0x2A, 0x13, 0x21, 0x06, 0x17, 0x88, 0x2E, 0x54,
    0x61, 0x46, 0x2D, 0x1B, 0x17, 0x16, 0x2B, 0x02, 0x61, 0x82, 0x29, 0x30, 0x2E, 0x63, 0x1E, 0x87,
    0x1F, 0x2E, 0x4F, 0x97, 0xD3, 0xFD, 0xFB, 0xFE, 0x03, 0xFF, 0x88, 0xFE, 0xFF, 0xF9, 0xF5, 0xE1,
    0xC9, 0xC8, 0xC7, 0xD8, 0x02, 0xA7, 0x85, 0xDA, 0xBF, 0xEA, 0xED, 0x72, 0xA4, 0x02, 0xA5, 0x86,
    0xAB, 0xA5, 0xB5, 0xA5, 0xB5, 0xAB, 0xB5, 0x02, 0x99, 0x02, 0xB9, 0x94, 0x7C, 0xA5, 0x9F, 0x79,
    0x9D, 0x9A, 0x7C, 0x7A, 0x5A, 0x9B, 0x7B, 0x7C, 0xA3, 0xB4, 0xB9, 0xBB, 0xC8, 0xCA, 0x5A, 0xB5,
    0xA4, 0x02, 0xA2, 0x83, 0xA3, 0xAB, 0xA3, 0xBF, 0x07, 0xFF, 0x85, 0xF6, 0xF9, 0xA9, 0xA0, 0xA1,
    0x9F, 0x02, 0xA2, 0x8A, 0xAA, 0xA3, 0xBE, 0xB9, 0xBE, 0xBC, 0xB7, 0xB4, 0x79, 0xB6, 0xBE, 0x05,
    0xFF, 0x80, 0xBF, 0x02, 0xA3, 0x85, 0xAA, 0xB5, 0xC6, 0xB0, 0xD1, 0xEB, 0x05, 0xFF, 0x81, 0xCE,
    0xB5, 0x02, 0xB6, 0x88, 0xC5, 0xB7, 0xC6, 0xB0, 0xA8, 0xBD, 0xBC, 0xC4, 0xED, 0x05, 0xFF, 0x02,
    0xF6, 0x81, 0xFF, 0xF6, 0x03, 0xFF, 0x86, 0xCE, 0xBD, 0xDA, 0xE2, 0xE1, 0xFF, 0xFE, 0x04, 0xFF,
    0x84, 0xF6, 0xFF, 0xF6, 0xF9, 0xFF, 0x03, 0xEE, 0x88, 0xF6, 0xF4, 0xF0, 0xF6, 0xF8, 0xEE, 0xC9,
    0xBD, 0xBA, 0x02, 0xC1, 0x91, 0xC2, 0xDB, 0xC7, 0xC3, 0xBD, 0xD6, 0xBD, 0xBC, 0xB5, 0xB3, 0xA5,
    0xBF, 0xE0, 0xC5, 0xC8, 0xC4, 0xBF, 0xBC, 0x02, 0xA7, 0x90, 0xA3, 0x9F, 0xA3, 0xAA, 0xBC, 0xBE,
    0xE3, 0xEB, 0xB1, 0x92, 0x41, 0x35, 0x33, 0x22, 0x24, 0x23, 0x24, 0x02, 0x2D, 0x80, 0x2B, 0x02,
    0x61, 0x8A, 0x3F, 0x2D, 0x26, 0x27, 0x29, 0x45, 0x61, 0x60, 0x2A, 0x30, 0x24, 0x5E, 0x1E, 0x02,
    0x1D, 0x03, 0x19, 0x85, 0x32, 0x2A, 0xAD, 0xB1, 0xE7, 0xEA, 0x02, 0xE7, 0x82, 0xFC, 0xFF, 0xF2,
    0x02, 0xFF, 0x85, 0xF0, 0xE1, 0xC8, 0xC9, 0xCA, 0xC7, 0x02, 0xA7, 0x85, 0xD6, 0xBF, 0xEE, 0xFF,
    0xB3, 0xB7, 0x03, 0xB4, 0x02, 0xAA, 0x8C, 0xB4, 0xBE, 0xB4, 0xA1, 0xAA, 0xB7, 0xBB, 0xCA, 0xE1,
    0x9A, 0x9D, 0xAA, 0x9F, 0x02, 0x9B, 0x8E, 0x6A, 0x7A, 0x99, 0x6D, 0x9B, 0xA4, 0xAA, 0xB5, 0xBB,
    0xBC, 0xBB, 0x79, 0xB6, 0xA4, 0x9F, 0x03, 0xA3, 0x85, 0xB2, 0xB7, 0xF0, 0xFF, 0xF0, 0xFF, 0x02,
    0xF9, 0x83, 0xFF, 0xF6, 0xF0, 0xDA, 0x02, 0xA0, 0x85, 0xA1, 0xA3, 0xA1, 0xB4, 0x9F, 0xBF, 0x02,
    0xBC, 0x86, 0xC5, 0xBB, 0xB5, 0x7A, 0xC4, 0xC5, 0xB7, 0x04, 0xFF, 0x81, 0xF6, 0xA1, 0x02, 0x9F,
    0x87, 0xA2, 0xB3, 0xA7, 0xB1, 0xD3, 0xEB, 0xFF, 0xF6, 0x03, 0xFF, 0x89, 0xC5, 0xB2, 0xB3, 0xB6,
    0xAA, 0xB5, 0xC6, 0xB0, 0xA8, 0xC1, 0x02, 0xBF, 0x06, 0xFF, 0x84, 0xF6, 0xF0, 0xED, 0xF0, 0xF6,
    0x02, 0xFF, 0x85, 0xED, 0xC3, 0xDA, 0xE2, 0xE4, 0xF9, 0x0A, 0xFF, 0x84, 0xDD, 0xDC, 0xE2, 0xFA,
    0xEF, 0x02, 0xFF, 0x87, 0xFB, 0xF7, 0xC3, 0xB6, 0xB5, 0xB4, 0xBF, 0xB5, 0x02, 0xCF, 0xAB, 0xBE,
    0xBB, 0xB4, 0xB2, 0xB6, 0xB3, 0xA3, 0xA1, 0x9F, 0xB8, 0xCB, 0xC9, 0xBF, 0xC6, 0xC0, 0xA4, 0xA5,
    0x7A, 0x6D, 0xA4, 0xAB, 0xB4, 0xB7, 0xC4, 0xEA, 0xD1, 0xAD, 0x4F, 0x36, 0x28, 0x1E, 0x1F, 0x26,
    0x1D, 0x25, 0x2F, 0x49, 0x61, 0x60, 0x2A, 0x1A, 0x2E, 0x29, 0x55, 0x02, 0x61, 0x84, 0x48, 0x27,
    0x21, 0x17, 0x23, 0x58, 0x1E, 0x82, 0x1F, 0x1E, 0x1D, 0x02, 0x1E, 0x02, 0x1D, 0x87, 0x16, 0x13,
    0x32, 0x0D, 0x68, 0xAF, 0xDF, 0xFC, 0x06, 0xFF, 0x02, 0xF6, 0x95, 0xF0, 0xEB, 0xCB, 0xFC, 0xD6,
    0xA7, 0xAC, 0xDB, 0xCE, 0xF0, 0xFF, 0xE1, 0xBE, 0xBB, 0xB6, 0xB5, 0xBB, 0xB3, 0xC4, 0xBB, 0xB5,
    0xBF, 0x02, 0xB9, 0x02, 0xF0, 0x8F, 0xBF, 0x99, 0xFF, 0xC5, 0xB9, 0x9E, 0xA3, 0x53, 0x9F, 0x9B,
    0x59, 0x9E, 0xA5, 0x9F, 0xB2, 0xBB, 0x02, 0xB3, 0x95, 0x75, 0xCA, 0xAA, 0xA1, 0xAA, 0xA5, 0xA4,
    0xB6, 0xA3, 0xFF, 0xE1, 0xF0, 0xED, 0xF6, 0xFF, 0xE9, 0xF6, 0xFA, 0xD8, 0xA6, 0xA0, 0xA1, 0x02,
    0x9F, 0x81, 0xB3, 0xA1, 0x02, 0xBE, 0x89, 0xBB, 0xBC, 0xBE, 0xAA, 0xA3, 0x9B, 0xB4, 0xC5, 0xBE,
    0xF6, 0x03, 0xFF, 0x8B, 0xB4, 0x9B, 0x9F, 0x9E, 0x9F, 0xB4, 0xA7, 0xB0, 0xD9, 0xE0, 0xFF, 0xFB,
    0x03, 0xFF, 0x8B, 0xBE, 0xB2, 0xAB, 0xB2, 0xBB, 0xBE, 0xCF, 0xB0, 0xA8, 0xC2, 0xD0, 0xC8, 0x06,
    0xFF, 0x81, 0xF0, 0xED, 0x02, 0xE1, 0x80, 0xF0, 0x02, 0xFF, 0x82, 0xE1, 0xC3, 0xDB, 0x02, 0xE4,
    0x03, 0xFF, 0x80, 0xFE, 0x05, 0xFF, 0x81, 0xF9, 0xFF, 0x03, 0xF6, 0x06, 0xFF, 0xA5, 0xED, 0xBE,
    0xB4, 0xB3, 0xB4, 0xBE, 0xBF, 0xC8, 0xBC, 0xB5, 0xAA, 0xA4, 0xA1, 0x9A, 0xA3, 0x9F, 0x9A, 0x99,
    0xBC, 0xC5, 0xA3, 0xB5, 0xB2, 0xAB, 0xA2, 0xA3, 0x7A, 0xA1, 0xB9, 0xBB, 0xBC, 0xBE, 0xDB, 0xFC,
    0xAD, 0x57, 0x3D, 0x17, 0x02, 0x2D, 0x83, 0x25, 0x21, 0x2A, 0x48, 0x02, 0x61, 0x83, 0x3F, 0x2A,
    0x2B, 0x54, 0x03, 0x61, 0x84, 0x45, 0x2A, 0x17, 0x26, 0x24, 0x59, 0x1E, 0x81, 0x18, 0x16, 0x03,
    0x1E, 0x02, 0x1D, 0x88, 0x20, 0x18, 0x34, 0x47, 0xAF, 0xD9, 0xE7, 0xFF, 0xF8, 0x05, 0xFF, 0x85,
    0xF0, 0xF6, 0xEB, 0xED, 0xE2, 0xD4, 0x02, 0xBA, 0x81, 0xF5, 0xF2, 0x02, 0xFF, 0xBC, 0xF0, 0xC8,
    0xBE, 0xC5, 0xBF, 0xC4, 0xB7, 0xBC, 0xC8, 0xCE, 0xC4, 0xC5, 0xFF, 0xE1, 0xFF, 0xB6, 0xB7, 0xE1,
    0xFF, 0xCE, 0xE1, 0x79, 0x6F, 0xA3, 0x9B, 0x5E, 0x9A, 0x9D, 0xA3, 0xBB, 0xC3, 0xBF, 0xBE, 0x9E,
    0xA3, 0x7B, 0xB2, 0xA1, 0xA4, 0xA5, 0xB6, 0xAA, 0xF6, 0xCA, 0xE1, 0xC8, 0xCA, 0xE1, 0xED, 0xE3,
    0xE4, 0xDD, 0xAC, 0xA6, 0xA1, 0xA3, 0xA1, 0xAA, 0xA1, 0xC4, 0xC5, 0x02, 0xB9, 0x02, 0xBB, 0x84,
    0xB4, 0x71, 0xB2, 0xB3, 0xB4, 0x02, 0xFF, 0x8C, 0xF6, 0xFF, 0xED, 0x9D, 0x9B, 0x9A, 0x9D, 0xA2,
    0x9E, 0xC2, 0xB0, 0xD7, 0xE0, 0x05, 0xFF, 0x8C, 0xB7, 0xB3, 0xAA, 0xB4, 0xB9, 0xBE, 0xC0, 0xC1,
    0xA8, 0xD1, 0xCB, 0xCE, 0xF6, 0x05, 0xFF, 0x85, 0xF0, 0xED, 0xE1, 0xCA, 0xC8, 0xCE, 0x02, 0xF6,
    0x83, 0xC7, 0xE5, 0xF5, 0xED, 0x0B, 0xFF, 0x03, 0xF6, 0x03, 0xFF, 0x81, 0xF6, 0xFF, 0x02, 0xF6,
    0x8A, 0xB3, 0xA4, 0xB7, 0xB4, 0xB6, 0xB3, 0xCA, 0xBF, 0xB3, 0xA5, 0xA2, 0x02, 0x9F, 0x98, 0x73,
    0x9F, 0x9D, 0x99, 0x79, 0xB5, 0xBB, 0x79, 0xA4, 0xB5, 0xAB, 0xA2, 0x7A, 0xB6, 0xBC, 0xBB, 0xBC,
    0xC4, 0xC9, 0xF1, 0xAF, 0xAE, 0x41, 0x33, 0x25, 0x02, 0x17, 0x81, 0x2A, 0x48, 0x02, 0x61, 0x02,
    0x48, 0x8A, 0x60, 0x61, 0x60, 0x61, 0x54, 0x2B, 0x34, 0x17, 0x21, 0x23, 0x24, 0x5B, 0x1E, 0x80,
    0x19, 0x02, 0x1E, 0x87, 0x19, 0x1D, 0x27, 0x11, 0x0D, 0xA8, 0xD3, 0xDF, 0x02, 0xFB, 0x04, 0xFF,
    0x89, 0xF9, 0xFF, 0xF2, 0xF6, 0xDB, 0xDC, 0xF5, 0xA7, 0xBD, 0xFC, 0x02, 0xF2, 0x02, 0xFF, 0x81,
    0xED, 0xC8, 0x02, 0xCA, 0x86, 0xCE, 0xBE, 0xF0, 0xF6, 0xCE, 0xE1, 0xCA, 0x05, 0xFF, 0x88, 0xED,
    0xFF, 0xF0, 0xCA, 0x5B, 0xBF, 0xB3, 0x76, 0x79, 0x02, 0x9A, 0x92, 0x9B, 0xF0, 0xC7, 0xBE, 0xB6,
    0xDA, 0x99, 0xB3, 0x7A, 0x7C, 0xA1, 0xAA, 0xAB, 0xAA, 0xCA, 0xC4, 0xF0, 0xCA, 0xBB, 0x02, 0xC8,
    0x96, 0xCA, 0xCF, 0xD6, 0xB0, 0xA6, 0xA0, 0xA3, 0xA2, 0xA4, 0xA2, 0xBF, 0xC4, 0xB7, 0xBC, 0xA3,
    0xB2, 0xB4, 0xA5, 0x9B, 0xA4, 0xBF, 0xA5, 0xF0, 0x03, 0xFF, 0x8A, 0xAA, 0x9D, 0x9B, 0x9D, 0x9B,
    0xAA, 0xA2, 0xC2, 0xB0, 0xC2, 0xCF, 0x05, 0xFF, 0x80, 0xB4, 0x02, 0xB2, 0x81, 0xAB, 0xB6, 0x02,
    0xC0, 0x84, 0xD4, 0xA8, 0xD3, 0xDB, 0xE1, 0x02, 0xED, 0x05, 0xFF, 0x81, 0xCE, 0xED, 0x02, 0xC8,
    0x82, 0xCA, 0xCE, 0xF0, 0x02, 0xDA, 0x84, 0xFC, 0xED, 0xF6, 0xF0, 0xF6, 0x08, 0xFF, 0x81, 0xF6,
    0xF0, 0x03, 0xFF, 0x80, 0xF6, 0x02, 0xFF, 0x8A, 0xF6, 0xED, 0xF6, 0xB3, 0x71, 0xB3, 0xA4, 0xBC,
    0xB4, 0xB5, 0xBB, 0x02, 0xA3, 0x9F, 0xA1, 0x9A, 0x9D, 0x75, 0x99, 0x9A, 0x7C, 0x6D, 0xA1, 0x9F,
    0x7C, 0x7A, 0xBE, 0xBC, 0xB7, 0x7A, 0xB4, 0xC4, 0xBF, 0xC4, 0xC7, 0xEE, 0xD3, 0x97, 0x68, 0x39,
    0x18, 0x32, 0x2C, 0x48, 0x61, 0x7D, 0x05, 0x60, 0x89, 0x48, 0x2C, 0x27, 0x21, 0x1D, 0x21, 0x30,
    0x26, 0x17, 0x26, 0x59, 0x1E, 0x02, 0x18, 0x03, 0x1E, 0x87, 0x1A, 0x24, 0x2A, 0x67, 0xA8, 0xDF,
    0xF4, 0xFA, 0x07, 0xFF, 0x02, 0xF2, 0x84, 0xE9, 0xE6, 0xA9, 0xAC, 0xFF, 0x02, 0xF2, 0x80, 0xFC,
    0x02, 0xFF, 0x81, 0xED, 0xCE, 0x02, 0xE1, 0x81, 0xCA, 0xE1, 0x02, 0xFF, 0x80, 0xED, 0x07, 0xFF,
    0x02, 0xF6, 0x9A, 0x9D, 0x5A, 0xED, 0xCE, 0x6A, 0xA3, 0x71, 0xA2, 0xAB, 0xFF, 0xCA, 0xC4, 0xBE,
    0xBC, 0x6C, 0xE1, 0x6F, 0xB2, 0x7A, 0xAB, 0xAA, 0xB2, 0xB7, 0xBE, 0xC5, 0xCA, 0xB5, 0x02, 0xC8,
    0x94, 0xBF, 0xC5, 0xF4, 0xD6, 0xA6, 0xA0, 0x9C, 0xA1, 0x9F, 0xA2, 0xB2, 0xBB, 0xBC, 0xBB, 0xB5,
    0xBF, 0xBB, 0xA5, 0x79, 0xB3, 0xAA, 0x02, 0xB7, 0x80, 0xF6, 0x02, 0xFF, 0x8B, 0xE1, 0x9D, 0x9E,
    0x7C, 0x9B, 0xA1, 0x9D, 0xBA, 0xC1, 0xB0, 0xC3, 0xEA, 0x05, 0xFF, 0x84, 0xB6, 0xB4, 0xB5, 0xB4,
    0xB5, 0x02, 0xBE, 0x86, 0xC3, 0xA0, 0xD1, 0xD0, 0xDA, 0xCA, 0xC8, 0x05, 0xFF, 0x83, 0xF0, 0xCE,
    0xC7, 0xC4, 0x02, 0xC5, 0x83, 0xF0, 0xE5, 0xDB, 0xFC, 0x02, 0xED, 0x02, 0xC8, 0x80, 0xCA, 0x02,
    0xF6, 0x03, 0xFF, 0x02, 0xF6, 0x83, 0xE1, 0xED, 0xCE, 0xF0, 0x03, 0xFF, 0xAA, 0xF0, 0xED, 0xCE,
    0xDA, 0xAB, 0x99, 0xA1, 0xAA, 0xB4, 0xAA, 0xC8, 0xA4, 0xB9, 0xA3, 0x9D, 0xA1, 0x9A, 0x9D, 0x6D,
    0x7C, 0x7B, 0x9A, 0x6D, 0x9F, 0xA1, 0x7A, 0xAB, 0xC5, 0xCA, 0xBE, 0xCE, 0xE1, 0xC7, 0xCA, 0xCD,
    0xEB, 0xD3, 0x97, 0x78, 0x40, 0x46, 0x48, 0x54, 0x02, 0x61, 0x02, 0x60, 0x83, 0x55, 0x48, 0x2C,
    0x2E, 0x02, 0x17, 0x80, 0x1D, 0x02, 0x2D, 0x83, 0x25, 0x30, 0x24, 0x17, 0x59, 0x1E, 0x80, 0x23,
    0x03, 0x1E, 0x80, 0x19, 0x02, 0x27, 0x83, 0x32, 0x40, 0xA8, 0xB1, 0x02, 0xFA, 0x80, 0xFB, 0x07,
    0xFF, 0x85, 0xF2, 0xFF, 0xE9, 0xBD, 0xA9, 0xFC, 0x02, 0xEE, 0x81, 0xFF, 0xDD, 0x02, 0xFF, 0x80,
    0xF0, 0x03, 0xED, 0x81, 0xF0, 0xFF, 0x02, 0xF6, 0x08, 0xFF, 0x8C, 0xF6, 0x79, 0x9F, 0xE1, 0xC5,
    0x75, 0xB3, 0x6C, 0xBB, 0xCA, 0xFF, 0xF0, 0xC8, 0x02, 0xBF, 0xAA, 0x72, 0xC8, 0xB6, 0x9F, 0x75,
    0x73, 0xA3, 0x79, 0xAA, 0xE1, 0xB9, 0xC4, 0xB9, 0xB3, 0xB9, 0xB3, 0xBA, 0xC4, 0xEC, 0xC1, 0x94,
    0x7B, 0x9D, 0x9A, 0x9D, 0xA1, 0xB3, 0xB5, 0xB9, 0xB6, 0xAB, 0xAA, 0x7B, 0xAA, 0x7C, 0xA4, 0xAA,
    0xB6, 0xF0, 0xFF, 0xF6, 0xF0, 0xB5, 0x02, 0x9F, 0x88, 0x7A, 0x9D, 0xA3, 0x9F, 0xC1, 0xA9, 0xB0,
    0xBD, 0xCF, 0x03, 0xFF, 0x02, 0xF6, 0x84, 0xB9, 0xB5, 0xB6, 0xB9, 0xB3, 0x02, 0xBB, 0x87, 0xBD,
    0x78, 0xB0, 0xDB, 0xCA, 0xC4, 0xBE, 0xCE, 0x04, 0xFF, 0x8F, 0xF6, 0xC5, 0xC8, 0xBE, 0xBF, 0xBE,
    0xFF, 0xE5, 0xDB, 0xFF, 0xE1, 0xCE, 0xC5, 0xBE, 0xBC, 0xED, 0x04, 0xFF, 0x80, 0xF6, 0x02, 0xED,
    0x83, 0xBF, 0xCE, 0xE1, 0xFF, 0x02, 0xF6, 0x88, 0xE1, 0xCE, 0xCA, 0xC7, 0xC4, 0xA4, 0x65, 0xA4,
    0xA5, 0x02, 0xB5, 0x9E, 0xFF, 0xB3, 0x9E, 0xA3, 0x9D, 0x99, 0x9A, 0x99, 0x6D, 0x99, 0x7C, 0x99,
    0x76, 0x9D, 0x9B, 0x71, 0xE1, 0xED, 0xC5, 0xBB, 0xC8, 0xE1, 0xED, 0xE0, 0xEA, 0xD3, 0x98, 0x97,
    0x45, 0x54, 0x60, 0x02, 0x61, 0x86, 0x48, 0x3F, 0x29, 0x15, 0x25, 0x2D, 0x30, 0x02, 0x2D, 0x02,
    0x1A, 0x85, 0x25, 0x17, 0x27, 0x30, 0x1F, 0x18, 0x59, 0x1E, 0x80, 0x1F, 0x03, 0x1E, 0x88, 0x16,
    0x26, 0x0D, 0x92, 0xB1, 0xDD, 0xFB, 0xFF, 0xF6, 0x08, 0xFF, 0x85, 0xE9, 0xD8, 0xA7, 0xF1, 0xFF,
    0xF6, 0x06, 0xFF, 0x02, 0xF6, 0x0A, 0xFF, 0x02, 0xF6, 0x9C, 0xB5, 0x76, 0xF0, 0xFF, 0xB7, 0x7B,
    0x79, 0xAA, 0xDA, 0xFF, 0xF6, 0xFF, 0xD6, 0xBD, 0xE1, 0xB7, 0xB4, 0xC4, 0x6C, 0xA3, 0x6C, 0x99,
    0xA5, 0x9F, 0xCE, 0x9F, 0xBE, 0xBB, 0xA2, 0x02, 0xB2, 0x87, 0xA4, 0xB6, 0xB9, 0xCB, 0xA8, 0x94,
    0x7C, 0x9D, 0x02, 0x9A, 0x81, 0x9F, 0xAB, 0x02, 0xB4, 0x85, 0xA1, 0xAA, 0xA1, 0x7C, 0x99, 0xB2,
    0x02, 0xB4, 0x81, 0xAA, 0xCE, 0x02, 0xF6, 0x81, 0xCE, 0xA3, 0x02, 0x9F, 0x88, 0x7C, 0xA3, 0x9D,
    0xB7, 0xD1, 0xA9, 0xB8, 0xB9, 0xCB, 0x02, 0xFF, 0x03, 0xF6, 0x83, 0xBC, 0xB9, 0xBC, 0xBE, 0x03,
    0xB7, 0x87, 0xB8, 0x78, 0xB0, 0xC3, 0xBE, 0xBC, 0xB6, 0xBC, 0x04, 0xFF, 0x80, 0xED, 0x02, 0xC5,
    0x8C, 0xBF, 0xAB, 0xBF, 0xC5, 0xFC, 0xE2, 0xE4, 0xF5, 0xBF, 0xBE, 0xBC, 0xB7, 0xC8, 0x05, 0xFF,
    0x90, 0xED, 0xC4, 0xB5, 0xC8, 0xBF, 0xCA, 0xFF, 0xF0, 0xED, 0xC8, 0xBE, 0xBB, 0xB9, 0xA4, 0x9A,
    0xA3, 0xAB, 0x02, 0xAA, 0x85, 0xC4, 0xC7, 0xC4, 0x72, 0x79, 0x9A, 0x02, 0x7B, 0x82, 0x7C, 0x6C,
    0x7B, 0x02, 0x7C, 0x8E, 0x99, 0xA4, 0x9D, 0xC8, 0xF0, 0xFF, 0xF6, 0xF0, 0xED, 0xE1, 0xDA, 0xEA,
    0xD3, 0x95, 0x90, 0x02, 0x60, 0x83, 0x61, 0x60, 0x3F, 0x2E, 0x03, 0x1E, 0x80, 0x1F, 0x03, 0x1E,
    0x81, 0x18, 0x19, 0x5F, 0x1E, 0x80, 0x23, 0x04, 0x1E, 0x88, 0x17, 0x22, 0x57, 0xAD, 0xD7, 0xFB,
    0xF6, 0xFF, 0xF9, 0x07, 0xFF, 0x84, 0xDB, 0xE6, 0xAC, 0xE6, 0xF8, 0x0F, 0xFF, 0x80, 0xF6, 0x05,
    0xFF, 0x9A, 0xE1, 0x9E, 0xC5, 0xF6, 0xE1, 0xBE, 0x76, 0xCC, 0xF5, 0xDA, 0xFF, 0xFE, 0xFC, 0xC7,
    0xC3, 0xF0, 0x59, 0xBE, 0xA5, 0xBC, 0x79, 0x76, 0xB7, 0x6F, 0xB6, 0x9B, 0xC5, 0x02, 0xAA, 0x81,
    0x9F, 0xA3, 0x02, 0xA5, 0x86, 0xAB, 0xB4, 0xC6, 0x94, 0x93, 0x9D, 0x9A, 0x02, 0x99, 0x80, 0xA1,
    0x02, 0xA3, 0x80, 0xA2, 0x03, 0x9F, 0x90, 0xB2, 0x76, 0xA4, 0xAB, 0xB7, 0xB6, 0xE1, 0xF6, 0xED,
    0xB5, 0xA3, 0xA1, 0xA4, 0x7B, 0xA3, 0x9F, 0xB7, 0x02, 0xA9, 0x84, 0xA7, 0xA4, 0xE4, 0xFB, 0xF2,
    0x03, 0xF0, 0x8F, 0xBF, 0xBC, 0xBF, 0xC4, 0xB9, 0xB3, 0xB5, 0xB8, 0x77, 0xB0, 0xAC, 0xB9, 0xB2,
    0xA5, 0xAA, 0xE1, 0x02, 0xFF, 0x8D, 0xF0, 0xCE, 0xC8, 0xBE, 0xB9, 0xB2, 0xBC, 0xA4, 0xF5, 0xDA,
    0xE4, 0xE2, 0xBA, 0xB6, 0x02, 0xB3, 0x80, 0xB7, 0x06, 0xFF, 0x85, 0x9A, 0xC5, 0xC4, 0xBC, 0xC5,
    0xC8, 0x02, 0xCE, 0x9B, 0xBE, 0xB6, 0xB2, 0xAB, 0xAA, 0xA1, 0x71, 0xA5, 0xA2, 0xB3, 0xA4, 0xF5,
    0x9E, 0xC8, 0x72, 0x99, 0x79, 0x7C, 0x99, 0x7B, 0x79, 0x7C, 0x9A, 0x9F, 0xB9, 0xF0, 0x6F, 0xBF,
    0x02, 0xF6, 0x02, 0xFF, 0x8B, 0xF6, 0xE7, 0xEB, 0xD9, 0x96, 0x95, 0x55, 0x49, 0x3F, 0x2C, 0x15,
    0x21, 0x02, 0x1E, 0x80, 0x1D, 0x09, 0x1E, 0x83, 0x19, 0x23, 0x1E, 0x1F, 0x5B, 0x1E, 0x87, 0x1D,
    0x1E, 0x1A, 0x2F, 0xAD, 0xB1, 0xE5, 0xF2, 0x07, 0xFF, 0x85, 0xED, 0xFE, 0xFF, 0xDF, 0xA0, 0xF8,
    0x16, 0xFF, 0x80, 0xE1, 0x02, 0xFF, 0x84, 0xF6, 0xB7, 0xA3, 0x9F, 0xE2, 0x04, 0xFF, 0x8B, 0xF6,
    0xCA, 0xDB, 0xC3, 0x59, 0xBF, 0xBE, 0x7A, 0xB6, 0x9B, 0xB4, 0x79, 0x02, 0xCA, 0x84, 0x9B, 0xA4,
    0xAB, 0x5B, 0xA3, 0x02, 0x9D, 0x96, 0xA1, 0xAA, 0xB7, 0xA9, 0xA0, 0x77, 0x7B, 0x99, 0x7C, 0x9A,
    0xA1, 0x9E, 0x9F, 0x9A, 0x7C, 0x9D, 0x79, 0x9D, 0x9E, 0xB2, 0xB9, 0xAB, 0xC4, 0x02, 0xED, 0x8D,
    0xC5, 0xB5, 0xB2, 0xA3, 0xA4, 0xA3, 0xA2, 0x7A, 0xB4, 0xA6, 0xA7, 0xA1, 0x99, 0xA3, 0x02, 0xF6,
    0x02, 0xED, 0x8D, 0xCE, 0xC4, 0xBE, 0xC4, 0xC8, 0xB5, 0xA7, 0xAB, 0xB5, 0x6C, 0xB0, 0xA7, 0xBF,
    0xAA, 0x02, 0xA1, 0x80, 0xB2, 0x02, 0xFF, 0x82, 0xED, 0xFF, 0x7A, 0x02, 0xB3, 0x89, 0xB7, 0xAB,
    0xBB, 0xBC, 0xCC, 0xE4, 0xDA, 0xB3, 0xAA, 0xB2, 0x02, 0xAA, 0x80, 0xE1, 0x05, 0xFF, 0x94, 0xC8,
    0xC4, 0xB5, 0xB4, 0xBB, 0xC8, 0xED, 0xBB, 0xB7, 0xB2, 0xA4, 0xA3, 0xB2, 0xAA, 0x7B, 0xAA, 0xA5,
    0xAA, 0xA4, 0xB7, 0xB3, 0x02, 0xFF, 0x84, 0x7B, 0x9B, 0x79, 0x7A, 0x7B, 0x03, 0x7C, 0x80, 0xBC,
    0x02, 0xF0, 0x82, 0xBE, 0xB7, 0xED, 0x03, 0xFF, 0x8C, 0xF9, 0xE7, 0xF4, 0xE9, 0xAF, 0x95, 0x40,
    0x2E, 0x28, 0x17, 0x21, 0x1D, 0x19, 0x06, 0x1E, 0x81, 0x1F, 0x23, 0x02, 0x1E, 0x80, 0x1D, 0x02,
    0x1E, 0x81, 0x1F, 0x1D, 0x5D, 0x1E, 0x85, 0x2A, 0x92, 0xB1, 0xDE, 0xF2, 0xF4, 0x08, 0xFF, 0x86,
    0xF6, 0xE3, 0xA9, 0xDB, 0xF9, 0xFF, 0xFE, 0x03, 0xFF, 0x80, 0xF9, 0x09, 0xFF, 0x81, 0xF6, 0xF0,
    0x05, 0xFF, 0x87, 0xF6, 0xFF, 0xE1, 0xCA, 0x6A, 0xED, 0xFC, 0xE4, 0x04, 0xFF, 0x9D, 0xF0, 0xC7,
    0xBD, 0xC7, 0x7C, 0xB7, 0x6D, 0xC5, 0xA5, 0xBC, 0xB7, 0xBF, 0xCA, 0x5B, 0xAB, 0xA1, 0x9D, 0x9B,
    0x9D, 0xA4, 0x99, 0xA1, 0x9F, 0xB6, 0x93, 0x78, 0x7B, 0x5B, 0x7B, 0x7C, 0x02, 0x9B, 0x91, 0x9D,
    0x99, 0x7B, 0x9B, 0x9A, 0x7C, 0x99, 0x9E, 0xB6, 0x9D, 0xA2, 0xA1, 0xA3, 0xB6, 0xBF, 0xB5, 0xAB,
    0xAA, 0x02, 0xA3, 0x82, 0xAA, 0x66, 0xB6, 0x02, 0xA6, 0x94, 0xA3, 0x99, 0x9F, 0x9D, 0xA1, 0xAA,
    0xCE, 0xCA, 0xC5, 0xBE, 0xC4, 0xC8, 0xB3, 0xA7, 0xA5, 0xB5, 0x67, 0xA8, 0xA7, 0xB5, 0x9F, 0x02,
    0x9D, 0x94, 0x9F, 0xFF, 0xF6, 0xE1, 0xED, 0xAA, 0xB3, 0xB7, 0xB5, 0xA5, 0xB4, 0xBB, 0xF5, 0xC7,
    0xC3, 0xAB, 0xB3, 0xA4, 0xA5, 0xA3, 0xC4, 0x05, 0xFF, 0x98, 0xC8, 0x76, 0x7C, 0xB6, 0xA3, 0xAB,
    0xF6, 0xAA, 0xB6, 0xA4, 0xA1, 0x9F, 0xA3, 0xB9, 0xA1, 0x6F, 0xA1, 0x9F, 0xAB, 0x9B, 0xFF, 0x73,
    0xFF, 0xED, 0xA1, 0x02, 0x9B, 0x80, 0x99, 0x03, 0x7C, 0x94, 0x99, 0xED, 0xFF, 0xF6, 0xAA, 0xED,
    0xFF, 0xF4, 0xF6, 0xFF, 0xFA, 0xE2, 0xF4, 0xD8, 0x96, 0x52, 0x28, 0x17, 0x1B, 0x2D, 0x30, 0x02,
    0x1E, 0x80, 0x26, 0x31, 0x1E, 0x80, 0x1D, 0x0A, 0x1E, 0x81, 0x18, 0x1D, 0x08, 0x1E, 0x82, 0x26,
    0x1E, 0x1D, 0x02, 0x1E, 0x82, 0x19, 0x1E, 0x23, 0x06, 0x1E, 0x80, 0x1F, 0x09, 0x1E, 0x81, 0x18,
    0x20, 0x03, 0x1E, 0x82, 0x18, 0x1D, 0x1E, 0x02, 0x19, 0x86, 0x1E, 0x26, 0x52, 0xAD, 0xD2, 0xF2,
    0xF4, 0x05, 0xFF, 0x80, 0xF6, 0x04, 0xFF, 0x82, 0xBD, 0xB0, 0xF1, 0x0B, 0xFF, 0x80, 0xFB, 0x04,
    0xFF, 0x80, 0xF0, 0x07, 0xFF, 0x86, 0xE1, 0xA3, 0x76, 0xCE, 0xF6, 0xFF, 0xF5, 0x04, 0xFF, 0x9F,
    0xE1, 0xEB, 0xC7, 0x59, 0xB7, 0xBF, 0xAB, 0xBB, 0xB9, 0xBB, 0xBC, 0xB3, 0x7A, 0xBB, 0x9F, 0x9E,
    0x59, 0xA2, 0x9E, 0x99, 0x9E, 0x9B, 0xA1, 0xA4, 0x94, 0x6C, 0x7C, 0x75, 0x7B, 0x7C, 0x9B, 0x7C,
    0x02, 0x9A, 0x87, 0x79, 0x7C, 0x76, 0x99, 0x7C, 0xAA, 0x9F, 0x9A, 0x03, 0x9B, 0x8B, 0x9E, 0xAA,
    0xBC, 0x9E, 0xB6, 0xA2, 0xAB, 0xB4, 0x76, 0xAB, 0xA6, 0xA0, 0x02, 0x9D, 0x92, 0x9B, 0x9F, 0x9E,
    0xA3, 0xBF, 0xC5, 0xC4, 0xBE, 0xC4, 0xCE, 0xB2, 0xA0, 0xA5, 0xB2, 0x67, 0xAF, 0xA7, 0xB2, 0x9B,
    0x03, 0x99, 0x90, 0xC8, 0xF0, 0xCE, 0xC8, 0xCA, 0x7B, 0xBB, 0xAA, 0xA1, 0xA3, 0xAB, 0xFF, 0xBE,
    0xBC, 0x99, 0xA5, 0xA3, 0x02, 0xA1, 0x80, 0xB7, 0x05, 0xFF, 0x8A, 0xF0, 0x76, 0xA4, 0x75, 0x9F,
    0xB2, 0xAA, 0xB4, 0xB7, 0x9E, 0xA1, 0x02, 0x9F, 0x8E, 0xB9, 0xAB, 0x79, 0xA2, 0xA4, 0xA1, 0xB3,
    0x70, 0xFF, 0x9A, 0xFF, 0xED, 0xA1, 0x9B, 0x99, 0x03, 0x7C, 0x91, 0x9B, 0xCE, 0xF0, 0xC8, 0xFF,
    0xBE, 0xF6, 0xFF, 0xF7, 0xFF, 0xFA, 0xE2, 0xF4, 0xF6, 0xAE, 0x68, 0x2F, 0x33, 0x03, 0x1A, 0x30,
    0x1E, 0x80, 0x23, 0x0A, 0x1E, 0x80, 0x16, 0x0F, 0x1E, 0x80, 0x26, 0x02, 0x1E, 0x80, 0x19, 0x04,
    0x1E, 0x02, 0x26, 0x03, 0x1E, 0x80, 0x23, 0x02, 0x1E, 0x80, 0x1F, 0x02, 0x1E, 0x80, 0x19, 0x02,
    0x1E, 0x80, 0x1F, 0x06, 0x1E, 0x81, 0x28, 0x20, 0x02, 0x17, 0x85, 0x2A, 0x92, 0xB1, 0xE9, 0xEE,
    0xF6, 0x07, 0xFF, 0x83, 0xF6, 0xF1, 0xD4, 0xA6, 0x0F, 0xFF, 0x82, 0xDB, 0xE5, 0xFC, 0x08, 0xFF,
    0x81, 0xBC, 0x9A, 0x03, 0xF0, 0x81, 0xFF, 0xFE, 0x03, 0xFF, 0x88, 0xDA, 0xF5, 0xF0, 0x7A, 0xB4,
    0xBC, 0xB7, 0xB9, 0xBB, 0x02, 0xBC, 0x8C, 0xBE, 0xB4, 0xA4, 0xA3, 0xA4, 0x7C, 0x9D, 0xA1, 0x9D,
    0x6F, 0x9C, 0x99, 0xB2, 0x02, 0x94, 0x80, 0x79, 0x02, 0x73, 0x87, 0x7B, 0x99, 0x9D, 0x7B, 0x7C,
    0x7A, 0x99, 0x9F, 0x02, 0x9A, 0x84, 0x9B, 0xB6, 0x7A, 0x9A, 0x7C, 0x02, 0x99, 0x90, 0x9B, 0xB6,
    0xC4, 0x7B, 0xB2, 0x9B, 0xAB, 0xB3, 0xA7, 0xA0, 0xA3, 0x7B, 0x7A, 0x9D, 0xA1, 0x9E, 0x9F, 0x02,
    0xB4, 0x8E, 0xB7, 0xB5, 0xB9, 0xBC, 0xE1, 0xB3, 0xA1, 0xA4, 0xA5, 0x65, 0xB0, 0xA9, 0x9E, 0x99,
    0x9A, 0x02, 0x99, 0x80, 0xAB, 0x02, 0xCE, 0x8A, 0xCA, 0xC8, 0x6C, 0xB5, 0xB2, 0xA4, 0x7A, 0xB3,
    0xC9, 0xBD, 0xAC, 0x02, 0xA2, 0x84, 0xA3, 0xA2, 0x9F, 0xAA, 0xF6, 0x02, 0xFF, 0x02, 0xF6, 0x91,
    0xF0, 0xA3, 0xA5, 0x79, 0xA3, 0xA1, 0x99, 0xBF, 0xA4, 0xA2, 0x9F, 0x9D, 0xA3, 0xB2, 0xF0, 0x9F,
    0x79, 0xA1, 0x02, 0xA2, 0x82, 0xA1, 0x9A, 0xF6, 0x03, 0xFF, 0x85, 0x9D, 0x9E, 0x9B, 0x7C, 0x9F,
    0xF0, 0x04, 0xFF, 0x82, 0xC3, 0xDA, 0xFC, 0x02, 0xFF, 0x02, 0xFA, 0x88, 0xFF, 0xF8, 0xAF, 0x91,
    0x2A, 0x17, 0x30, 0x2D, 0x26, 0x43, 0x1E, 0x80, 0x26, 0x03, 0x1E, 0x80, 0x23, 0x05, 0x1E, 0x80,
    0x18, 0x02, 0x1E, 0x80, 0x18, 0x0B, 0x1E, 0x80, 0x1F, 0x06, 0x1E, 0x81, 0x26, 0x1E, 0x03, 0x23,
    0x02, 0x2D, 0x88, 0x30, 0x26, 0x47, 0xAD, 0xDF, 0xFC, 0xEE, 0xF8, 0xFE, 0x07, 0xFF, 0x82, 0xDB,
    0x9C, 0xD9, 0x0C, 0xFF, 0x86, 0xF9, 0xFF, 0xF6, 0xF7, 0x9B, 0xC3, 0xFB, 0x06, 0xFF, 0x82, 0xBB,
    0xCE, 0xE1, 0x08, 0xFF, 0x8D, 0xDA, 0xE7, 0xC4, 0x76, 0xBB, 0xBC, 0xBB, 0xBF, 0xC4, 0xC5, 0xC4,
    0xBE, 0xAB, 0xB4, 0x02, 0xA5, 0x80, 0x73, 0x02, 0xA1, 0x96, 0xA4, 0x7A, 0xA1, 0x9E, 0xAB, 0x94,
    0x6E, 0x7B, 0x5B, 0x79, 0x7A, 0x9A, 0x7B, 0x7C, 0x99, 0x6C, 0x9D, 0x6F, 0x9D, 0x7C, 0xAB, 0x9A,
    0x7C, 0x02, 0x7B, 0x03, 0x7C, 0x92, 0xBF, 0xC5, 0xA3, 0xAA, 0x9F, 0xA5, 0x76, 0xA7, 0xA6, 0x9F,
    0x7C, 0x71, 0x9F, 0xA1, 0x9E, 0x9D, 0xB3, 0xB7, 0xA2, 0x02, 0xA3, 0x9A, 0xB5, 0xED, 0xAB, 0xA1,
    0xA4, 0xA3, 0x6C, 0xB0, 0xD1, 0x99, 0x9B, 0x99, 0x7C, 0x99, 0x9B, 0xCE, 0xBF, 0xBE, 0xBC, 0xB7,
    0xA3, 0xAB, 0xA2, 0x79, 0xAB, 0xB4, 0xC9, 0x02, 0xAC, 0x81, 0x79, 0xA3, 0x02, 0x9F, 0x84, 0xA1,
    0xED, 0xF6, 0xFF, 0xF6, 0x02, 0xED, 0x91, 0xA3, 0x6A, 0xB3, 0x99, 0x9F, 0x7A, 0xF0, 0xA4, 0xBE,
    0x71, 0xA4, 0xB4, 0xC4, 0xFF, 0xBB, 0x71, 0xA7, 0xA1, 0x02, 0xA3, 0x81, 0x7B, 0xB3, 0x03, 0xFF,
    0x85, 0xF0, 0x7C, 0xA1, 0xB4, 0xFF, 0xF6, 0x04, 0xFF, 0x82, 0xF7, 0xBD, 0xF0, 0x02, 0xFF, 0x8A,
    0xF4, 0xFA, 0xFE, 0xEE, 0xD1, 0x96, 0x47, 0x28, 0x1D, 0x25, 0x19, 0x30, 0x1E, 0x80, 0x23, 0x15,
    0x1E, 0x80, 0x26, 0x03, 0x1E, 0x82, 0x26, 0x1E, 0x18, 0x0A, 0x1E, 0x81, 0x19, 0x18, 0x02, 0x1E,
    0x84, 0x1F, 0x26, 0x1E, 0x18, 0x1E, 0x02, 0x1F, 0x04, 0x1E, 0x8B, 0x23, 0x26, 0x17, 0x16, 0x25,
    0x2E, 0x78, 0xB1, 0xEE, 0xF3, 0xEE, 0xF8, 0x06, 0xFF, 0x86, 0xFB, 0xF5, 0xAB, 0xD6, 0xE9, 0xFF,
    0xFE, 0x0D, 0xFF, 0x83, 0xA4, 0x9B, 0xDA, 0xF9, 0x04, 0xFF, 0x82, 0xED, 0xF6, 0xED, 0x09, 0xFF,
    0x85, 0xE4, 0xDA, 0xE2, 0x79, 0xBF, 0xC5, 0x02, 0xBE, 0x80, 0xC8, 0x02, 0xCA, 0x92, 0xC8, 0xBF,
    0xB9, 0xB4, 0xB5, 0xA5, 0x9F, 0xA5, 0xA4, 0x99, 0xA2, 0x9B, 0xB3, 0xA0, 0xA6, 0x74, 0x79, 0x71,
    0x79, 0x02, 0x99, 0x9B, 0x76, 0x9B, 0x6C, 0x7B, 0x9F, 0x76, 0xA2, 0x7A, 0xB9, 0x6C, 0x7C, 0x7A,
    0x7B, 0x7A, 0x7B, 0x9B, 0xB9, 0x99, 0xBF, 0xA4, 0xA1, 0xAB, 0x7A, 0xA3, 0xA6, 0xA2, 0x6F, 0x6C,
    0x03, 0x9D, 0x89, 0xA1, 0x9B, 0xA5, 0x9D, 0x9F, 0x9D, 0xA4, 0xC5, 0x9F, 0xA2, 0x02, 0xA4, 0x80,
    0x6B, 0x02, 0xC2, 0x82, 0x7B, 0x9E, 0x7C, 0x02, 0x7B, 0x80, 0x7C, 0x02, 0xBB, 0x85, 0xB7, 0xB5,
    0xB3, 0x59, 0xA4, 0xA3, 0x02, 0x9F, 0x81, 0x9A, 0xD0, 0x02, 0xA7, 0x96, 0x6F, 0x9F, 0xA1, 0x9F,
    0x9B, 0xBF, 0xCE, 0xE1, 0xF0, 0xE1, 0xCA, 0xB6, 0x7C, 0xA2, 0x6A, 0x9D, 0x7C, 0xC8, 0x79, 0xA3,
    0xAA, 0xB5, 0xC6, 0x02, 0xFF, 0x80, 0xFC, 0x02, 0x9C, 0x84, 0x9E, 0xA1, 0xA2, 0x9F, 0x7A, 0x02,
    0xF6, 0x83, 0xFF, 0xF6, 0xEB, 0xC8, 0x07, 0xFF, 0x82, 0xE7, 0xC7, 0xF0, 0x02, 0xFF, 0x8A, 0xF4,
    0xFA, 0xFF, 0xEE, 0xDF, 0x97, 0x57, 0x2D, 0x1B, 0x15, 0x19, 0x32, 0x1E, 0x80, 0x19, 0x04, 0x1E,
    0x80, 0x1A, 0x02, 0x1E, 0x80, 0x23, 0x02, 0x1E, 0x80, 0x18, 0x02, 0x1E, 0x80, 0x18, 0x04, 0x1E,
    0x80, 0x18, 0x04, 0x1E, 0x80, 0x1F, 0x03, 0x1E, 0x83, 0x1F, 0x19, 0x26, 0x1F, 0x05, 0x1E, 0x80,
    0x19, 0x02, 0x1E, 0x80, 0x1F, 0x07, 0x1E, 0x80, 0x27, 0x03, 0x1E, 0x8C, 0x31, 0x1E, 0x36, 0x2E,
    0x29, 0x2C, 0xAD, 0xD9, 0xF8, 0xF4, 0xF3, 0xEE, 0xF9, 0x05, 0xFF, 0x86, 0xE9, 0xDB, 0xB8, 0xFE,
    0xF7, 0xFF, 0xF6, 0x0C, 0xFF, 0x83, 0xF6, 0xC3, 0xE5, 0xFC, 0x02, 0xFF, 0x80, 0xFE, 0x02, 0xFF,
    0x83, 0xF6, 0xE1, 0xFF, 0xF6, 0x04, 0xFF, 0x02, 0xF6, 0x81, 0xFF, 0xF6, 0x02, 0xE4, 0x9C, 0xCC,
    0x79, 0xBF, 0xC4, 0xBF, 0xC5, 0xE1, 0xED, 0xCE, 0xCA, 0xC4, 0xBF, 0xBC, 0xB9, 0xAA, 0xB6, 0xB4,
    0xA4, 0x79, 0xA5, 0x7C, 0xA7, 0x94, 0x93, 0x9D, 0x5B, 0x6C, 0x6E, 0x76, 0x02, 0x99, 0x88, 0x9A,
    0x59, 0x99, 0x79, 0x9E, 0x7B, 0xA1, 0x79, 0x7C, 0x03, 0x7A, 0x94, 0x7B, 0x7A, 0xBF, 0xC8, 0x6B,
    0xBF, 0xB2, 0xA3, 0xA2, 0xB3, 0xA7, 0xA6, 0x7B, 0x7A, 0x6F, 0x9F, 0x9E, 0x9D, 0xA1, 0x99, 0x9B,
    0x03, 0x99, 0x95, 0xAA, 0xB6, 0x6F, 0xA2, 0xA3, 0xA4, 0x6E, 0xC3, 0xD6, 0x99, 0x9F, 0x7A, 0x6F,
    0x76, 0x71, 0xA5, 0xB5, 0xB2, 0xAA, 0xA3, 0x99, 0xA2, 0x02, 0x9D, 0x82, 0x76, 0x7C, 0xC6, 0x02,
    0xA7, 0x92, 0x79, 0x9F, 0x9D, 0x9F, 0x9D, 0xB6, 0xC4, 0xBF, 0xCE, 0xCA, 0xC8, 0xBB, 0xA3, 0x7B,
    0xB3, 0x7C, 0xB6, 0xB5, 0x9D, 0x02, 0xF6, 0x80, 0x7A, 0x04, 0xFF, 0x87, 0xC7, 0x79, 0xA1, 0xA2,
    0xA1, 0x9F, 0xA2, 0xB4, 0x0C, 0xFF, 0x8E, 0xE8, 0xDB, 0xDA, 0xF6, 0xFF, 0xEF, 0xFA, 0xFF, 0xEE,
    0xF7, 0xAF, 0x92, 0x2A, 0x1B, 0x21, 0x34, 0x1E, 0x81, 0x1D, 0x19, 0x02, 0x1E, 0x82, 0x23, 0x1E,
    0x26, 0x03, 0x1E, 0x80, 0x26, 0x03, 0x1E, 0x82, 0x23, 0x1E, 0x19, 0x08, 0x1E, 0x80, 0x27, 0x0B,
    0x1E, 0x81, 0x18, 0x1F, 0x07, 0x1E, 0x81, 0x1F, 0x23, 0x05, 0x1E, 0x8A, 0x45, 0x55, 0x54, 0x62,
    0xAF, 0xDF, 0xE8, 0xE9, 0xF8, 0xF3, 0xEE, 0x05, 0xFF, 0x84, 0xF7, 0xA0, 0xDE, 0xFC, 0xF3, 0x0C,
    0xFF, 0x87, 0xF9, 0xE0, 0xC9, 0xDD, 0xF7, 0xF9, 0xFF, 0xF9, 0x03, 0xF0, 0x81, 0xF6, 0xC5, 0x06,
    0xFF, 0x02, 0xF6, 0x80, 0xFF, 0x02, 0xF5, 0x86, 0xFC, 0x7C, 0xCE, 0xC9, 0xBE, 0xC5, 0xE2, 0x02,
    0xF6, 0x80, 0xE1, 0x03, 0xCA, 0x83, 0xBF, 0xB9, 0xBC, 0xC4, 0x02, 0xBE, 0x02, 0x7B, 0x93, 0xB9,
    0xA7, 0xA8, 0x78, 0x9D, 0x71, 0x9B, 0x79, 0x99, 0x6B, 0x7C, 0x76, 0x79, 0x9F, 0x6A, 0x9D, 0x6E,
    0xA2, 0x6C, 0x7B, 0x04, 0x7A, 0x8C, 0x99, 0xB4, 0xC5, 0xA3, 0xB7, 0xA4, 0xB5, 0x7A, 0xB4, 0xA0,
    0xA6, 0x7A, 0x9D, 0x02, 0x7C, 0xAA, 0x99, 0x9D, 0x9B, 0x9A, 0x99, 0x7C, 0x7A, 0x9A, 0xA1, 0xB2,
    0x76, 0xA2, 0xA3, 0xA4, 0x6E, 0x79, 0xDB, 0xA2, 0x9A, 0x99, 0x7C, 0x6C, 0x7A, 0x9A, 0xA1, 0x9F,
    0x9B, 0x9A, 0x7C, 0x6E, 0x9B, 0x99, 0x6E, 0xA1, 0xBE, 0xA7, 0xA4, 0x7C, 0xA2, 0x9F, 0x9B, 0x9D,
    0xA2, 0x02, 0xB9, 0x02, 0xBF, 0x02, 0xB7, 0x8A, 0xAA, 0x7A, 0xA2, 0x6F, 0xAA, 0x7B, 0xED, 0x79,
    0xE1, 0xFF, 0xF1, 0x03, 0xFF, 0x88, 0xF7, 0x99, 0xA1, 0x9C, 0xA1, 0xA2, 0xA3, 0xA4, 0xF6, 0x0B,
    0xFF, 0x8C, 0xE5, 0xF7, 0xCE, 0xF0, 0xF6, 0xEC, 0xFC, 0xF7, 0xEE, 0xFF, 0xD1, 0x97, 0x40, 0x02,
    0x1D, 0x80, 0x23, 0x34, 0x1E, 0x80, 0x1D, 0x02, 0x30, 0x8A, 0x27, 0x20, 0x25, 0x1B, 0x30, 0x2D,
    0x30, 0x31, 0x20, 0x17, 0x28, 0x03, 0x1A, 0x82, 0x20, 0x36, 0x33, 0x02, 0x2E, 0x02, 0x2D, 0x81,
    0x33, 0x2D, 0x02, 0x14, 0x81, 0x1D, 0x25, 0x02, 0x1D, 0x03, 0x28, 0x82, 0x20, 0x16, 0x32, 0x02,
    0x22, 0x02, 0x27, 0x80, 0x2D, 0x02, 0x30, 0x81, 0x35, 0x16, 0x02, 0x2D, 0x82, 0x34, 0x45, 0x54,
    0x02, 0x61, 0x83, 0x60, 0x91, 0xB1, 0xF9, 0x07, 0xFF, 0x87, 0xF2, 0xEE, 0xFF, 0xAC, 0xD4, 0xFC,
    0xFB, 0xF6, 0x0C, 0xFF, 0x82, 0xF5, 0xC7, 0xFF, 0x03, 0xF7, 0x86, 0xFF, 0xFE, 0xCE, 0xF0, 0xFC,
    0xFF, 0xF6, 0x08, 0xFF, 0xA0, 0xFC, 0xE2, 0xF6, 0xED, 0xBF, 0xCA, 0xC5, 0xC7, 0xCE, 0xFF, 0xF6,
    0xF0, 0xCE, 0xE1, 0xCE, 0xE1, 0xCA, 0xBF, 0xCE, 0xC8, 0xBC, 0xA5, 0xBF, 0x76, 0xBD, 0xA8, 0xA9,
    0x9C, 0x76, 0x5E, 0x99, 0x9D, 0x99, 0x02, 0x9A, 0x80, 0x59, 0x02, 0x9D, 0x86, 0x7C, 0x7B, 0x9F,
    0x9E, 0x99, 0x7C, 0x79, 0x03, 0x7A, 0x8E, 0xB3, 0xB9, 0x9D, 0xB9, 0xAA, 0x9E, 0xB5, 0x76, 0xB3,
    0xAA, 0x9E, 0x6B, 0x71, 0x9E, 0x9A, 0x02, 0x9D, 0x96, 0x9A, 0x9F, 0x99, 0x7C, 0x6F, 0x9A, 0xA4,
    0xA2, 0xA4, 0xA3, 0xA4, 0xA5, 0x79, 0x9F, 0xFF, 0xC5, 0x75, 0x7A, 0x79, 0x66, 0x73, 0x79, 0x9D,
    0x02, 0x9B, 0x88, 0x99, 0x9A, 0x73, 0x9B, 0x9A, 0x7C, 0x9A, 0x73, 0xAA, 0x02, 0x9E, 0x81, 0x99,
    0x9E, 0x02, 0x7B, 0x8E, 0x9E, 0xB6, 0x9F, 0xB2, 0xB4, 0xB3, 0xAB, 0xA5, 0xA1, 0xB5, 0xA4, 0xA2,
    0x73, 0xED, 0xC8, 0x06, 0xFF, 0x81, 0xF6, 0xC8, 0x02, 0x9E, 0x84, 0xA2, 0xA0, 0xA1, 0xBB, 0xFC,
    0x0B, 0xFF, 0x84, 0xF2, 0xE5, 0xD6, 0xDF, 0xF7, 0x05, 0xFF, 0x85, 0xE6, 0xA8, 0x67, 0x2E, 0x1D,
    0x30, 0x30, 0x1E, 0x80, 0x19, 0x02, 0x1E, 0x83, 0x1D, 0x23, 0x17, 0x25, 0x03, 0x2D, 0x84, 0x21,
    0x27, 0x1B, 0x17, 0x33, 0x02, 0x2A, 0x02, 0x29, 0x81, 0x2B, 0x45, 0x02, 0x48, 0x06, 0x54, 0x02,
    0x48, 0x80, 0x45, 0x02, 0x2B, 0x04, 0x29, 0x82, 0x2A, 0x2F, 0x2D, 0x02, 0x33, 0x82, 0x34, 0x33,
    0x2F, 0x02, 0x2E, 0x03, 0x2A, 0x82, 0x46, 0x55, 0x60, 0x02, 0x61, 0x85, 0x60, 0x54, 0x55, 0xAE,
    0xE9, 0xF3, 0x02, 0xFF, 0x80, 0xFB, 0x03, 0xFF, 0x02, 0xF6, 0x83, 0xFF, 0xFE, 0xA0, 0xE6, 0x02,
    0xFF, 0x80, 0xF6, 0x0C, 0xFF, 0x8A, 0xC7, 0xFC, 0xFE, 0xF2, 0xFF, 0xF7, 0xDF, 0xD8, 0xFC, 0xF2,
    0xF6, 0x0A, 0xFF, 0x84, 0xE4, 0xF5, 0xFC, 0xC8, 0xF6, 0x02, 0xCE, 0x82, 0xED, 0xF6, 0xFF, 0x02,
    0xF6, 0x81, 0xF0, 0xF6, 0x03, 0xF0, 0x90, 0xE1, 0xED, 0xCE, 0xC4, 0x7A, 0x7B, 0xEB, 0xAC, 0xA8,
    0x78, 0xA7, 0x72, 0x7A, 0x9F, 0x9B, 0x7C, 0x9A, 0x02, 0x79, 0x9D, 0xAA, 0x6F, 0xAA, 0x59, 0xBB,
    0xAB, 0x9E, 0x7B, 0x7A, 0x7B, 0x79, 0x9A, 0xB2, 0xBF, 0x6C, 0xBF, 0xB4, 0xA2, 0xA5, 0xA3, 0xA1,
    0xA4, 0x77, 0x6A, 0x53, 0x76, 0x9B, 0x9D, 0x7C, 0x9A, 0x02, 0x9F, 0x99, 0x9E, 0x6E, 0x99, 0xA1,
    0x99, 0xA3, 0xA5, 0xAA, 0xAB, 0x76, 0xAB, 0xF0, 0xFF, 0x6B, 0x7B, 0x79, 0x76, 0x6F, 0x73, 0x9A,
    0x7C, 0x7B, 0x7C, 0x99, 0x9B, 0x79, 0x02, 0x9E, 0x82, 0x79, 0x6F, 0xBD, 0x02, 0xA1, 0x89, 0x6E,
    0x99, 0x6C, 0x71, 0x9B, 0xAA, 0x7B, 0x9F, 0xA2, 0xA1, 0x02, 0xA3, 0x85, 0xA5, 0xA1, 0xB5, 0x6E,
    0x7A, 0xE1, 0x05, 0xFF, 0x80, 0xF9, 0x02, 0xFF, 0x85, 0xF6, 0xB6, 0xA2, 0xA1, 0xAC, 0xDC, 0x02,
    0xFC, 0x81, 0xFE, 0xF6, 0x08, 0xFF, 0x86, 0xF6, 0xFF, 0xE7, 0xD6, 0xD8, 0xF1, 0xFB, 0x04, 0xFF,
    0x85, 0xEB, 0xB1, 0x97, 0x2A, 0x31, 0x19, 0x30, 0x1E, 0x80, 0x1D, 0x03, 0x1E, 0x84, 0x26, 0x28,
    0x1F, 0x33, 0x30, 0x02, 0x17, 0x86, 0x32, 0x2C, 0x3F, 0x48, 0x60, 0x8A, 0x8B, 0x02, 0x7E, 0x0A,
    0x7F, 0x81, 0x7E, 0x7D, 0x04, 0x7E, 0x03, 0x8A, 0x02, 0x61, 0x05, 0x60, 0x03, 0x61, 0x81, 0x60,
    0x54, 0x04, 0x60, 0x86, 0x48, 0x2C, 0x2B, 0x94, 0xD3, 0xFF, 0xF2, 0x06, 0xFF, 0x85, 0xF6, 0xFF,
    0xE5, 0xBD, 0xE7, 0xDA, 0x0A, 0xFF, 0x80, 0xF6, 0x02, 0xFF, 0x89, 0xF5, 0xF2, 0xDA, 0xBF, 0xFF,
    0xEF, 0xF8, 0xE9, 0xD4, 0xD8, 0x03, 0xFF, 0x80, 0xF9, 0x09, 0xFF, 0x82, 0xE2, 0xF5, 0xF6, 0x02,
    0xF0, 0x82, 0xCE, 0xE1, 0xF0, 0x06, 0xFF, 0xC9, 0xF6, 0xED, 0xF0, 0xFF, 0xF0, 0xE1, 0xC9, 0x7C,
    0x76, 0xEA, 0xC1, 0xAF, 0x93, 0xB8, 0x79, 0xB5, 0xA4, 0xA1, 0xA2, 0xB5, 0x66, 0xA3, 0xBB, 0x9A,
    0xB7, 0xAB, 0xBF, 0xBE, 0xA3, 0x6D, 0x9A, 0x7B, 0x7C, 0xB4, 0xB3, 0xBC, 0xA5, 0xCE, 0xB9, 0xAA,
    0x7B, 0xB7, 0xA1, 0xAA, 0x6C, 0x7B, 0x71, 0x6E, 0x79, 0x99, 0x7B, 0x9A, 0x9D, 0xBB, 0xA3, 0x79,
    0x7C, 0x9F, 0x71, 0xA4, 0xA5, 0xAA, 0xAB, 0x76, 0xA5, 0xF6, 0xC4, 0x71, 0xA1, 0x7A, 0x7B, 0x76,
    0x75, 0x7A, 0x02, 0x7B, 0x02, 0x7C, 0x86, 0x9B, 0x6F, 0xA1, 0x9D, 0x5B, 0xAA, 0xBA, 0x02, 0xA1,
    0x92, 0x72, 0x73, 0x6B, 0x9E, 0x9D, 0x9F, 0x9A, 0x9D, 0x9F, 0xA1, 0xA3, 0xA4, 0xAB, 0xAA, 0xBE,
    0x9D, 0xBE, 0xCE, 0xF6, 0x08, 0xFF, 0x87, 0xC5, 0xAC, 0xA1, 0xD6, 0xE5, 0xE7, 0xFF, 0xFC, 0x0B,
    0xFF, 0x83, 0xF7, 0xD8, 0xC3, 0xE8, 0x03, 0xFF, 0x88, 0xFB, 0xFF, 0xEB, 0xD3, 0x97, 0x49, 0x23,
    0x20, 0x18, 0x04, 0x1E, 0x02, 0x1D, 0x2D, 0x1E, 0x89, 0x19, 0x33, 0x26, 0x1B, 0x17, 0x28, 0x2A,
    0x3F, 0x60, 0x8B, 0x02, 0x7F, 0x82, 0x7E, 0x7D, 0x8A, 0x02, 0x61, 0x82, 0x60, 0x55, 0x54, 0x03,
    0x48, 0x02, 0x54, 0x02, 0x60, 0x80, 0x61, 0x02, 0x8A, 0x80, 0x7D, 0x04, 0x7E, 0x07, 0x7D, 0x02,
    0x61, 0x02, 0x60, 0x80, 0x54, 0x02, 0x48, 0x8A, 0x3F, 0x2C, 0x2F, 0x37, 0x40, 0x97, 0xD7, 0xE7,
    0xFA, 0xFC, 0xF4, 0x04, 0xFF, 0x02, 0xF6, 0x81, 0xE9, 0x9C, 0x05, 0xFF, 0x80, 0xF6, 0x0A, 0xFF,
    0x80, 0xBE, 0x02, 0xFF, 0x85, 0xF9, 0xF7, 0xDC, 0xC3, 0xDF, 0xE5, 0x0C, 0xFF, 0x82, 0xF5, 0xE4,
    0xFC, 0x02, 0xF6, 0x02, 0xED, 0x81, 0xF0, 0xF6, 0x07, 0xFF, 0x03, 0xF6, 0xA1, 0xFE, 0xED, 0xE1,
    0x9F, 0xF0, 0xC9, 0xC2, 0xA8, 0xA9, 0xB4, 0xB7, 0xB2, 0xB5, 0xA2, 0xB6, 0xA1, 0xB2, 0xBB, 0xA3,
    0xCA, 0xBE, 0xF6, 0xCA, 0xC5, 0xCA, 0xB7, 0xA1, 0x9B, 0xB5, 0xB4, 0xBE, 0x7A, 0xBF, 0xCE, 0x02,
    0xB9, 0x88, 0x79, 0xA5, 0xB6, 0xAC, 0x79, 0x5E, 0x9D, 0x6F, 0x71, 0x02, 0x99, 0x8D, 0x9A, 0x9B,
    0xA1, 0x7C, 0xAA, 0x6B, 0xA2, 0x7A, 0xA4, 0xAA, 0xB3, 0xB4, 0x71, 0xA3, 0x02, 0xED, 0x80, 0xA2,
    0x02, 0x7B, 0xA2, 0x76, 0x6F, 0x72, 0x7A, 0x7B, 0x7C, 0x79, 0x7B, 0x9F, 0x9D, 0x7C, 0xA2, 0x99,
    0xAB, 0x7B, 0x9E, 0xA4, 0x79, 0x7A, 0x99, 0xA3, 0x99, 0x9E, 0x9D, 0x9A, 0x9B, 0xA1, 0xB4, 0xB6,
    0xB9, 0xBB, 0xB9, 0xBF, 0x9E, 0xC5, 0x07, 0xFF, 0x87, 0xF6, 0xFF, 0xE1, 0xC3, 0x9C, 0xD6, 0xE9,
    0xE7, 0x02, 0xFC, 0x0B, 0xFF, 0x83, 0xF7, 0xDD, 0xC1, 0xE9, 0x05, 0xFF, 0x85, 0xF2, 0xF7, 0xB1,
    0x92, 0x2A, 0x1F, 0x02, 0x1E, 0x82, 0x18, 0x1E, 0x23, 0x2B, 0x1E, 0x8B, 0x18, 0x19, 0x18, 0x1E,
    0x1D, 0x2D, 0x21, 0x1B, 0x2F, 0x2B, 0x60, 0x7E, 0x03, 0x7F, 0x81, 0x7D, 0x61, 0x02, 0x54, 0x84,
    0x48, 0x45, 0x2B, 0x2C, 0x2E, 0x02, 0x33, 0x86, 0x25, 0x31, 0x33, 0x2D, 0x33, 0x2E, 0x2A, 0x03,
    0x29, 0x02, 0x2B, 0x80, 0x3F, 0x02, 0x45, 0x80, 0x48, 0x03, 0x45, 0x90, 0x3F, 0x2B, 0x2C, 0x29,
    0x2E, 0x1C, 0x33, 0x32, 0x18, 0x1D, 0x25, 0x36, 0x68, 0xAE, 0xF1, 0xF6, 0xFB, 0x03, 0xFF, 0x80,
    0xF9, 0x03, 0xFF, 0x82, 0xF7, 0xAC, 0xD8, 0x02, 0xF2, 0x81, 0xFF, 0xF6, 0x03, 0xFF, 0x80, 0xF6,
    0x08, 0xFF, 0x80, 0xFC, 0x03, 0xFF, 0x84, 0xD1, 0xC2, 0xDF, 0xF7, 0xF6, 0x08, 0xFF, 0x80, 0xF6,
    0x02, 0xFF, 0x81, 0xFC, 0xE2, 0x02, 0xFC, 0x83, 0xED, 0xF6, 0xED, 0xF6, 0x0D, 0xFF, 0x9A, 0xFE,
    0xC4, 0xA3, 0xC4, 0xCB, 0xB0, 0xA6, 0xB0, 0xB9, 0xB4, 0xB3, 0xC4, 0xAB, 0xBB, 0x6F, 0xBB, 0xB5,
    0xAA, 0xBF, 0xB9, 0xC8, 0xBC, 0xBE, 0xCE, 0xFF, 0xB7, 0xAA, 0x02, 0xB6, 0xA4, 0xBF, 0x76, 0xBF,
    0xC4, 0xB7, 0xB9, 0xAB, 0xAA, 0xB6, 0x6F, 0x7A, 0x6D, 0x9E, 0x9F, 0x76, 0x75, 0xA2, 0x9E, 0xA5,
    0xB5, 0x79, 0xA3, 0x6F, 0xA4, 0xA1, 0xBF, 0xB4, 0xB5, 0xBB, 0x6F, 0xCE, 0xF6, 0xED, 0xF0, 0x73,
    0x7C, 0x76, 0x02, 0x7B, 0xA0, 0x79, 0x7B, 0x7C, 0x6C, 0x7C, 0x9D, 0xA4, 0x76, 0xAB, 0xAA, 0x7B,
    0x6E, 0xAC, 0x9C, 0x9E, 0x7A, 0x7B, 0x7A, 0x9A, 0x9B, 0x9E, 0x9A, 0x9D, 0xB3, 0xBF, 0xCA, 0xED,
    0xC5, 0xBF, 0xBE, 0xA3, 0xBF, 0xF6, 0x06, 0xFF, 0x84, 0xF0, 0xFF, 0xE1, 0xBD, 0xDA, 0x02, 0xD6,
    0x82, 0xE5, 0xF5, 0xFC, 0x0B, 0xFF, 0x83, 0xF7, 0xDF, 0xC1, 0xF7, 0x05, 0xFF, 0x86, 0xE7, 0xF4,
    0xD9, 0x97, 0x47, 0x33, 0x1F, 0x05, 0x1E, 0x80, 0x20, 0x29, 0x1E, 0x03, 0x1A, 0x85, 0x1F, 0x18,
    0x21, 0x33, 0x29, 0x48, 0x02, 0x7E, 0x81, 0x7F, 0x84, 0x0A, 0x7D, 0x81, 0x60, 0x48, 0x02, 0x29,
    0x84, 0x2A, 0x2D, 0x1D, 0x30, 0x23, 0x03, 0x2D, 0x8A, 0x33, 0x21, 0x28, 0x25, 0x1D, 0x14, 0x32,
    0x30, 0x1D, 0x30, 0x1D, 0x02, 0x2D, 0x8C, 0x25, 0x1E, 0x32, 0x38, 0x28, 0x2E, 0x2A, 0x2C, 0x45,
    0x97, 0xD3, 0xF3, 0xEE, 0x05, 0xFF, 0x02, 0xF6, 0x83, 0xFA, 0xE6, 0xA0, 0xE5, 0x0A, 0xFF, 0x80,
    0xFE, 0x02, 0xFF, 0x02, 0xFC, 0x86, 0xD6, 0xFF, 0xEE, 0xD7, 0xB1, 0xBD, 0xF6, 0x0D, 0xFF, 0x85,
    0xFC, 0xE5, 0xDA, 0xFE, 0xF6, 0xFF, 0x02, 0xF6, 0x80, 0xF0, 0x0C, 0xFF, 0x93, 0xF6, 0xF1, 0xBE,
    0xC5, 0xF0, 0xE3, 0xB1, 0x94, 0xB0, 0xBB, 0xC4, 0xBC, 0xB5, 0xB3, 0x9B, 0xB6, 0xB7, 0xAA, 0xC8,
    0xBE, 0x02, 0xBC, 0xA5, 0xBB, 0xBE, 0xED, 0xCA, 0xB7, 0xB6, 0xBE, 0xC5, 0xB7, 0xBF, 0xC8, 0xC5,
    0xB2, 0x9F, 0xB7, 0xBB, 0xBC, 0x7B, 0xB4, 0x76, 0xA2, 0xA1, 0x99, 0x76, 0xA5, 0xB9, 0x7A, 0xCE,
    0x79, 0x72, 0x76, 0x7C, 0xB7, 0xBB, 0xB3, 0xB7, 0xBE, 0x6B, 0x02, 0xED, 0x89, 0xF0, 0xF6, 0x5A,
    0xA5, 0x7C, 0x99, 0x72, 0x7A, 0x7C, 0x99, 0x02, 0x7C, 0x93, 0x9D, 0xA5, 0xA2, 0xA4, 0xAA, 0x65,
    0xB2, 0xBE, 0xA2, 0x9F, 0x72, 0x7B, 0x7C, 0x9B, 0x9D, 0x9E, 0xA1, 0xAB, 0xC8, 0xCE, 0x02, 0xFF,
    0x81, 0xCE, 0xCC, 0x02, 0xC4, 0x81, 0xA4, 0xE2, 0x09, 0xFF, 0x87, 0xC7, 0xBA, 0xAC, 0xA0, 0xD9,
    0xFC, 0xF3, 0xFB, 0x0B, 0xFF, 0x82, 0xF7, 0xC2, 0xD8, 0x06, 0xFF, 0x89, 0xF2, 0xE9, 0xAF, 0x78,
    0x2A, 0x13, 0x15, 0x30, 0x1E, 0x19, 0x2B, 0x1E, 0x83, 0x2D, 0x24, 0x1E, 0x21, 0x02, 0x25, 0x83,
    0x2B, 0x60, 0x7D, 0x7E, 0x03, 0x7D, 0x82, 0x60, 0x48, 0x45, 0x02, 0x48, 0x83, 0x54, 0x55, 0x61,
    0x8A, 0x04, 0x7D, 0x02, 0x61, 0x04, 0x60, 0x02, 0x61, 0x02, 0x60, 0x85, 0x54, 0x48, 0x3F, 0x29,
    0x22, 0x2A, 0x02, 0x2F, 0x02, 0x2E, 0x84, 0x36, 0x2E, 0x29, 0x2B, 0x3F, 0x02, 0x48, 0x02, 0x55,
    0x85, 0x49, 0x48, 0x98, 0xD5, 0xF2, 0xEF, 0x02, 0xFF, 0x80, 0xF9, 0x02, 0xFF, 0x02, 0xF6, 0x83,
    0xF7, 0xC1, 0xBD, 0xDA, 0x0D, 0xFF, 0x84, 0xF7, 0xE5, 0xEE, 0xF7, 0xD8, 0x02, 0xB0, 0x84, 0xFC,
    0xFF, 0xF4, 0xFB, 0xFE, 0x0A, 0xFF, 0x85, 0xFC, 0xDD, 0xDA, 0xFE, 0xF0, 0xF6, 0x02, 0xED, 0x80,
    0xF0, 0x0D, 0xFF, 0x88, 0xF6, 0xCA, 0xED, 0xCE, 0xD6, 0xA8, 0xAF, 0xC1, 0xC4, 0x02, 0xBF, 0x02,
    0xB4, 0x80, 0x79, 0x02, 0xBC, 0xA2, 0xAA, 0xC8, 0xB5, 0xBB, 0xB9, 0xBB, 0xBF, 0xE1, 0xC5, 0xBC,
    0xB9, 0xBC, 0xBE, 0xB9, 0xC5, 0xED, 0xC5, 0xB3, 0x79, 0xAA, 0xBE, 0xAA, 0xB3, 0xB2, 0x9E, 0xAA,
    0xA2, 0xB4, 0xB3, 0xB2, 0xC5, 0x7B, 0xB4, 0xB7, 0xAA, 0x02, 0x7C, 0x86, 0xB5, 0xBC, 0xB6, 0xBC,
    0xC4, 0x5B, 0xCE, 0x02, 0xED, 0x84, 0xF6, 0x99, 0x9A, 0x7C, 0x9A, 0x02, 0x7C, 0x88, 0x9A, 0x99,
    0xA1, 0xA3, 0xAB, 0xA4, 0xAA, 0x9D, 0xAA, 0x02, 0xB3, 0x85, 0xB9, 0x9F, 0xAA, 0x79, 0x7B, 0x9B,
    0x02, 0x9D, 0x82, 0x9F, 0xC8, 0xF6, 0x04, 0xFF, 0x81, 0xED, 0xE2, 0x02, 0xC7, 0x82, 0xB3, 0xF5,
    0xF6, 0x07, 0xFF, 0x87, 0xF0, 0xDA, 0xC3, 0xA7, 0xBD, 0xD7, 0xD0, 0xEE, 0x0C, 0xFF, 0x80, 0xF7,
    0x02, 0xD4, 0x05, 0xFF, 0x8C, 0xF8, 0xF2, 0xFC, 0xD3, 0xAE, 0x2A, 0x35, 0x1D, 0x30, 0x1F, 0x1A,
    0x1E, 0x1D, 0x29, 0x1E, 0x86, 0x30, 0x21, 0x17, 0x24, 0x2A, 0x45, 0x8A, 0x02, 0x7D, 0x90, 0x54,
    0x7D, 0x61, 0x45, 0x2C, 0x14, 0x16, 0x20, 0x24, 0x32, 0x2E, 0x2A, 0x2C, 0x2B, 0x48, 0x61, 0x8A,
    0x0D, 0x7D, 0x02, 0x61, 0x02, 0x60, 0x03, 0x55, 0x07, 0x60, 0x02, 0x55, 0x02, 0x46, 0x86, 0x97,
    0xD5, 0xF3, 0xEC, 0xFF, 0xFB, 0xF6, 0x03, 0xFF, 0x83, 0xF9, 0xF6, 0xA7, 0xE9, 0x0D, 0xFF, 0x8A,
    0xFE, 0xF7, 0xDA, 0xEE, 0xDE, 0xB1, 0xB0, 0xDF, 0xF9, 0xF6, 0xFB, 0x04, 0xFF, 0x80, 0xFE, 0x07,
    0xFF, 0x84, 0xF0, 0xE7, 0xDA, 0xFF, 0xED, 0x03, 0xCE, 0x80, 0xF0, 0x0C, 0xFF, 0xA9, 0xF6, 0xED,
    0xC8, 0xFF, 0xF0, 0xD2, 0x93, 0xB0, 0xC7, 0xC8, 0xBE, 0xC4, 0xB3, 0xB9, 0xB7, 0xB6, 0xB3, 0xBB,
    0xB4, 0xB2, 0xB4, 0xB7, 0xB9, 0xBF, 0xCA, 0xBE, 0xBB, 0xC8, 0xCA, 0xBB, 0xA5, 0xC4, 0xF6, 0xB6,
    0xBC, 0xB4, 0xB3, 0xBC, 0x71, 0xAA, 0x9A, 0xAB, 0x02, 0xA2, 0x90, 0xB5, 0xAB, 0xB3, 0xB6, 0xBC,
    0xA1, 0xB5, 0xB6, 0xB5, 0xAB, 0xB4, 0xB3, 0xB9, 0xBE, 0xC5, 0x7C, 0xF6, 0x02, 0xE1, 0x02, 0xED,
    0x89, 0x9F, 0xB4, 0xA4, 0xA5, 0x9D, 0xA1, 0xA5, 0xB7, 0xAA, 0xB4, 0x02, 0xAA, 0x02, 0xB2, 0x02,
    0xB3, 0x8B, 0x9F, 0xA4, 0xC4, 0x9E, 0xA1, 0x9B, 0x9E, 0x9D, 0x9E, 0xF0, 0xFF, 0xF6, 0x03, 0xFF,
    0x85, 0xF0, 0xF5, 0xCC, 0xDA, 0xB3, 0xC4, 0x09, 0xFF, 0x86, 0xBD, 0xE8, 0xAA, 0xD2, 0xA0, 0xDC,
    0xEB, 0x0A, 0xFF, 0x84, 0xF9, 0xFF, 0xE9, 0xDB, 0xD2, 0x05, 0xFF, 0x8A, 0xF7, 0xEE, 0xFA, 0xC2,
    0xAD, 0x68, 0x2E, 0x20, 0x30, 0x26, 0x1A, 0x2B, 0x1E, 0x02, 0x17, 0x86, 0x2E, 0x2B, 0x54, 0x7E,
    0x7D, 0x60, 0x3F, 0x02, 0x61, 0x89, 0x48, 0x2A, 0x30, 0x17, 0x1B, 0x19, 0x1E, 0x27, 0x1A, 0x28,
    0x02, 0x17, 0x84, 0x1B, 0x22, 0x29, 0x2B, 0x3F, 0x03, 0x45, 0x80, 0x3F, 0x02, 0x2B, 0x84, 0x3F,
    0x45, 0x48, 0x54, 0x61, 0x02, 0x7D, 0x07, 0x61, 0x02, 0x60, 0x8A, 0x54, 0x45, 0x2B, 0x29, 0x22,
    0x32, 0x68, 0xAF, 0xF7, 0xEC, 0xF2, 0x06, 0xFF, 0x83, 0xFE, 0xDC, 0xAC, 0xE7, 0x05, 0xFF, 0x80,
    0xF6, 0x08, 0xFF, 0x85, 0xE7, 0xDB, 0xF7, 0xD3, 0xA9, 0xD8, 0x11, 0xFF, 0x89, 0xDA, 0xF5, 0xFF,
    0xE1, 0xED, 0xCA, 0xCE, 0xED, 0xFF, 0xF6, 0x0A, 0xFF, 0x80, 0xFB, 0x02, 0xE1, 0x90, 0xFF, 0xF0,
    0xD1, 0xAD, 0xB0, 0xC9, 0xFA, 0xB6, 0xBC, 0xB4, 0xAB, 0xB3, 0xBB, 0xB5, 0xF6, 0xB5, 0xB7, 0x02,
    0xB4, 0x92, 0xB6, 0xBC, 0xC8, 0xC5, 0xC8, 0xBF, 0xBE, 0xBF, 0xC4, 0xBE, 0xE1, 0xBC, 0x99, 0xB9,
    0xBC, 0xC4, 0x7C, 0xBE, 0x76, 0x03, 0xA3, 0x83, 0xAA, 0xB5, 0xB4, 0xB3, 0x02, 0xBB, 0xA5, 0xCA,
    0xB6, 0xB5, 0xB3, 0xB2, 0xAA, 0xB9, 0xC5, 0xA1, 0xA2, 0xC8, 0xE1, 0xCE, 0xED, 0xCE, 0x73, 0xBF,
    0xB3, 0xB2, 0xA3, 0xA2, 0xA3, 0xA5, 0xB9, 0xBC, 0xB4, 0xB2, 0xAA, 0xB2, 0xB5, 0xAA, 0xB7, 0xDA,
    0x9B, 0xA5, 0x9F, 0x9E, 0x9B, 0x02, 0x9D, 0x81, 0xC4, 0xF0, 0x04, 0xFF, 0x87, 0xF6, 0xFC, 0xE2,
    0xCE, 0xE2, 0xB7, 0xF0, 0xF9, 0x07, 0xFF, 0x85, 0xC7, 0xF7, 0xE3, 0xD8, 0x9C, 0xA0, 0x0B, 0xFF,
    0x84, 0xF6, 0xF8, 0xF7, 0xDF, 0xAC, 0x02, 0xFF, 0x81, 0xF6, 0xFB, 0x02, 0xFF, 0x87, 0xF6, 0xF4,
    0xFC, 0xD3, 0xAE, 0x2A, 0x32, 0x1D, 0x02, 0x26, 0x2B, 0x1E, 0x83, 0x1A, 0x34, 0x2B, 0x60, 0x02,
    0x7D, 0x86, 0x48, 0x2B, 0x60, 0x7D, 0x55, 0x2A, 0x17, 0x02, 0x2D, 0x02, 0x23, 0x8B, 0x24, 0x27,
    0x1A, 0x27, 0x33, 0x30, 0x1D, 0x35, 0x15, 0x17, 0x21, 0x13, 0x04, 0x15, 0x85, 0x17, 0x15, 0x13,
    0x18, 0x2E, 0x2A, 0x02, 0x29, 0x02, 0x2B, 0x02, 0x3F, 0x02, 0x2B, 0x02, 0x29, 0x8A, 0x2A, 0x34,
    0x23, 0x13, 0x15, 0x36, 0x2E, 0xAD, 0xD1, 0xFB, 0xEC, 0x02, 0xFF, 0x80, 0xFB, 0x04, 0xFF, 0x85,
    0xE7, 0xBA, 0xD6, 0xFE, 0xEE, 0xF6, 0x0A, 0xFF, 0x88, 0xFB, 0xF9, 0xE5, 0xF5, 0xB1, 0xA9, 0xD9,
    0xFC, 0xEC, 0x04, 0xFF, 0x80, 0xF6, 0x0A, 0xFF, 0x81, 0xFC, 0xD6, 0x02, 0xFF, 0x84, 0xE1, 0xED,
    0xC5, 0xC4, 0xED, 0x0D, 0xFF, 0x8E, 0xCE, 0xF6, 0xFF, 0xE4, 0xA8, 0xB1, 0xD4, 0xEB, 0xE2, 0xB7,
    0xB5, 0xB4, 0xB3, 0xB4, 0xBE, 0x02, 0xC4, 0x80, 0x7A, 0x02, 0xAA, 0x82, 0xB2, 0xB4, 0xBC, 0x02,
    0xCE, 0x90, 0xCA, 0xBE, 0xC8, 0xB7, 0xB9, 0xBE, 0xBF, 0xC8, 0x9E, 0x75, 0xB6, 0x9D, 0xA3, 0xB6,
    0x79, 0xAA, 0xA5, 0x02, 0xB4, 0x86, 0xB9, 0xB6, 0xBB, 0xBC, 0xBF, 0xC8, 0xB3, 0x02, 0xAA, 0x96,
    0xB5, 0xB2, 0xBE, 0xBC, 0x66, 0xC8, 0xC5, 0xCA, 0xCE, 0xF6, 0xF0, 0x76, 0xCA, 0xC4, 0xAB, 0xA4,
    0xA3, 0xA4, 0xA5, 0xBC, 0xB5, 0xB9, 0xB7, 0x02, 0xB6, 0x85, 0xB5, 0xB3, 0xB6, 0xDB, 0x79, 0xBB,
    0x04, 0x9E, 0x81, 0x9F, 0xB3, 0x06, 0xFF, 0x85, 0xE7, 0xE2, 0xDA, 0x9E, 0xB7, 0xED, 0x08, 0xFF,
    0x80, 0xC3, 0x02, 0xFF, 0x85, 0xC1, 0xA7, 0x99, 0xC9, 0xFF, 0xFE, 0x08, 0xFF, 0x84, 0xF6, 0xF1,
    0xE9, 0xDF, 0xAC, 0x06, 0xFF, 0x89, 0xF6, 0xEF, 0xFA, 0xE8, 0x97, 0x57, 0x36, 0x26, 0x19, 0x20,
    0x2B, 0x1E, 0x81, 0x38, 0x45, 0x02, 0x7D, 0x88, 0x61, 0x29, 0x2A, 0x54, 0x7D, 0x60, 0x2A, 0x27,
    0x1B, 0x02, 0x23, 0x80, 0x26, 0x04, 0x1E, 0x03, 0x26, 0x81, 0x31, 0x1F, 0x02, 0x1E, 0x02, 0x1D,
    0x02, 0x1E, 0x81, 0x1F, 0x1E, 0x02, 0x26, 0x81, 0x20, 0x19, 0x02, 0x20, 0x02, 0x21, 0x80, 0x19,
    0x02, 0x1E, 0x02, 0x26, 0x02, 0x20, 0x03, 0x1D, 0x89, 0x26, 0x30, 0x20, 0x32, 0x0D, 0x94, 0xD3,
    0xF6, 0xEE, 0xF9, 0x02, 0xFF, 0x80, 0xF4, 0x02, 0xFF, 0x85, 0xFB, 0xDF, 0xA0, 0xDF, 0xFB, 0xF4,
    0x09, 0xFF, 0x8A, 0xFB, 0xFC, 0xF6, 0xF1, 0xDB, 0xD9, 0xAF, 0xD7, 0xFC, 0xF4, 0xFB, 0x0F, 0xFF,
    0x85, 0xF6, 0xE5, 0xFF, 0xE7, 0xC8, 0xCA, 0x02, 0xC8, 0x80, 0xE1, 0x0C, 0xFF, 0x9F, 0xF2, 0xE7,
    0xFF, 0xF3, 0xFC, 0xA8, 0xD1, 0xD2, 0xE1, 0xEA, 0xBF, 0xB6, 0xB5, 0xB4, 0xB6, 0xC5, 0xFF, 0xB2,
    0xB4, 0xB2, 0xAA, 0xAB, 0xB6, 0xBE, 0xCE, 0xED, 0xF6, 0xB7, 0xB9, 0xB5, 0xB7, 0xB9, 0x02, 0xBC,
    0x83, 0xB4, 0xA1, 0xBA, 0x73, 0x02, 0xB3, 0x82, 0xAA, 0xB3, 0xB2, 0x03, 0xBF, 0x8D, 0xBE, 0xC4,
    0xC5, 0xCA, 0xBF, 0xB5, 0xB4, 0xAB, 0x9D, 0xB9, 0xBB, 0xCE, 0x53, 0xC4, 0x02, 0xC5, 0x87, 0xE1,
    0xF6, 0xFF, 0xBC, 0xFF, 0xE1, 0xA1, 0xB4, 0x02, 0xAA, 0x85, 0xB2, 0xB9, 0xB7, 0xBC, 0xC8, 0xBC,
    0x02, 0xB7, 0x8A, 0xB5, 0xB6, 0xC4, 0x9D, 0xE4, 0x9E, 0x9F, 0xA1, 0x9F, 0xA1, 0xA5, 0x06, 0xFF,
    0x85, 0xF6, 0xED, 0xCE, 0xC5, 0xAB, 0xCA, 0x05, 0xFF, 0x89, 0xF9, 0xF6, 0xFF, 0xC7, 0xDF, 0xCB,
    0xBC, 0xA9, 0x93, 0xA0, 0x04, 0xFF, 0x80, 0xFC, 0x09, 0xFF, 0x80, 0xA3, 0x04, 0xFF, 0x89, 0xFB,
    0xD0, 0xF7, 0xF0, 0xF6, 0xFF, 0xD3, 0xA8, 0x0D, 0x1F, 0x02, 0x23, 0x2B, 0x1E, 0x80, 0x48, 0x02,
    0x61, 0x87, 0x60, 0x2B, 0x2F, 0x48, 0x7D, 0x61, 0x3F, 0x24, 0x02, 0x1E, 0x80, 0x19, 0x25, 0x1E,
    0x88, 0x27, 0x23, 0x20, 0x1A, 0x47, 0xA8, 0xD8, 0xFF, 0xF2, 0x06, 0xFF, 0x85, 0xFC, 0xE8, 0xA7,
    0xE9, 0xFB, 0xF4, 0x0A, 0xFF, 0x83, 0xF4, 0xF2, 0xF8, 0xD5, 0x02, 0xB0, 0x83, 0xDE, 0xF6, 0xF4,
    0xFB, 0x0F, 0xFF, 0x83, 0xF6, 0xDB, 0xF9, 0xFF, 0x03, 0xC5, 0x81, 0xC8, 0xE1, 0x0C, 0xFF, 0x98,
    0xEE, 0xF7, 0xFF, 0xEE, 0xDB, 0x94, 0xD3, 0xDB, 0xE1, 0xEA, 0xBF, 0xB7, 0xB5, 0xB4, 0xB7, 0xCA,
    0xFF, 0xA1, 0xB5, 0xB7, 0xB2, 0xB3, 0xBC, 0xC5, 0xED, 0x02, 0xF0, 0x81, 0xB7, 0xB6, 0x02, 0xB4,
    0x8C, 0xB5, 0xBE, 0xB2, 0x7C, 0xBB, 0xBD, 0x6C, 0xC7, 0xB2, 0xB9, 0xB7, 0xBB, 0xED, 0x02, 0xCE,
    0x80, 0xC5, 0x02, 0xCA, 0x8E, 0xFF, 0xBB, 0xB7, 0xB6, 0xB4, 0x9B, 0xBE, 0xBB, 0xB7, 0x6A, 0xBE,
    0xBF, 0xC5, 0xED, 0xFF, 0x02, 0xF6, 0x81, 0x99, 0xE1, 0x02, 0xBE, 0x82, 0xB3, 0xB4, 0xB5, 0x02,
    0xBB, 0x84, 0xBC, 0xCE, 0xC5, 0xBC, 0xBB, 0x02, 0xB9, 0x88, 0xBB, 0xBF, 0xB6, 0xAA, 0xA4, 0xA2,
    0xA1, 0xA2, 0xA5, 0x07, 0xFF, 0x84, 0xF0, 0xED, 0xE1, 0xA3, 0xE1, 0x06, 0xFF, 0x8C, 0xF6, 0xF2,
    0xDB, 0xE8, 0xCB, 0x7C, 0xC2, 0x78, 0xA6, 0xBA, 0xE4, 0xFF, 0xFE, 0x0A, 0xFF, 0x80, 0xB2, 0x04,
    0xFF, 0x83, 0xFB, 0xDF, 0xD6, 0xDB, 0x02, 0xFF, 0x85, 0xD7, 0xA9, 0x52, 0x27, 0x19, 0x26, 0x2B,
    0x1E, 0x8A, 0x7D, 0x61, 0x54, 0x29, 0x21, 0x3F, 0x61, 0x7D, 0x45, 0x30, 0x25, 0x28, 0x1E, 0x87,
    0x1A, 0x23, 0x26, 0x32, 0x78, 0xB1, 0xD8, 0xFF, 0x02, 0xF2, 0x81, 0xFF, 0xF6, 0x03, 0xFF, 0x80,
    0xF7, 0x02, 0xC1, 0x80, 0xFC, 0x02, 0xFB, 0x08, 0xFF, 0x8B, 0xF9, 0xFF, 0xEE, 0xF2, 0xDF, 0xD3,
    0xA8, 0xD3, 0xE9, 0xF6, 0xF4, 0xFB, 0x0C, 0xFF, 0x80, 0xF6, 0x02, 0xFF, 0x81, 0xFC, 0xDB, 0x02,
    0xFF, 0x81, 0xC4, 0xBF, 0x02, 0xC4, 0x80, 0xE1, 0x0C, 0xFF, 0x93, 0xF2, 0xE7, 0xF6, 0xF3, 0xD2,
    0xB0, 0xD5, 0xF1, 0xEB, 0xC8, 0xBF, 0xB6, 0xB5, 0xB4, 0xBB, 0xBF, 0xE1, 0x79, 0xB9, 0xB2, 0x02,
    0xB4, 0x95, 0xC4, 0xCE, 0xF0, 0xF6, 0xCE, 0xBC, 0xB5, 0xB3, 0xAB, 0xB3, 0xC5, 0xAA, 0x75, 0xB7,
    0xAA, 0x7B, 0xCC, 0xB6, 0xC5, 0xBC, 0xF6, 0xF0, 0x03, 0xCE, 0x89, 0xED, 0xF6, 0xED, 0xC5, 0xBB,
    0xB9, 0xB5, 0xB2, 0xC5, 0xBC, 0x02, 0x7C, 0x90, 0xBB, 0xBC, 0xC8, 0xF0, 0xFF, 0xED, 0xF0, 0x76,
    0xF6, 0xED, 0xB9, 0xBF, 0xBB, 0xB9, 0xBB, 0xBE, 0xBC, 0x02, 0xED, 0x81, 0xC5, 0xBE, 0x02, 0xBC,
    0x86, 0xBF, 0xF6, 0x7A, 0xC3, 0xA7, 0xA4, 0xA3, 0x02, 0xA4, 0x80, 0xED, 0x03, 0xFF, 0x80, 0xF6,
    0x02, 0xFF, 0x84, 0xF0, 0xED, 0xCE, 0x7C, 0xCE, 0x06, 0xFF, 0x8D, 0xF6, 0xEE, 0xDC, 0xD6, 0xDA,
    0x9F, 0xD5, 0x78, 0xA0, 0xA9, 0xC1, 0xFF, 0xF6, 0xF3, 0x08, 0xFF, 0x81, 0xF6, 0xB7, 0x02, 0xFF,
    0x80, 0xF6, 0x02, 0xFF, 0x89, 0xDE, 0xDF, 0xD8, 0xD4, 0xDF, 0xE6, 0xD4, 0x52, 0x1A, 0x21, 0x2C,
    0x1E, 0x88, 0x61, 0x48, 0x2A, 0x20, 0x2A, 0x60, 0x61, 0x54, 0x1A, 0x02, 0x30, 0x17, 0x1E, 0x80,
    0x18, 0x0A, 0x1E, 0x80, 0x18, 0x04, 0x1E, 0x8A, 0x18, 0x1A, 0x23, 0x26, 0x4D, 0x94, 0xD5, 0xE7,
    0xF6, 0xFF, 0xF6, 0x04, 0xFF, 0x84, 0xFE, 0xE9, 0xA7, 0xE5, 0xF9, 0x02, 0xFB, 0x0A, 0xFF, 0x87,
    0xF3, 0xFC, 0xD5, 0xB0, 0xAF, 0xFD, 0xFC, 0xFF, 0x02, 0xFB, 0x80, 0xF6, 0x0E, 0xFF, 0x84, 0xE4,
    0xDB, 0xFC, 0xE4, 0xCA, 0x03, 0xBF, 0x80, 0xE1, 0x0C, 0xFF, 0x83, 0xF0, 0xF7, 0xF6, 0xF2, 0x02,
    0xB0, 0x85, 0xD9, 0xE3, 0xEE, 0xBE, 0xBB, 0xB9, 0x02, 0xB6, 0x84, 0xBE, 0xBC, 0xC8, 0x7A, 0xB9,
    0x02, 0xB5, 0x81, 0xBE, 0xE1, 0x03, 0xF0, 0x81, 0xC8, 0xC4, 0x02, 0xB4, 0x8B, 0xB3, 0xB7, 0xBE,
    0xA4, 0xAA, 0xB9, 0x76, 0xBD, 0xCC, 0xBF, 0xCE, 0xE1, 0x02, 0xFF, 0x80, 0xF6, 0x03, 0xF0, 0x8A,
    0xFF, 0xED, 0xCA, 0xC8, 0xBB, 0xB9, 0xBC, 0xC4, 0xBB, 0x6A, 0xBB, 0x02, 0xBC, 0x92, 0xCE, 0xF6,
    0xFF, 0xF6, 0xCA, 0xA1, 0xCE, 0xF0, 0xE1, 0xED, 0xC8, 0xBE, 0xBB, 0xBC, 0xC5, 0xC8, 0xF6, 0xCA,
    0xC5, 0x02, 0xBF, 0x89, 0xC5, 0xF0, 0x79, 0xF5, 0xA7, 0xBB, 0xB4, 0xAA, 0xB5, 0xC8, 0x06, 0xFF,
    0x84, 0xF6, 0xED, 0xCE, 0xAA, 0xE1, 0x06, 0xFF, 0x02, 0xF6, 0x8A, 0xDC, 0xD8, 0xF2, 0xBB, 0xD5,
    0x93, 0x78, 0xA9, 0xD2, 0xDB, 0xF7, 0x06, 0xFF, 0x80, 0xF6, 0x03, 0xFF, 0x83, 0xBC, 0xF6, 0xFF,
    0xF6, 0x02, 0xFF, 0x03, 0xF7, 0x87, 0xD8, 0xD6, 0xC6, 0xD9, 0x93, 0x36, 0x20, 0x26, 0x2B, 0x1E,
    0x8C, 0x46, 0x2F, 0x17, 0x2A, 0x48, 0x7D, 0x60, 0x29, 0x23, 0x33, 0x24, 0x1E, 0x1D, 0x02, 0x1E,
    0x80, 0x18, 0x22, 0x1E, 0x81, 0x18, 0x19, 0x02, 0x23, 0x87, 0x64, 0x97, 0xD9, 0xFF, 0xFC, 0xFF,
    0xF6, 0xFE, 0x04, 0xFF, 0x85, 0xE9, 0xA0, 0xF5, 0xF9, 0xFB, 0xF4, 0x09, 0xFF, 0x85, 0xF4, 0xFE,
    0xDF, 0xD3, 0xA9, 0xD3, 0x03, 0xFF, 0x02, 0xFB, 0x80, 0xF6, 0x0C, 0xFF, 0x8A, 0xF6, 0xFF, 0xE4,
    0xDB, 0xFC, 0xE2, 0xC8, 0xBE, 0xBC, 0xBE, 0xE1, 0x0D, 0xFF, 0x87, 0xFC, 0xF6, 0xF1, 0xA9, 0xD1,
    0xD7, 0xE3, 0xE1, 0x02, 0xBE, 0x85, 0xBB, 0xB7, 0xB9, 0xBE, 0xC8, 0xCE, 0x02, 0xBF, 0x83, 0xBB,
    0xBC, 0xCA, 0xF6, 0x03, 0xFF, 0x02, 0xC5, 0x8D, 0xB6, 0xB5, 0xB4, 0xBE, 0xB7, 0x79, 0xBB, 0xCA,
    0x6E, 0xC7, 0xBE, 0xED, 0xF0, 0xF6, 0x03, 0xFF, 0x80, 0xF6, 0x03, 0xFF, 0x89, 0xF6, 0xE1, 0xF0,
    0xCE, 0xBF, 0xCA, 0xC5, 0xB6, 0x6F, 0xB4, 0x02, 0xB9, 0x80, 0xED, 0x03, 0xFF, 0x84, 0xE1, 0x6F,
    0xA3, 0xFF, 0xF6, 0x02, 0xED, 0x87, 0xBE, 0xCE, 0xC8, 0xCA, 0xCE, 0xFF, 0xF0, 0xC8, 0x03, 0xC4,
    0x85, 0xC9, 0xC4, 0xAB, 0xC3, 0xBE, 0xBB, 0x02, 0xBF, 0x80, 0xC8, 0x07, 0xFF, 0x83, 0xF0, 0xFF,
    0xED, 0xB9, 0x02, 0xFF, 0x81, 0xF6, 0xF0, 0x02, 0xFF, 0x8D, 0xF0, 0xF2, 0xDF, 0xD6, 0xEE, 0xBB,
    0xD9, 0xA6, 0x77, 0x6E, 0xB8, 0xC3, 0xD7, 0xDF, 0x09, 0xFF, 0x83, 0xB5, 0xCE, 0xF0, 0xF6, 0x05,
    0xFF, 0x87, 0xDF, 0xE6, 0xF3, 0xDF, 0x74, 0x3B, 0x18, 0x32, 0x2B, 0x1E, 0x89, 0x24, 0x20, 0x17,
    0x2B, 0x61, 0x8A, 0x3F, 0x3A, 0x2D, 0x23, 0x27, 0x1E, 0x87, 0x26, 0x1E, 0x1C, 0x28, 0x50, 0x78,
    0xAD, 0xE9, 0x09, 0xFF, 0x85, 0xDC, 0xAC, 0xF7, 0xF6, 0xFB, 0xF4, 0x09, 0xFF, 0x85, 0xFB, 0xF3,
    0xD9, 0xB1, 0xA9, 0xE9, 0x03, 0xFF, 0x02, 0xFB, 0x0D, 0xFF, 0x86, 0xF6, 0xFF, 0xDB, 0xE5, 0xFF,
    0xCA, 0xC8, 0x02, 0xBF, 0x81, 0xBE, 0xE1, 0x03, 0xFF, 0x80, 0xF6, 0x0A, 0xFF, 0x86, 0xF6, 0xC2,
    0xAF, 0xD8, 0xDB, 0xFC, 0xE1, 0x02, 0xBC, 0x85, 0xBB, 0xB7, 0xB9, 0xBE, 0xC8, 0xB3, 0x02, 0xC5,
    0x81, 0xC4, 0xC5, 0x05, 0xFF, 0x82, 0xC5, 0xC8, 0xBB, 0x02, 0xB5, 0x88, 0xCA, 0xB9, 0x9E, 0xB6,
    0xC7, 0x99, 0xBE, 0xB7, 0xF6, 0x0B, 0xFF, 0x02, 0xF0, 0x85, 0xC8, 0xCE, 0xBE, 0xB9, 0x7C, 0xBA,
    0x02, 0xB7, 0x03, 0xFF, 0x02, 0xED, 0x82, 0x71, 0x6D, 0xCE, 0x03, 0xFF, 0x80, 0xF6, 0x04, 0xE1,
    0x02, 0xF6, 0x02, 0xCA, 0x80, 0xC5, 0x02, 0xCA, 0x87, 0xED, 0x7B, 0xE2, 0xBE, 0xC7, 0xC4, 0xC5,
    0xE1, 0x07, 0xFF, 0x03, 0xF0, 0x99, 0x7A, 0xFF, 0xF0, 0xFF, 0xF0, 0xF6, 0xFF, 0xF6, 0xFF, 0xE6,
    0xD6, 0xF4, 0xCD, 0xBE, 0xA9, 0x68, 0x9C, 0x56, 0xAC, 0xD5, 0xD3, 0xD6, 0xF7, 0xF9, 0xF4, 0xF3,
    0x04, 0xFF, 0x83, 0xBF, 0xBC, 0xE1, 0xF6, 0x07, 0xFF, 0x88, 0xF1, 0xE6, 0x9C, 0x56, 0x2E, 0x27,
    0x1E, 0x1D, 0x18, 0x28, 0x1E, 0x80, 0x25, 0x02, 0x2E, 0x88, 0x54, 0x7D, 0x54, 0x2C, 0x17, 0x30,
    0x25, 0x20, 0x26, 0x26, 0x1E, 0x86, 0x26, 0x2D, 0x17, 0x79, 0x92, 0xAF, 0xFC, 0x04, 0xFF, 0x81,
    0xFC, 0xFF, 0x03, 0xF6, 0x83, 0xD6, 0xC2, 0xF7, 0xF2, 0x02, 0xF4, 0x0A, 0xFF, 0x81, 0xEE, 0xD5,
    0x02, 0xAF, 0x80, 0xF7, 0x14, 0xFF, 0x88, 0xDB, 0xDD, 0xFF, 0xC9, 0xC7, 0xBC, 0xBE, 0xBC, 0xE1,
    0x0D, 0xFF, 0x87, 0xF6, 0xFF, 0xD1, 0xAD, 0xDC, 0xDB, 0xF1, 0xCE, 0x02, 0xBB, 0x89, 0xB9, 0xB7,
    0xB9, 0xBB, 0xED, 0xA4, 0xED, 0xCA, 0xC8, 0xCE, 0x05, 0xFF, 0x8C, 0xC8, 0xCA, 0xBE, 0xB9, 0xB7,
    0xBE, 0x7A, 0xCC, 0xC3, 0xAC, 0xBB, 0xC4, 0xBB, 0x0C, 0xFF, 0x86, 0xF6, 0xF0, 0xCE, 0xE1, 0xBB,
    0xB4, 0xB3, 0x02, 0xB7, 0x81, 0xBF, 0xFE, 0x02, 0xFF, 0x84, 0xED, 0x9D, 0x72, 0x79, 0xCE, 0x03,
    0xFF, 0x81, 0xF6, 0xED, 0x03, 0xF0, 0x8E, 0xF6, 0xFF, 0xE1, 0xDA, 0xC8, 0xCE, 0xC8, 0xED, 0x7A,
    0xBC, 0xC3, 0xDB, 0xDA, 0xCE, 0xED, 0x06, 0xFF, 0x81, 0xF6, 0xF0, 0x02, 0xE1, 0x81, 0x75, 0xF0,
    0x02, 0xFF, 0x95, 0xC5, 0xED, 0xFB, 0xF6, 0xF5, 0xF7, 0xC3, 0xFA, 0xEC, 0xA3, 0xD1, 0x78, 0x7A,
    0x4A, 0xA1, 0xBA, 0xD1, 0xD4, 0xFD, 0xFF, 0xF6, 0xEE, 0x02, 0xF6, 0x02, 0xFF, 0x81, 0xED, 0xA3,
    0x0B, 0xFF, 0x86, 0xD2, 0x56, 0x22, 0x27, 0x1F, 0x1E, 0x1F, 0x28, 0x1E, 0x02, 0x2D, 0x80, 0x2B,
    0x02, 0x61, 0x87, 0x2C, 0x1C, 0x1D, 0x30, 0x20, 0x19, 0x1E, 0x1F, 0x02, 0x1E, 0x80, 0x1F, 0x23,
    0x1E, 0x84, 0x33, 0x4B, 0x7B, 0x94, 0xD3, 0x04, 0xFF, 0x80, 0xFE, 0x02, 0xFF, 0x86, 0xF6, 0xFF,
    0xE7, 0xC1, 0xD8, 0xFF, 0xF9, 0x02, 0xF4, 0x08, 0xFF, 0x86, 0xFB, 0xFF, 0xEE, 0xD3, 0xAD, 0xD1,
    0xF6, 0x04, 0xFF, 0x80, 0xFE, 0x0F, 0xFF, 0x88, 0xDB, 0xDD, 0xFF, 0xC8, 0xC7, 0xBB, 0xB7, 0xBC,
    0xE1, 0x0D, 0xFF, 0x8B, 0xF6, 0xFF, 0xD3, 0xA8, 0xDD, 0xDB, 0xE2, 0xC8, 0xB9, 0xBB, 0xB9, 0xB7,
    0x02, 0xBB, 0x84, 0xBE, 0xCA, 0xFF, 0xE1, 0xF0, 0x03, 0xFF, 0x80, 0xF6, 0x02, 0xFF, 0x8C, 0xC8,
    0xE1, 0xC8, 0xBF, 0xBE, 0xCE, 0x73, 0xBF, 0xBD, 0x72, 0xBF, 0xBE, 0xC8, 0x0D, 0xFF, 0x85, 0xED,
    0xF0, 0xCA, 0xB7, 0xAA, 0xBA, 0x02, 0xB6, 0x81, 0xE4, 0xFE, 0x02, 0xFF, 0x84, 0xF0, 0x7A, 0x6C,
    0x7B, 0xA5, 0x03, 0xFF, 0x02, 0xF6, 0x05, 0xFF, 0x02, 0xF0, 0x02, 0xE1, 0x86, 0xC5, 0xCA, 0xE1,
    0xA4, 0xC3, 0xDA, 0xFC, 0x02, 0xF6, 0x06, 0xFF, 0x80, 0xF6, 0x02, 0xF0, 0x98, 0xED, 0x7A, 0xFF,
    0xC5, 0xFF, 0xC8, 0xF6, 0xF4, 0xFF, 0xE4, 0xF7, 0xD6, 0xFA, 0xF4, 0xB3, 0xD1, 0x92, 0x59, 0x75,
    0x44, 0xBD, 0xD1, 0xD8, 0xD6, 0xE8, 0x02, 0xF8, 0x02, 0xF6, 0x03, 0xFF, 0x81, 0x9F, 0xF6, 0x06,
    0xFF, 0x87, 0xFB, 0xFF, 0xE4, 0xEE, 0xE9, 0x56, 0x47, 0x24, 0x2B, 0x1E, 0x8A, 0x26, 0x17, 0x3F,
    0x61, 0x60, 0x23, 0x1B, 0x1D, 0x30, 0x25, 0x19, 0x22, 0x1E, 0x80, 0x26, 0x04, 0x1E, 0x85, 0x1F,
    0x1C, 0x72, 0x93, 0x97, 0xD3, 0x06, 0xFF, 0x02, 0xF6, 0x85, 0xF5, 0xD8, 0xA9, 0xDF, 0xFF, 0xF2,
    0x02, 0xF4, 0x0A, 0xFF, 0x83, 0xF6, 0xD5, 0xA8, 0xD3, 0x15, 0xFF, 0x88, 0xDA, 0xF1, 0xFF, 0xBF,
    0xC7, 0xBE, 0xB9, 0xBE, 0xED, 0x0D, 0xFF, 0x8B, 0xEE, 0xF8, 0xD9, 0xA8, 0xDF, 0xE5, 0xCC, 0xE1,
    0xC4, 0xBB, 0xB6, 0xB9, 0x02, 0xB7, 0x84, 0xBE, 0xBF, 0xED, 0xF0, 0xF6, 0x04, 0xFF, 0x8E, 0xF6,
    0xFF, 0xE1, 0xCE, 0xC8, 0xC4, 0xC5, 0xB2, 0xE1, 0xDA, 0xBD, 0x77, 0xC5, 0xBF, 0xC5, 0x0E, 0xFF,
    0x83, 0xF0, 0xC4, 0xB6, 0xB3, 0x03, 0xB6, 0x80, 0xFE, 0x04, 0xFF, 0x83, 0x76, 0x6F, 0x5B, 0x79,
    0x0B, 0xFF, 0x80, 0xF0, 0x02, 0xED, 0x02, 0xCE, 0x83, 0xCA, 0x76, 0xBA, 0xC3, 0x0A, 0xFF, 0x9E,
    0xF6, 0xFF, 0xF0, 0xBF, 0xED, 0xB5, 0xFF, 0xB7, 0xF6, 0xCE, 0xED, 0x7C, 0xDA, 0xC3, 0xE0, 0xF4,
    0x9A, 0xD1, 0x92, 0x53, 0xAA, 0x4C, 0x53, 0xD2, 0xD4, 0xD0, 0xDA, 0xDB, 0xF7, 0xFF, 0xF9, 0x03,
    0xFF, 0x80, 0x9B, 0x02, 0xED, 0x08, 0xFF, 0x84, 0xF2, 0xFF, 0x68, 0x56, 0x32, 0x02, 0x1E, 0x82,
    0x27, 0x1E, 0x23, 0x03, 0x1E, 0x80, 0x19, 0x22, 0x1E, 0x8A, 0x24, 0x17, 0x48, 0x7D, 0x54, 0x24,
    0x23, 0x24, 0x1A, 0x24, 0x26, 0x22, 0x1E, 0x80, 0x18, 0x04, 0x1E, 0x85, 0x19, 0x3B, 0xA2, 0xA0,
    0x97, 0xD7, 0x08, 0xFF, 0x85, 0xE7, 0xD8, 0xC1, 0xDB, 0xFF, 0xF2, 0x02, 0xF4, 0x0B, 0xFF, 0x82,
    0xD3, 0xA8, 0xD5, 0x12, 0xFF, 0x80, 0xFE, 0x02, 0xFF, 0x8A, 0xBD, 0xE9, 0xFF, 0xBE, 0xC7, 0xBB,
    0xB7, 0xBB, 0xED, 0xFF, 0xF6, 0x0B, 0xFF, 0x8B, 0xF2, 0xF1, 0xD9, 0xAD, 0xDF, 0xE5, 0xC7, 0xCE,
    0xBF, 0xBB, 0xB6, 0xB9, 0x02, 0xBB, 0x80, 0xBC, 0x03, 0xF6, 0x05, 0xFF, 0x8E, 0xF6, 0xFF, 0xED,
    0xE1, 0xCE, 0xCA, 0xCE, 0x79, 0xF6, 0xED, 0xAC, 0xC7, 0xC4, 0xC5, 0xE1, 0x0D, 0xFF, 0x02, 0xF6,
    0x85, 0xBC, 0xB6, 0xB4, 0xB6, 0xBA, 0xBF, 0x02, 0xFF, 0x88, 0xFE, 0xFF, 0xC8, 0x72, 0x73, 0x50,
    0x79, 0xED, 0xF6, 0x09, 0xFF, 0x83, 0xF6, 0xF0, 0xE1, 0xED, 0x02, 0xBB, 0x82, 0xA3, 0xB6, 0xC3,
    0x0A, 0xFF, 0x80, 0xF6, 0x02, 0xFF, 0x91, 0xF0, 0xC5, 0xBB, 0xFF, 0x7C, 0xFF, 0xCA, 0xF0, 0x76,
    0xF5, 0xDD, 0xCD, 0xEC, 0x7B, 0xD3, 0x94, 0x53, 0x99, 0x02, 0x4E, 0x8D, 0x6E, 0xDA, 0xD6, 0xDC,
    0xD4, 0xD8, 0xF6, 0xF0, 0xFE, 0xFF, 0xF6, 0xA5, 0xFF, 0xF6, 0x07, 0xFF, 0x80, 0xF7, 0x02, 0xF2,
    0x86, 0xA9, 0x56, 0x2E, 0x1E, 0x19, 0x1E, 0x26, 0x27, 0x1E, 0x8C, 0x1C, 0x17, 0x48, 0x7D, 0x48,
    0x2E, 0x32, 0x1A, 0x1F, 0x30, 0x26, 0x18, 0x1D, 0x02, 0x1E, 0x80, 0x1F, 0x21, 0x1E, 0x86, 0x18,
    0x14, 0x7C, 0xA7, 0xA8, 0xAD, 0xDF, 0x08, 0xFF, 0x87, 0xDB, 0xD8, 0xC1, 0xF7, 0xFF, 0xF2, 0xFF,
    0xFB, 0x08, 0xFF, 0x80, 0xF9, 0x02, 0xFF, 0x82, 0xB1, 0xAD, 0xD9, 0x15, 0xFF, 0x88, 0xAB, 0xF7,
    0xFF, 0xB9, 0xC5, 0xBB, 0xB6, 0xB9, 0xF6, 0x02, 0xFF, 0x80, 0xF6, 0x09, 0xFF, 0x8F, 0xFC, 0xF3,
    0xF7, 0xD3, 0xA9, 0xE9, 0xE3, 0xC5, 0xC8, 0xBC, 0xBB, 0xB7, 0xBB, 0xB7, 0xBB, 0xB5, 0x0A, 0xFF,
    0x80, 0xF0, 0x03, 0xED, 0x85, 0xE1, 0xA3, 0xC7, 0xE4, 0x75, 0xC7, 0x02, 0xC8, 0x80, 0xF6, 0x0D,
    0xFF, 0x82, 0xF6, 0xED, 0xBB, 0x02, 0xB6, 0x82, 0xB7, 0xBA, 0xDA, 0x04, 0xFF, 0x85, 0xAA, 0x6F,
    0x76, 0x4C, 0x58, 0x9A, 0x02, 0xF6, 0x08, 0xFF, 0x89, 0xF6, 0xF0, 0xED, 0xF0, 0xBF, 0xBE, 0xB7,
    0xB3, 0xBB, 0xF0, 0x0C, 0xFF, 0x82, 0xF6, 0xA3, 0xE1, 0x02, 0xB2, 0x8A, 0xF6, 0x79, 0xF5, 0x75,
    0xE5, 0xC7, 0xB8, 0xEC, 0x7C, 0xD3, 0x94, 0x02, 0x58, 0x8A, 0x6F, 0x4B, 0x4D, 0x9A, 0xBD, 0xD6,
    0xD8, 0xD4, 0xDD, 0xDC, 0xE5, 0x02, 0xFF, 0x81, 0xB3, 0xED, 0x08, 0xFF, 0x87, 0xFC, 0xF2, 0xF6,
    0xDE, 0x56, 0x4D, 0x1A, 0x19, 0x03, 0x26, 0x26, 0x1E, 0x88, 0x23, 0x17, 0x48, 0x7D, 0x54, 0x2E,
    0x28, 0x20, 0x2D, 0x02, 0x1D, 0x80, 0x23, 0x24, 0x1E, 0x87, 0x25, 0x32, 0x51, 0xB5, 0xA9, 0x97,
    0xD3, 0xE7, 0x06, 0xFF, 0x02, 0xF8, 0x86, 0xF6, 0xD8, 0xD4, 0xFF, 0xFE, 0xFF, 0xFE, 0x09, 0xFF,
    0x86, 0xF4, 0xFF, 0xEE, 0xB1, 0xAD, 0xD7, 0xF2, 0x13, 0xFF, 0x86, 0xFE, 0xAC, 0xE5, 0xF5, 0xB6,
    0xBC, 0xB7, 0x02, 0xB6, 0x03, 0xFF, 0x80, 0xF6, 0x09, 0xFF, 0x8B, 0xE7, 0xF3, 0xFC, 0xD1, 0xB0,
    0xF6, 0xE1, 0xBC, 0xC4, 0xBC, 0xBB, 0xB7, 0x02, 0xBB, 0x83, 0xBE, 0xA1, 0xFF, 0xF6, 0x08, 0xFF,
    0x89, 0xF6, 0xF0, 0xF6, 0xBE, 0x99, 0xCC, 0xFC, 0xDA, 0x79, 0xE2, 0x02, 0xCA, 0x0E, 0xFF, 0x83,
    0xF6, 0xC5, 0xBB, 0xB5, 0x02, 0xBB, 0x81, 0xB7, 0xFC, 0x03, 0xFF, 0x86, 0xF5, 0x76, 0x75, 0x76,
    0x4A, 0x53, 0x79, 0x0A, 0xFF, 0x81, 0xF6, 0xF0, 0x02, 0xF6, 0x85, 0xB6, 0xB9, 0xB4, 0xA4, 0xB6,
    0xF6, 0x0A, 0xFF, 0x80, 0xF6, 0x02, 0xFF, 0x83, 0x5B, 0xFF, 0x75, 0xCE, 0x02, 0x7B, 0x91, 0xE2,
    0x99, 0xE7, 0xC3, 0xF7, 0xE2, 0x99, 0xD3, 0x94, 0x58, 0x4D, 0xAA, 0x4A, 0x4B, 0x50, 0xC3, 0xC7,
    0xF5, 0x02, 0xD8, 0x02, 0xD2, 0x80, 0xE7, 0x02, 0xF6, 0x80, 0xBC, 0x07, 0xFF, 0x89, 0xFB, 0xFA,
    0xFB, 0xF6, 0xFC, 0x78, 0x56, 0x2E, 0x1A, 0x16, 0x02, 0x26, 0x26, 0x1E, 0x8B, 0x24, 0x1D, 0x45,
    0x61, 0x60, 0x2E, 0x28, 0x1B, 0x30, 0x1B, 0x1D, 0x19, 0x24, 0x1E, 0x87, 0x26, 0x37, 0xCA, 0xBE,
    0xA8, 0x92, 0xD3, 0xFB, 0x06, 0xFF, 0x02, 0xF8, 0x82, 0xFF, 0xD2, 0xD8, 0x0D, 0xFF, 0x86, 0xFB,
    0xFF, 0xEE, 0xB1, 0xAD, 0xDE, 0xFB, 0x13, 0xFF, 0x86, 0xDF, 0xD6, 0xE5, 0xDB, 0xB6, 0xB5, 0xB4,
    0x02, 0xB6, 0x0C, 0xFF, 0x92, 0xF6, 0xE5, 0xF9, 0xF7, 0xD1, 0xB0, 0xF6, 0xE1, 0xBC, 0xC4, 0xBC,
    0xBB, 0xB7, 0xBB, 0xBC, 0xC4, 0x72, 0xFF, 0xCE, 0x09, 0xFF, 0x02, 0xF6, 0x8A, 0xF0, 0x7A, 0xE4,
    0xFC, 0xAA, 0xC7, 0xCC, 0xDA, 0xCE, 0xF9, 0xFE, 0x0B, 0xFF, 0x83, 0xF6, 0xFF, 0xBE, 0xBB, 0x02,
    0xB7, 0x81, 0xBF, 0xC4, 0x04, 0xFF, 0x87, 0xF5, 0x58, 0x76, 0x79, 0x4B, 0x50, 0x6F, 0xBC, 0x09,
    0xFF, 0x81, 0xF6, 0xF0, 0x02, 0xFF, 0x85, 0xB4, 0xBC, 0xB3, 0xB5, 0x9A, 0xCE, 0x0C, 0xFF, 0x96,
    0xCE, 0xAA, 0xFF, 0x76, 0xF6, 0x6C, 0xA4, 0xF0, 0xB3, 0xF5, 0x9B, 0xF1, 0xDA, 0xA4, 0xD7, 0x94,
    0x53, 0x4D, 0xB3, 0x42, 0x4E, 0x4D, 0x58, 0x02, 0xDA, 0x87, 0xDC, 0xDB, 0xD8, 0xC2, 0xE7, 0xF6,
    0xED, 0x9F, 0x08, 0xFF, 0x02, 0xFB, 0x86, 0xF6, 0xDB, 0xC2, 0x56, 0x2F, 0x32, 0x20, 0x02, 0x23,
    0x26, 0x1E, 0x8A, 0x32, 0x1D, 0x2B, 0x8A, 0x61, 0x2A, 0x19, 0x17, 0x1D, 0x21, 0x1D, 0x03, 0x1E,
    0x80, 0x1F, 0x20, 0x1E, 0x02, 0x13, 0x86, 0x9A, 0xBF, 0xB1, 0xA8, 0x77, 0xF1, 0xE1, 0x06, 0xFF,
    0x02, 0xF8, 0x82, 0xF7, 0xC1, 0xD8, 0x0F, 0xFF, 0x83, 0xF8, 0xAF, 0xAD, 0xDC, 0x13, 0xFF, 0x84,
    0xFC, 0xF7, 0xC3, 0xE7, 0xFF, 0x02, 0xBB, 0x82, 0xB6, 0xB7, 0xB9, 0x0C, 0xFF, 0x92, 0xF6, 0xE5,
    0xF3, 0xF7, 0xB0, 0xD1, 0xFF, 0xED, 0xBB, 0xBF, 0xB9, 0xBC, 0xB7, 0xBE, 0xB9, 0xBF, 0x7C, 0xFF,
    0xF0, 0x09, 0xFF, 0x03, 0xF0, 0x89, 0xCA, 0xE2, 0xDA, 0x79, 0xFC, 0xC7, 0xE1, 0xF0, 0xFF, 0xFE,
    0x0D, 0xFF, 0x80, 0xBC, 0x02, 0xB9, 0x82, 0xBA, 0xBB, 0xF0, 0x05, 0xFF, 0x82, 0x4D, 0x76, 0x79,
    0x02, 0x4C, 0x81, 0x6C, 0x9A, 0x0D, 0xFF, 0x86, 0xBE, 0xC4, 0xB2, 0xA3, 0x6D, 0xBB, 0xF6, 0x09,
    0xFF, 0xA3, 0xF0, 0xFF, 0xE1, 0xCE, 0xF6, 0xAA, 0xF0, 0x76, 0xED, 0xB5, 0xBA, 0xDB, 0x75, 0xE9,
    0xEF, 0x9E, 0xD7, 0x94, 0x53, 0x4D, 0x7A, 0x51, 0x39, 0x4E, 0x4D, 0x71, 0xFC, 0xE7, 0xFC, 0xDD,
    0xD8, 0xDB, 0xF2, 0xF0, 0xAA, 0xF6, 0x07, 0xFF, 0x02, 0xFB, 0x86, 0xFF, 0xE2, 0xD8, 0x59, 0x4F,
    0x39, 0x27, 0x02, 0x23, 0x26, 0x1E, 0x89, 0x1A, 0x1D, 0x2A, 0x60, 0x61, 0x2C, 0x33, 0x20, 0x30,
    0x26, 0x04, 0x1E, 0x80, 0x1D, 0x1A, 0x1E, 0x80, 0x18, 0x05, 0x1E, 0x89, 0x26, 0x5A, 0xBE, 0xCE,
    0xA8, 0x68, 0xC2, 0xF3, 0xD6, 0xF6, 0x05, 0xFF, 0x02, 0xF8, 0x84, 0xE9, 0xC1, 0xE9, 0xFF, 0xFE,
    0x0D, 0xFF, 0x83, 0xF8, 0xAF, 0xAD, 0xDE, 0x13, 0xFF, 0x89, 0xFC, 0xF7, 0xD6, 0xE5, 0xF5, 0xBB,
    0xB7, 0xB3, 0xB4, 0xB7, 0x0C, 0xFF, 0x89, 0xF0, 0xE5, 0xF3, 0xF7, 0xB0, 0xD1, 0xFF, 0xE4, 0xBB,
    0xBF, 0x03, 0xB9, 0x85, 0xC8, 0xC5, 0xBB, 0xE1, 0xED, 0xF6, 0x09, 0xFF, 0x02, 0xF0, 0x88, 0xE1,
    0xF5, 0xFE, 0xFF, 0x79, 0xE2, 0xCC, 0xED, 0xF6, 0x0E, 0xFF, 0x80, 0xE1, 0x03, 0xBE, 0x83, 0xBF,
    0xC7, 0xFF, 0xF6, 0x02, 0xFF, 0x88, 0xFC, 0xAA, 0x44, 0x79, 0x7A, 0x4E, 0x4B, 0x6B, 0x7A, 0x0D,
    0xFF, 0x86, 0xED, 0xBE, 0xB4, 0xB2, 0xA5, 0xC5, 0xED, 0x09, 0xFF, 0x91, 0xF6, 0xFF, 0xF6, 0xFF,
    0xF0, 0xB2, 0xCE, 0x79, 0xFF, 0x99, 0xF5, 0xC3, 0x9C, 0xC3, 0xCD, 0xA2, 0xDF, 0xA8, 0x02, 0x50,
    0x89, 0x53, 0x6E, 0x26, 0x38, 0x50, 0x4B, 0x99, 0xCC, 0xF2, 0xF5, 0x02, 0xE5, 0x03, 0xFF, 0x80,
    0xC4, 0x07, 0xFF, 0x02, 0xFB, 0x88, 0xFF, 0xDC, 0xDA, 0x9C, 0x58, 0x14, 0x27, 0x1E, 0x23, 0x26,
    0x1E, 0x8A, 0x28, 0x1D, 0x2E, 0x54, 0x7D, 0x46, 0x33, 0x25, 0x30, 0x1D, 0x19, 0x1D, 0x1E, 0x80,
    0x26, 0x03, 0x1E, 0x02, 0x26, 0x89, 0x31, 0x4E, 0xBF, 0xE1, 0xD6, 0x93, 0x77, 0xD7, 0xFE, 0xD4,
    0x07, 0xFF, 0x83, 0xF6, 0xE9, 0xC1, 0xF7, 0x0D, 0xFF, 0x86, 0xF6, 0xF2, 0xF8, 0xAF, 0xAD, 0xE9,
    0xFB, 0x13, 0xFF, 0x88, 0xF7, 0xC7, 0xE5, 0xE4, 0xBC, 0xB6, 0xB3, 0xB4, 0xBC, 0x0C, 0xFF, 0x8D,
    0xF0, 0xE8, 0xF6, 0xF7, 0xB0, 0xD1, 0xFF, 0xF0, 0xBE, 0xBF, 0xBB, 0xB9, 0xBC, 0xCA, 0x02, 0xC4,
    0x02, 0xF6, 0x80, 0xED, 0x09, 0xFF, 0x8A, 0xF6, 0xF0, 0xDA, 0xFE, 0xF5, 0xB7, 0xFF, 0xF5, 0xED,
    0xF6, 0xF9, 0x0E, 0xFF, 0x85, 0xC8, 0xBF, 0xC4, 0xBF, 0xC7, 0xE2, 0x04, 0xFF, 0x89, 0xDB, 0x7A,
    0x43, 0x7A, 0x7C, 0x50, 0x4B, 0x6C, 0x76, 0xB3, 0x08, 0xFF, 0x80, 0xF6, 0x04, 0xFF, 0x85, 0xBC,
    0xB6, 0xC8, 0xB4, 0x7C, 0xED, 0x0D, 0xFF, 0x99, 0xAB, 0xC8, 0x9D, 0xAB, 0xF2, 0x73, 0xFF, 0xC7,
    0xD6, 0xF7, 0xCD, 0xA1, 0xDB, 0x93, 0x50, 0x4E, 0x43, 0x9A, 0x32, 0x35, 0x3B, 0x50, 0x4A, 0xBF,
    0xEB, 0xFF, 0x02, 0xFC, 0x83, 0xF6, 0xED, 0xFF, 0x9A, 0x07, 0xFF, 0x80, 0xFC, 0x04, 0xFF, 0x85,
    0xD9, 0x77, 0x22, 0x24, 0x20, 0x26, 0x05, 0x1E, 0x80, 0x23, 0x20, 0x1E, 0x8E, 0x21, 0x2D, 0x32,
    0x46, 0x7D, 0x60, 0x32, 0x1D, 0x30, 0x17, 0x16, 0x1E, 0x18, 0x1E, 0x19, 0x16, 0x1E, 0x80, 0x26,
    0x06, 0x1E, 0x8B, 0x18, 0x1E, 0x50, 0xFF, 0xF1, 0xE6, 0x59, 0x6E, 0xA7, 0xD7, 0xD2, 0xE9, 0x04,
    0xFF, 0x02, 0xF6, 0x81, 0xFF, 0xDF, 0x02, 0xD7, 0x04, 0xFF, 0x80, 0xF9, 0x09, 0xFF, 0x86, 0xF6,
    0xE4, 0xE2, 0xAF, 0xAD, 0xDF, 0xF4, 0x0F, 0xFF, 0x02, 0xF6, 0x02, 0xFF, 0x85, 0xF5, 0xDA, 0xFC,
    0xDA, 0xC7, 0xB6, 0x02, 0xB3, 0x80, 0xBE, 0x0C, 0xFF, 0x8F, 0xF0, 0xE7, 0xFF, 0xDF, 0xA9, 0xD3,
    0xF6, 0xF0, 0xBE, 0xBF, 0xBC, 0xBB, 0xBE, 0xE1, 0xC8, 0xED, 0x0D, 0xFF, 0x85, 0xE4, 0xE5, 0xDB,
    0xED, 0x7C, 0xF6, 0x02, 0xF0, 0x80, 0xF6, 0x0C, 0xFF, 0x87, 0xFE, 0xF6, 0xF0, 0xC8, 0xBE, 0xC4,
    0xC3, 0xBF, 0x05, 0xFF, 0x8A, 0xDF, 0x59, 0x44, 0x7C, 0x99, 0x51, 0x4B, 0x6F, 0x71, 0x6F, 0xF6,
    0x04, 0xFF, 0x80, 0xF6, 0x07, 0xFF, 0x86, 0xBC, 0xC5, 0xBF, 0xC4, 0xB5, 0xE1, 0xF6, 0x0A, 0xFF,
    0x9B, 0xF6, 0xFF, 0x7C, 0xFF, 0x79, 0xCA, 0xF0, 0x79, 0xFF, 0xA1, 0xDB, 0xFF, 0xDA, 0x79, 0xE4,
    0x58, 0x50, 0x4E, 0x39, 0xA2, 0x1E, 0x18, 0x1E, 0x3B, 0x51, 0x4E, 0xBE, 0xED, 0x02, 0xF0, 0x81,
    0xED, 0xFF, 0x04, 0xF0, 0x0A, 0xFF, 0x85, 0xF7, 0xA6, 0x47, 0x24, 0x16, 0x26, 0x26, 0x1E, 0x83,
    0x30, 0x24, 0x17, 0x2C, 0x02, 0x61, 0x80, 0x29, 0x02, 0x16, 0x02, 0x26, 0x83, 0x19, 0x1E, 0x18,
    0x26, 0x14, 0x1E, 0x80, 0x18, 0x07, 0x1E, 0x8C, 0x26, 0x35, 0x51, 0xE4, 0xF0, 0xFF, 0x53, 0x4F,
    0x53, 0xD7, 0xD8, 0xD6, 0xF7, 0x03, 0xFF, 0x86, 0xF6, 0xF0, 0xF6, 0xFE, 0xDE, 0xD2, 0xDC, 0x0E,
    0xFF, 0x86, 0xF0, 0xCA, 0xC6, 0xAF, 0xAD, 0xDF, 0xFA, 0x0F, 0xFF, 0x02, 0xF6, 0x02, 0xFF, 0x82,
    0xF5, 0xDA, 0xF5, 0x02, 0xC7, 0x83, 0xB4, 0xB3, 0xB2, 0xBE, 0x0C, 0xFF, 0x89, 0xF0, 0xE7, 0xFC,
    0xE8, 0xA9, 0xD3, 0xF6, 0xF0, 0xBC, 0xC4, 0x02, 0xBC, 0x83, 0xBE, 0xED, 0xE1, 0xCE, 0x0D, 0xFF,
    0x88, 0xE4, 0xE7, 0xC7, 0xF6, 0x9A, 0xFF, 0xF6, 0xF0, 0xF6, 0x0E, 0xFF, 0x81, 0xE1, 0xC8, 0x03,
    0xC7, 0x80, 0xF5, 0x04, 0xFF, 0x83, 0xFC, 0xD8, 0x52, 0x44, 0x02, 0x99, 0x84, 0x53, 0x4B, 0x72,
    0x76, 0x53, 0x0C, 0xFF, 0x87, 0xF6, 0xC4, 0xE1, 0xBF, 0xC4, 0xBE, 0xBF, 0xF0, 0x0A, 0xFF, 0x02,
    0xF6, 0x96, 0x71, 0xF6, 0x79, 0xE1, 0xED, 0xC4, 0xFF, 0x6E, 0xBD, 0xF9, 0xF6, 0x7A, 0xF0, 0x53,
    0x50, 0x4E, 0x43, 0xA2, 0x1E, 0x26, 0x18, 0x35, 0x37, 0x02, 0x51, 0x87, 0xC8, 0xED, 0xFF, 0xED,
    0xE1, 0xFF, 0xED, 0xA2, 0x09, 0xFF, 0x87, 0xF4, 0xFF, 0xE3, 0xD1, 0x58, 0x33, 0x19, 0x26, 0x04,
    0x1E, 0x81, 0x18, 0x26, 0x20, 0x1E, 0x8A, 0x30, 0x24, 0x17, 0x2E, 0x60, 0x61, 0x45, 0x18, 0x28,
    0x2D, 0x26, 0x02, 0x1E, 0x82, 0x23, 0x1E, 0x1D, 0x19, 0x1E, 0x02, 0x26, 0x8E, 0x14, 0x59, 0xF0,
    0xE4, 0xF0, 0x59, 0x39, 0x2E, 0x67, 0xD4, 0xD6, 0xDA, 0xE9, 0xFF, 0xF9, 0x02, 0xFF, 0x02, 0xF0,
    0x84, 0xFF, 0xE6, 0xC1, 0xE9, 0xF5, 0x0D, 0xFF, 0x87, 0xCE, 0xC5, 0xC6, 0xAF, 0xAD, 0xDF, 0xF4,
    0xFE, 0x0E, 0xFF, 0x02, 0xF6, 0x02, 0xFF, 0x82, 0xF0, 0xE2, 0xF9, 0x02, 0xBF, 0x80, 0xB6, 0x02,
    0xAB, 0x80, 0xC5, 0x0C, 0xFF, 0x8F, 0xF0, 0xE7, 0xF6, 0xE9, 0xA9, 0xD3, 0xFF, 0xF6, 0xBF, 0xC5,
    0xBC, 0xC5, 0xC8, 0xF0, 0xE1, 0xC5, 0x0D, 0xFF, 0x82, 0xFC, 0xE7, 0xDA, 0x14, 0xFF, 0x02, 0xCA,
    0x82, 0xCC, 0xDA, 0xC3, 0x04, 0xFF, 0x8D, 0xFB, 0xFF, 0xB0, 0x47, 0x4C, 0x9A, 0x99, 0x58, 0x4E,
    0x76, 0x73, 0x4A, 0x9D, 0xED, 0x0B, 0xFF, 0x87, 0xE1, 0xCA, 0xBF, 0xC4, 0xC5, 0xC8, 0xFF, 0xF6,
    0x09, 0xFF, 0x86, 0xE1, 0xF6, 0x6B, 0xF0, 0xB6, 0xFF, 0xF6, 0x02, 0xFF, 0x85, 0x9B, 0xC7, 0xE2,
    0xCA, 0xA2, 0xB7, 0x02, 0x51, 0x83, 0x4C, 0x4E, 0x79, 0x18, 0x02, 0x1E, 0x82, 0x32, 0x31, 0x38,
    0x02, 0x51, 0x81, 0xED, 0xE1, 0x02, 0xED, 0x82, 0xF0, 0xF6, 0xBB, 0x08, 0xFF, 0x8A, 0xFE, 0xF0,
    0xF6, 0xFF, 0xD9, 0x68, 0x33, 0x18, 0x26, 0x1E, 0x18, 0x24, 0x1E, 0x8A, 0x17, 0x2E, 0x17, 0x32,
    0x48, 0x61, 0x54, 0x2A, 0x32, 0x30, 0x1D, 0x02, 0x1E, 0x80, 0x19, 0x1B, 0x1E, 0x8D, 0x32, 0x13,
    0x7A, 0xCE, 0xF9, 0xF6, 0x53, 0x27, 0x33, 0x3C, 0xDB, 0xDE, 0xBF, 0xF1, 0x05, 0xFF, 0x85, 0xF0,
    0xED, 0xFF, 0xDE, 0xC2, 0xE9, 0x0E, 0xFF, 0x87, 0xCE, 0xBF, 0xC6, 0xAF, 0xAD, 0xDC, 0xF4, 0xF6,
    0x0E, 0xFF, 0x02, 0xF6, 0x02, 0xFF, 0x85, 0xF5, 0xDA, 0xF6, 0xBB, 0xBF, 0xB6, 0x02, 0xB3, 0x80,
    0xC8, 0x0C, 0xFF, 0x8A, 0xF0, 0xE7, 0xF6, 0xE9, 0xA9, 0xD3, 0xFF, 0xF6, 0xBF, 0xC8, 0xC4, 0x02,
    0xC8, 0x02, 0xF6, 0x80, 0xBE, 0x0D, 0xFF, 0x83, 0xFC, 0xE7, 0xDA, 0xC4, 0x12, 0xFF, 0x80, 0xF2,
    0x02, 0xCE, 0x82, 0xDA, 0xC7, 0xDA, 0x05, 0xFF, 0x8C, 0xE3, 0x7B, 0x47, 0x4D, 0x9D, 0x9A, 0x59,
    0x51, 0x72, 0x79, 0x4C, 0x58, 0xED, 0x0B, 0xFF, 0x81, 0xF6, 0xCA, 0x02, 0xC8, 0x82, 0xCA, 0xC5,
    0xED, 0x0C, 0xFF, 0x82, 0x6C, 0xF0, 0xFF, 0x02, 0xF6, 0x8C, 0xFF, 0xCE, 0xF5, 0xC7, 0xF6, 0xB2,
    0xE2, 0x7A, 0x51, 0x50, 0x42, 0x79, 0x58, 0x03, 0x1E, 0x85, 0x26, 0x32, 0x26, 0x18, 0x53, 0x51,
    0x02, 0xED, 0x84, 0xF0, 0xF6, 0xFF, 0xF0, 0xAB, 0x07, 0xFF, 0x8A, 0xF9, 0xFF, 0xF6, 0xF3, 0xDF,
    0x93, 0x34, 0x18, 0x14, 0x1E, 0x23, 0x24, 0x1E, 0x84, 0x17, 0x2E, 0x25, 0x16, 0x29, 0x02, 0x61,
    0x87, 0x29, 0x23, 0x26, 0x1D, 0x27, 0x28, 0x19, 0x23, 0x1A, 0x1E, 0x8A, 0x36, 0xBE, 0xF0, 0xCE,
    0xF6, 0x4D, 0x36, 0x1F, 0x1C, 0x74, 0xDF, 0x02, 0xD6, 0x81, 0xF1, 0xF6, 0x04, 0xFF, 0x85, 0xED,
    0xE1, 0xFF, 0xD7, 0xD2, 0xE9, 0x0E, 0xFF, 0x86, 0xCA, 0xBB, 0xBE, 0xAF, 0xAD, 0xD7, 0xEF, 0x0F,
    0xFF, 0x80, 0xFC, 0x03, 0xFF, 0x88, 0xF5, 0xDA, 0xFF, 0xB6, 0xBF, 0xB6, 0xB3, 0xB5, 0xCA, 0x0C,
    0xFF, 0x88, 0xF0, 0xE7, 0xF6, 0xFD, 0xA9, 0xD3, 0xFF, 0xF6, 0xBF, 0x04, 0xCA, 0x82, 0xFF, 0xF6,
    0xC8, 0x0D, 0xFF, 0x84, 0xFC, 0xE7, 0xDA, 0xE1, 0xF6, 0x02, 0xFF, 0x80, 0xF6, 0x0E, 0xFF, 0x85,
    0xE1, 0xED, 0xE1, 0xE2, 0xC3, 0xE7, 0x05, 0xFF, 0x81, 0xE9, 0x64, 0x02, 0x4E, 0x85, 0x9D, 0x9C,
    0x6C, 0x53, 0x76, 0x7A, 0x02, 0x44, 0x80, 0x7A, 0x0C, 0xFF, 0x04, 0xCE, 0x81, 0xED, 0xE1, 0x04,
    0xFF, 0x80, 0xF6, 0x02, 0xFF, 0x80, 0xF6, 0x04, 0xFF, 0x8C, 0x75, 0xFF, 0xF6, 0xFF, 0xF6, 0xFF,
    0xC8, 0xFC, 0xBA, 0xFC, 0xB6, 0xC7, 0x59, 0x02, 0x51, 0x83, 0x11, 0xED, 0x3B, 0x32, 0x02, 0x1E,
    0x86, 0x18, 0x26, 0x32, 0x26, 0x37, 0x51, 0x53, 0x02, 0xF6, 0x03, 0xFF, 0x80, 0xB7, 0x09, 0xFF,
    0x86, 0xF0, 0xEE, 0xDB, 0xB1, 0x56, 0x33, 0x32, 0x26, 0x1E, 0x8F, 0x40, 0x33, 0x1B, 0x26, 0x2E,
    0x48, 0x61, 0x60, 0x1C, 0x20, 0x2E, 0x27, 0x17, 0x24, 0x26, 0x19, 0x14, 0x1E, 0x8A, 0x26, 0x1E,
    0x18, 0x38, 0x50, 0xF2, 0xCA, 0xED, 0xAB, 0x3B, 0x33, 0x02, 0x1C, 0x80, 0x4E, 0x02, 0xF7, 0x83,
    0xD2, 0xDE, 0xE5, 0xF3, 0x04, 0xFF, 0x86, 0xB3, 0xE1, 0xE9, 0xD1, 0xD8, 0xFF, 0xF6, 0x03, 0xFF,
    0x80, 0xF9, 0x09, 0xFF, 0x82, 0xC5, 0xB7, 0xB8, 0x02, 0xAD, 0x81, 0xD6, 0xF8, 0x0F, 0xFF, 0x81,
    0xFC, 0xFF, 0x02, 0xF6, 0x88, 0xDC, 0xDB, 0xFC, 0xB6, 0xBB, 0xB6, 0xB4, 0xB2, 0xED, 0x0C, 0xFF,
    0x8F, 0xF0, 0xE7, 0xF6, 0xDF, 0xA9, 0xD5, 0xFF, 0xF6, 0xED, 0xCE, 0xCA, 0xC8, 0xE1, 0xF6, 0xF0,
    0x7C, 0x0D, 0xFF, 0x83, 0xFE, 0xDA, 0xE5, 0xF0, 0x12, 0xFF, 0x88, 0xF0, 0xE2, 0xE4, 0xCC, 0xE2,
    0xFC, 0xF7, 0xFF, 0xF6, 0x02, 0xF2, 0x81, 0xD5, 0x53, 0x02, 0x4E, 0x85, 0x99, 0x9D, 0x76, 0x6C,
    0x79, 0x75, 0x02, 0x4C, 0x81, 0x58, 0xCE, 0x0B, 0xFF, 0x85, 0xED, 0xF6, 0xCE, 0xE1, 0xED, 0xBF,
    0x0A, 0xFF, 0x82, 0xED, 0xFF, 0x79, 0x03, 0xFF, 0x81, 0xF6, 0xFF, 0x02, 0xF0, 0x84, 0xCA, 0xFF,
    0x79, 0x99, 0x51, 0x02, 0x50, 0x83, 0x3D, 0xCE, 0x14, 0x18, 0x05, 0x1E, 0x86, 0x18, 0x14, 0x4A,
    0x51, 0x76, 0xFF, 0xED, 0x02, 0xFF, 0x82, 0xC8, 0xB2, 0xF0, 0x04, 0xFF, 0x89, 0xF8, 0xF0, 0xFF,
    0xCA, 0xEB, 0xF1, 0xD9, 0x67, 0x2A, 0x1A, 0x26, 0x1E, 0x85, 0x54, 0x2A, 0x17, 0x1D, 0x27, 0x2A,
    0x02, 0x61, 0x81, 0x3F, 0x27, 0x03, 0x30, 0x82, 0x2D, 0x28, 0x21, 0x15, 0x1E, 0x83, 0x18, 0x14,
    0x59, 0xF2, 0x02, 0xFF, 0x8B, 0x7A, 0x0C, 0x38, 0x32, 0x23, 0x33, 0xA7, 0xC3, 0xDE, 0xD2, 0xE9,
    0xFE, 0x02, 0xF6, 0x87, 0xFF, 0xF9, 0xED, 0x9A, 0xF0, 0xE9, 0xC1, 0xDF, 0x02, 0xF6, 0x0D, 0xFF,
    0x82, 0xBE, 0xB6, 0xB8, 0x02, 0xAD, 0x81, 0xE2, 0xF3, 0x0B, 0xFF, 0x80, 0xF9, 0x03, 0xFF, 0x81,
    0xFC, 0xFF, 0x02, 0xF6, 0x82, 0xDD, 0xD6, 0xFE, 0x03, 0xB6, 0x81, 0xB3, 0xB5, 0x0C, 0xFF, 0x8D,
    0xF6, 0xE1, 0xFC, 0xEB, 0xDC, 0xA9, 0xD5, 0xFF, 0xF6, 0xCE, 0xE1, 0xCE, 0xCA, 0xED, 0x02, 0xFF,
    0x80, 0x7A, 0x0D, 0xFF, 0x82, 0xFE, 0xDA, 0xE5, 0x06, 0xFF, 0x80, 0xF6, 0x0C, 0xFF, 0x91, 0xF0,
    0xFC, 0xE4, 0xBF, 0xFC, 0xFF, 0xF7, 0xFF, 0xF6, 0xF2, 0xFC, 0xAC, 0x4F, 0x4E, 0x50, 0x7A, 0x9A,
    0x7A, 0x02, 0x79, 0x84, 0x59, 0x4C, 0x4A, 0x4C, 0xAB, 0x07, 0xFF, 0x80, 0xF6, 0x04, 0xFF, 0x84,
    0xF6, 0xF0, 0xF6, 0xF0, 0xAB, 0x0B, 0xFF, 0x81, 0xE1, 0x76, 0x03, 0xFF, 0x02, 0xF6, 0x02, 0xFF,
    0x89, 0xED, 0xE1, 0x9A, 0x72, 0x50, 0x51, 0x50, 0x99, 0x53, 0x35, 0x02, 0x26, 0x04, 0x1E, 0x02,
    0x18, 0x84, 0x3D, 0x42, 0x51, 0xFF, 0xED, 0x03, 0xFF, 0x81, 0xA5, 0xE1, 0x04, 0xFF, 0x89, 0xFC,
    0xF0, 0xF6, 0xF0, 0xED, 0xFF, 0xD5, 0x77, 0x4F, 0x1A, 0x26, 0x1E, 0x86, 0x61, 0x46, 0x33, 0x14,
    0x27, 0x17, 0x48, 0x02, 0x61, 0x86, 0x2B, 0x1A, 0x15, 0x21, 0x2D, 0x24, 0x27, 0x12, 0x1E, 0x02,
    0x18, 0x82, 0x1E, 0x11, 0x9F, 0x03, 0xFF, 0x83, 0x58, 0x35, 0x26, 0x18, 0x02, 0x14, 0x87, 0x59,
    0xF7, 0xDB, 0xD4, 0xD7, 0xFC, 0xFF, 0xF8, 0x02, 0xFF, 0x8A, 0xF6, 0xE1, 0x79, 0xFF, 0xE9, 0xC1,
    0xF7, 0xF6, 0xFC, 0xFF, 0xF6, 0x0B, 0xFF, 0x86, 0xBE, 0xB6, 0xAC, 0xAD, 0xA8, 0xDD, 0xEE, 0x0B,
    0xFF, 0x80, 0xF9, 0x03, 0xFF, 0x81, 0xFE, 0xFF, 0x02, 0xF6, 0x87, 0xDD, 0xDB, 0xFE, 0xBC, 0xB7,
    0xB4, 0xB6, 0xB7, 0x0C, 0xFF, 0x8C, 0xF0, 0xCA, 0xBC, 0xF6, 0xDE, 0xA9, 0xD7, 0xFF, 0xF0, 0xED,
    0xF0, 0xED, 0xCA, 0x02, 0xFF, 0x81, 0xF0, 0x7A, 0x0D, 0xFF, 0x82, 0xFC, 0xC7, 0xDB, 0x07, 0xFF,
    0x80, 0xF6, 0x0A, 0xFF, 0x02, 0xF6, 0x84, 0xE4, 0xF5, 0xE2, 0xFE, 0xF6, 0x02, 0xFF, 0x02, 0xF6,
    0x87, 0xDF, 0x7B, 0x4F, 0x4E, 0x50, 0x73, 0x9A, 0x7C, 0x02, 0x79, 0x81, 0x4E, 0x36, 0x02, 0x4E,
    0x82, 0x58, 0xFF, 0xF6, 0x0A, 0xFF, 0x02, 0xF0, 0x02, 0xF6, 0x85, 0xCA, 0xC5, 0xF0, 0xED, 0xFF,
    0xF6, 0x04, 0xFF, 0x80, 0xF6, 0x02, 0xFF, 0x80, 0x72, 0x02, 0xFF, 0x80, 0xF6, 0x03, 0xFF, 0x84,
    0xF0, 0xFF, 0x9B, 0x9A, 0x53, 0x02, 0x51, 0x81, 0x4E, 0xF0, 0x07, 0x1E, 0x80, 0x26, 0x02, 0x1E,
    0x83, 0x35, 0x3D, 0x4B, 0x6C, 0x02, 0xC8, 0x02, 0xFF, 0x95, 0xF0, 0xB5, 0xC5, 0xF6, 0xED, 0xF0,
    0xF6, 0xFC, 0xED, 0xE4, 0xCC, 0xF6, 0xB8, 0x94, 0x57, 0x11, 0x25, 0x31, 0x1E, 0x23, 0x18, 0x19,
    0x20, 0x1E, 0x02, 0x60, 0x85, 0x2B, 0x2E, 0x1D, 0x23, 0x29, 0x55, 0x02, 0x61, 0x85, 0x2B, 0x2E,
    0x35, 0x30, 0x24, 0x1A, 0x05, 0x1E, 0x80, 0x18, 0x07, 0x1E, 0x81, 0x26, 0x18, 0x02, 0x1E, 0x8E,
    0x26, 0x13, 0x18, 0x35, 0xA4, 0xC5, 0xCE, 0xE0, 0x50, 0x20, 0x35, 0x1F, 0x1E, 0x33, 0x4D, 0x02,
    0xF7, 0x8D, 0xE9, 0xC1, 0xDF, 0xF1, 0xE3, 0xB9, 0xFF, 0xFE, 0xED, 0xF0, 0x76, 0xE9, 0xDB, 0xD6,
    0x0F, 0xFF, 0x87, 0xF0, 0xBB, 0xB4, 0xAC, 0xAD, 0xA8, 0xDC, 0xEE, 0x0F, 0xFF, 0x81, 0xFC, 0xFF,
    0x02, 0xF6, 0x87, 0xDD, 0xDB, 0xF5, 0xBF, 0xB7, 0xB4, 0xB5, 0xBC, 0x06, 0xFF, 0x80, 0xF6, 0x05,
    0xFF, 0x8C, 0xF9, 0xE1, 0xBD, 0xF4, 0xDF, 0xA9, 0xD5, 0xFF, 0xF0, 0xEB, 0xF0, 0xF6, 0xED, 0x02,
    0xFF, 0x81, 0xF6, 0xA2, 0x0D, 0xFF, 0x82, 0xFC, 0xDA, 0xFC, 0x12, 0xFF, 0x85, 0xF6, 0xFF, 0xF5,
    0xE2, 0xF5, 0xFE, 0x02, 0xFF, 0x88, 0xF9, 0xFF, 0xE8, 0xDE, 0x67, 0x4E, 0x50, 0x51, 0x70, 0x02,
    0x99, 0x02, 0x7A, 0x85, 0x36, 0x14, 0x4E, 0x4C, 0x4D, 0xA1, 0x0C, 0xFF, 0x02, 0xF6, 0x02, 0xFF,
    0x84, 0xB3, 0xF0, 0xF6, 0xFF, 0xF6, 0x04, 0xFF, 0x02, 0xF6, 0x81, 0xCA, 0xAA, 0x06, 0xFF, 0x83,
    0xF0, 0xFF, 0x76, 0x6F, 0x03, 0x51, 0x81, 0x9F, 0x53, 0x0B, 0x1E, 0x83, 0x42, 0x3D, 0x42, 0xC4,
    0x03, 0xFF, 0x85, 0xF0, 0xED, 0x7A, 0xF6, 0xFF, 0xF0, 0x02, 0xFF, 0x89, 0xBF, 0xF9, 0xBD, 0xE3,
    0x79, 0xD1, 0x57, 0x40, 0x26, 0x18, 0x03, 0x1E, 0x80, 0x19, 0x20, 0x1E, 0x88, 0x48, 0x60, 0x55,
    0x2A, 0x30, 0x2A, 0x17, 0x2A, 0x54, 0x02, 0x61, 0x87, 0x45, 0x2F, 0x21, 0x28, 0x27, 0x26, 0x30,
    0x26, 0x02, 0x20, 0x82, 0x26, 0x1F, 0x19, 0x02, 0x26, 0x04, 0x1E, 0x99, 0x18, 0x1D, 0x18, 0x1E,
    0x26, 0x43, 0xB9, 0xCA, 0xF6, 0xC8, 0x37, 0x1E, 0x31, 0x26, 0x1E, 0x23, 0x37, 0xB8, 0xD0, 0xF7,
    0xDB, 0xB0, 0xDF, 0xFF, 0xF6, 0xC3, 0x02, 0xFF, 0x85, 0xCE, 0xF0, 0x79, 0xD8, 0xC1, 0xE7, 0x0E,
    0xFF, 0x88, 0xF0, 0xED, 0xB9, 0xB4, 0xAC, 0xAD, 0xA8, 0xE7, 0xF3, 0x0F, 0xFF, 0x81, 0xFC, 0xFF,
    0x02, 0xF6, 0x81, 0xDD, 0xDB, 0x02, 0xC7, 0x80, 0xB7, 0x02, 0xB4, 0x80, 0xBE, 0x0D, 0xFF, 0x88,
    0xF6, 0xBD, 0xF2, 0xDF, 0xA9, 0xD5, 0xFF, 0xF6, 0xED, 0x03, 0xF6, 0x02, 0xFF, 0x81, 0xF6, 0x7A,
    0x0B, 0xFF, 0x84, 0xF9, 0xFF, 0xFC, 0xDA, 0xFC, 0x12, 0xFF, 0x84, 0xF6, 0xFF, 0xFC, 0xC7, 0xFC,
    0x05, 0xFF, 0x82, 0xF7, 0xD5, 0x53, 0x02, 0x50, 0x88, 0x51, 0x6C, 0x9A, 0x7C, 0x7A, 0x76, 0x18,
    0x35, 0x3D, 0x02, 0x4E, 0x81, 0x6A, 0xC8, 0x0E, 0xFF, 0x83, 0xF0, 0x7B, 0xE1, 0xF6, 0x06, 0xFF,
    0x83, 0xF6, 0xFF, 0xF6, 0xB2, 0x02, 0xFF, 0x02, 0xF6, 0x02, 0xFF, 0x02, 0xF0, 0x80, 0x99, 0x03,
    0x51, 0x82, 0x6A, 0xA1, 0x14, 0x0B, 0x1E, 0x84, 0x3D, 0x3B, 0x4A, 0x53, 0xC8, 0x02, 0xFF, 0x02,
    0xF0, 0x8E, 0xCA, 0xB5, 0xCA, 0xC8, 0xED, 0xFF, 0xBE, 0xF6, 0xA3, 0xF8, 0x79, 0xD3, 0x5A, 0x56,
    0x18, 0x02, 0x1E, 0x81, 0x1F, 0x26, 0x21, 0x1E, 0x89, 0x2A, 0x54, 0x60, 0x54, 0x2E, 0x1B, 0x33,
    0x14, 0x2A, 0x54, 0x02, 0x61, 0x86, 0x54, 0x2C, 0x33, 0x1A, 0x14, 0x2D, 0x23, 0x02, 0x17, 0x93,
    0x1A, 0x24, 0x1F, 0x23, 0x26, 0x1E, 0x1F, 0x1E, 0x19, 0x1E, 0x35, 0x1E, 0x38, 0x50, 0xC8, 0xF0,
    0xED, 0x9A, 0x14, 0x1F, 0x02, 0x1E, 0x94, 0x31, 0x14, 0x33, 0x6B, 0xD0, 0xEB, 0xF7, 0xD1, 0xCC,
    0xFF, 0xF0, 0xB9, 0xCE, 0xF7, 0xF6, 0xA5, 0xF5, 0xB2, 0xD9, 0xB0, 0xDF, 0x02, 0xF8, 0x0C, 0xFF,
    0x02, 0xE1, 0x82, 0xB9, 0xB5, 0xAC, 0x02, 0xAD, 0x82, 0xF1, 0xF4, 0xF9, 0x0E, 0xFF, 0x81, 0xFC,
    0xFF, 0x02, 0xF6, 0x83, 0xE5, 0xC7, 0xCA, 0xC4, 0x02, 0xB5, 0x81, 0xB6, 0xCE, 0x0C, 0xFF, 0x89,
    0xE7, 0xDD, 0xED, 0xFE, 0xF7, 0xB0, 0xB1, 0xE9, 0xDA, 0xFF, 0x02, 0xF6, 0x04, 0xFF, 0x80, 0xA3,
    0x0A, 0xFF, 0x82, 0xFE, 0xF6, 0xFC, 0x02, 0xDB, 0x80, 0xFE, 0x12, 0xFF, 0x02, 0xF7, 0x82, 0xED,
    0xF6, 0xED, 0x02, 0xFF, 0x84, 0xFC, 0xFF, 0xF8, 0xE9, 0xA9, 0x03, 0x50, 0x8E, 0x51, 0x71, 0x99,
    0x9A, 0x7A, 0x53, 0x32, 0x26, 0x31, 0x4E, 0x4D, 0x4E, 0x9E, 0xCA, 0xF6, 0x0A, 0xFF, 0x84, 0xF6,
    0xFF, 0xF0, 0xA4, 0xCE, 0x07, 0xFF, 0x83, 0xF6, 0xFF, 0xED, 0xE1, 0x05, 0xFF, 0x83, 0xED, 0xF6,
    0x79, 0x59, 0x02, 0x51, 0x83, 0x53, 0xED, 0x38, 0x31, 0x0A, 0x1E, 0x87, 0x31, 0x35, 0x3D, 0x44,
    0x42, 0xC4, 0xFF, 0xF0, 0x02, 0xFF, 0x82, 0xF6, 0x7A, 0xCA, 0x02, 0xBC, 0x8E, 0xFF, 0xF0, 0xF6,
    0x9B, 0xE4, 0x7B, 0xC3, 0x77, 0x92, 0x2A, 0x1A, 0x20, 0x31, 0x23, 0x1A, 0x20, 0x1E, 0x81, 0x24,
    0x29, 0x02, 0x60, 0x86, 0x55, 0x2A, 0x20, 0x17, 0x1D, 0x2F, 0x48, 0x03, 0x61, 0x82, 0x46, 0x22,
    0x1B, 0x02, 0x17, 0x03, 0x2D, 0x83, 0x30, 0x26, 0x21, 0x28, 0x02, 0x1E, 0x80, 0x19, 0x02, 0x1E,
    0x02, 0x14, 0x87, 0x53, 0xF6, 0xFB, 0xF0, 0x6F, 0x32, 0x18, 0x26, 0x02, 0x1E, 0x02, 0x23, 0x92,
    0x53, 0xE8, 0xE3, 0xFF, 0xDC, 0xB0, 0xFC, 0xCB, 0xF6, 0xB2, 0xF9, 0xF7, 0xFF, 0x79, 0x9A, 0xE4,
    0xD2, 0xD1, 0xE9, 0x02, 0xF8, 0x0B, 0xFF, 0x88, 0xF6, 0xC8, 0xCA, 0xB7, 0xB5, 0xA9, 0xAD, 0xA8,
    0xE1, 0x10, 0xFF, 0x87, 0xFC, 0xFF, 0xF0, 0xFF, 0xE9, 0xAC, 0xBB, 0xCA, 0x02, 0xB7, 0x81, 0xB9,
    0xED, 0x0C, 0xFF, 0x89, 0xE7, 0xDD, 0xED, 0xFF, 0xE6, 0xD1, 0xB0, 0xE9, 0xDA, 0xFF, 0x02, 0xF6,
    0x03, 0xFF, 0x81, 0xF6, 0xCA, 0x0A, 0xFF, 0x02, 0xF6, 0x80, 0xFC, 0x02, 0xDB, 0x12, 0xFF, 0x82,
    0xF9, 0xFC, 0xE5, 0x02, 0xF0, 0x80, 0xE1, 0x02, 0xFF, 0x85, 0xFC, 0xF6, 0xFC, 0xD8, 0x7B, 0x4F,
    0x03, 0x50, 0x8D, 0x79, 0x99, 0x7B, 0x7A, 0x18, 0x31, 0x18, 0x32, 0x4A, 0x4E, 0x50, 0x66, 0x7C,
    0xF6, 0x0C, 0xFF, 0x83, 0xF0, 0xC8, 0xAB, 0xF6, 0x03, 0xFF, 0x80, 0xF6, 0x02, 0xFF, 0x82, 0xF6,
    0xFF, 0xF0, 0x06, 0xFF, 0x83, 0xF6, 0xA4, 0xB3, 0x50, 0x02, 0x51, 0x83, 0xBC, 0x51, 0x35, 0x31,
    0x0B, 0x1E, 0x80, 0x18, 0x02, 0x42, 0x82, 0x4A, 0x51, 0xED, 0x04, 0xFF, 0x81, 0xA4, 0xED, 0x02,
    0xCA, 0x8D, 0xF6, 0xCE, 0x76, 0xAB, 0xF4, 0xBE, 0xE9, 0x78, 0xB1, 0x4F, 0x24, 0x27, 0x26, 0x23,
    0x21, 0x1E, 0x8C, 0x1D, 0x17, 0x2B, 0x60, 0x61, 0x55, 0x2C, 0x17, 0x21, 0x15, 0x30, 0x2B, 0x60,
    0x02, 0x61, 0x86, 0x60, 0x45, 0x2C, 0x27, 0x15, 0x21, 0x1B, 0x02, 0x17, 0x02, 0x26, 0x02, 0x1E,
    0x9A, 0x31, 0x14, 0x31, 0x39, 0x58, 0xCE, 0xFF, 0xF0, 0x58, 0x32, 0x26, 0x1D, 0x1E, 0x18, 0x31,
    0x37, 0x44, 0xC7, 0xFE, 0xFF, 0xD8, 0xD4, 0xD2, 0xE4, 0xFF, 0x9F, 0xCE, 0x02, 0xFF, 0x86, 0xBC,
    0xB4, 0x71, 0xDF, 0xC1, 0xDF, 0xFF, 0x02, 0xF8, 0x0B, 0xFF, 0x89, 0xCA, 0xCE, 0xC4, 0xB9, 0xB6,
    0xB0, 0x97, 0xAF, 0xCB, 0xFA, 0x0F, 0xFF, 0x8B, 0xFC, 0xFF, 0xF6, 0xFF, 0xE9, 0xD6, 0xBE, 0xC5,
    0xBC, 0xB7, 0xBB, 0xF0, 0x04, 0xFF, 0x80, 0xF6, 0x07, 0xFF, 0x8A, 0xFD, 0xDD, 0xF0, 0xFF, 0xF1,
    0xD2, 0xAF, 0xE9, 0xDB, 0xFF, 0xF6, 0x04, 0xFF, 0x81, 0xED, 0x79, 0x0B, 0xFF, 0x84, 0xF6, 0xFE,
    0xD6, 0xFD, 0xF9, 0x12, 0xFF, 0x83, 0xE7, 0xDB, 0xF0, 0xF6, 0x02, 0xFF, 0x85, 0xF9, 0xF2, 0xF4,
    0xE6, 0xD8, 0x64, 0x02, 0x50, 0x85, 0x51, 0x50, 0x7B, 0x99, 0x7B, 0x53, 0x03, 0x1E, 0x81, 0x31,
    0x32, 0x03, 0x4E, 0x80, 0x9F, 0x0E, 0xFF, 0x82, 0xF0, 0xAB, 0xED, 0x06, 0xFF, 0x83, 0xF6, 0xE1,
    0xBC, 0xED, 0x05, 0xFF, 0x81, 0xF0, 0xA4, 0x02, 0x51, 0x83, 0x50, 0xAB, 0x5B, 0x18, 0x02, 0x26,
    0x0C, 0x1E, 0x02, 0x3D, 0x02, 0x43, 0x81, 0xA2, 0xED, 0x04, 0xFF, 0x91, 0x7A, 0xBE, 0xB3, 0x9B,
    0xED, 0x79, 0xFF, 0xC8, 0xCF, 0xC3, 0xA8, 0xD1, 0x70, 0x13, 0x1F, 0x18, 0x26, 0x1D, 0x20, 0x1E,
    0x83, 0x20, 0x30, 0x17, 0x2C, 0x02, 0x60, 0x88, 0x55, 0x29, 0x2E, 0x2D, 0x1B, 0x38, 0x2E, 0x45,
    0x60, 0x02, 0x61, 0x84, 0x60, 0x48, 0x29, 0x2A, 0x22, 0x02, 0x1A, 0x81, 0x23, 0x30, 0x02, 0x1E,
    0x8A, 0x26, 0x13, 0x26, 0x51, 0xFF, 0xED, 0xF0, 0x53, 0x26, 0x18, 0x26, 0x02, 0x1E, 0x8C, 0x18,
    0x31, 0x3D, 0xBA, 0xD6, 0xF3, 0xFC, 0xD7, 0xA9, 0xE8, 0xED, 0xBF, 0xCF, 0x02, 0xF6, 0x89, 0xFF,
    0x71, 0xF6, 0x99, 0xD8, 0xC1, 0xE9, 0xFF, 0xF6, 0xF8, 0x0B, 0xFF, 0x89, 0xC8, 0xCE, 0xC4, 0xB9,
    0xB8, 0xB0, 0x97, 0xAF, 0xE1, 0xFC, 0x0F, 0xFF, 0x8C, 0xFC, 0xFF, 0xF2, 0xFF, 0xE9, 0xD6, 0xBC,
    0xC4, 0xBE, 0xB9, 0xBC, 0xF6, 0xF0, 0x0B, 0xFF, 0x8B, 0xE5, 0xD8, 0xF0, 0xFF, 0xE9, 0xD5, 0xAF,
    0xDF, 0xDB, 0xFC, 0xFF, 0xF6, 0x02, 0xFF, 0x82, 0xF6, 0xED, 0x76, 0x0A, 0xFF, 0x02, 0xF6, 0x83,
    0xFC, 0xD6, 0xFD, 0xFC, 0x12, 0xFF, 0x83, 0xE7, 0xCC, 0xFF, 0xCE, 0x03, 0xFF, 0x02, 0xF2, 0x8C,
    0xDF, 0xD5, 0x52, 0x50, 0x51, 0x50, 0x4D, 0x9D, 0x9A, 0x7A, 0x11, 0x1E, 0x26, 0x03, 0x1E, 0x03,
    0x4E, 0x82, 0x59, 0xB7, 0xF6, 0x0B, 0xFF, 0x83, 0xF6, 0xED, 0xB3, 0xF6, 0x05, 0xFF, 0x02, 0xF6,
    0x83, 0xFF, 0x79, 0xF0, 0xF6, 0x03, 0xFF, 0x87, 0xF6, 0xA1, 0x9E, 0x51, 0x4E, 0x99, 0x7A, 0x12,
    0x02, 0x1E, 0x80, 0x18, 0x0A, 0x1E, 0x81, 0x26, 0x18, 0x02, 0x3B, 0x82, 0x42, 0x43, 0x59, 0x05,
    0xFF, 0x90, 0x99, 0xA3, 0x76, 0xA3, 0xF6, 0xB9, 0xBE, 0xC8, 0xFB, 0xA7, 0xD1, 0xAF, 0xA6, 0x47,
    0x24, 0x25, 0x19, 0x21, 0x1E, 0x8F, 0x17, 0x2D, 0x24, 0x38, 0x2C, 0x60, 0x61, 0x60, 0x46, 0x22,
    0x1A, 0x30, 0x2D, 0x33, 0x2A, 0x48, 0x04, 0x61, 0x87, 0x60, 0x45, 0x2C, 0x2E, 0x30, 0x1D, 0x27,
    0x19, 0x02, 0x35, 0x81, 0x42, 0xF6, 0x02, 0xF0, 0x81, 0x53, 0x31, 0x05, 0x26, 0x8A, 0x1D, 0x39,
    0x99, 0xDB, 0xE7, 0xEE, 0xE9, 0xA9, 0xB0, 0xE9, 0xED, 0x02, 0x79, 0x89, 0xED, 0xF6, 0xE1, 0x6C,
    0xC5, 0xBD, 0xD8, 0xD9, 0xFC, 0xF3, 0x0D, 0xFF, 0x02, 0xC5, 0x87, 0xBE, 0xB9, 0xBC, 0xB0, 0x97,
    0xB0, 0xEE, 0xE7, 0x0F, 0xFF, 0x8A, 0xFC, 0xFF, 0xF2, 0xFF, 0xE8, 0xDA, 0xBC, 0xC4, 0xBF, 0xB9,
    0xBC, 0x0D, 0xFF, 0x88, 0xFC, 0xDC, 0xF0, 0xFF, 0xF7, 0xD8, 0xAF, 0xDF, 0xE4, 0x06, 0xFF, 0x02,
    0xCE, 0x0B, 0xFF, 0x84, 0xF2, 0xF5, 0xD6, 0xE7, 0xFC, 0x12, 0xFF, 0x83, 0xDA, 0xDB, 0xFF, 0xBB,
    0x03, 0xFF, 0x8C, 0xEE, 0xF2, 0xDF, 0xA6, 0x4F, 0x50, 0x51, 0x50, 0x79, 0x99, 0x9A, 0x44, 0x35,
    0x03, 0x1E, 0x82, 0x26, 0x31, 0x3D, 0x03, 0x4E, 0x80, 0x9A, 0x09, 0xFF, 0x80, 0xF6, 0x02, 0xFF,
    0x83, 0xED, 0xF6, 0x7C, 0xCE, 0x05, 0xFF, 0x02, 0xF6, 0x83, 0xED, 0x76, 0xFF, 0xF6, 0x02, 0xFF,
    0x88, 0xED, 0xC4, 0xBC, 0x53, 0x50, 0x9B, 0x7A, 0x43, 0x31, 0x0B, 0x1E, 0x81, 0x26, 0x18, 0x02,
    0x26, 0x81, 0x35, 0x39, 0x02, 0x3D, 0x81, 0x4D, 0x79, 0x03, 0xFF, 0x84, 0xF6, 0xB5, 0xE1, 0xF0,
    0xED, 0x02, 0xF6, 0x8A, 0xA3, 0xC5, 0xF4, 0x7C, 0xB1, 0x94, 0xD7, 0x58, 0x33, 0x26, 0x20, 0x26,
    0x1E, 0x8D, 0x2A, 0x48, 0x60, 0x61, 0x54, 0x29, 0x2F, 0x13, 0x21, 0x14, 0x2E, 0x2A, 0x45, 0x55,
    0x02, 0x61, 0x80, 0x7D, 0x02, 0x61, 0x89, 0x48, 0x2B, 0x2A, 0x2D, 0x28, 0x15, 0xC4, 0xFB, 0xFC,
    0x53, 0x02, 0x36, 0x82, 0x22, 0x1C, 0x18, 0x02, 0x30, 0x83, 0x33, 0x6C, 0xDA, 0xF8, 0x02, 0xF6,
    0x90, 0xC1, 0xB1, 0xD7, 0xFF, 0x7C, 0xC5, 0xB6, 0xFE, 0xF6, 0x9F, 0x79, 0xA5, 0xD3, 0xB0, 0xE9,
    0xFF, 0xFB, 0x0C, 0xFF, 0x8B, 0xC8, 0xCE, 0xB9, 0xB7, 0xB8, 0xBD, 0xAF, 0xA8, 0xB0, 0xF6, 0xF2,
    0xFE, 0x0E, 0xFF, 0x87, 0xFC, 0xFF, 0xFC, 0xFD, 0xD8, 0xD6, 0xC8, 0xC4, 0x02, 0xBF, 0x84, 0xCA,
    0xFF, 0xF6, 0xFF, 0xF6, 0x06, 0xFF, 0x85, 0xF5, 0xFF, 0xF6, 0xFF, 0xD4, 0xFF, 0x02, 0xFB, 0x84,
    0xDD, 0xAD, 0xDB, 0xF1, 0xF6, 0x10, 0xFF, 0x86, 0xF6, 0xFF, 0xE7, 0xD8, 0xDC, 0xF5, 0xEE, 0x0F,
    0xFF, 0x8D, 0xF0, 0xE1, 0xFC, 0x7B, 0xF0, 0xF6, 0x9D, 0xF6, 0xF9, 0xFF, 0xF4, 0xFC, 0xDE, 0x77,
    0x03, 0x50, 0x83, 0x6F, 0x99, 0x9A, 0x79, 0x02, 0x14, 0x80, 0x26, 0x03, 0x1E, 0x82, 0x26, 0x1E,
    0x50, 0x02, 0x4E, 0x81, 0x53, 0xF6, 0x0A, 0xFF, 0x84, 0xF6, 0xED, 0xF6, 0xB7, 0xF6, 0x05, 0xFF,
    0x02, 0xF6, 0x82, 0xFF, 0x9D, 0xF0, 0x03, 0xFF, 0x86, 0xE1, 0xBF, 0xAA, 0x4D, 0xA2, 0x79, 0x4E,
    0x04, 0x1E, 0x80, 0x19, 0x0B, 0x1E, 0x82, 0x31, 0x35, 0x3B, 0x02, 0x3D, 0x83, 0x3B, 0x66, 0xE1,
    0xF0, 0x02, 0xF6, 0x91, 0xED, 0xB6, 0x9D, 0xF0, 0xED, 0xFF, 0xEA, 0xC9, 0xFF, 0xB4, 0xD3, 0x92,
    0xD9, 0x93, 0x34, 0x2E, 0x35, 0x26, 0x25, 0x1E, 0x90, 0x17, 0x2A, 0x45, 0x60, 0x61, 0x60, 0x48,
    0x2A, 0x16, 0x1D, 0x25, 0x30, 0x33, 0x2F, 0x29, 0x45, 0x54, 0x04, 0x61, 0x89, 0x60, 0x54, 0x45,
    0x78, 0xD6, 0xC6, 0x71, 0x17, 0x1D, 0x30, 0x02, 0x1B, 0x84, 0x15, 0x1B, 0x28, 0x50, 0xF7, 0x03,
    0xFC, 0x8F, 0xD1, 0xAF, 0xA9, 0xE9, 0xB5, 0xF6, 0xB7, 0xE1, 0xCA, 0xFF, 0x7C, 0xC0, 0x71, 0xD3,
    0xD1, 0xFC, 0x0D, 0xFF, 0x81, 0xF0, 0xBB, 0x02, 0xBE, 0x03, 0xB8, 0x84, 0xAF, 0xA8, 0xD1, 0xF6,
    0xF2, 0x11, 0xFF, 0x84, 0xF7, 0xE9, 0xD4, 0xDC, 0xCA, 0x03, 0xC4, 0x80, 0xE1, 0x0A, 0xFF, 0x8E,
    0xFC, 0xFF, 0xF6, 0xFF, 0xD4, 0xFF, 0xFC, 0xFB, 0xE9, 0xAD, 0xD7, 0xF1, 0xEF, 0xFA, 0xFB, 0x04,
    0xFF, 0x80, 0xF6, 0x08, 0xFF, 0x02, 0xF6, 0x85, 0xFF, 0xE9, 0xD8, 0xDD, 0xFE, 0xF2, 0x0A, 0xFF,
    0x81, 0xF6, 0xF9, 0x05, 0xFF, 0x80, 0xAA, 0x02, 0xFC, 0x81, 0xFF, 0xA2, 0x02, 0xFF, 0x87, 0xF9,
    0xFB, 0xF7, 0xD5, 0x58, 0x51, 0x50, 0x6B, 0x02, 0x7C, 0x83, 0x79, 0x58, 0x18, 0x35, 0x06, 0x1E,
    0x86, 0x4B, 0x4E, 0x50, 0x4E, 0x7A, 0xF6, 0xE1, 0x08, 0xFF, 0x84, 0xF6, 0xED, 0xF6, 0xCA, 0xF6,
    0x05, 0xFF, 0x82, 0xF6, 0xF0, 0xE1, 0x02, 0xED, 0x02, 0xFF, 0x87, 0xF6, 0xBF, 0x9D, 0x58, 0xB3,
    0x73, 0x4E, 0x3B, 0x0F, 0x1E, 0x82, 0x26, 0x31, 0x1E, 0x03, 0x3B, 0x82, 0x39, 0x50, 0xB9, 0x04,
    0xFF, 0x84, 0xA1, 0xB3, 0xBC, 0xFF, 0xED, 0x02, 0xE1, 0x8A, 0xFF, 0x9E, 0xD1, 0x78, 0xD7, 0xC3,
    0x52, 0x2E, 0x1A, 0x19, 0x18, 0x05, 0x1E, 0x80, 0x19, 0x1E, 0x1E, 0x84, 0x27, 0x15, 0x1B, 0x29,
    0x54, 0x03, 0x60, 0x83, 0x45, 0x2E, 0x36, 0x1D, 0x02, 0x21, 0x86, 0x13, 0x31, 0x32, 0x2A, 0x3F,
    0x54, 0x60, 0x02, 0x61, 0x85, 0x7D, 0x8B, 0x8F, 0x95, 0x2B, 0x2C, 0x02, 0x2A, 0x02, 0x2E, 0x97,
    0x34, 0x24, 0x3D, 0xA0, 0xD6, 0xE5, 0xFA, 0xCD, 0xAC, 0xC3, 0xBD, 0xD0, 0x7C, 0xED, 0xCE, 0xFF,
    0xF6, 0x99, 0xB8, 0xC9, 0xA4, 0xB0, 0xD4, 0xF6, 0x03, 0xFF, 0x80, 0xF6, 0x09, 0xFF, 0x84, 0xC8,
    0xCA, 0xBE, 0xB6, 0xB4, 0x02, 0xAC, 0x02, 0xA8, 0x82, 0xD9, 0xF6, 0xF1, 0x11, 0xFF, 0x85, 0xFE,
    0xE9, 0xC2, 0xE6, 0xCE, 0xC8, 0x02, 0xC5, 0x80, 0xF0, 0x07, 0xFF, 0x80, 0xF6, 0x02, 0xFF, 0x80,
    0xFC, 0x03, 0xFF, 0x87, 0xD8, 0xF9, 0xFA, 0xFB, 0xE9, 0xAD, 0xD7, 0xE9, 0x03, 0xFB, 0x04, 0xFF,
    0x80, 0xCA, 0x09, 0xFF, 0x86, 0xF6, 0xFF, 0xE9, 0xD4, 0xDF, 0xFF, 0xF6, 0x10, 0xFF, 0x81, 0xF6,
    0x7B, 0x02, 0xFF, 0x81, 0xF6, 0xC5, 0x03, 0xFF, 0x8C, 0xF4, 0xE9, 0xA9, 0x4F, 0x50, 0x6B, 0x7C,
    0x99, 0x7A, 0x6F, 0x39, 0x32, 0x26, 0x06, 0x1E, 0x80, 0x38, 0x04, 0x4E, 0x81, 0xED, 0xF6, 0x09,
    0xFF, 0x02, 0xF6, 0x81, 0xBE, 0xF6, 0x04, 0xFF, 0x83, 0xF6, 0xFF, 0xF6, 0xC4, 0x02, 0xF0, 0x02,
    0xFF, 0x86, 0xF6, 0x9F, 0x7A, 0xB7, 0x5B, 0x4E, 0x44, 0x11, 0x1E, 0x81, 0x26, 0x1E, 0x02, 0x38,
    0x84, 0x39, 0x3B, 0x18, 0xBB, 0xF0, 0x03, 0xFF, 0x80, 0xBC, 0x03, 0xF0, 0x8B, 0xFF, 0xF6, 0xF5,
    0xFC, 0x71, 0xD9, 0x78, 0xD7, 0xDC, 0x77, 0x22, 0x32, 0x22, 0x1E, 0x80, 0x23, 0x03, 0x1E, 0x81,
    0x2E, 0x28, 0x02, 0x17, 0x82, 0x2E, 0x3F, 0x55, 0x03, 0x60, 0x8D, 0x46, 0x2A, 0x36, 0x16, 0x1D,
    0x31, 0x20, 0x21, 0x1D, 0x2D, 0x29, 0x2B, 0x48, 0x8F, 0x02, 0x8D, 0x04, 0x61, 0x81, 0x60, 0x55,
    0x02, 0x48, 0x81, 0x45, 0x62, 0x02, 0xB1, 0x02, 0xD3, 0x86, 0xC1, 0xD1, 0xA7, 0xDB, 0x7A, 0xDC,
    0xEE, 0x02, 0xFF, 0x86, 0xE1, 0xCA, 0x70, 0xA5, 0xD7, 0xB0, 0xE9, 0x0E, 0xFF, 0x82, 0xBE, 0xBF,
    0xBB, 0x02, 0xB4, 0x02, 0xAC, 0x84, 0xA8, 0xAF, 0xDF, 0xEB, 0xF6, 0x10, 0xFF, 0x80, 0xF8, 0x02,
    0xE9, 0x83, 0xC1, 0xDB, 0xE1, 0xC8, 0x02, 0xC5, 0x84, 0xF6, 0xFF, 0xF6, 0xFF, 0xF6, 0x04, 0xFF,
    0x90, 0xF6, 0xFF, 0xFC, 0xFF, 0xF6, 0xFF, 0xD8, 0xE9, 0xDD, 0xEF, 0xFC, 0xAF, 0xD1, 0xDE, 0xFF,
    0xFB, 0xFA, 0x03, 0xFF, 0x81, 0xF6, 0xC5, 0x09, 0xFF, 0x02, 0xF6, 0x84, 0xE9, 0xC2, 0xE7, 0xFC,
    0xF2, 0x0F, 0xFF, 0x82, 0xF6, 0x7C, 0xFF, 0x02, 0xFC, 0x8F, 0xDA, 0xED, 0xFF, 0xF9, 0xFF, 0xFA,
    0xDE, 0x7B, 0x4F, 0x66, 0x7B, 0x7C, 0x7A, 0x6B, 0x58, 0x18, 0x07, 0x1E, 0x81, 0x26, 0x18, 0x03,
    0x4E, 0x81, 0x4C, 0xC8, 0x0B, 0xFF, 0x81, 0xF6, 0xE1, 0x06, 0xFF, 0x84, 0xF0, 0xFF, 0xB6, 0xFF,
    0xE1, 0x02, 0xF6, 0x88, 0xBC, 0x9D, 0xCE, 0x58, 0x4D, 0x4C, 0x26, 0x31, 0x26, 0x0D, 0x1E, 0x80,
    0x26, 0x03, 0x1E, 0x82, 0x36, 0x37, 0x38, 0x02, 0x37, 0x82, 0xA1, 0xC8, 0xF6, 0x02, 0xFF, 0x04,
    0xF0, 0x02, 0xFF, 0x02, 0xE7, 0x87, 0x76, 0xD5, 0x78, 0xD9, 0xF7, 0xB8, 0x4D, 0x32, 0x04, 0x1E,
    0x80, 0x19, 0x1C, 0x1E, 0x8C, 0x26, 0x18, 0x1E, 0x19, 0x1E, 0x17, 0x1D, 0x2E, 0x33, 0x35, 0x15,
    0x2F, 0x3F, 0x02, 0x60, 0x84, 0x61, 0x60, 0x48, 0x2C, 0x2E, 0x02, 0x1A, 0x02, 0x1D, 0x89, 0x1A,
    0x15, 0x28, 0x59, 0xD2, 0xAF, 0x62, 0x54, 0x60, 0x61, 0x04, 0x7D, 0x83, 0x61, 0x7D, 0x8D, 0x8C,
    0x02, 0x8D, 0x87, 0x8F, 0x90, 0x95, 0x98, 0x93, 0xF5, 0xF3, 0xF6, 0x02, 0xFF, 0x87, 0xC8, 0xFF,
    0x79, 0x7C, 0xD2, 0xD1, 0xE6, 0xF6, 0x05, 0xFF, 0x80, 0xFE, 0x03, 0xFF, 0x8F, 0xF9, 0xF6, 0xFF,
    0xE1, 0xC5, 0xBC, 0xB6, 0xAB, 0xB3, 0xA7, 0xAC, 0xA8, 0xB1, 0xDF, 0xEE, 0xFC, 0x0F, 0xFF, 0x02,
    0xF6, 0x85, 0xF7, 0xDF, 0xC2, 0xDB, 0xED, 0xCC, 0x02, 0xCA, 0x0B, 0xFF, 0x8C, 0xFC, 0xFF, 0xF2,
    0xFF, 0xD8, 0xE9, 0xDD, 0xF4, 0xF8, 0xAF, 0xB0, 0xDB, 0xFC, 0x02, 0xFB, 0x03, 0xFF, 0x81, 0xF6,
    0xC5, 0x08, 0xFF, 0x03, 0xF6, 0x84, 0xDD, 0xD4, 0xE5, 0xFC, 0xF2, 0x0F, 0xFF, 0x87, 0xF0, 0x9F,
    0xC5, 0xF5, 0xFC, 0x7C, 0xE1, 0xF6, 0x02, 0xFF, 0x86, 0xFC, 0xDC, 0x58, 0x6C, 0x7A, 0x99, 0x7C,
    0x02, 0x6B, 0x81, 0x39, 0x35, 0x07, 0x1E, 0x87, 0x31, 0x26, 0x44, 0x4E, 0x50, 0x4E, 0x6F, 0xCE,
    0x06, 0xFF, 0x80, 0xF6, 0x04, 0xFF, 0x80, 0xE1, 0x02, 0xF6, 0x04, 0xFF, 0x83, 0xF0, 0xF6, 0xB4,
    0xED, 0x02, 0xFF, 0x87, 0xF6, 0xB3, 0xC5, 0x53, 0x4D, 0x44, 0x18, 0x26, 0x0E, 0x1E, 0x81, 0x18,
    0x26, 0x03, 0x1E, 0x87, 0x32, 0x36, 0x37, 0x39, 0x36, 0x71, 0xAB, 0xF0, 0x05, 0xFF, 0x80, 0xF0,
    0x02, 0xFF, 0x8B, 0xDD, 0xE8, 0xA3, 0xD5, 0x78, 0xD5, 0xF7, 0xD9, 0x5A, 0x1C, 0x1E, 0x23, 0x21,
    0x1E, 0x80, 0x1F, 0x02, 0x1E, 0x02, 0x19, 0x02, 0x26, 0x87, 0x1F, 0x1D, 0x25, 0x32, 0x2A, 0x2C,
    0x55, 0x61, 0x02, 0x60, 0x8B, 0x55, 0x48, 0x29, 0x22, 0x35, 0x28, 0x18, 0x32, 0xF1, 0xF8, 0xE3,
    0x13, 0x02, 0x2D, 0x85, 0x2A, 0x29, 0x2C, 0x46, 0x48, 0x54, 0x02, 0x8F, 0x02, 0x8D, 0x80, 0x8B,
    0x04, 0x8C, 0x8B, 0x8D, 0x95, 0xAF, 0xD6, 0xE0, 0xFB, 0xCF, 0xCE, 0xD7, 0x93, 0xB0, 0xD7, 0x03,
    0xEE, 0x83, 0xEF, 0xFA, 0xE2, 0xFA, 0x05, 0xFF, 0x82, 0xF6, 0xFF, 0xBC, 0x02, 0xC4, 0x80, 0xB2,
    0x02, 0xAB, 0x85, 0xAC, 0xA6, 0x97, 0xD9, 0xF1, 0xFC, 0x10, 0xFF, 0x02, 0xF6, 0x87, 0xFF, 0xD3,
    0xD1, 0xDA, 0xE2, 0xD0, 0xCE, 0xED, 0x0D, 0xFF, 0x8C, 0xE7, 0xE5, 0xDB, 0xFF, 0xF7, 0xFF, 0xF2,
    0xD1, 0xAF, 0xE9, 0xF6, 0xF4, 0xF6, 0x04, 0xFF, 0x80, 0xBF, 0x09, 0xFF, 0x84, 0xFC, 0xF7, 0xDC,
    0xD6, 0xFE, 0x02, 0xF4, 0x0D, 0xFF, 0x84, 0xDA, 0xC7, 0x7A, 0xFF, 0xF6, 0x02, 0xED, 0x8E, 0x7A,
    0xF0, 0xF5, 0xFF, 0xF6, 0xDF, 0xA9, 0x70, 0x7A, 0x7B, 0x7A, 0x5E, 0x66, 0x51, 0x32, 0x0B, 0x1E,
    0x85, 0x50, 0x51, 0x4E, 0x51, 0xE1, 0xF6, 0x0B, 0xFF, 0x80, 0xCA, 0x06, 0xFF, 0x8B, 0xF0, 0xE2,
    0xFC, 0xDA, 0xBF, 0xCA, 0xB4, 0x53, 0x4C, 0x42, 0x35, 0x26, 0x05, 0x1E, 0x80, 0x18, 0x0F, 0x1E,
    0x80, 0x35, 0x02, 0x36, 0x85, 0x37, 0x6C, 0xB6, 0xC4, 0xFF, 0xF6, 0x06, 0xFF, 0x8E, 0xFC, 0xFF,
    0xB2, 0xE6, 0x93, 0xD3, 0xEE, 0xFC, 0x93, 0x34, 0x23, 0x26, 0x19, 0x26, 0x30, 0x02, 0x1E, 0x80,
    0x26, 0x19, 0x1E, 0x84, 0x26, 0x1F, 0x26, 0x1E, 0x1D, 0x03, 0x1E, 0x89, 0x1F, 0x23, 0x30, 0x1D,
    0x35, 0x32, 0x2F, 0x2A, 0x29, 0x48, 0x03, 0x60, 0x89, 0x61, 0x60, 0x54, 0x45, 0x29, 0x59, 0xC1,
    0xCD, 0x58, 0x31, 0x02, 0x26, 0x88, 0x1C, 0x2D, 0x2A, 0x1A, 0x22, 0x9C, 0xD6, 0xDB, 0xB1, 0x03,
    0xAE, 0x81, 0x98, 0x90, 0x02, 0x8D, 0x02, 0x8C, 0x8F, 0x8F, 0x95, 0xAF, 0xE9, 0x6F, 0xF0, 0x71,
    0xC4, 0xE7, 0xD4, 0xDF, 0xF1, 0xEE, 0xF1, 0xEE, 0xF3, 0x04, 0xFF, 0x85, 0xFB, 0xFF, 0xE1, 0xC8,
    0xC4, 0xB6, 0x02, 0xAB, 0x86, 0xB3, 0xA7, 0xA6, 0xAE, 0xD5, 0xFF, 0xFC, 0x11, 0xFF, 0x88, 0xF6,
    0xF7, 0xD1, 0xD3, 0xE3, 0xED, 0xE1, 0xCE, 0xED, 0x0D, 0xFF, 0x8C, 0xFC, 0xE5, 0xDB, 0xF8, 0xF7,
    0xFF, 0xF2, 0xD1, 0xAD, 0xE9, 0xF2, 0xF4, 0xF8, 0x04, 0xFF, 0x81, 0xC4, 0xF6, 0x08, 0xFF, 0x86,
    0xFC, 0xE9, 0xD4, 0xDF, 0xFC, 0xF4, 0xFB, 0x0D, 0xFF, 0x96, 0xE7, 0xC7, 0xA2, 0xC5, 0xCE, 0xE1,
    0xCA, 0x79, 0xF5, 0xE2, 0xFF, 0xF9, 0xD2, 0xA0, 0x79, 0x7A, 0x73, 0x59, 0x5B, 0x58, 0x14, 0x13,
    0x14, 0x02, 0x1E, 0x80, 0x26, 0x07, 0x1E, 0x85, 0x50, 0x4E, 0x51, 0x50, 0x7A, 0xF0, 0x0A, 0xFF,
    0x81, 0xF0, 0xC5, 0x05, 0xFF, 0x8E, 0xF0, 0xE1, 0xE4, 0xC3, 0xB7, 0xC7, 0xBB, 0x99, 0x4E, 0x42,
    0x36, 0x1E, 0x32, 0x1E, 0x18, 0x13, 0x1E, 0x03, 0x35, 0x84, 0x36, 0x6F, 0xBF, 0xB6, 0xCA, 0x06,
    0xFF, 0x8F, 0xF6, 0xF5, 0xFF, 0x9D, 0xFC, 0x93, 0xD5, 0xF3, 0xFC, 0xD3, 0x52, 0x1C, 0x26, 0x19,
    0x23, 0x30, 0x03, 0x1E, 0x80, 0x18, 0x18, 0x1E, 0x80, 0x30, 0x03, 0x1E, 0x80, 0x1F, 0x05, 0x1E,
    0x81, 0x30, 0x19, 0x02, 0x1B, 0x86, 0x27, 0x1D, 0x16, 0x36, 0x2A, 0x2B, 0x49, 0x05, 0x60, 0x87,
    0x90, 0x95, 0x96, 0x49, 0x2C, 0x2E, 0x1A, 0x38, 0x02, 0x17, 0x8E, 0x2F, 0x79, 0xDC, 0xE2, 0xFA,
    0xC1, 0xBA, 0xF4, 0xFC, 0xF7, 0xB0, 0xAF, 0xAE, 0x95, 0x8F, 0x02, 0x8C, 0x8A, 0x8B, 0x95, 0x96,
    0x98, 0xAD, 0xD4, 0xEE, 0xEC, 0xEF, 0xF5, 0xE5, 0x02, 0xDF, 0x80, 0xE9, 0x06, 0xFF, 0x8C, 0xBC,
    0xCA, 0xBB, 0xAA, 0xA5, 0xAB, 0xAC, 0x78, 0xA8, 0xAF, 0xE6, 0xF4, 0xE7, 0x12, 0xFF, 0x87, 0xE9,
    0xB0, 0xDE, 0xF1, 0xF0, 0xE2, 0xCE, 0xED, 0x08, 0xFF, 0x80, 0xF6, 0x04, 0xFF, 0x8A, 0xFC, 0xE5,
    0xDB, 0xF6, 0xE9, 0xFF, 0xF2, 0xD5, 0xAD, 0xE9, 0xF2, 0x06, 0xFF, 0x80, 0xC8, 0x08, 0xFF, 0x85,
    0xF6, 0xFC, 0xF7, 0xD2, 0xE9, 0xFC, 0x02, 0xF4, 0x0C, 0xFF, 0x8A, 0xF6, 0xDB, 0x7A, 0xFF, 0xF0,
    0xF6, 0xCA, 0xC4, 0xB4, 0xF9, 0xE2, 0x02, 0xFF, 0x8B, 0xD9, 0x7B, 0x79, 0x6B, 0x58, 0x5A, 0x5B,
    0x38, 0x31, 0x38, 0x36, 0x26, 0x03, 0x1E, 0x80, 0x26, 0x02, 0x1E, 0x02, 0x18, 0x81, 0x1E, 0x4A,
    0x03, 0x4E, 0x81, 0x51, 0xF0, 0x0B, 0xFF, 0x80, 0xF6, 0x07, 0xFF, 0x86, 0xF5, 0x76, 0x6B, 0xFC,
    0x9C, 0x58, 0x4E, 0x02, 0x31, 0x13, 0x1E, 0x80, 0x26, 0x03, 0x1E, 0x81, 0x31, 0x26, 0x02, 0x35,
    0x80, 0x72, 0x02, 0xC4, 0x80, 0xC5, 0x06, 0xFF, 0x80, 0xF6, 0x02, 0xFF, 0x8D, 0x99, 0xD7, 0x78,
    0xD5, 0xF6, 0xE4, 0xD7, 0x74, 0x11, 0x14, 0x19, 0x26, 0x23, 0x18, 0x20, 0x1E, 0x80, 0x23, 0x05,
    0x1E, 0x80, 0x19, 0x02, 0x20, 0x84, 0x28, 0x2E, 0x1A, 0x20, 0x1D, 0x02, 0x2D, 0x88, 0x11, 0x2B,
    0x45, 0x54, 0x63, 0x8F, 0x90, 0x8F, 0x61, 0x02, 0x60, 0x81, 0x54, 0x45, 0x02, 0x3F, 0x87, 0x93,
    0xD7, 0xF8, 0xE1, 0xC8, 0xC1, 0xFF, 0xF3, 0x02, 0xEB, 0x87, 0xC1, 0xF8, 0xEE, 0xDF, 0xB1, 0x98,
    0x8F, 0x8D, 0x02, 0x8C, 0x8A, 0x8A, 0x90, 0x96, 0xAE, 0xD3, 0xC6, 0xEB, 0xF1, 0xEB, 0xEC, 0xF2,
    0x05, 0xFF, 0x8E, 0xF0, 0xC8, 0xC5, 0xB4, 0xAA, 0xAB, 0xA5, 0xBA, 0xA6, 0xA8, 0xC1, 0xF2, 0xFA,
    0xDD, 0xF8, 0x11, 0xFF, 0x84, 0xD8, 0xB0, 0xF7, 0x7C, 0xCE, 0x02, 0xC5, 0x83, 0xC9, 0xF6, 0xED,
    0xE1, 0x08, 0xFF, 0x8C, 0xED, 0xFF, 0xFC, 0xBD, 0xDB, 0xF8, 0xFE, 0xF9, 0xEE, 0xD3, 0xAD, 0xDF,
    0xF9, 0x0F, 0xFF, 0x85, 0xCE, 0xFC, 0xE9, 0xC2, 0xDF, 0xFC, 0x02, 0xF4, 0x0B, 0xFF, 0x99, 0xF6,
    0xFF, 0xC7, 0xBA, 0xF6, 0xFF, 0xED, 0xE1, 0x9F, 0xF5, 0xFF, 0xFC, 0xFF, 0xFE, 0xA9, 0x79, 0x58,
    0x53, 0x59, 0x5B, 0x4E, 0x13, 0x1E, 0x18, 0x1E, 0x18, 0x09, 0x1E, 0x80, 0x38, 0x04, 0x50, 0x81,
    0x7C, 0xCA, 0x09, 0xFF, 0x81, 0xED, 0xC4, 0x06, 0xFF, 0x88, 0xF0, 0xC8, 0x58, 0x71, 0xAC, 0x93,
    0x4D, 0x42, 0x18, 0x1A, 0x1E, 0x86, 0x31, 0x18, 0xAB, 0xC5, 0xCE, 0xC8, 0xF0, 0x02, 0xFF, 0x80,
    0xF6, 0x02, 0xFF, 0x80, 0xF6, 0x02, 0xFF, 0x8A, 0x7B, 0xD7, 0x78, 0xDB, 0xEF, 0xFA, 0xE9, 0xC3,
    0x4D, 0x18, 0x16, 0x26, 0x1E, 0x81, 0x30, 0x1E, 0x02, 0x1A, 0x80, 0x26, 0x02, 0x1D, 0x85, 0x28,
    0x27, 0x1D, 0x26, 0x1A, 0x27, 0x02, 0x1B, 0x85, 0x25, 0x0D, 0xD1, 0xD3, 0xAE, 0x91, 0x05, 0x60,
    0x84, 0x61, 0x8F, 0x90, 0x95, 0x96, 0x02, 0x98, 0x8F, 0xD3, 0xD9, 0xFF, 0xF7, 0xD6, 0xAF, 0xD1,
    0xFB, 0xEF, 0xFF, 0xF0, 0xD7, 0xAE, 0x95, 0x90, 0x8B, 0x02, 0x8C, 0x88, 0x8B, 0x8D, 0x8F, 0x95,
    0x96, 0x98, 0xB1, 0xD5, 0xF0, 0x04, 0xFF, 0x82, 0xCA, 0xCC, 0xBE, 0x02, 0xAA, 0x02, 0xAB, 0x80,
    0x67, 0x02, 0xA8, 0x84, 0xE9, 0xEC, 0xF4, 0xE5, 0xF6, 0x11, 0xFF, 0x84, 0xD1, 0xB1, 0xDB, 0xB2,
    0xC4, 0x02, 0xBC, 0x83, 0xBF, 0xF0, 0xC8, 0x9D, 0x08, 0xFF, 0x8D, 0xCA, 0xFF, 0xF5, 0xAA, 0xE8,
    0xF6, 0xF7, 0xFF, 0xEE, 0xD3, 0xAD, 0xDF, 0xF3, 0xF4, 0x0E, 0xFF, 0x85, 0xDA, 0xFC, 0xFD, 0xD2,
    0xDF, 0xFC, 0x02, 0xF4, 0x0A, 0xFF, 0x02, 0xF6, 0x8F, 0xFF, 0x79, 0xC7, 0x79, 0x7A, 0xBC, 0xF5,
    0x76, 0xF5, 0xFC, 0xF5, 0xFE, 0xFC, 0x93, 0x52, 0x53, 0x02, 0x5B, 0x82, 0x51, 0x36, 0x32, 0x0D,
    0x1E, 0x82, 0x31, 0x50, 0x4E, 0x02, 0x51, 0x82, 0x53, 0xF6, 0xFB, 0x07, 0xFF, 0x82, 0xF6, 0xFF,
    0x7C, 0x06, 0xFF, 0x81, 0xF0, 0xC4, 0x02, 0x53, 0x85, 0xAC, 0x93, 0x41, 0x39, 0x26, 0x18, 0x14,
    0x1E, 0x80, 0x1F, 0x04, 0x1E, 0x02, 0x31, 0x02, 0xF0, 0x81, 0xC8, 0xA5, 0x03, 0xFF, 0x80, 0xF6,
    0x02, 0xFF, 0x80, 0xF6, 0x02, 0xFF, 0x8B, 0x76, 0xD3, 0x78, 0xDE, 0xEF, 0xFA, 0xF5, 0xF3, 0x5A,
    0x13, 0x16, 0x20, 0x02, 0x19, 0x23, 0x1E, 0x80, 0x23, 0x05, 0x1E, 0x04, 0x19, 0x8F, 0x1E, 0x1A,
    0x27, 0x25, 0x20, 0x13, 0x4A, 0xCC, 0xEF, 0xA2, 0x7B, 0x4D, 0x1C, 0x2E, 0x2C, 0x62, 0x02, 0x91,
    0x03, 0x90, 0x80, 0x8D, 0x03, 0x90, 0x90, 0x96, 0x98, 0xAE, 0xAF, 0xB1, 0xD7, 0xEF, 0xCF, 0xDD,
    0xFF, 0xF3, 0xDF, 0x93, 0x98, 0x96, 0x8F, 0x8D, 0x05, 0x8C, 0x02, 0x8D, 0x88, 0x95, 0x98, 0xB1,
    0xDB, 0xE0, 0xD0, 0xD6, 0xAA, 0xAB, 0x02, 0xB2, 0x83, 0xB3, 0xA0, 0xA8, 0xB1, 0x06, 0xFF, 0x80,
    0xF6, 0x0C, 0xFF, 0x88, 0xF9, 0xEB, 0xDF, 0xAF, 0xD7, 0xE1, 0xA1, 0xBF, 0xBB, 0x02, 0xB9, 0x83,
    0xF0, 0xF6, 0x79, 0xF0, 0x02, 0xFF, 0x92, 0xCE, 0xFF, 0xFE, 0xF0, 0xF2, 0xCB, 0xFF, 0xE5, 0x7C,
    0xFC, 0xFF, 0xF9, 0xF6, 0xFF, 0xDC, 0xAD, 0xE8, 0xEE, 0xF4, 0x0D, 0xFF, 0x86, 0xF0, 0xD0, 0xF7,
    0xDC, 0xD8, 0xDF, 0xF7, 0x0C, 0xFF, 0x81, 0xF6, 0xDA, 0x02, 0xBF, 0x85, 0xF5, 0x6B, 0xC4, 0xE1,
    0xFF, 0x7A, 0x03, 0xFF, 0x83, 0xF6, 0xCA, 0x79, 0x53, 0x02, 0x5B, 0x81, 0x53, 0x4A, 0x0F, 0x1E,
    0x82, 0x18, 0x4C, 0x4E, 0x03, 0x51, 0x81, 0x79, 0xDA, 0x09, 0xFF, 0x80, 0xC5, 0x04, 0xFF, 0x83,
    0xFE, 0xFF, 0xDA, 0x9A, 0x02, 0x53, 0x82, 0x9C, 0x78, 0x3C, 0x02, 0x35, 0x0E, 0x1E, 0x80, 0x26,
    0x02, 0x1E, 0x80, 0x23, 0x04, 0x1E, 0x89, 0x23, 0x26, 0x18, 0x26, 0x32, 0x53, 0xF6, 0xE2, 0xA3,
    0x7A, 0x02, 0xFF, 0x81, 0xF6, 0xF0, 0x02, 0xFF, 0x87, 0xFB, 0xFA, 0xEF, 0x76, 0xD3, 0x93, 0xF0,
    0xF9, 0x03, 0xFF, 0x88, 0xA7, 0x34, 0x24, 0x28, 0x27, 0x26, 0x1E, 0x30, 0x18, 0x2C, 0x1E, 0x91,
    0x23, 0x1D, 0x1E, 0x38, 0x9E, 0xFF, 0xF4, 0x7B, 0x7A, 0x51, 0x38, 0x14, 0x67, 0xA8, 0xB1, 0xAF,
    0xAE, 0x98, 0x02, 0x96, 0x81, 0x91, 0x8F, 0x02, 0x90, 0x03, 0x8F, 0x02, 0x95, 0x86, 0x98, 0xAE,
    0xD3, 0xD7, 0xDF, 0xFD, 0x6C, 0x02, 0xC0, 0x87, 0xB8, 0xB0, 0xAE, 0x98, 0x96, 0x95, 0x8F, 0x8D,
    0x03, 0x8C, 0x8C, 0x8D, 0x95, 0xAE, 0xDC, 0xC0, 0xB2, 0xAA, 0xA7, 0xAC, 0x64, 0xAD, 0x94, 0xD7,
    0x10, 0xFF, 0x80, 0xF9, 0x03, 0xFF, 0x86, 0xF6, 0xD5, 0xB0, 0xE9, 0xED, 0x9F, 0xB3, 0x02, 0xAB,
    0x84, 0xB2, 0xF0, 0xF6, 0x79, 0xF0, 0x02, 0xF6, 0x80, 0xE1, 0x02, 0xFF, 0x8F, 0xED, 0xCE, 0xEE,
    0xFC, 0xDD, 0xA2, 0xF5, 0xF6, 0xFF, 0xF6, 0xFF, 0xD8, 0xAD, 0xDE, 0xF0, 0xF4, 0x07, 0xFF, 0x80,
    0xF6, 0x05, 0xFF, 0x86, 0xF1, 0xF7, 0xE9, 0xDB, 0xDF, 0xDD, 0xF7, 0x02, 0xFF, 0x80, 0xF9, 0x04,
    0xFF, 0x80, 0xF6, 0x04, 0xFF, 0x89, 0xDB, 0xF5, 0x75, 0xE4, 0x79, 0xC5, 0x72, 0xA3, 0xB3, 0xC4,
    0x04, 0xFF, 0x87, 0xAA, 0x6F, 0x5B, 0x66, 0x58, 0x4C, 0x3B, 0x18, 0x0E, 0x1E, 0x81, 0x31, 0x3D,
    0x05, 0x51, 0x82, 0xE4, 0xFC, 0xF6, 0x07, 0xFF, 0x80, 0xB5, 0x05, 0xFF, 0x89, 0xE7, 0xDA, 0x6C,
    0x51, 0x53, 0x77, 0x58, 0x3C, 0x20, 0x31, 0x02, 0x23, 0x15, 0x1E, 0x88, 0x31, 0x26, 0x18, 0x4A,
    0x99, 0xCE, 0xF0, 0x75, 0x79, 0x02, 0xFF, 0x81, 0xF6, 0xF1, 0x02, 0xFF, 0x80, 0xFB, 0x02, 0xEF,
    0x82, 0x74, 0xB0, 0xA8, 0x05, 0xFF, 0x84, 0xDF, 0x56, 0x24, 0x1B, 0x1A, 0x28, 0x1E, 0x80, 0x18,
    0x02, 0x1E, 0x80, 0x18, 0x02, 0x1E, 0x80, 0x26, 0x03, 0x1E, 0x81, 0x26, 0x10, 0x02, 0xFF, 0x80,
    0xC0, 0x02, 0x7B, 0x89, 0x6B, 0x14, 0x7A, 0xA7, 0xDA, 0xF6, 0xEF, 0xE0, 0xBA, 0xD8, 0x02, 0xDE,
    0x83, 0xB1, 0xAE, 0x98, 0x95, 0x08, 0x90, 0x02, 0x95, 0x02, 0xAE, 0x82, 0x97, 0xAF, 0xAC, 0x02,
    0xC0, 0x86, 0xBC, 0xD0, 0xB0, 0xAE, 0x98, 0x95, 0x8F, 0x03, 0x8C, 0x89, 0x90, 0x96, 0xA9, 0xB3,
    0xAA, 0xA4, 0xA0, 0x92, 0xB1, 0xE3, 0x02, 0xFF, 0x02, 0xFB, 0x03, 0xFF, 0x82, 0xF6, 0xF9, 0xF6,
    0x03, 0xFF, 0x80, 0xFE, 0x06, 0xFF, 0x80, 0xE6, 0x02, 0xD1, 0x82, 0xFE, 0xA1, 0xA4, 0x02, 0xA1,
    0x02, 0xA3, 0x98, 0xED, 0xFF, 0x76, 0xCE, 0xCA, 0xC8, 0xC4, 0xF6, 0xF0, 0xF6, 0x7A, 0xF6, 0xF5,
    0xD6, 0xBD, 0xFF, 0xFC, 0xFF, 0xF6, 0xFF, 0xD8, 0xAD, 0xD9, 0xF6, 0xF4, 0x0C, 0xFF, 0x88, 0xF9,
    0xDB, 0xF7, 0xE9, 0xD6, 0xE9, 0xE7, 0xFF, 0xFE, 0x0B, 0xFF, 0x89, 0xE2, 0xBB, 0xC7, 0xED, 0x6E,
    0xF0, 0x79, 0x6A, 0x7A, 0xA1, 0x03, 0xFF, 0x86, 0xF0, 0x7B, 0x6C, 0x66, 0x53, 0x4D, 0x4A, 0x02,
    0x35, 0x80, 0x18, 0x08, 0x1E, 0x81, 0x18, 0x26, 0x03, 0x1E, 0x83, 0x18, 0x38, 0x51, 0x50, 0x03,
    0x51, 0x81, 0xA2, 0xE4, 0x07, 0xFF, 0x82, 0xF6, 0xBE, 0xFF, 0x02, 0xFE, 0x02, 0xFF, 0x87, 0xFC,
    0xDB, 0x58, 0x4E, 0x52, 0x5A, 0x4F, 0x3B, 0x02, 0x18, 0x0F, 0x1E, 0x82, 0x18, 0x1E, 0x18, 0x05,
    0x23, 0x86, 0x37, 0x51, 0x58, 0x75, 0xB4, 0xE1, 0xA4, 0x02, 0x7B, 0x03, 0xFF, 0x88, 0xF1, 0xF6,
    0xFF, 0xF6, 0xF4, 0xF2, 0x6B, 0xA9, 0xD7, 0x05, 0xFF, 0x84, 0xE9, 0x70, 0x2D, 0x27, 0x1F, 0x28,
    0x1E, 0x80, 0x18, 0x02, 0x1E, 0x82, 0x18, 0x1E, 0x18, 0x03, 0x1E, 0x02, 0x26, 0x83, 0x50, 0xC8,
    0xF6, 0x9F, 0x02, 0x7C, 0x89, 0x7B, 0xA0, 0xB1, 0xD8, 0xDA, 0xFB, 0xCD, 0xC1, 0xE4, 0xF8, 0x02,
    0xF6, 0x89, 0xCF, 0xF4, 0xFF, 0xD9, 0xAD, 0xD3, 0xB1, 0xAE, 0x96, 0x95, 0x03, 0x90, 0x85, 0x8B,
    0x90, 0x8F, 0x8E, 0x8F, 0x95, 0x02, 0x96, 0x93, 0xAE, 0xAF, 0xC6, 0xB8, 0xB2, 0xB5, 0xDB, 0xAE,
    0x90, 0x8B, 0x80, 0x8C, 0x8F, 0x98, 0xA8, 0x78, 0x74, 0xA8, 0xD1, 0xF7, 0x14, 0xFF, 0x87, 0xD7,
    0xB0, 0xD3, 0xFF, 0x6C, 0xAB, 0x9D, 0x9B, 0x02, 0xA1, 0x84, 0xCE, 0xC5, 0x79, 0xCA, 0xB6, 0x03,
    0xC5, 0x90, 0xC4, 0xC8, 0xA1, 0xF6, 0xFC, 0xAB, 0xE6, 0xE4, 0xF5, 0xFF, 0xF6, 0xFF, 0xD6, 0xAD,
    0xD9, 0xF6, 0xF4, 0x09, 0xFF, 0x88, 0xF6, 0xFF, 0xF8, 0xF7, 0xE6, 0xE9, 0xDE, 0xD2, 0xF7, 0x02,
    0xFF, 0x02, 0xF6, 0x0A, 0xFF, 0x89, 0xE4, 0x76, 0xCC, 0x99, 0xA2, 0x66, 0xC4, 0xCE, 0x6F, 0x7A,
    0x02, 0xF6, 0x89, 0xF0, 0xCA, 0x76, 0x6A, 0x51, 0x4C, 0x4B, 0x3D, 0x1E, 0x18, 0x0D, 0x1E, 0x02,
    0x26, 0x82, 0x36, 0x4C, 0x4E, 0x02, 0x51, 0x84, 0x53, 0x72, 0xC4, 0xFC, 0xF6, 0x04, 0xFF, 0x84,
    0xF0, 0xFF, 0x7A, 0xFF, 0xF6, 0x03, 0xFF, 0x8A, 0xFC, 0x9B, 0x51, 0x3B, 0x53, 0x58, 0x4B, 0x32,
    0x31, 0x1E, 0x26, 0x0E, 0x1E, 0x80, 0x32, 0x02, 0x1E, 0x8B, 0x33, 0x37, 0x11, 0x53, 0x7A, 0x7C,
    0x9C, 0xBD, 0xA3, 0xBD, 0xAA, 0x99, 0x02, 0x7C, 0x80, 0xED, 0x02, 0xFF, 0x80, 0xFE, 0x03, 0xFF,
    0x84, 0xEE, 0xFF, 0x6A, 0x99, 0xF7, 0x03, 0xFF, 0x88, 0xF6, 0xFF, 0xF7, 0xA6, 0x3C, 0x32, 0x33,
    0x1E, 0x26, 0x2E, 0x1E, 0x02, 0x26, 0x90, 0x1E, 0x7C, 0xFF, 0xE1, 0x7B, 0x7C, 0x7B, 0xA7, 0xC1,
    0xE7, 0xFF, 0xE7, 0xD2, 0xB0, 0xE5, 0xCD, 0xF4, 0x02, 0xFA, 0x84, 0xF6, 0xE9, 0xF8, 0xDE, 0xAD,
    0x02, 0xEC, 0x89, 0xF1, 0xE6, 0xD7, 0xD9, 0xB1, 0x91, 0x96, 0x95, 0x8E, 0x90, 0x02, 0x8F, 0x82,
    0x8D, 0x90, 0x8E, 0x02, 0x8F, 0x88, 0x91, 0x96, 0x98, 0xA9, 0xB9, 0xB0, 0xAF, 0x95, 0x8B, 0x02,
    0x8C, 0x85, 0x8B, 0x91, 0x96, 0xAF, 0xD9, 0xEC, 0x02, 0xF0, 0x0D, 0xFF, 0x80, 0xF9, 0x03, 0xFF,
    0x85, 0xF6, 0xD7, 0xB0, 0xD5, 0xCE, 0x79, 0x02, 0x9B, 0x9B, 0x9A, 0x9B, 0xA3, 0xBC, 0xC4, 0x99,
    0xB9, 0xBB, 0x9B, 0xBC, 0xBB, 0xCA, 0xB9, 0xCE, 0xF6, 0xFF, 0x9B, 0xE9, 0xFF, 0xFC, 0xFF, 0xF6,
    0xFF, 0xD6, 0x94, 0xD7, 0xF6, 0xF4, 0x08, 0xFF, 0x80, 0xF6, 0x02, 0xFF, 0x02, 0xF7, 0x02, 0xDF,
    0x81, 0xD4, 0xD7, 0x03, 0xFF, 0x81, 0xF6, 0xF2, 0x02, 0xFF, 0x80, 0xF6, 0x05, 0xFF, 0x82, 0xFE,
    0xFF, 0xB4, 0x02, 0xF6, 0x8D, 0x6E, 0xC8, 0xBF, 0x7A, 0x75, 0xA3, 0x7B, 0xC5, 0xF0, 0xFF, 0x9F,
    0x7A, 0x4E, 0x4B, 0x02, 0x44, 0x82, 0x35, 0x26, 0x18, 0x0E, 0x1E, 0x82, 0x26, 0x32, 0x3D, 0x05,
    0x51, 0x02, 0xFC, 0x89, 0xFF, 0xF6, 0xE1, 0xFF, 0xF6, 0xF0, 0xED, 0x9F, 0xF0, 0xF6, 0x03, 0xFF,
    0x89, 0xE5, 0x79, 0x4D, 0x37, 0x53, 0x4D, 0x43, 0x32, 0x1E, 0x16, 0x02, 0x18, 0x08, 0x1E, 0x84,
    0x18, 0x1E, 0x20, 0x1E, 0x19, 0x02, 0x26, 0x88, 0x31, 0x11, 0x5A, 0x99, 0x76, 0xAB, 0xC7, 0xA3,
    0xAC, 0x02, 0xBD, 0x84, 0xCE, 0x9E, 0x79, 0x5B, 0xBC, 0x05, 0xFF, 0x84, 0xFE, 0xF7, 0xE7, 0x9C,
    0xA4, 0x05, 0xFF, 0x89, 0xFE, 0xFF, 0xD1, 0x58, 0x1C, 0x24, 0x1E, 0x19, 0x1E, 0x23, 0x28, 0x1E,
    0x80, 0x19, 0x03, 0x23, 0x8C, 0x32, 0x36, 0x1F, 0xBB, 0xF1, 0xC9, 0x7A, 0x93, 0xA9, 0xDF, 0xFF,
    0xE1, 0xF7, 0x02, 0xC1, 0x80, 0xE7, 0x06, 0xFF, 0x81, 0xF3, 0xE9, 0x02, 0xB1, 0x81, 0xE7, 0xFC,
    0x03, 0xFF, 0x8B, 0xEB, 0xB8, 0xA0, 0xB0, 0xA9, 0x77, 0xA9, 0xAD, 0x92, 0x97, 0x95, 0x8E, 0x02,
    0x8F, 0x80, 0x8D, 0x03, 0x8F, 0x86, 0x95, 0x98, 0xB1, 0xB8, 0xAD, 0x90, 0x8C, 0x02, 0x80, 0x97,
    0x8C, 0x90, 0xAE, 0xC0, 0xE2, 0xF4, 0xF3, 0xF6, 0xF1, 0xF3, 0xFF, 0xEE, 0xF2, 0xDC, 0xFF, 0xFE,
    0xFF, 0xF6, 0xFE, 0xE7, 0xEE, 0xF3, 0xFF, 0xDB, 0x02, 0xD3, 0x83, 0xFC, 0x7C, 0xA4, 0x99, 0x02,
    0x9A, 0x80, 0x99, 0x02, 0xA5, 0x90, 0xBC, 0x9E, 0xA3, 0x9B, 0xAA, 0xB3, 0xB4, 0xB9, 0x6D, 0xEB,
    0xE2, 0xF1, 0xB4, 0xF8, 0xFF, 0xF9, 0xF6, 0x02, 0xFF, 0x84, 0xD6, 0x92, 0xD3, 0xFF, 0xF4, 0x0C,
    0xFF, 0x84, 0xDB, 0xE9, 0xDF, 0xC2, 0xE9, 0x0A, 0xFF, 0x8F, 0xF0, 0xF6, 0xCC, 0xFC, 0xE7, 0x76,
    0xF6, 0xB2, 0xCA, 0xCE, 0xFF, 0xCA, 0x9B, 0xC5, 0xBE, 0xF6, 0x02, 0xE1, 0x81, 0x79, 0x6F, 0x03,
    0x44, 0x83, 0x3B, 0x26, 0x1E, 0x19, 0x0C, 0x1E, 0x86, 0x26, 0x1E, 0x18, 0x31, 0x39, 0x53, 0x50,
    0x03, 0x51, 0x89, 0x9A, 0xC2, 0xC7, 0xC3, 0xE2, 0xF5, 0xF6, 0xF0, 0xCE, 0xED, 0x03, 0xFF, 0x87,
    0xE7, 0xF5, 0xC7, 0x79, 0x38, 0x35, 0x4D, 0x20, 0x0F, 0x1E, 0x80, 0x26, 0x03, 0x18, 0x87, 0x23,
    0x37, 0x6A, 0x79, 0xA7, 0xBD, 0xD4, 0xC1, 0x02, 0xC3, 0x87, 0xDD, 0xBD, 0xA7, 0xAA, 0x7B, 0x79,
    0x58, 0xA3, 0x07, 0xFF, 0x82, 0xC7, 0x7A, 0xDA, 0x02, 0xFF, 0x82, 0xFE, 0xFF, 0xF6, 0x02, 0xFF,
    0x87, 0xDF, 0x74, 0x22, 0x27, 0x23, 0x1D, 0x18, 0x19, 0x24, 0x1E, 0x80, 0x26, 0x02, 0x1E, 0x84,
    0x26, 0x1E, 0x27, 0x1E, 0x19, 0x02, 0x1F, 0x8E, 0x32, 0xE9, 0xDF, 0xAC, 0x9C, 0xC2, 0xDF, 0xE9,
    0xF7, 0xE9, 0xC1, 0xC2, 0xFC, 0xFF, 0xFB, 0x03, 0xFF, 0x85, 0xFB, 0xFF, 0xF2, 0xDF, 0xAF, 0xD3,
    0x02, 0xF6, 0x84, 0xF4, 0xFF, 0xFC, 0xF1, 0x70, 0x02, 0xA9, 0x87, 0x9E, 0xB2, 0xB5, 0xBE, 0x7B,
    0xAC, 0xA6, 0xA7, 0x02, 0x94, 0x83, 0x92, 0x91, 0x8E, 0x8F, 0x02, 0x90, 0x86, 0x8F, 0x95, 0x98,
    0xA8, 0x68, 0x63, 0x8D, 0x02, 0x8C, 0x90, 0x8B, 0x90, 0x98, 0xB1, 0xE3, 0xEC, 0xE2, 0xFA, 0xDC,
    0xFC, 0xF2, 0xF6, 0xFF, 0xFC, 0xFF, 0xF9, 0xFF, 0x02, 0xF2, 0x8B, 0xF6, 0xE6, 0xD1, 0xB0, 0xD5,
    0xFF, 0x76, 0x9E, 0x99, 0x7A, 0x99, 0x9A, 0x02, 0xA1, 0x97, 0xAA, 0xA1, 0xA3, 0x71, 0xA2, 0xA3,
    0xAA, 0xC8, 0x9F, 0xC4, 0xE5, 0xC6, 0xC7, 0xF6, 0xFF, 0xF0, 0xF6, 0xFF, 0xF7, 0xD6, 0x94, 0xD1,
    0xFF, 0xF4, 0x0C, 0xFF, 0x85, 0xDB, 0xE9, 0xDF, 0xD2, 0xE9, 0xFB, 0x09, 0xFF, 0x89, 0xF6, 0xFF,
    0xFE, 0xDB, 0xAC, 0xBE, 0xCE, 0xEB, 0xCE, 0xEB, 0x02, 0xFF, 0x8C, 0xAB, 0xB9, 0xE1, 0xC5, 0xFF,
    0xAA, 0x79, 0x53, 0x43, 0x44, 0x42, 0x36, 0x26, 0x02, 0x1E, 0x80, 0x23, 0x09, 0x1E, 0x80, 0x26,
    0x03, 0x1E, 0x84, 0x18, 0x26, 0x39, 0x50, 0x4E, 0x04, 0x51, 0x88, 0xA7, 0xDD, 0xAC, 0xC7, 0xF5,
    0xFF, 0xC8, 0xE1, 0x9A, 0x03, 0xFF, 0x86, 0xFC, 0xF5, 0xFC, 0x58, 0x36, 0x35, 0x4A, 0x04, 0x1E,
    0x02, 0x18, 0x09, 0x1E, 0x8E, 0x32, 0x35, 0x18, 0x3D, 0x53, 0x5A, 0x77, 0xA0, 0x7B, 0xD2, 0xBD,
    0xC1, 0xC2, 0xC9, 0xA4, 0x02, 0x9E, 0x02, 0x79, 0x83, 0x6A, 0x4E, 0x37, 0xB5, 0x07, 0xFF, 0x83,
    0xBC, 0xA2, 0xC4, 0xD0, 0x02, 0xFF, 0x81, 0xFB, 0xF9, 0x02, 0xFF, 0x83, 0xF5, 0xA9, 0x47, 0x32,
    0x02, 0x1E, 0x80, 0x26, 0x1C, 0x1E, 0x02, 0x1F, 0x80, 0x1D, 0x02, 0x1E, 0x81, 0x1D, 0x18, 0x05,
    0x1E, 0x94, 0x26, 0x1E, 0x19, 0x20, 0x21, 0x31, 0x33, 0x4E, 0xD5, 0xB0, 0xA9, 0xD8, 0xFF, 0xF3,
    0xE9, 0xD9, 0xC1, 0xD6, 0xFC, 0xF6, 0xF2, 0x02, 0xFF, 0x80, 0xFE, 0x03, 0xFF, 0x84, 0xF6, 0xDF,
    0xA9, 0xD7, 0xF8, 0x02, 0xF6, 0x02, 0xF0, 0x84, 0x7B, 0xD1, 0xC2, 0xBA, 0x9A, 0x02, 0xB5, 0x85,
    0x6C, 0xC0, 0xCF, 0xA5, 0x9E, 0xA3, 0x02, 0x9A, 0x8D, 0x99, 0x9C, 0x94, 0x98, 0x95, 0x8F, 0x8D,
    0x8F, 0x8E, 0x62, 0x97, 0xAE, 0x96, 0x8F, 0x03, 0x80, 0x87, 0x8D, 0x95, 0xB1, 0xEA, 0xF2, 0xEF,
    0xFA, 0xE7, 0x03, 0xFF, 0x80, 0xFE, 0x02, 0xFF, 0x02, 0xF2, 0x87, 0xFC, 0xD5, 0xD1, 0xB0, 0xDE,
    0xB4, 0x7A, 0x99, 0x03, 0x7C, 0x9A, 0x99, 0x9B, 0x9F, 0x79, 0x9D, 0x7A, 0x9F, 0x9B, 0x9F, 0xA5,
    0xB3, 0xC9, 0xC8, 0xD6, 0x9E, 0xFF, 0xFE, 0xFF, 0xF6, 0xF8, 0xFF, 0xF7, 0xD6, 0xA8, 0xD1, 0xFC,
    0xF4, 0x02, 0xFF, 0x80, 0xFE, 0x08, 0xFF, 0x85, 0xFE, 0xDB, 0xE9, 0xDF, 0xD2, 0xE6, 0x0B, 0xFF,
    0x91, 0xF6, 0xFF, 0xDA, 0x6C, 0xFF, 0xF0, 0xFF, 0xF6, 0xF0, 0xFF, 0xED, 0xC8, 0x7A, 0xE1, 0xED,
    0xF6, 0x7B, 0x7A, 0x02, 0x3D, 0x85, 0x43, 0x3B, 0x1E, 0x35, 0x26, 0x18, 0x08, 0x1E, 0x80, 0x26,
    0x06, 0x1E, 0x83, 0x18, 0x35, 0x3D, 0x4E, 0x03, 0x51, 0x89, 0x52, 0x79, 0xD3, 0xA7, 0xDC, 0xCA,
    0xF0, 0xBE, 0xEF, 0xBF, 0x03, 0xFF, 0x02, 0xFC, 0x84, 0xDA, 0x4B, 0x32, 0x36, 0x3B, 0x02, 0x1E,
    0x80, 0x18, 0x04, 0x1E, 0x80, 0x18, 0x02, 0x1E, 0x80, 0x19, 0x02, 0x1E, 0x02, 0x23, 0x8C, 0x18,
    0x51, 0x53, 0x65, 0x6B, 0x74, 0x75, 0x77, 0xA7, 0xC1, 0xA7, 0xC2, 0x9C, 0x02, 0xA1, 0x87, 0x7A,
    0x59, 0x4C, 0x31, 0x32, 0x31, 0x18, 0xB3, 0x06, 0xFF, 0x83, 0xFC, 0xB4, 0xB3, 0xB7, 0x02, 0xB6,
    0x80, 0xB9, 0x03, 0xFF, 0x84, 0xF6, 0xF0, 0xD1, 0x56, 0x32, 0x21, 0x1E, 0x80, 0x1F, 0x05, 0x1E,
    0x81, 0x23, 0x1F, 0x02, 0x1E, 0x8B, 0x19, 0x1E, 0x26, 0x32, 0x18, 0x33, 0x22, 0x64, 0xBD, 0xD4,
    0xD9, 0xDF, 0x02, 0xFF, 0x83, 0xD2, 0xB0, 0xD8, 0xF5, 0x03, 0xF2, 0x80, 0xF9, 0x04, 0xFF, 0x85,
    0xF6, 0xFF, 0xD9, 0xA9, 0xE9, 0xF8, 0x02, 0xF0, 0x90, 0xF6, 0xB8, 0x93, 0xC1, 0xD2, 0xBF, 0xB7,
    0xBA, 0xAA, 0xA2, 0xC7, 0xB7, 0xAC, 0xA7, 0x9C, 0x9D, 0x99, 0x02, 0x9A, 0x97, 0xB2, 0xC0, 0xC1,
    0xAF, 0x98, 0x95, 0x8A, 0x8D, 0x95, 0xB0, 0xB7, 0xB0, 0x98, 0x95, 0x8C, 0x7E, 0x80, 0x8D, 0x96,
    0xD3, 0xEB, 0xEA, 0xDC, 0xF7, 0x05, 0xFF, 0x9B, 0xF6, 0xF4, 0xD7, 0xD3, 0xB0, 0xD7, 0xDF, 0x6D,
    0xA3, 0x9A, 0x79, 0x9A, 0x71, 0x9D, 0x99, 0x9B, 0x5E, 0xA1, 0x6D, 0x9E, 0x79, 0xA2, 0xB2, 0x59,
    0xC4, 0xBF, 0xC7, 0xA4, 0x02, 0xFF, 0x89, 0xF6, 0xFF, 0xF6, 0xFC, 0xE7, 0xC3, 0xAF, 0xB0, 0xFF,
    0xF4, 0x02, 0xFF, 0x80, 0xFE, 0x08, 0xFF, 0x82, 0xE7, 0xDA, 0xE9, 0x02, 0xD7, 0x80, 0xE9, 0x05,
    0xFF, 0x80, 0xFE, 0x06, 0xFF, 0x82, 0xF0, 0xE5, 0xAC, 0x06, 0xFF, 0x88, 0xF6, 0xF0, 0x79, 0xCE,
    0xFF, 0xCA, 0x7B, 0x7A, 0x3B, 0x02, 0x42, 0x82, 0x35, 0x31, 0x18, 0x02, 0x26, 0x83, 0x32, 0x1E,
    0x26, 0x35, 0x02, 0x1E, 0x84, 0x32, 0x1E, 0x26, 0x1E, 0x26, 0x04, 0x1E, 0x82, 0x35, 0x32, 0x39,
    0x05, 0x51, 0x89, 0x56, 0xAF, 0xA9, 0xC3, 0xC5, 0xCE, 0x9D, 0xF0, 0xB4, 0xF6, 0x03, 0xFF, 0x83,
    0xEF, 0xBB, 0x39, 0x31, 0x09, 0x1E, 0x80, 0x23, 0x02, 0x1E, 0x8C, 0x26, 0x14, 0x37, 0x4B, 0x26,
    0x75, 0x58, 0x59, 0x6B, 0x59, 0x53, 0xA2, 0xA0, 0x02, 0xAB, 0x88, 0x9D, 0x5A, 0x6B, 0x76, 0x51,
    0x14, 0x18, 0x32, 0x18, 0x02, 0x1E, 0x84, 0x26, 0x79, 0xF6, 0xFF, 0xF0, 0x03, 0xFF, 0x87, 0xBE,
    0xA4, 0xA1, 0xB6, 0xBC, 0xB5, 0xB7, 0xF0, 0x02, 0xFF, 0x84, 0xF6, 0xEE, 0xDE, 0x67, 0x2E, 0x1C,
    0x1E, 0x80, 0x18, 0x04, 0x1E, 0x80, 0x1F, 0x04, 0x1E, 0x99, 0x1F, 0x1E, 0x1D, 0x1E, 0x26, 0x1D,
    0x19, 0x23, 0x2D, 0x34, 0x56, 0x93, 0xD7, 0xE9, 0xE7, 0xFF, 0xE9, 0xD5, 0xB0, 0xD1, 0xDF, 0xF7,
    0xFF, 0xF2, 0xF6, 0xE8, 0x03, 0xFF, 0x80, 0xF9, 0x02, 0xFF, 0xA0, 0xFC, 0xD1, 0xB0, 0xE6, 0xED,
    0xE1, 0xE2, 0xEE, 0x76, 0xB0, 0xD7, 0xC3, 0xBA, 0xC5, 0xC4, 0xB4, 0xE4, 0xBF, 0xBB, 0xC0, 0xA3,
    0x9A, 0x9D, 0x9A, 0x9C, 0xA6, 0xBA, 0xC4, 0xBC, 0xBA, 0xC2, 0x67, 0x96, 0x02, 0x90, 0x81, 0x95,
    0xAF, 0x02, 0xB7, 0x83, 0xBD, 0xAF, 0x95, 0x8D, 0x02, 0x80, 0x84, 0x90, 0xB1, 0xEE, 0xFA, 0xF2,
    0x02, 0xFF, 0x80, 0xF6, 0x03, 0xFF, 0x88, 0xDF, 0xD1, 0xB1, 0xB0, 0xF7, 0xA3, 0x79, 0x9B, 0x9A,
    0x02, 0x79, 0x90, 0x9E, 0x9D, 0x9A, 0x9B, 0x6F, 0x73, 0x9D, 0x99, 0x9B, 0x9F, 0xBB, 0xA1, 0xB9,
    0xC5, 0x75, 0xCC, 0xE4, 0x02, 0xF6, 0x89, 0xFF, 0xF6, 0xE7, 0xE5, 0xC3, 0xAF, 0xB0, 0xFF, 0xF4,
    0xFB, 0x0A, 0xFF, 0x86, 0xFC, 0xDA, 0xE9, 0xD4, 0xD9, 0xDF, 0xFE, 0x0B, 0xFF, 0x82, 0xF6, 0x73,
    0xE5, 0x02, 0xFF, 0x80, 0xF6, 0x03, 0xFF, 0x02, 0xF6, 0x80, 0xBF, 0x02, 0xFF, 0x82, 0xB4, 0x9A,
    0x59, 0x02, 0x3D, 0x83, 0x3B, 0x37, 0x3D, 0x42, 0x02, 0x4B, 0x82, 0x42, 0x39, 0x38, 0x02, 0x18,
    0x8E, 0x3B, 0x26, 0x38, 0x12, 0x32, 0x26, 0x32, 0x26, 0x18, 0x38, 0x35, 0x26, 0x32, 0x51, 0x50,
    0x02, 0x51, 0x8A, 0x52, 0x4D, 0xAD, 0xA8, 0x9C, 0xB3, 0xBB, 0x9F, 0xE1, 0xF5, 0xCA, 0x03, 0xFF,
    0x83, 0xF5, 0x99, 0x18, 0x26, 0x06, 0x1E, 0x80, 0x26, 0x05, 0x1E, 0x02, 0x31, 0x82, 0x4C, 0x39,
    0x7B, 0x02, 0x5A, 0x8F, 0x71, 0x5B, 0x76, 0x7A, 0x58, 0x9C, 0xA1, 0x5B, 0x59, 0x53, 0x37, 0x35,
    0x26, 0x14, 0x31, 0x18, 0x03, 0x1E, 0x81, 0x35, 0x58, 0x02, 0xFF, 0x80, 0xF0, 0x03, 0xFF, 0x81,
    0xBE, 0xB3, 0x03, 0xB7, 0x82, 0xB6, 0xB9, 0xF0, 0x02, 0xFF, 0x87, 0xF2, 0xEE, 0xD7, 0x93, 0x2F,
    0x1E, 0x30, 0x1D, 0x19, 0x1E, 0x05, 0x23, 0x03, 0x1D, 0x8E, 0x18, 0x30, 0x28, 0x17, 0x36, 0x1A,
    0x37, 0x22, 0x2A, 0x4F, 0x70, 0xA9, 0xDF, 0xE9, 0xF7, 0x02, 0xE9, 0x88, 0xDF, 0xC1, 0xD1, 0xD9,
    0xE9, 0xFC, 0xFB, 0xFF, 0xF6, 0x04, 0xFF, 0x80, 0xF9, 0x02, 0xFF, 0xA3, 0xF3, 0xE8, 0xAF, 0xD1,
    0xDB, 0xEB, 0xC6, 0xD7, 0x74, 0xC1, 0xDB, 0xCC, 0xC8, 0xBF, 0xE1, 0xC5, 0xEE, 0xE1, 0xEB, 0xF0,
    0xA5, 0xA4, 0x9E, 0xA1, 0x9B, 0xA2, 0xB2, 0xB3, 0xA3, 0xC1, 0xD1, 0x68, 0xA8, 0xD1, 0xAD, 0x91,
    0x02, 0x8F, 0xB0, 0xA8, 0xB2, 0xA9, 0xEF, 0xD9, 0xB1, 0x95, 0x8B, 0x80, 0x90, 0xB1, 0xEF, 0xEB,
    0xFF, 0xFC, 0xF4, 0xF6, 0xFF, 0xE6, 0xD5, 0xD1, 0xA9, 0xD7, 0xF1, 0x66, 0xAA, 0x99, 0x6B, 0x9A,
    0x7A, 0x9F, 0x71, 0xA1, 0x9F, 0xAA, 0x76, 0x9D, 0x75, 0x9D, 0xA1, 0x6A, 0xB9, 0x9A, 0xC7, 0xB3,
    0xDA, 0xE1, 0xF0, 0xF2, 0x02, 0xFF, 0x02, 0xE7, 0x83, 0xC7, 0xAF, 0xB0, 0xE9, 0x02, 0xFB, 0x0A,
    0xFF, 0x85, 0xFC, 0xDC, 0xE9, 0xD2, 0xF7, 0xFE, 0x0B, 0xFF, 0x83, 0xED, 0xFF, 0xC4, 0xFC, 0x05,
    0xFF, 0x82, 0xED, 0xE1, 0xFF, 0x02, 0xED, 0x89, 0xF0, 0xAA, 0xA1, 0x4B, 0x43, 0x4E, 0x4D, 0x42,
    0x4D, 0x4E, 0x02, 0x4D, 0x8F, 0x51, 0x53, 0x59, 0x53, 0x3C, 0x3B, 0x50, 0x42, 0x53, 0x23, 0x39,
    0x38, 0x3D, 0x31, 0x44, 0x32, 0x02, 0x20, 0x02, 0x4E, 0x03, 0x51, 0x92, 0x4D, 0x97, 0xA6, 0xC3,
    0xC6, 0xA3, 0xED, 0xDA, 0xFF, 0xB7, 0xFE, 0xF0, 0xFF, 0xD4, 0x6C, 0x23, 0x1E, 0x19, 0x18, 0x0A,
    0x1E, 0x02, 0x18, 0x8E, 0x51, 0x6E, 0x75, 0x58, 0x74, 0x79, 0x6F, 0x5A, 0x6E, 0x77, 0x6C, 0x5B,
    0x4D, 0x32, 0x31, 0x02, 0x26, 0x02, 0x1E, 0x86, 0x18, 0x26, 0x36, 0x39, 0x37, 0x18, 0x58, 0x05,
    0xFF, 0x88, 0xCE, 0xA3, 0xB9, 0xBF, 0xC4, 0xB5, 0xB9, 0xBB, 0xF0, 0x02, 0xFF, 0x84, 0xF0, 0xEE,
    0xF7, 0xA9, 0x47, 0x1C, 0x1E, 0x03, 0x26, 0x86, 0x31, 0x26, 0x21, 0x15, 0x21, 0x1D, 0x18, 0x02,
    0x33, 0x88, 0x22, 0x2E, 0x4F, 0x67, 0xA6, 0xD9, 0xD7, 0xD8, 0xE7, 0x02, 0xE9, 0x84, 0xDF, 0xD2,
    0xC1, 0xD4, 0xDF, 0x04, 0xFF, 0x80, 0xF6, 0x04, 0xFF, 0x80, 0xF6, 0x03, 0xFF, 0xA3, 0xF3, 0xD9,
    0xAF, 0xD1, 0xE2, 0xEB, 0xBD, 0x7B, 0xB0, 0xD7, 0xE2, 0xCD, 0xCA, 0xCE, 0xE0, 0xED, 0xFF, 0xF6,
    0xFF, 0x99, 0xB3, 0xB2, 0xA4, 0xA3, 0xA5, 0xAA, 0x9C, 0xA7, 0xA6, 0x94, 0x78, 0xAF, 0xB0, 0xA7,
    0xA6, 0x97, 0x02, 0x8F, 0x8C, 0x96, 0xB4, 0xDA, 0xF3, 0xE5, 0xEE, 0xD1, 0x96, 0x8C, 0x80, 0x95,
    0xD5, 0xF2, 0x02, 0xFA, 0x93, 0xFC, 0xFF, 0xF2, 0xD7, 0xD3, 0xA9, 0xD3, 0xF7, 0x9A, 0xA4, 0x9E,
    0xA1, 0x7A, 0x9A, 0x9B, 0x99, 0xAB, 0xAA, 0x5B, 0x79, 0x02, 0xA1, 0x93, 0x79, 0xA2, 0xB2, 0x6B,
    0x99, 0xC7, 0xBD, 0xB4, 0xC4, 0xE1, 0xCB, 0xEA, 0xF6, 0xFF, 0xFC, 0xE5, 0xDA, 0xB1, 0xB0, 0xDF,
    0x02, 0xFB, 0x0A, 0xFF, 0x85, 0xE4, 0xDC, 0xDF, 0xC3, 0xFF, 0xF6, 0x02, 0xFF, 0x80, 0xF6, 0x02,
    0xFF, 0x80, 0xF9, 0x06, 0xFF, 0x82, 0x7B, 0xF0, 0xF6, 0x04, 0xFF, 0x03, 0xF6, 0x02, 0xFF, 0x83,
    0xF6, 0xCE, 0xB2, 0xA1, 0x02, 0x53, 0x88, 0x58, 0x53, 0x58, 0x66, 0x72, 0x7A, 0xA4, 0x58, 0x56,
    0x02, 0x7A, 0x82, 0x9B, 0x58, 0x5A, 0x02, 0x58, 0x8B, 0x59, 0x4E, 0x26, 0x51, 0x37, 0x4C, 0x37,
    0x32, 0x20, 0x4A, 0x4E, 0x50, 0x02, 0x51, 0x8F, 0x4D, 0xAD, 0x9C, 0xBD, 0xE6, 0x7A, 0xFF, 0xB7,
    0xFF, 0xA4, 0xF6, 0xF2, 0xFE, 0xD2, 0x56, 0x32, 0x06, 0x1E, 0x80, 0x26, 0x02, 0x1E, 0x80, 0x26,
    0x03, 0x1E, 0x93, 0x35, 0x50, 0x4D, 0x71, 0x50, 0x58, 0x76, 0x6B, 0x53, 0x72, 0x51, 0x74, 0x44,
    0x18, 0x1E, 0x37, 0x39, 0x35, 0x39, 0x3B, 0x02, 0x3D, 0x85, 0x42, 0x43, 0x42, 0x3D, 0x1E, 0x53,
    0x05, 0xFF, 0x93, 0xBF, 0xB6, 0xB5, 0x76, 0xBC, 0xB5, 0xB9, 0xBE, 0xED, 0xFF, 0xF6, 0xCA, 0xE7,
    0xF2, 0xC1, 0x52, 0x1E, 0x26, 0x1E, 0x1F, 0x18, 0x1E, 0x02, 0x1A, 0x80, 0x19, 0x02, 0x1A, 0x02,
    0x27, 0x88, 0x32, 0x2E, 0x22, 0x40, 0x56, 0x77, 0xA6, 0xD3, 0xD7, 0x02, 0xE9, 0x88, 0xFF, 0xF1,
    0xE9, 0xDE, 0xC2, 0xC1, 0xD7, 0xDF, 0xFA, 0x02, 0xFF, 0x81, 0xF2, 0xEE, 0x03, 0xFF, 0x80, 0xF6,
    0x07, 0xFF, 0x9E, 0xD5, 0xA8, 0xD1, 0xCB, 0xBF, 0xAC, 0xA7, 0xE9, 0xFE, 0xED, 0xE1, 0xCE, 0xF0,
    0xCE, 0xFF, 0xF6, 0xFF, 0xBC, 0xB6, 0xC8, 0xB7, 0xA5, 0xA3, 0x9F, 0x9E, 0xA9, 0xA6, 0x78, 0x97,
    0x68, 0xA9, 0x02, 0xAA, 0x82, 0x6F, 0xA0, 0x97, 0x02, 0x8F, 0x8A, 0xAE, 0xEA, 0xFF, 0xE7, 0xCF,
    0xEA, 0xC3, 0x95, 0x80, 0x8D, 0xAF, 0x02, 0xEF, 0x9D, 0xF2, 0xF6, 0xF1, 0xF8, 0xD1, 0xAF, 0xD1,
    0xE9, 0xFF, 0x71, 0xED, 0xB7, 0x9F, 0xA3, 0x9D, 0xAA, 0x9B, 0xAB, 0xAA, 0x58, 0x76, 0xA2, 0x76,
    0xA2, 0xA5, 0x79, 0xAA, 0xA2, 0xAA, 0xBA, 0x02, 0xC4, 0x8C, 0xCA, 0xCB, 0xEA, 0xF6, 0xFF, 0xFC,
    0xC7, 0xC3, 0xB1, 0xB0, 0xDE, 0xFB, 0xFA, 0x0A, 0xFF, 0x87, 0xE4, 0xDF, 0xD7, 0xC3, 0xFF, 0xF6,
    0xFF, 0xF6, 0x09, 0xFF, 0x81, 0xE1, 0xAA, 0x02, 0xFF, 0x82, 0xF6, 0xF0, 0xFF, 0x02, 0xF6, 0x81,
    0xCA, 0x7B, 0x02, 0xFF, 0x84, 0xE1, 0xBC, 0xBB, 0x7A, 0x6C, 0x02, 0x76, 0x8B, 0x79, 0x9B, 0xA1,
    0x7A, 0x9B, 0xB6, 0xB3, 0xE7, 0x7A, 0x79, 0x7A, 0xAA, 0x02, 0x79, 0x80, 0x6C, 0x02, 0x6B, 0x88,
    0x58, 0x33, 0x4E, 0x4D, 0x24, 0x3C, 0x39, 0x3E, 0x4E, 0x02, 0x50, 0x91, 0x51, 0x4D, 0xA8, 0x58,
    0x77, 0xBA, 0x7A, 0xEB, 0x99, 0xFF, 0x79, 0xCA, 0xFB, 0xE9, 0xD1, 0x4D, 0x1E, 0x20, 0x03, 0x1E,
    0x80, 0x26, 0x08, 0x1E, 0x8B, 0x32, 0x4A, 0x71, 0x42, 0x3D, 0x65, 0x58, 0x51, 0x58, 0x4D, 0x4E,
    0x13, 0x02, 0x32, 0x02, 0x3D, 0x80, 0x43, 0x02, 0x3D, 0x82, 0x42, 0x44, 0x4A, 0x02, 0x4B, 0x83,
    0x4A, 0x43, 0x1E, 0x4B, 0x02, 0xF0, 0x8B, 0xF6, 0xFF, 0xED, 0xCA, 0xBE, 0xBB, 0x9A, 0xAA, 0xB6,
    0xB5, 0xBE, 0xED, 0x02, 0xFF, 0x88, 0xBB, 0xF7, 0xF3, 0xD8, 0x57, 0x1E, 0x26, 0x1E, 0x27, 0x18,
    0x1E, 0x8E, 0x1F, 0x32, 0x24, 0x32, 0x18, 0x2A, 0x47, 0x56, 0x68, 0x94, 0xC1, 0xDF, 0xD7, 0xF7,
    0xF8, 0x02, 0xF6, 0x8B, 0xF4, 0xFC, 0xE8, 0xC1, 0xBA, 0xD7, 0xDF, 0xDC, 0xE9, 0xFF, 0xF6, 0xF8,
    0x02, 0xF6, 0x0A, 0xFF, 0x8A, 0xFB, 0xD5, 0xA8, 0xC2, 0xEE, 0xD0, 0x9C, 0xD4, 0xE9, 0xF3, 0xF0,
    0x03, 0xED, 0x80, 0xF6, 0x03, 0xF0, 0x99, 0xED, 0xF6, 0xEA, 0xBB, 0x9F, 0x9E, 0xA1, 0xA0, 0x94,
    0x93, 0xA6, 0x78, 0xA8, 0x9B, 0x9A, 0x76, 0xA2, 0xA4, 0xA7, 0x91, 0x8F, 0x95, 0xDB, 0xEE, 0xF5,
    0xBC, 0x02, 0xBA, 0x91, 0xB1, 0x8C, 0x80, 0x98, 0xEC, 0xEE, 0xF8, 0xFF, 0xDF, 0xD5, 0xAF, 0xB1,
    0xD7, 0xFF, 0x79, 0xBB, 0xC8, 0xB6, 0x03, 0xAA, 0x9D, 0xC8, 0xC5, 0xBB, 0xA5, 0x71, 0xAA, 0xA1,
    0x79, 0xA3, 0xAA, 0x73, 0x76, 0xB3, 0xAA, 0xBA, 0xBF, 0xC7, 0xC4, 0xC8, 0xEA, 0xF6, 0xFB, 0xE4,
    0xDA, 0xC3, 0xB1, 0xB0, 0xD7, 0xF4, 0xFA, 0x0A, 0xFF, 0x84, 0xF5, 0xDC, 0xC2, 0xDF, 0xF6, 0x06,
    0xFF, 0x80, 0xF6, 0x04, 0xFF, 0x81, 0xCE, 0x9F, 0x02, 0xE1, 0x91, 0xFF, 0xF2, 0xF6, 0xB7, 0x79,
    0x73, 0x79, 0x6D, 0xC8, 0xFF, 0xF0, 0xC5, 0xBF, 0x79, 0x9B, 0xBF, 0x9C, 0x99, 0x02, 0x79, 0x86,
    0x76, 0x75, 0x6C, 0xAA, 0xB6, 0xC3, 0xBA, 0x02, 0xBD, 0x88, 0x79, 0xB3, 0x76, 0x7B, 0x70, 0x76,
    0x53, 0x50, 0x4D, 0x02, 0x53, 0x81, 0x4A, 0x3B, 0x03, 0x4E, 0x91, 0x53, 0x52, 0xA6, 0x41, 0x4F,
    0xA0, 0x74, 0xC4, 0x76, 0xED, 0x76, 0xCA, 0xF4, 0xE9, 0xB0, 0x3C, 0x31, 0x19, 0x02, 0x26, 0x0A,
    0x1E, 0x86, 0x38, 0x50, 0x43, 0x32, 0x4B, 0x4E, 0x4C, 0x02, 0x3B, 0x82, 0x38, 0x31, 0x35, 0x02,
    0x3B, 0x81, 0x3D, 0x42, 0x02, 0x44, 0x84, 0x4C, 0x4B, 0x4C, 0x4B, 0x4C, 0x02, 0x4D, 0x82, 0x4B,
    0x39, 0x50, 0x04, 0xFF, 0x91, 0xE1, 0xCA, 0xC5, 0x59, 0xED, 0x9D, 0xAA, 0xB6, 0xBF, 0xC5, 0xFF,
    0xF2, 0x6B, 0xDB, 0xF3, 0xDB, 0x67, 0x27, 0x1B, 0x1E, 0x94, 0x2E, 0x41, 0x52, 0x67, 0x7B, 0xA6,
    0xD1, 0xD9, 0xDF, 0xDB, 0xF7, 0xFF, 0xF6, 0xEE, 0xF2, 0xF6, 0xFF, 0xDC, 0xC2, 0xB0, 0xD9, 0x02,
    0xE9, 0x81, 0xFF, 0xF6, 0x10, 0xFF, 0x88, 0xFC, 0xD3, 0xAD, 0xC2, 0xCB, 0x99, 0xB4, 0xBD, 0xFC,
    0x05, 0xF6, 0xA8, 0xFE, 0xF0, 0xF6, 0xF0, 0xFC, 0xFF, 0xBE, 0x9B, 0xA2, 0xA0, 0x9C, 0x93, 0x94,
    0xA6, 0xA0, 0xA1, 0x9A, 0x69, 0xA4, 0x7C, 0xA1, 0xA5, 0xA2, 0xA8, 0x90, 0x8F, 0x98, 0xCC, 0xB2,
    0xAB, 0xAC, 0xB6, 0xBC, 0x90, 0x83, 0x95, 0xE9, 0xF3, 0xF4, 0xDF, 0xD3, 0x02, 0xB0, 0x9B, 0xDF,
    0xF3, 0xC0, 0xB3, 0xC9, 0xCA, 0xBC, 0xB9, 0xB6, 0xC8, 0xCE, 0xCA, 0xBC, 0x76, 0x9F, 0xA1, 0x79,
    0xA2, 0x9D, 0x79, 0x76, 0xB6, 0xA4, 0xAA, 0xBA, 0xBC, 0xCC, 0xC8, 0x02, 0xEA, 0x89, 0xF0, 0xFF,
    0xFC, 0xBA, 0xDB, 0xAF, 0xB1, 0xD7, 0xF4, 0xFA, 0x0A, 0xFF, 0x84, 0xE4, 0xE6, 0xC1, 0xDF, 0xF6,
    0x06, 0xFF, 0x80, 0xA5, 0x04, 0xFF, 0x94, 0xF0, 0x9F, 0xED, 0xF6, 0xA1, 0x79, 0x76, 0x9C, 0xC3,
    0xBD, 0xCE, 0x9F, 0x9E, 0xF6, 0xF0, 0xC4, 0xB5, 0x7A, 0x7C, 0x9F, 0x6B, 0x02, 0x74, 0x02, 0x79,
    0x83, 0x9F, 0xAB, 0xA1, 0x79, 0x02, 0xAA, 0x86, 0xC3, 0x9E, 0xAA, 0x99, 0xAA, 0x7B, 0x99, 0x02,
    0x79, 0x9A, 0x58, 0x52, 0x58, 0x53, 0x4E, 0x3C, 0x4D, 0x4C, 0x4E, 0x53, 0x6C, 0x79, 0x1A, 0x41,
    0x77, 0x7B, 0x9B, 0x71, 0xF2, 0x99, 0xFF, 0xF2, 0xDF, 0xA9, 0x2F, 0x31, 0x1A, 0x05, 0x1E, 0x80,
    0x26, 0x06, 0x1E, 0x89, 0x35, 0x38, 0x36, 0x35, 0x37, 0x38, 0x18, 0x26, 0x1E, 0x35, 0x02, 0x3B,
    0x02, 0x3D, 0x02, 0x42, 0x02, 0x44, 0x83, 0x3D, 0x26, 0x20, 0x3D, 0x03, 0x4E, 0x02, 0x4D, 0x80,
    0xAB, 0x03, 0xFF, 0x8A, 0xF6, 0xC5, 0xBF, 0x9A, 0xB3, 0x79, 0xC8, 0xB6, 0xB4, 0xCA, 0xC8, 0x02,
    0xF6, 0x86, 0xA4, 0xF7, 0xEB, 0xDB, 0x68, 0x1E, 0x19, 0x1A, 0x1E, 0x82, 0xA7, 0xD7, 0xD5, 0x02,
    0xD9, 0x87, 0xE9, 0xFC, 0xFF, 0xF9, 0xEE, 0xFF, 0xF6, 0xFF, 0x02, 0xE5, 0x87, 0xD8, 0xD2, 0xC1,
    0xD8, 0xDE, 0xE7, 0xFF, 0xFE, 0x03, 0xF6, 0x0E, 0xFF, 0x8C, 0xFE, 0xF1, 0xAF, 0xAD, 0xD4, 0x6C,
    0xEA, 0xC5, 0xCC, 0xFC, 0xF6, 0xFF, 0xFE, 0x02, 0xFF, 0x80, 0xF0, 0x02, 0xF6, 0x95, 0xEE, 0xCF,
    0xAA, 0xA3, 0xAA, 0xA0, 0x94, 0x92, 0x93, 0x94, 0x9C, 0x9A, 0x73, 0x6D, 0x76, 0x99, 0xA4, 0x79,
    0x7C, 0xA5, 0xC0, 0x98, 0x02, 0x90, 0x95, 0xA6, 0xA3, 0xAA, 0xB3, 0xB5, 0xB4, 0x95, 0x7F, 0x90,
    0xD8, 0xEE, 0xDE, 0xB1, 0xAF, 0xB1, 0xDF, 0xFF, 0xEE, 0xBE, 0xFF, 0xE4, 0xCA, 0x02, 0xC5, 0x81,
    0xC4, 0xF0, 0x02, 0xF6, 0x9B, 0xED, 0x58, 0xB3, 0xA3, 0x76, 0xA5, 0xA3, 0x58, 0xAB, 0xB8, 0xA7,
    0xB8, 0xBB, 0xBF, 0xBE, 0xED, 0xCB, 0xCE, 0xF4, 0xFF, 0xFC, 0x7B, 0xE6, 0xAE, 0xB0, 0xDF, 0xE7,
    0xFB, 0x09, 0xFF, 0x85, 0xF6, 0xB8, 0xBD, 0xC1, 0xE9, 0xF6, 0x06, 0xFF, 0x80, 0xF0, 0x04, 0xFF,
    0xA6, 0xC7, 0x9E, 0xB3, 0xA5, 0xB6, 0xC3, 0xAC, 0xD6, 0xAC, 0xA7, 0x9D, 0xA1, 0xF6, 0xF0, 0xFF,
    0xBF, 0xB2, 0x7C, 0xA2, 0x76, 0x9F, 0xBA, 0xAC, 0xAA, 0x9B, 0xA3, 0x7B, 0x9A, 0x7A, 0xB7, 0xA4,
    0xAA, 0x9B, 0xB3, 0x7B, 0x9E, 0x7B, 0x6C, 0x6B, 0x02, 0x65, 0x81, 0x58, 0x53, 0x02, 0x50, 0x94,
    0x37, 0x43, 0x3D, 0x4A, 0x4D, 0x99, 0x52, 0x27, 0x3C, 0x59, 0xC2, 0x76, 0x9F, 0xFF, 0xB9, 0xFF,
    0xEE, 0xDF, 0xA8, 0x2F, 0x18, 0x0B, 0x1E, 0x82, 0x18, 0x1E, 0x26, 0x02, 0x31, 0x80, 0x1E, 0x03,
    0x26, 0x80, 0x32, 0x03, 0x3B, 0x02, 0x3D, 0x81, 0x3E, 0x3D, 0x02, 0x12, 0x02, 0x37, 0x83, 0x38,
    0x26, 0x4B, 0x4D, 0x03, 0x4E, 0x81, 0x7B, 0xE1, 0x02, 0xFF, 0x89, 0xF6, 0xED, 0xCA, 0xBE, 0x59,
    0xB6, 0x79, 0x71, 0xB3, 0x7C, 0x02, 0xED, 0x89, 0xF6, 0xC4, 0xF6, 0xC8, 0xCB, 0xD2, 0x68, 0x31,
    0x1E, 0x26, 0x19, 0x1E, 0x08, 0xFF, 0x03, 0xF6, 0x86, 0xFA, 0xDB, 0xDC, 0xDB, 0xC2, 0xD4, 0xE8,
    0x0F, 0xFF, 0x80, 0xF6, 0x05, 0xFF, 0x02, 0xF6, 0x87, 0xF1, 0xAD, 0xAF, 0x73, 0xE2, 0xF0, 0xF6,
    0xFB, 0x02, 0xF6, 0x80, 0xF8, 0x03, 0xF6, 0xB0, 0xF0, 0xF7, 0xEB, 0xB9, 0xAA, 0xAC, 0xA7, 0xA6,
    0x7B, 0x78, 0x94, 0xA0, 0x99, 0x7C, 0x5B, 0x6C, 0x7A, 0x9B, 0x9A, 0x58, 0xA1, 0xA4, 0xBE, 0xEE,
    0xB1, 0x8F, 0x8D, 0x92, 0xA1, 0xA7, 0xA5, 0xB4, 0xC3, 0x90, 0x80, 0x95, 0xFA, 0xF1, 0xD1, 0xA8,
    0xB1, 0xF7, 0xF6, 0xED, 0xB9, 0xCE, 0xF6, 0xF0, 0xE1, 0x02, 0xCE, 0x80, 0xF6, 0x02, 0xFF, 0x89,
    0xF0, 0xCA, 0xB5, 0xAA, 0x7C, 0xA5, 0xA4, 0x73, 0x75, 0xBF, 0x02, 0xAC, 0x8F, 0xB8, 0xEA, 0xBC,
    0xC8, 0xE1, 0xCC, 0xED, 0xF4, 0xF6, 0xE3, 0xA1, 0xDB, 0xAE, 0xB0, 0xF5, 0xFC, 0x0A, 0xFF, 0x84,
    0xF6, 0xAC, 0x9C, 0xBD, 0xFC, 0x02, 0xF6, 0x02, 0xFF, 0x84, 0xF6, 0xED, 0xA1, 0xFF, 0xF6, 0x02,
    0xFF, 0x92, 0xE1, 0xDA, 0xA3, 0x9C, 0x79, 0x99, 0xA1, 0x7B, 0x79, 0x9B, 0x7B, 0x76, 0xA2, 0xED,
    0xF6, 0xCE, 0xB7, 0xA3, 0x9F, 0x02, 0x6B, 0x8A, 0x71, 0x6B, 0x6A, 0x73, 0x59, 0x4E, 0x3B, 0x3D,
    0x4E, 0x53, 0x58, 0x04, 0x53, 0x89, 0x50, 0x4A, 0x53, 0x41, 0x50, 0x51, 0x53, 0x58, 0x50, 0x4C,
    0x02, 0x38, 0x93, 0x39, 0x44, 0x58, 0x6B, 0x1C, 0x18, 0x14, 0x4D, 0xB0, 0x7C, 0xF2, 0xFF, 0xE1,
    0xFF, 0xF3, 0xD7, 0xA8, 0x40, 0x24, 0x20, 0x11, 0x1E, 0x81, 0x26, 0x37, 0x02, 0x39, 0x04, 0x3D,
    0x88, 0x3A, 0x16, 0x10, 0x08, 0x07, 0x09, 0x0A, 0x4C, 0x4E, 0x02, 0x50, 0x82, 0x4F, 0x53, 0xE5,
    0x03, 0xFF, 0x93, 0xCA, 0xC8, 0xB4, 0x7B, 0xB4, 0x59, 0xBB, 0x7A, 0xB4, 0x79, 0xCC, 0x7A, 0xCE,
    0x6E, 0xFC, 0xEA, 0xEE, 0xD1, 0x68, 0x35, 0x02, 0x26, 0x19, 0x1E, 0x05, 0xFF, 0x80, 0xF6, 0x04,
    0xFF, 0x02, 0xDF, 0x86, 0xA7, 0x9C, 0xD4, 0xE9, 0xE7, 0xFC, 0xFF, 0x02, 0xF6, 0x13, 0xFF, 0x8B,
    0xF8, 0xE9, 0xA8, 0x77, 0xF3, 0xFC, 0xFF, 0xF6, 0xFF, 0xF4, 0xFF, 0xF1, 0x03, 0xF8, 0x85, 0xF1,
    0xD0, 0xB6, 0xBD, 0xA9, 0xA6, 0x03, 0x94, 0x94, 0xA6, 0x99, 0x9B, 0x6B, 0x79, 0x99, 0x7C, 0x9F,
    0x5A, 0x7B, 0x9E, 0xA5, 0xC4, 0xF1, 0xB7, 0xA0, 0x95, 0x8F, 0x91, 0xA7, 0xA2, 0x02, 0xB7, 0x84,
    0xAE, 0x8B, 0x80, 0x98, 0xD9, 0x02, 0xAF, 0x82, 0xD9, 0xE9, 0xF2, 0x02, 0xFF, 0x86, 0xB4, 0xFF,
    0xF2, 0xF6, 0xF0, 0xED, 0xF0, 0x03, 0xFF, 0x84, 0xF6, 0x75, 0xB5, 0xB7, 0x99, 0x02, 0xB2, 0x86,
    0x5A, 0xB9, 0xB8, 0xAC, 0xBD, 0xC6, 0xC0, 0x03, 0xC8, 0x8A, 0xCA, 0xF0, 0xF9, 0xED, 0xBE, 0xDB,
    0xDD, 0x98, 0xD3, 0xE1, 0xF6, 0x0A, 0xFF, 0x84, 0xFB, 0xA7, 0xA0, 0xDC, 0xF0, 0x02, 0xF6, 0x02,
    0xFF, 0x83, 0xF6, 0xFF, 0x79, 0xF0, 0x03, 0xFF, 0x84, 0xF6, 0x9E, 0x79, 0x99, 0x7B, 0x02, 0x7A,
    0xA3, 0x99, 0xA5, 0xA2, 0x9F, 0x7A, 0xC4, 0xF0, 0xF6, 0xC4, 0xAB, 0xA3, 0x7A, 0x53, 0x4E, 0x3D,
    0x31, 0x18, 0x32, 0x38, 0x32, 0x26, 0x31, 0x26, 0x31, 0x26, 0x31, 0x32, 0x31, 0x18, 0x39, 0x4B,
    0x43, 0x3C, 0x51, 0x3D, 0x35, 0x02, 0x42, 0x8E, 0x39, 0x31, 0x35, 0x39, 0x3C, 0x6E, 0x53, 0x33,
    0x35, 0x32, 0x41, 0x78, 0xBD, 0xF0, 0xF6, 0x02, 0xF0, 0x85, 0xF3, 0xD7, 0xA8, 0x47, 0x1C, 0x19,
    0x11, 0x1E, 0x80, 0x36, 0x02, 0x39, 0x04, 0x3D, 0x87, 0x3B, 0x3D, 0x36, 0x3B, 0x39, 0x0A, 0x0B,
    0x3B, 0x03, 0x4E, 0x99, 0x50, 0x4E, 0x59, 0xDD, 0xF6, 0xFF, 0xC4, 0xED, 0xE1, 0xED, 0x6A, 0xB6,
    0x9D, 0x7C, 0xBB, 0x9A, 0xB3, 0xBE, 0x76, 0xF0, 0x7A, 0xB9, 0xEA, 0xC6, 0xB0, 0x64, 0x02, 0x31,
    0x80, 0x26, 0x19, 0x1E, 0x05, 0xFF, 0x8A, 0xF6, 0xFF, 0xF6, 0xE9, 0xE8, 0xD4, 0x7A, 0xBA, 0xD8,
    0xDF, 0xFC, 0x02, 0xF2, 0x02, 0xF6, 0x12, 0xFF, 0x87, 0xF6, 0xBF, 0xF6, 0x9C, 0x94, 0xD3, 0xEE,
    0xFC, 0x05, 0xFF, 0x03, 0xF7, 0x97, 0xF8, 0xC6, 0xBD, 0xC1, 0xA9, 0xA8, 0xA6, 0x94, 0x97, 0xA0,
    0x7B, 0x59, 0x9A, 0xA5, 0x9F, 0xA5, 0x6C, 0x76, 0xA5, 0x9D, 0x76, 0xB2, 0xED, 0xB2, 0x02, 0x9F,
    0x80, 0x96, 0x02, 0x8F, 0x8F, 0xA2, 0xB2, 0xA5, 0xB0, 0x90, 0x80, 0x8B, 0xAE, 0xA8, 0xAF, 0xD9,
    0xF8, 0xEE, 0xF4, 0xF6, 0xED, 0x03, 0xFF, 0x82, 0xFE, 0xFF, 0xF6, 0x03, 0xFF, 0x9C, 0xF6, 0xE1,
    0x99, 0xBB, 0xB9, 0xBB, 0xB6, 0x6C, 0xB7, 0xBB, 0xAC, 0xBD, 0xB8, 0xCB, 0xBE, 0xCA, 0xC8, 0xBF,
    0xC4, 0xFF, 0xEB, 0xFF, 0x9E, 0xD4, 0xDE, 0xAD, 0xD3, 0xC4, 0xF4, 0x07, 0xFF, 0x80, 0xF9, 0x03,
    0xFF, 0x82, 0xA7, 0xA0, 0xE9, 0x05, 0xFF, 0x82, 0xF0, 0xFF, 0xB2, 0x03, 0xFF, 0x8D, 0xCA, 0xED,
    0x6C, 0x6E, 0x79, 0xA2, 0xA4, 0x9F, 0x7B, 0x6C, 0x53, 0x4D, 0x53, 0xF0, 0x02, 0xFF, 0x83, 0xB6,
    0xB3, 0xAA, 0x50, 0x05, 0x1E, 0x80, 0x26, 0x0C, 0x1E, 0x02, 0x23, 0x84, 0x32, 0x23, 0x37, 0x32,
    0x26, 0x03, 0x1E, 0x84, 0x31, 0x37, 0x53, 0x5B, 0x33, 0x02, 0x1E, 0x8C, 0x24, 0x41, 0x58, 0xD5,
    0xE7, 0xF6, 0xE1, 0xC7, 0xF3, 0xDF, 0xAD, 0x4F, 0x1C, 0x12, 0x1E, 0x82, 0x35, 0x38, 0x39, 0x02,
    0x3B, 0x03, 0x39, 0x02, 0x3D, 0x85, 0x0B, 0x0E, 0x07, 0x04, 0x0B, 0x53, 0x03, 0x58, 0x8C, 0x56,
    0x7B, 0xE9, 0xFF, 0xE1, 0xB9, 0xED, 0xCA, 0x9A, 0xB9, 0x6C, 0xB2, 0x6E, 0x02, 0x6F, 0x82, 0xA3,
    0xC5, 0xAA, 0x02, 0xBB, 0x87, 0x99, 0xC0, 0x99, 0xA9, 0x56, 0x32, 0x18, 0x31, 0x19, 0x1E, 0x07,
    0xFF, 0x88, 0xFC, 0xC2, 0xA7, 0x9C, 0xDF, 0xDD, 0xE7, 0xFC, 0xFF, 0x02, 0xF2, 0x14, 0xFF, 0x87,
    0xE1, 0xBB, 0x76, 0x67, 0x97, 0xD3, 0xEE, 0xFC, 0x03, 0xFF, 0x84, 0xF9, 0xF6, 0xE9, 0xDF, 0xD4,
    0x02, 0xC2, 0x81, 0xB0, 0xAF, 0x02, 0xA8, 0x90, 0xA9, 0xA6, 0x67, 0x72, 0xC9, 0xBE, 0xBC, 0xB2,
    0x79, 0x7C, 0x9B, 0x6C, 0x75, 0x9D, 0xC8, 0xC4, 0xA5, 0x02, 0xA2, 0x94, 0xA1, 0x96, 0x8D, 0x8F,
    0xB3, 0xA3, 0xB1, 0x96, 0x8C, 0x7E, 0x95, 0xA9, 0xD5, 0xDE, 0xE9, 0xFF, 0xF4, 0xFA, 0xFB, 0xF0,
    0xFB, 0x03, 0xFF, 0x80, 0xF9, 0x04, 0xFF, 0x8C, 0xF6, 0xAA, 0xC4, 0xC5, 0xBC, 0xB7, 0x9A, 0xB4,
    0xBE, 0xB7, 0xAC, 0xB8, 0xD0, 0x02, 0xBF, 0x80, 0xCA, 0x02, 0xC5, 0x84, 0xE2, 0xF0, 0xF8, 0xB9,
    0xF7, 0x02, 0xD3, 0x83, 0xAD, 0xD9, 0xEE, 0xF4, 0x07, 0xFF, 0x80, 0xF9, 0x03, 0xFF, 0x02, 0xA7,
    0x81, 0xE9, 0xFB, 0x03, 0xFF, 0x84, 0xF6, 0xED, 0xFF, 0xCE, 0xFF, 0x02, 0xF6, 0x8C, 0xF0, 0x99,
    0x59, 0x66, 0xB4, 0x79, 0x58, 0x53, 0x50, 0x4E, 0x4B, 0x44, 0x5B, 0x02, 0xFF, 0x80, 0xE1, 0x02,
    0xB3, 0x81, 0xA2, 0x32, 0x05, 0x1E, 0x80, 0x23, 0x0E, 0x1E, 0x80, 0x18, 0x02, 0x31, 0x80, 0x26,
    0x04, 0x1E, 0x8B, 0x18, 0x35, 0x6B, 0x50, 0x33, 0x26, 0x16, 0x27, 0x34, 0x41, 0xA0, 0xD8, 0x02,
    0xF6, 0x86, 0xE2, 0xFF, 0xD9, 0xB1, 0x56, 0x24, 0x20, 0x11, 0x1E, 0x8D, 0x32, 0x37, 0x39, 0x36,
    0x35, 0x38, 0x39, 0x3B, 0x3D, 0x36, 0x23, 0x44, 0x52, 0x50, 0x02, 0x58, 0x03, 0x59, 0x85, 0x58,
    0xD7, 0xE9, 0xFF, 0x9B, 0xFF, 0x02, 0xCA, 0x94, 0x7A, 0xAA, 0xBE, 0xA3, 0xAB, 0x9B, 0xB3, 0xB2,
    0xA3, 0xB2, 0x7B, 0xB9, 0x9F, 0xB3, 0xA7, 0xA0, 0x4F, 0x31, 0x1D, 0x1E, 0x23, 0x18, 0x1E, 0x04,
    0xFF, 0x80, 0xFE, 0x02, 0xFF, 0x89, 0xE9, 0x79, 0xC2, 0xD6, 0xDB, 0xF5, 0xFB, 0xF6, 0xFF, 0xFE,
    0x02, 0xFF, 0x83, 0xFC, 0xFF, 0xF6, 0xF9, 0x0B, 0xFF, 0x80, 0xF6, 0x03, 0xFF, 0x87, 0xE1, 0x76,
    0x6D, 0xB1, 0xAD, 0xD3, 0xEE, 0xFC, 0x02, 0xFF, 0x83, 0xFE, 0xFC, 0xE5, 0xD2, 0x03, 0xD3, 0x80,
    0xB0, 0x02, 0xA8, 0x8A, 0xAF, 0xA6, 0xA0, 0xA4, 0xC0, 0xF3, 0xEB, 0xC6, 0xBD, 0xB5, 0xA2, 0x02,
    0xA5, 0x85, 0xA4, 0x9F, 0xBB, 0xBF, 0x7A, 0x9E, 0x02, 0xA3, 0x8D, 0xA4, 0x91, 0x8D, 0x91, 0xA0,
    0xA7, 0x98, 0x8B, 0x80, 0x90, 0xB1, 0xE5, 0xFF, 0xF2, 0x02, 0xFF, 0x81, 0xE7, 0xFB, 0x0C, 0xFF,
    0x8B, 0xCE, 0xE1, 0xC5, 0xCE, 0xB6, 0x6D, 0xE2, 0xBC, 0xAA, 0xC6, 0xE3, 0xBF, 0x02, 0xC9, 0x8E,
    0xC5, 0xC4, 0xBE, 0xF0, 0xBE, 0xC0, 0x76, 0xD7, 0xD3, 0xB1, 0xAD, 0xDF, 0xF6, 0xF4, 0xFB, 0x0A,
    0xFF, 0x84, 0xA7, 0xAC, 0xE9, 0xFF, 0xFB, 0x03, 0xFF, 0x02, 0xF6, 0x80, 0xED, 0x02, 0xFF, 0x90,
    0xF6, 0xED, 0x66, 0x9B, 0x71, 0x42, 0x31, 0x43, 0x3D, 0x4B, 0x44, 0x4A, 0x43, 0x99, 0xC8, 0xCE,
    0xC4, 0x02, 0xAA, 0x82, 0x73, 0x18, 0x26, 0x03, 0x1E, 0x80, 0x18, 0x07, 0x1E, 0x82, 0x26, 0x1E,
    0x26, 0x03, 0x1E, 0x85, 0x18, 0x1E, 0x31, 0x26, 0x31, 0x18, 0x04, 0x1E, 0x82, 0x36, 0x4E, 0x59,
    0x02, 0x11, 0x02, 0x19, 0x8E, 0x32, 0x1C, 0x3C, 0x77, 0xD8, 0xFF, 0xF3, 0xE2, 0xF6, 0xE9, 0x94,
    0x57, 0x24, 0x20, 0x18, 0x0A, 0x1E, 0x81, 0x18, 0x31, 0x04, 0x1E, 0x8C, 0x26, 0x35, 0x38, 0x3D,
    0x43, 0x42, 0x3D, 0x3B, 0x3D, 0x3B, 0x13, 0x58, 0x6A, 0x02, 0x59, 0x8A, 0x6F, 0x6E, 0x5B, 0x65,
    0x6E, 0xDF, 0xF7, 0xFF, 0xF2, 0xF6, 0xF0, 0x02, 0xED, 0x90, 0xC4, 0xB4, 0xB7, 0x59, 0x99, 0xAB,
    0xA2, 0x9D, 0xAB, 0x9A, 0x7B, 0xB2, 0x69, 0xA9, 0x78, 0x40, 0x19, 0x1B, 0x1E, 0x80, 0xFF, 0x02,
    0xF6, 0x02, 0xF2, 0x88, 0xF6, 0xDF, 0x74, 0xDF, 0xE6, 0xF0, 0xF6, 0xFF, 0xFC, 0x02, 0xFF, 0x84,
    0xFE, 0xFF, 0xF9, 0xFF, 0xF6, 0x0E, 0xFF, 0x91, 0xFB, 0xCF, 0xBF, 0x79, 0x76, 0xC9, 0xAE, 0xAF,
    0xDE, 0xE6, 0xDC, 0xD7, 0xD4, 0xD2, 0xD9, 0xD5, 0xB1, 0xAF, 0x02, 0xA8, 0x80, 0xAF, 0x02, 0xB0,
    0x83, 0xAC, 0xBD, 0xE1, 0xF9, 0x02, 0xFF, 0x8F, 0xE3, 0xC5, 0xBF, 0xB7, 0xAB, 0xB7, 0xAB, 0xAA,
    0x7C, 0x74, 0xAC, 0xB4, 0xA4, 0xB2, 0xA3, 0x96, 0x02, 0x8F, 0x8A, 0x97, 0x94, 0x96, 0x8B, 0x83,
    0x8F, 0xAF, 0xE1, 0xE4, 0xFA, 0xF9, 0x0E, 0xFF, 0x83, 0xF6, 0xED, 0xC8, 0xCA, 0x02, 0xCE, 0x91,
    0x7B, 0xFC, 0xC3, 0xAC, 0xD4, 0x7C, 0xC6, 0xC8, 0x7A, 0xBE, 0xBF, 0xBC, 0xB9, 0x6F, 0xC5, 0xE1,
    0xBD, 0xD5, 0x02, 0xAF, 0x84, 0xAD, 0xAC, 0xF2, 0xFC, 0xFB, 0x08, 0xFF, 0x85, 0xFC, 0xF1, 0xA7,
    0xC1, 0xF7, 0xF6, 0x02, 0xF4, 0x02, 0xFF, 0x81, 0xF6, 0xC5, 0x04, 0xFF, 0x85, 0xBF, 0x6B, 0x36,
    0x18, 0x3D, 0x3B, 0x02, 0x43, 0x84, 0x4A, 0x4B, 0x43, 0x37, 0xB5, 0x02, 0xFF, 0x83, 0xB6, 0xA4,
    0xA3, 0x4E, 0x02, 0x26, 0x0B, 0x1E, 0x82, 0x26, 0x32, 0x26, 0x03, 0x31, 0x03, 0x18, 0x07, 0x1E,
    0x85, 0x26, 0x58, 0x3B, 0x26, 0x32, 0x19, 0x02, 0x1E, 0x8C, 0x26, 0x3D, 0x52, 0xB0, 0xDD, 0xF2,
    0xE3, 0xF6, 0xF7, 0x7B, 0x67, 0x34, 0x1A, 0x09, 0x1E, 0x81, 0x18, 0x1E, 0x03, 0x26, 0x82, 0x35,
    0x32, 0x39, 0x02, 0x42, 0x85, 0x43, 0x44, 0x4C, 0x44, 0x41, 0x4D, 0x02, 0x5A, 0x8E, 0x53, 0x3C,
    0x11, 0x4D, 0x53, 0x67, 0x64, 0x77, 0x6A, 0x79, 0xFF, 0xFE, 0xDA, 0xFF, 0xF6, 0x02, 0xED, 0x90,
    0xCA, 0xC4, 0xB5, 0xA1, 0x7C, 0xA4, 0xA3, 0xA4, 0x76, 0xA3, 0x9F, 0xB7, 0x77, 0xB5, 0xA6, 0x67,
    0x2E, 0x03, 0x1E, 0x80, 0x19, 0x18, 0x1E, 0x02, 0xF6, 0x02, 0xFF, 0x87, 0xF9, 0xD4, 0x79, 0xD6,
    0xF1, 0xEA, 0xF8, 0xFE, 0x0B, 0xFF, 0x80, 0xF6, 0x06, 0xFF, 0x02, 0xF6, 0x8C, 0xF7, 0xF6, 0xFE,
    0xFF, 0x7C, 0xA3, 0x7A, 0xE7, 0xE9, 0x97, 0xAF, 0xD3, 0xD7, 0x02, 0xD5, 0x02, 0xD3, 0x02, 0xA9,
    0x87, 0xAF, 0xB1, 0xD9, 0xE6, 0xC9, 0xC4, 0xC7, 0xE4, 0x04, 0xFF, 0x8F, 0xF0, 0xE1, 0xCA, 0xC4,
    0xB9, 0xB5, 0xB2, 0xB3, 0x9E, 0xC0, 0xAC, 0xC3, 0xB7, 0xB2, 0xAC, 0x96, 0x02, 0x8F, 0x82, 0x91,
    0xB0, 0x96, 0x02, 0x80, 0x81, 0x90, 0xB1, 0x02, 0xEA, 0x80, 0xE2, 0x02, 0xFF, 0x80, 0xFB, 0x0E,
    0xFF, 0x8E, 0xE1, 0xED, 0xF0, 0xED, 0xCE, 0x7B, 0xDA, 0xA7, 0xC3, 0xD6, 0xA4, 0xFF, 0x9D, 0xCE,
    0xC4, 0x02, 0xBC, 0x8C, 0x9D, 0xCA, 0xC8, 0x79, 0xD4, 0xB0, 0xAF, 0xB1, 0xAF, 0xDA, 0xEE, 0xE7,
    0xFB, 0x08, 0xFF, 0x8C, 0xE4, 0xFE, 0xA7, 0xD7, 0xF7, 0xF6, 0xFA, 0xF4, 0xFB, 0xFF, 0xED, 0x99,
    0xF0, 0x03, 0xFF, 0x82, 0x51, 0x3D, 0x38, 0x02, 0x3D, 0x81, 0x44, 0x42, 0x02, 0x43, 0x83, 0x42,
    0x37, 0x3B, 0xCA, 0x02, 0xFF, 0x84, 0xAB, 0xA5, 0xA2, 0x18, 0x26, 0x06, 0x1E, 0x80, 0x18, 0x05,
    0x1E, 0x82, 0x35, 0x39, 0x1E, 0x03, 0x35, 0x02, 0x32, 0x02, 0x26, 0x83, 0x18, 0x1E, 0x18, 0x26,
    0x02, 0x1E, 0x84, 0x42, 0x50, 0x1E, 0x18, 0x19, 0x04, 0x1E, 0x8C, 0x32, 0x3C, 0x78, 0xD5, 0xF2,
    0xFF, 0xB9, 0xE3, 0xA6, 0x68, 0x22, 0x1F, 0x19, 0x0C, 0x1E, 0x82, 0x35, 0x38, 0x3D, 0x02, 0x44,
    0x80, 0x4A, 0x02, 0x44, 0x02, 0x4D, 0x88, 0x58, 0x59, 0x53, 0x56, 0x50, 0x51, 0x58, 0x59, 0x51,
    0x02, 0x70, 0x88, 0x6E, 0x72, 0xAA, 0xE4, 0xF5, 0xCC, 0xFF, 0xF6, 0xF0, 0x02, 0xE1, 0x02, 0xCA,
    0x90, 0x79, 0x9B, 0xA2, 0xA4, 0x9F, 0x9A, 0xA2, 0x9D, 0xAA, 0xA2, 0xA0, 0x92, 0x4F, 0x27, 0x1E,
    0x19, 0x23, 0x19, 0x1E, 0x89, 0xF2, 0xF6, 0xFC, 0xE5, 0xD6, 0x7B, 0xDE, 0xF7, 0xC9, 0xF3, 0x02,
    0xFF, 0x80, 0xF6, 0x02, 0xF0, 0x80, 0xF6, 0x08, 0xFF, 0x80, 0xFB, 0x06, 0xFF, 0x8E, 0xEB, 0xEE,
    0xED, 0xE4, 0x75, 0xBF, 0x7A, 0xD9, 0xD1, 0xA9, 0x98, 0xB1, 0xD3, 0xD5, 0xB0, 0x02, 0xA9, 0x89,
    0xD1, 0xD3, 0xD5, 0xF1, 0xEE, 0xF1, 0xD0, 0xE3, 0xF2, 0xEE, 0x02, 0xF2, 0x80, 0xF6, 0x02, 0xFF,
    0x9C, 0xEE, 0xE1, 0xCA, 0xC5, 0xBC, 0xB7, 0xB6, 0xB3, 0xB2, 0xB3, 0xC0, 0xEA, 0xA9, 0x98, 0x90,
    0x8F, 0x8A, 0x96, 0xAC, 0x95, 0x80, 0x7F, 0x90, 0xD3, 0xFF, 0xF4, 0xEF, 0xFA, 0xEE, 0x10, 0xFF,
    0x02, 0xF0, 0x02, 0xCE, 0x82, 0x6B, 0xE6, 0xB8, 0x02, 0xDB, 0x8D, 0x6C, 0xCE, 0xE1, 0x9F, 0xBE,
    0xBB, 0xAA, 0xB6, 0xB4, 0xE1, 0xFF, 0xA6, 0xD3, 0xA9, 0x02, 0xB1, 0x84, 0xAF, 0x7B, 0xF4, 0xE7,
    0xF4, 0x05, 0xFF, 0x80, 0xF0, 0x02, 0xFF, 0x85, 0xDA, 0xF1, 0xAC, 0xD7, 0xF7, 0xF6, 0x02, 0xF4,
    0x02, 0xFF, 0x82, 0xED, 0x76, 0xF6, 0x02, 0xFF, 0x80, 0xC4, 0x02, 0x3D, 0x02, 0x42, 0x80, 0x43,
    0x02, 0x42, 0x80, 0x43, 0x02, 0x42, 0x82, 0x44, 0x50, 0xE1, 0x02, 0xFF, 0x84, 0xB5, 0xAA, 0x5B,
    0x35, 0x1E, 0x02, 0x31, 0x81, 0x26, 0x31, 0x02, 0x35, 0x03, 0x39, 0x03, 0x38, 0x82, 0x3B, 0x3D,
    0x38, 0x02, 0x35, 0x8A, 0x38, 0x37, 0x35, 0x36, 0x37, 0x31, 0x26, 0x18, 0x31, 0x1E, 0x31, 0x09,
    0x1E, 0x8B, 0x19, 0x41, 0x58, 0xD1, 0xFF, 0xF0, 0xBF, 0xF1, 0xB0, 0x5A, 0x22, 0x1F, 0x04, 0x1E,
    0x84, 0x26, 0x1E, 0x18, 0x14, 0x39, 0x03, 0x14, 0x84, 0x1E, 0x39, 0x3D, 0x43, 0x4A, 0x02, 0x4C,
    0x94, 0x4A, 0x4B, 0x4F, 0x5A, 0x52, 0x56, 0x58, 0x53, 0x0F, 0x4D, 0x9A, 0x5A, 0x6A, 0x79, 0x76,
    0x73, 0x6B, 0xCC, 0xBE, 0xBF, 0xFC, 0x03, 0xFF, 0x91, 0xF6, 0xF0, 0xC8, 0xBF, 0x6D, 0xB2, 0xA4,
    0xA3, 0xA2, 0x9F, 0xAB, 0xB5, 0x73, 0xA5, 0xA8, 0x68, 0x3C, 0x21, 0x02, 0x1E, 0x80, 0x1F, 0x19,
    0x1E, 0x8B, 0xF2, 0xF0, 0xFD, 0xDB, 0x7A, 0xD7, 0xFC, 0x79, 0xF1, 0xF7, 0xFF, 0xF6, 0x02, 0xF0,
    0x02, 0xF6, 0x10, 0xFF, 0x8E, 0xF0, 0xC7, 0x77, 0xD2, 0xA0, 0xD1, 0xB1, 0xAF, 0x97, 0xAE, 0xAF,
    0xB0, 0xC1, 0xD1, 0xD8, 0x02, 0xDF, 0x81, 0xFC, 0xFE, 0x02, 0xEC, 0x84, 0xEE, 0xFF, 0xE9, 0xFF,
    0xF2, 0x02, 0xFF, 0x80, 0xF6, 0x02, 0xFF, 0x92, 0xF6, 0xED, 0xD0, 0xC8, 0xC4, 0xBC, 0xB4, 0xB9,
    0xB3, 0x99, 0x7B, 0x98, 0x95, 0x8F, 0x8D, 0x8E, 0xAE, 0xAF, 0x96, 0x02, 0x80, 0x88, 0x90, 0xD5,
    0xCF, 0xFA, 0xE7, 0xFF, 0xF2, 0xF4, 0xF6, 0x02, 0xFF, 0x80, 0xFB, 0x08, 0xFF, 0x80, 0xF6, 0x03,
    0xFF, 0x02, 0xF6, 0x94, 0xC5, 0xB7, 0xFF, 0xA7, 0xD7, 0xDA, 0x9B, 0xE1, 0xF6, 0x73, 0xAA, 0xBC,
    0xB6, 0xB4, 0xAB, 0xFF, 0xF0, 0xA5, 0xD1, 0xA8, 0xD3, 0x02, 0xAF, 0x84, 0xB1, 0x70, 0xEA, 0xE7,
    0xF4, 0x05, 0xFF, 0x8A, 0xF6, 0xFF, 0xFC, 0xE4, 0xE7, 0xA7, 0xD8, 0xE7, 0xF6, 0xEF, 0xF4, 0x02,
    0xFF, 0x85, 0xED, 0xC4, 0xF6, 0xFF, 0xF6, 0x79, 0x02, 0x42, 0x83, 0x43, 0x44, 0x43, 0x44, 0x04,
    0x4A, 0x81, 0x4C, 0x53, 0x02, 0xFF, 0x80, 0xF6, 0x02, 0xB6, 0x85, 0x35, 0x31, 0x26, 0x14, 0x11,
    0x09, 0x02, 0x08, 0x83, 0x09, 0x32, 0x3D, 0x43, 0x02, 0x44, 0x02, 0x4A, 0x83, 0x4B, 0x43, 0x39,
    0x37, 0x03, 0x39, 0x80, 0x37, 0x03, 0x38, 0x81, 0x35, 0x31, 0x09, 0x1E, 0x8E, 0x19, 0x1E, 0x23,
    0x35, 0x40, 0x94, 0xE9, 0xFB, 0xCC, 0xF0, 0xD5, 0x52, 0x41, 0x27, 0x18, 0x03, 0x1E, 0x8C, 0x26,
    0x1E, 0x14, 0x0C, 0x3B, 0x10, 0x12, 0x13, 0x31, 0x37, 0x3D, 0x44, 0x4A, 0x03, 0x4C, 0x80, 0x4F,
    0x02, 0x53, 0x03, 0x56, 0x8C, 0x4D, 0x7A, 0xC2, 0xA6, 0x7B, 0x7A, 0x77, 0x7A, 0x99, 0x9E, 0x7B,
    0xBB, 0xBF, 0x05, 0xFF, 0x89, 0xF6, 0xF0, 0xCE, 0xBF, 0xB6, 0xAB, 0xA4, 0xA3, 0xB7, 0xA1, 0x02,
    0xAA, 0x84, 0xA6, 0x93, 0x52, 0x32, 0x30, 0x02, 0x1E, 0x80, 0x23, 0x19, 0x1E, 0x8F, 0xF2, 0xFF,
    0xE9, 0x7A, 0xDB, 0xF6, 0x76, 0xC9, 0xF1, 0xFE, 0xF0, 0xED, 0xCE, 0xC8, 0xE1, 0xF6, 0x08, 0xFF,
    0x80, 0xFB, 0x02, 0xFF, 0x80, 0xF6, 0x03, 0xFF, 0x86, 0xF7, 0xAC, 0x7A, 0xD1, 0xA8, 0xB1, 0xAD,
    0x02, 0x97, 0x8D, 0xAE, 0xAF, 0xD3, 0xDD, 0xDF, 0xDE, 0xF6, 0xFA, 0xFB, 0xF4, 0xF2, 0xFE, 0xE7,
    0xFF, 0x02, 0xF2, 0x83, 0xFC, 0xE8, 0xF7, 0xFE, 0x03, 0xF6, 0x91, 0xFF, 0xF0, 0xED, 0xCB, 0xC9,
    0xBE, 0xB5, 0x7A, 0xBD, 0xB1, 0x91, 0x8B, 0x8D, 0x8A, 0x96, 0xD4, 0xEC, 0x96, 0x02, 0x80, 0x83,
    0x95, 0xD2, 0xEB, 0xD5, 0x04, 0xEE, 0x80, 0xE8, 0x0B, 0xFF, 0x80, 0xF6, 0x04, 0xFF, 0x84, 0xF9,
    0xFF, 0xF6, 0xBE, 0xBF, 0x02, 0xE9, 0x8C, 0xE3, 0x9D, 0xF6, 0x7B, 0xA2, 0xC4, 0xB7, 0xA5, 0xB6,
    0xC8, 0xF6, 0xE2, 0x75, 0x02, 0xAF, 0x80, 0xB1, 0x02, 0xAF, 0x84, 0xD1, 0x76, 0xF2, 0xFA, 0xF4,
    0x07, 0xFF, 0x86, 0xF5, 0xB4, 0xE5, 0x9C, 0xDC, 0xFF, 0xF6, 0x02, 0xF4, 0x02, 0xFF, 0x89, 0xC8,
    0x79, 0xCE, 0xE1, 0xF0, 0x53, 0x43, 0x4B, 0x4A, 0x4B, 0x06, 0x4C, 0x81, 0x4B, 0x66, 0x02, 0xFF,
    0x82, 0xCE, 0xB4, 0x71, 0x02, 0x31, 0x87, 0x26, 0x0C, 0x08, 0x07, 0x08, 0x0B, 0x18, 0x39, 0x02,
    0x42, 0x83, 0x4A, 0x44, 0x4A, 0x4B, 0x03, 0x4C, 0x84, 0x4A, 0x3D, 0x42, 0x3D, 0x3B, 0x02, 0x38,
    0x02, 0x39, 0x83, 0x37, 0x32, 0x31, 0x18, 0x06, 0x1E, 0x80, 0x1D, 0x02, 0x1E, 0x87, 0x20, 0x41,
    0x68, 0xDE, 0xFB, 0xE7, 0xB8, 0xD7, 0x02, 0x52, 0x80, 0x24, 0x02, 0x1E, 0x90, 0x26, 0x1E, 0x26,
    0x18, 0x12, 0x11, 0x3B, 0x13, 0x10, 0x12, 0x13, 0x39, 0x3D, 0x4A, 0x4B, 0x4C, 0x4E, 0x03, 0x51,
    0x83, 0x53, 0x58, 0x79, 0xA9, 0x02, 0xB0, 0x81, 0xA9, 0xA6, 0x02, 0xB0, 0x80, 0xA9, 0x02, 0xA7,
    0x84, 0x7C, 0xB3, 0xA4, 0xC3, 0xE2, 0x05, 0xFF, 0x90, 0xE1, 0xC4, 0xED, 0xC5, 0xB7, 0xB2, 0xB6,
    0xEE, 0xB6, 0xB3, 0xAC, 0xA6, 0x67, 0x4B, 0x16, 0x2D, 0x26, 0x1B, 0x1E, 0x89, 0xFF, 0xE9, 0xAC,
    0xD4, 0xC9, 0x7B, 0xFF, 0xFE, 0xF8, 0xED, 0x02, 0xE1, 0x02, 0xBF, 0x81, 0xC8, 0xF0, 0x0A, 0xFF,
    0x86, 0xFB, 0xF6, 0xFF, 0xEE, 0xFE, 0x77, 0x94, 0x03, 0x97, 0x82, 0xAE, 0xB1, 0xD5, 0x02, 0xE9,
    0x83, 0xB0, 0xD7, 0xF1, 0xF6, 0x0B, 0xFF, 0x80, 0xFB, 0x04, 0xFF, 0x02, 0xFA, 0x80, 0xFF, 0x02,
    0xF3, 0x95, 0xEE, 0xCC, 0xC7, 0xEA, 0xAE, 0x95, 0x8F, 0x8D, 0x63, 0x96, 0xD3, 0xE9, 0xCF, 0xAE,
    0x8B, 0x80, 0x95, 0xD3, 0xEE, 0xE7, 0xF3, 0xFB, 0x03, 0xFF, 0x80, 0xFE, 0x02, 0xFF, 0x82, 0xF2,
    0xFF, 0xF6, 0x0A, 0xFF, 0x02, 0xFC, 0x91, 0xDA, 0xA3, 0xC3, 0xDB, 0xF6, 0xF0, 0xB2, 0xFE, 0xF0,
    0xA3, 0x7B, 0xB5, 0x79, 0xC4, 0xAC, 0xFA, 0xEE, 0xD9, 0x02, 0xAF, 0x88, 0xD1, 0xAF, 0xD1, 0xAF,
    0xF5, 0x99, 0xFF, 0xC5, 0xED, 0x03, 0xF6, 0x80, 0xF0, 0x02, 0xFF, 0x85, 0xF0, 0xC9, 0xE6, 0xDF,
    0x7B, 0xE7, 0x03, 0xFF, 0x80, 0xFE, 0x02, 0xFF, 0x86, 0xE1, 0xAC, 0xE7, 0xFF, 0xF6, 0x4C, 0x4A,
    0x02, 0x4C, 0x81, 0x4D, 0x4E, 0x02, 0x4D, 0x03, 0x4E, 0x8E, 0x4D, 0x9D, 0xF6, 0xCE, 0xB6, 0xAA,
    0x42, 0x12, 0x06, 0x08, 0x18, 0x10, 0x26, 0x35, 0x3D, 0x03, 0x42, 0x02, 0x3D, 0x81, 0x44, 0x4B,
    0x05, 0x4C, 0x83, 0x44, 0x3D, 0x44, 0x4A, 0x02, 0x44, 0x03, 0x3D, 0x86, 0x3B, 0x37, 0x35, 0x32,
    0x31, 0x1E, 0x18, 0x05, 0x1E, 0x8B, 0x25, 0x2D, 0x47, 0xA6, 0xD8, 0xE5, 0xC4, 0xDE, 0x52, 0x56,
    0x33, 0x26, 0x03, 0x1E, 0x8B, 0x1F, 0x32, 0x11, 0x18, 0x0E, 0x0C, 0x10, 0x13, 0x35, 0x3D, 0x43,
    0x44, 0x02, 0x4B, 0x03, 0x53, 0x84, 0x59, 0x9C, 0xB8, 0xD1, 0xA9, 0x02, 0x77, 0x81, 0x7B, 0x79,
    0x02, 0xA0, 0x87, 0xB0, 0xA9, 0xA0, 0x58, 0xA1, 0xB7, 0xCE, 0xF6, 0x04, 0xFF, 0x8D, 0xF6, 0xF0,
    0xED, 0xE1, 0xCA, 0xC6, 0xCC, 0xEF, 0xEA, 0xC0, 0xB8, 0xA8, 0x77, 0x4F, 0x02, 0x27, 0x80, 0x24,
    0x1C, 0x1E, 0x85, 0xF7, 0xDB, 0xC2, 0xAA, 0x7C, 0xF6, 0x02, 0xF0, 0x84, 0xED, 0xC9, 0xE1, 0xC5,
    0xBC, 0x02, 0xBF, 0x81, 0xCA, 0xF0, 0x02, 0xFF, 0x80, 0xF6, 0x05, 0xFF, 0x8C, 0xF6, 0xF4, 0xE9,
    0xD3, 0xB1, 0x92, 0x97, 0xAD, 0xD3, 0xDF, 0xF0, 0xE7, 0xFF, 0x02, 0xF3, 0x84, 0xEE, 0xA9, 0xD7,
    0xFB, 0xF6, 0x08, 0xFF, 0x80, 0xFE, 0x07, 0xFF, 0x8E, 0xF4, 0xEC, 0xF2, 0xFF, 0xE6, 0xD5, 0xD3,
    0x92, 0x91, 0x8F, 0x8D, 0x8A, 0x91, 0xD3, 0xD0, 0x02, 0xEF, 0x84, 0xB1, 0x8D, 0x80, 0x90, 0xD3,
    0x02, 0xEA, 0x82, 0xDF, 0xF8, 0xF9, 0x03, 0xFF, 0x80, 0xFB, 0x03, 0xF2, 0x81, 0xF6, 0xFE, 0x06,
    0xFF, 0x82, 0xF9, 0xF6, 0xF9, 0x02, 0xFF, 0x83, 0xDA, 0xA1, 0xDC, 0xE7, 0x02, 0xF6, 0x81, 0xF0,
    0xED, 0x02, 0xF0, 0x80, 0xAA, 0x02, 0xC8, 0x87, 0xAB, 0x7C, 0xEA, 0xE3, 0xDE, 0xAD, 0xAE, 0xD1,
    0x02, 0xB0, 0x8A, 0xD1, 0xAF, 0xD0, 0xBC, 0xFF, 0xC4, 0xE1, 0xFF, 0xED, 0xFF, 0xC8, 0x02, 0xF6,
    0x87, 0xFF, 0xB8, 0xE3, 0xD7, 0x79, 0xE7, 0xE4, 0xF6, 0x04, 0xFF, 0x88, 0xE2, 0xD0, 0xE9, 0xE6,
    0xA2, 0x43, 0x4A, 0x4B, 0x4C, 0x03, 0x4D, 0x04, 0x4E, 0x81, 0x53, 0xE1, 0x02, 0xF0, 0x85, 0x79,
    0x53, 0x07, 0x11, 0x10, 0x13, 0x02, 0x08, 0x84, 0x13, 0x38, 0x3B, 0x42, 0x4A, 0x03, 0x4B, 0x81,
    0x4A, 0x4D, 0x02, 0x4E, 0x86, 0x4D, 0x4E, 0x4C, 0x43, 0x3D, 0x44, 0x4A, 0x02, 0x4C, 0x80, 0x4B,
    0x03, 0x3D, 0x84, 0x3B, 0x39, 0x38, 0x36, 0x32, 0x06, 0x1E, 0x8A, 0x15, 0x37, 0x47, 0x67, 0xD3,
    0xD8, 0xC4, 0xE6, 0x64, 0x58, 0x32, 0x04, 0x1E, 0xA2, 0x1F, 0x24, 0x11, 0x43, 0x0C, 0x0F, 0x12,
    0x26, 0x38, 0x3D, 0x42, 0x4A, 0x44, 0x51, 0x53, 0x59, 0xAD, 0x92, 0x67, 0x3C, 0x06, 0x07, 0x0B,
    0x13, 0x0A, 0x08, 0x47, 0x78, 0xA0, 0x9C, 0x93, 0x65, 0xC7, 0xA2, 0xCE, 0x02, 0xF6, 0x03, 0xFF,
    0x84, 0xF6, 0xF0, 0xF6, 0xED, 0xE1, 0x02, 0xFF, 0x89, 0xF4, 0xBF, 0xDB, 0xD1, 0x78, 0x4F, 0x3C,
    0x1A, 0x20, 0x26, 0x1C, 0x1E, 0x02, 0xD6, 0x88, 0xBD, 0xBF, 0xFF, 0xF6, 0xFF, 0xE1, 0xCA, 0xCB,
    0xBF, 0x02, 0xBC, 0x82, 0xBE, 0xCA, 0xC5, 0x03, 0xFF, 0x80, 0xF6, 0x04, 0xFF, 0x8C, 0xF0, 0xFF,
    0xE1, 0xD5, 0xAF, 0x97, 0xAE, 0xD3, 0xD9, 0xE9, 0xFC, 0xF4, 0xFA, 0x02, 0xFB, 0x86, 0xBF, 0xD4,
    0xD1, 0xDF, 0xFF, 0xF6, 0xFB, 0x0A, 0xFF, 0x9E, 0xF8, 0xFF, 0xFC, 0xDF, 0xE9, 0xD4, 0xD8, 0xDE,
    0xD3, 0xAF, 0x97, 0x92, 0x95, 0x8D, 0x8B, 0x8E, 0xAE, 0xD5, 0xFC, 0xFB, 0xE2, 0xE0, 0x90, 0x83,
    0x8B, 0xB1, 0xEF, 0xEC, 0xFA, 0xFC, 0xEE, 0x05, 0xFF, 0x80, 0xF0, 0x02, 0xF2, 0x81, 0xF6, 0xFC,
    0x05, 0xF6, 0x80, 0xE4, 0x02, 0xFF, 0x86, 0xDA, 0xED, 0x71, 0xC7, 0xFC, 0xFF, 0xF9, 0x05, 0xFF,
    0x89, 0xC5, 0xFF, 0xEB, 0x71, 0x9B, 0xB6, 0xEB, 0xE9, 0xAF, 0x97, 0x02, 0xB1, 0x85, 0xB0, 0xD1,
    0xD3, 0xA8, 0xF1, 0xEF, 0x02, 0xFF, 0x02, 0xF0, 0x83, 0xED, 0xFF, 0xBC, 0xF6, 0x02, 0xFF, 0x85,
    0x72, 0xF6, 0xD7, 0xA6, 0xD0, 0xE7, 0x02, 0xF9, 0x03, 0xFF, 0x8A, 0xC7, 0x99, 0xDA, 0xDD, 0x6A,
    0x3D, 0x44, 0x4A, 0x4D, 0x4E, 0x50, 0x02, 0x4E, 0x02, 0x50, 0x82, 0x4E, 0x76, 0xF0, 0x02, 0xFF,
    0x84, 0xAA, 0x51, 0x43, 0x44, 0x4A, 0x02, 0x3D, 0x81, 0x3B, 0x3A, 0x02, 0x3B, 0x82, 0x3D, 0x42,
    0x44, 0x02, 0x4B, 0x82, 0x4C, 0x4E, 0x50, 0x02, 0x51, 0x85, 0x50, 0x4D, 0x4C, 0x43, 0x4C, 0x4B,
    0x04, 0x4C, 0x81, 0x44, 0x42, 0x02, 0x3D, 0x80, 0x3B, 0x02, 0x39, 0x92, 0x36, 0x31, 0x26, 0x31,
    0x18, 0x26, 0x38, 0x39, 0x3B, 0x4D, 0x94, 0xD5, 0xF6, 0xD0, 0x93, 0x56, 0x3C, 0x1D, 0x32, 0x02,
    0x1E, 0x8D, 0x1F, 0x24, 0x11, 0x3D, 0x0C, 0x0F, 0x18, 0x32, 0x38, 0x3B, 0x3D, 0x4A, 0x4E, 0x4D,
    0x02, 0x9C, 0x02, 0x96, 0x82, 0xAE, 0x09, 0x06, 0x05, 0x08, 0x85, 0x0D, 0x77, 0x74, 0xA6, 0xB0,
    0xAC, 0x02, 0xDA, 0x81, 0xF6, 0xF0, 0x06, 0xFF, 0x02, 0xF6, 0x02, 0xFF, 0x8A, 0xF6, 0xFF, 0xDE,
    0xD3, 0x93, 0x4D, 0x39, 0x1A, 0x20, 0x21, 0x1D, 0x03, 0x1E, 0x80, 0x19, 0x18, 0x1E, 0x02, 0xC2,
    0x84, 0xF7, 0xF8, 0xFF, 0xE1, 0xC8, 0x03, 0xC5, 0x03, 0xBE, 0x82, 0xCA, 0xC8, 0xF0, 0x06, 0xFF,
    0x84, 0xF6, 0xF0, 0xF6, 0xE9, 0xB1, 0x02, 0xA8, 0x8F, 0xD3, 0xD9, 0xFF, 0xF8, 0xEE, 0xFC, 0xDD,
    0xE7, 0xDA, 0xDC, 0xDE, 0xD3, 0xD1, 0xDF, 0xF9, 0xF6, 0x02, 0xFF, 0x80, 0xFE, 0x06, 0xFF, 0x82,
    0xF0, 0xF8, 0xDB, 0x02, 0xD7, 0x81, 0xD5, 0xD3, 0x02, 0xB0, 0x88, 0xA9, 0xB0, 0xAF, 0x98, 0x54,
    0x61, 0x63, 0x8E, 0x97, 0x02, 0xA8, 0x8A, 0xA9, 0xB8, 0xB0, 0x95, 0x8C, 0x80, 0x96, 0xEA, 0xE6,
    0xDF, 0xFC, 0x03, 0xF6, 0x84, 0xFF, 0xF9, 0xF6, 0xF9, 0xD8, 0x02, 0xDF, 0x81, 0xE7, 0xFF, 0x03,
    0xF6, 0x88, 0xF0, 0xFF, 0xE2, 0xFC, 0xAC, 0x79, 0xB6, 0xE4, 0xE1, 0x05, 0xFF, 0x93, 0xFE, 0xFF,
    0xF6, 0xBB, 0xCE, 0x79, 0xBE, 0xA1, 0xC9, 0xE9, 0xB1, 0xAD, 0xAF, 0xD5, 0xAF, 0xD3, 0xD7, 0xD3,
    0xAD, 0xC6, 0x02, 0xFF, 0x86, 0xCA, 0xFF, 0xF0, 0xCA, 0xF6, 0x9B, 0xF6, 0x02, 0xFF, 0x85, 0xB5,
    0xF1, 0xA9, 0xC1, 0xE5, 0xFF, 0x02, 0xF6, 0x80, 0xF9, 0x02, 0xFF, 0x87, 0xFC, 0xA1, 0xDC, 0xE9,
    0x53, 0x41, 0x42, 0x4D, 0x02, 0x50, 0x81, 0x51, 0x4E, 0x02, 0x50, 0x02, 0x51, 0x90, 0xC8, 0xFF,
    0xED, 0xC8, 0x7B, 0x50, 0x44, 0x42, 0x06, 0x08, 0x3B, 0x51, 0x44, 0x43, 0x39, 0x3C, 0x4E, 0x02,
    0x4F, 0x02, 0x4E, 0x02, 0x51, 0x03, 0x53, 0x83, 0x51, 0x50, 0x4D, 0x4B, 0x03, 0x4D, 0x80, 0x4B,
    0x02, 0x4C, 0x80, 0x43, 0x03, 0x42, 0x83, 0x44, 0x43, 0x38, 0x36, 0x02, 0x26, 0xA6, 0x1E, 0x35,
    0x39, 0x3A, 0x39, 0x3C, 0x59, 0xD1, 0xF7, 0xEB, 0xA9, 0x47, 0x4B, 0x35, 0x32, 0x18, 0x1E, 0x1F,
    0x24, 0x11, 0x37, 0x0E, 0x11, 0x31, 0x35, 0x39, 0x3B, 0x3D, 0x44, 0x53, 0xD2, 0xA9, 0x52, 0x55,
    0x8E, 0x96, 0x4F, 0x06, 0x07, 0x02, 0x08, 0x80, 0x07, 0x02, 0x08, 0x88, 0x74, 0x4B, 0x56, 0xA7,
    0x4E, 0xAA, 0x9F, 0xCE, 0xF6, 0x0A, 0xFF, 0x88, 0xF6, 0xE3, 0xDB, 0x93, 0x4F, 0x2E, 0x32, 0x1F,
    0x19, 0x02, 0x1D, 0x1C, 0x1E, 0x89, 0xA9, 0xDF, 0xF8, 0xF6, 0xE3, 0xB7, 0xCA, 0xBF, 0xC8, 0xBF,
    0x02, 0xBE, 0x83, 0xBF, 0xCA, 0xBF, 0xFF, 0x03, 0xF6, 0x8D, 0xFF, 0xF6, 0xFF, 0xE1, 0xFF, 0xF1,
    0xB0, 0x97, 0xAE, 0xD3, 0xEE, 0xEC, 0xDD, 0xFB, 0x02, 0xEE, 0x84, 0xF3, 0xB6, 0xF0, 0xF6, 0xF7,
    0x02, 0xD2, 0x80, 0xF7, 0x02, 0xF6, 0x07, 0xFF, 0x81, 0xFC, 0xFF, 0x02, 0xE2, 0x81, 0xD9, 0xD3,
    0x02, 0xB0, 0x9A, 0xAF, 0xD1, 0xD8, 0xFF, 0xDC, 0xB1, 0x95, 0x8D, 0x61, 0x45, 0x0D, 0x2D, 0x22,
    0x2E, 0x34, 0x3F, 0x48, 0x7D, 0x7F, 0x8E, 0xA9, 0xD3, 0xEE, 0xF8, 0xEE, 0xF3, 0xD8, 0x03, 0xFF,
    0x81, 0xE6, 0xD2, 0x02, 0xAD, 0x82, 0xD3, 0xE9, 0xF6, 0x03, 0xFF, 0x88, 0xC5, 0xB4, 0x9A, 0x9B,
    0xDA, 0xDB, 0xE7, 0xE2, 0xF6, 0x04, 0xFF, 0x9C, 0xFB, 0xFC, 0xF6, 0xC4, 0xCA, 0xA1, 0xC5, 0xAB,
    0xC5, 0xFC, 0xB1, 0x97, 0xAE, 0xD3, 0xC2, 0xAF, 0xD7, 0xDC, 0xD3, 0xAD, 0xA4, 0xE1, 0xFF, 0x79,
    0xF2, 0xED, 0xB5, 0xFF, 0xB3, 0x02, 0xFF, 0x85, 0xF6, 0xA4, 0xC7, 0x93, 0xC1, 0xC3, 0x06, 0xFF,
    0x86, 0xE2, 0x58, 0xDB, 0xDC, 0x4B, 0x3B, 0x4C, 0x04, 0x50, 0x80, 0x51, 0x03, 0x50, 0x97, 0x76,
    0xFF, 0xF6, 0xC5, 0xA4, 0x59, 0x53, 0x4E, 0x06, 0x05, 0x08, 0x07, 0x03, 0x2D, 0x33, 0x53, 0x59,
    0x6B, 0x6C, 0x6B, 0x59, 0x53, 0x4D, 0x51, 0x03, 0x53, 0x81, 0x51, 0x50, 0x02, 0x4E, 0x80, 0x4C,
    0x02, 0x4D, 0x02, 0x4C, 0x83, 0x4A, 0x4C, 0x44, 0x4A, 0x03, 0x4B, 0x92, 0x44, 0x3B, 0x35, 0x31,
    0x26, 0x38, 0x39, 0x3B, 0x3A, 0x3C, 0x47, 0x78, 0xE9, 0xEE, 0xD9, 0x47, 0x53, 0x32, 0x26, 0x02,
    0x1E, 0x81, 0x1F, 0x24, 0x03, 0x11, 0x8F, 0x13, 0x36, 0x32, 0x37, 0x39, 0x3B, 0x56, 0xC2, 0xD1,
    0xA9, 0x07, 0x3F, 0x8E, 0x96, 0x57, 0x08, 0x02, 0x06, 0x03, 0x07, 0x8A, 0x08, 0x58, 0x53, 0x50,
    0xBD, 0x58, 0xA4, 0xA2, 0xEE, 0xFF, 0xF6, 0x09, 0xFF, 0x87, 0xF6, 0xF7, 0xA0, 0x52, 0x22, 0x36,
    0x1A, 0x26, 0x03, 0x30, 0x02, 0x1E, 0x81, 0x1F, 0x19, 0x18, 0x1E, 0x80, 0xF0, 0x03, 0xFF, 0x8A,
    0xED, 0xC5, 0xF6, 0xAA, 0xC4, 0xBC, 0xBE, 0xBF, 0xC4, 0xBC, 0xF0, 0x02, 0xF6, 0x86, 0xF4, 0xFF,
    0xFE, 0xFF, 0xF8, 0xCC, 0xD1, 0x02, 0x94, 0x82, 0xAF, 0xD9, 0xF9, 0x02, 0xFB, 0x03, 0xFF, 0x91,
    0xC4, 0xBE, 0xEE, 0xF6, 0xF7, 0xDF, 0xB0, 0xDC, 0xF7, 0xFC, 0xF0, 0xF2, 0xE7, 0xFF, 0xF2, 0xF9,
    0xFB, 0xDF, 0x02, 0xD7, 0xA0, 0xD3, 0xB0, 0xAF, 0xB0, 0xD1, 0xDB, 0xF7, 0xF6, 0xFF, 0xFA, 0xDD,
    0x95, 0x8D, 0x90, 0x97, 0x2C, 0x2E, 0x17, 0x32, 0x17, 0x2E, 0x48, 0x7D, 0x80, 0x54, 0x29, 0x40,
    0x67, 0xA6, 0xC2, 0xE9, 0xF8, 0xE3, 0x02, 0xFA, 0x82, 0xE8, 0x96, 0x8D, 0x02, 0x8C, 0x89, 0x95,
    0xD3, 0xEE, 0xDA, 0xBD, 0xDA, 0xE8, 0xE5, 0xFC, 0xF6, 0x03, 0xFF, 0x80, 0xF6, 0x06, 0xFF, 0x93,
    0xFC, 0xF0, 0xC5, 0xBF, 0xBD, 0xB2, 0xB5, 0xD4, 0xB1, 0x97, 0xAE, 0xD5, 0xDB, 0xAE, 0xE0, 0xE9,
    0xDF, 0xD3, 0xA8, 0xE3, 0x02, 0xFF, 0x8E, 0x7C, 0xC5, 0xCA, 0xA2, 0xF2, 0xC4, 0xFC, 0xF0, 0xB8,
    0xDB, 0xE6, 0x7A, 0xDF, 0x9B, 0xCE, 0x03, 0xFF, 0x87, 0xF6, 0xFF, 0xCC, 0x41, 0xDB, 0xD6, 0x3D,
    0x4B, 0x02, 0x4E, 0x02, 0x50, 0x02, 0x51, 0x84, 0x53, 0x56, 0x59, 0xC2, 0xDF, 0x02, 0xC3, 0x85,
    0x79, 0x53, 0x4B, 0x13, 0x10, 0x12, 0x02, 0x4B, 0x03, 0x4A, 0x05, 0x53, 0x84, 0x56, 0x58, 0x70,
    0x74, 0x53, 0x02, 0x51, 0x02, 0x50, 0x03, 0x4E, 0x83, 0x4D, 0x4C, 0x4B, 0x4A, 0x03, 0x4B, 0x80,
    0x4A, 0x03, 0x4B, 0x8E, 0x4C, 0x44, 0x39, 0x36, 0x35, 0x39, 0x3B, 0x39, 0x3B, 0x39, 0x38, 0x56,
    0xA8, 0xE3, 0xF7, 0x02, 0x56, 0x86, 0x22, 0x1C, 0x1A, 0x20, 0x26, 0x18, 0x13, 0x02, 0x10, 0x81,
    0x13, 0x25, 0x02, 0x32, 0x85, 0x39, 0x51, 0xB1, 0xAE, 0xB1, 0xD4, 0x02, 0x68, 0x83, 0x90, 0x95,
    0x56, 0x07, 0x02, 0x06, 0x02, 0x07, 0x89, 0x08, 0x0A, 0x5F, 0x58, 0x6E, 0x7A, 0x5A, 0xBD, 0xA1,
    0xE1, 0x06, 0xFF, 0x8A, 0xFB, 0xFA, 0xFE, 0xFC, 0xF3, 0xE7, 0xA9, 0x53, 0x22, 0x1A, 0x1B, 0x21,
    0x1E, 0x02, 0xFF, 0x8D, 0xF6, 0xBF, 0x9B, 0xBF, 0x7C, 0xC4, 0xBE, 0xBC, 0xBF, 0xC4, 0xBC, 0xC8,
    0xCA, 0xFF, 0x03, 0xF6, 0x02, 0xFF, 0x86, 0xDA, 0xC1, 0xA9, 0x97, 0xAE, 0xD9, 0xF1, 0x02, 0xF6,
    0x84, 0xFB, 0xFF, 0xF6, 0xB2, 0xE1, 0x02, 0xFF, 0x86, 0xFC, 0xF8, 0xDF, 0xB0, 0xE9, 0xF7, 0xFC,
    0x02, 0xF6, 0x03, 0xF2, 0x83, 0xDD, 0xD2, 0xD3, 0xD1, 0x02, 0xA9, 0x81, 0xD2, 0xD7, 0x02, 0xDF,
    0x02, 0xE9, 0x80, 0xDF, 0x02, 0xEE, 0x80, 0x98, 0x02, 0x8F, 0x87, 0xAE, 0xD3, 0x77, 0x22, 0x17,
    0x1D, 0x29, 0x54, 0x02, 0x7E, 0x87, 0x54, 0x29, 0x13, 0x28, 0x22, 0x40, 0x59, 0xA6, 0x02, 0xB1,
    0x8E, 0xEA, 0xEE, 0xD3, 0x95, 0x7E, 0x88, 0x7F, 0x90, 0xD3, 0xEF, 0xFA, 0xE7, 0xF5, 0xF7, 0xE9,
    0x0C, 0xFF, 0xA3, 0xF6, 0xC4, 0xC5, 0xB7, 0xB5, 0xBB, 0xD3, 0xB1, 0x97, 0xAE, 0xD1, 0xD5, 0xAF,
    0xB1, 0xFA, 0xE9, 0xD7, 0xD3, 0xAD, 0xD0, 0xF6, 0xFF, 0xB6, 0xFF, 0xF0, 0xA2, 0xED, 0xBB, 0xFF,
    0xEE, 0x7B, 0xE6, 0xE8, 0x7B, 0xD7, 0xA2, 0x04, 0xFF, 0x8A, 0xF6, 0xFF, 0xF5, 0x4B, 0xD6, 0xAC,
    0x42, 0x4A, 0x4D, 0x50, 0x51, 0x02, 0x53, 0x80, 0x58, 0x02, 0x56, 0x8E, 0xA0, 0xDF, 0xDA, 0xA7,
    0xB6, 0xA1, 0x5B, 0x5A, 0x58, 0x59, 0x5A, 0x4E, 0x3B, 0x4B, 0x51, 0x02, 0x53, 0x81, 0x51, 0x6C,
    0x02, 0x53, 0x80, 0x58, 0x05, 0x53, 0x02, 0x50, 0x04, 0x4E, 0x80, 0x4D, 0x02, 0x4C, 0x05, 0x4A,
    0x05, 0x4B, 0x80, 0x43, 0x04, 0x39, 0x80, 0x3B, 0x02, 0x39, 0x8D, 0x3B, 0x2A, 0x67, 0xD1, 0xD7,
    0x7B, 0x3C, 0x41, 0x1C, 0x1A, 0x19, 0x26, 0x18, 0x12, 0x02, 0x10, 0x03, 0x1D, 0x8B, 0x32, 0x41,
    0xAF, 0x96, 0x98, 0xC1, 0xBD, 0xAE, 0x95, 0x90, 0x96, 0x43, 0x04, 0x06, 0x02, 0x07, 0x88, 0x1C,
    0x5A, 0x59, 0x74, 0xAC, 0xAA, 0xBD, 0xA1, 0xE1, 0x05, 0xFF, 0x8C, 0xFE, 0xF7, 0xFB, 0xFC, 0xF6,
    0xDE, 0xB0, 0x56, 0x22, 0x32, 0x24, 0x20, 0x18, 0x20, 0x1E, 0x88, 0xFF, 0xCE, 0xBF, 0xC8, 0x73,
    0xCA, 0x7A, 0xBE, 0xBC, 0x02, 0xBF, 0x02, 0xBB, 0x84, 0xC4, 0xFF, 0xF6, 0xF4, 0xFF, 0x02, 0xF6,
    0x8C, 0xFE, 0xB0, 0xB1, 0xA8, 0xAF, 0xD3, 0xF6, 0xEE, 0xEB, 0xEC, 0xEF, 0xAB, 0xBF, 0x03, 0xFF,
    0x85, 0xFB, 0xF4, 0xF8, 0xDE, 0xB0, 0xFB, 0x03, 0xFF, 0x9C, 0xF6, 0xEE, 0xF6, 0xD8, 0xD1, 0xB0,
    0xA9, 0xD1, 0xD8, 0xDE, 0xE9, 0xFF, 0xF6, 0xF3, 0xFF, 0xFC, 0xD3, 0xEB, 0xD7, 0x8F, 0x8D, 0x98,
    0xF1, 0xF2, 0xD1, 0x52, 0x40, 0x3F, 0x60, 0x02, 0x7E, 0x96, 0x61, 0x2C, 0x37, 0x17, 0x25, 0x36,
    0x33, 0x1C, 0x2F, 0x4D, 0x77, 0xA6, 0xD1, 0xD3, 0x95, 0x8D, 0x8C, 0x90, 0x98, 0xE9, 0xFF, 0xFC,
    0xFE, 0x0E, 0xFF, 0x9C, 0xFB, 0xE1, 0xED, 0xBE, 0xC5, 0xB7, 0xC1, 0xAF, 0x97, 0x98, 0xD3, 0xEB,
    0xB1, 0xAD, 0xF7, 0xE4, 0xF7, 0xC1, 0x78, 0xAD, 0xD0, 0xFF, 0xF6, 0xBC, 0xC8, 0xF6, 0xB5, 0xFF,
    0x9D, 0x02, 0xF6, 0x90, 0xA4, 0xDB, 0xD6, 0xA0, 0xDF, 0x7C, 0xC7, 0xFF, 0xF6, 0xFF, 0xF6, 0xFF,
    0xDA, 0x4D, 0xE5, 0x9C, 0x4E, 0x02, 0x50, 0x03, 0x53, 0x02, 0x58, 0x89, 0x56, 0x77, 0xD7, 0xDC,
    0xBD, 0xA1, 0xA2, 0x9F, 0x7C, 0x79, 0x02, 0x6A, 0x88, 0x5B, 0x58, 0x53, 0x4E, 0x66, 0x76, 0x6A,
    0x58, 0x7B, 0x02, 0x58, 0x80, 0x59, 0x02, 0x58, 0x03, 0x53, 0x03, 0x51, 0x80, 0x4E, 0x02, 0x4D,
    0x83, 0x4C, 0x4B, 0x4C, 0x43, 0x04, 0x44, 0x82, 0x43, 0x44, 0x4A, 0x03, 0x4B, 0x96, 0x42, 0x39,
    0x3D, 0x39, 0x3B, 0x38, 0x3B, 0x37, 0x3B, 0x41, 0x78, 0xD1, 0xD6, 0x3C, 0x53, 0x11, 0x18, 0x19,
    0x1E, 0x18, 0x11, 0x10, 0x12, 0x02, 0x13, 0x8D, 0x21, 0x11, 0x97, 0x96, 0x95, 0x96, 0xAF, 0xAE,
    0x8F, 0x7F, 0x8B, 0x91, 0x07, 0x03, 0x03, 0x06, 0x83, 0x08, 0x07, 0x51, 0x59, 0x02, 0x58, 0x02,
    0xAC, 0x83, 0xC6, 0xA1, 0xCE, 0xFB, 0x05, 0xFF, 0x8A, 0xFE, 0xFF, 0xF1, 0xFF, 0xB0, 0x58, 0x22,
    0x33, 0x24, 0x26, 0x1D, 0x21, 0x1E, 0x86, 0xF6, 0xC8, 0xC5, 0xCE, 0xB2, 0xA1, 0xC5, 0x02, 0xBE,
    0x84, 0xBF, 0xC8, 0xB4, 0xBF, 0xF6, 0x03, 0xF0, 0x02, 0xFF, 0x8C, 0xF6, 0xD6, 0xD1, 0xAD, 0xAF,
    0xDC, 0xF7, 0xEE, 0xF3, 0xCE, 0xC8, 0x76, 0xE2, 0x03, 0xFF, 0x02, 0xFE, 0x83, 0xF6, 0xF8, 0xD2,
    0xD1, 0x02, 0xFF, 0x8C, 0xF6, 0xF7, 0xDB, 0xD7, 0xD5, 0xB0, 0xA9, 0xD1, 0xD8, 0xE9, 0xF7, 0xFC,
    0xFF, 0x04, 0xF4, 0x8C, 0xFA, 0xE9, 0xF4, 0x98, 0x8D, 0x90, 0xD9, 0xEB, 0xEC, 0xDB, 0x94, 0x2B,
    0x8A, 0x02, 0x7D, 0x88, 0x45, 0x4F, 0x4D, 0x53, 0x1C, 0x2F, 0x32, 0x1B, 0x16, 0x02, 0x32, 0x8B,
    0x37, 0x0D, 0x47, 0x77, 0xAF, 0x98, 0xAE, 0xB1, 0xF4, 0xF3, 0xFC, 0xFE, 0x10, 0xFF, 0x93, 0xE1,
    0xF0, 0xC7, 0xBE, 0xC1, 0xAF, 0x97, 0xAE, 0xB1, 0xDF, 0xDE, 0xA8, 0xD1, 0xF8, 0xFA, 0xF7, 0xD7,
    0x74, 0xAD, 0xDA, 0x02, 0xFF, 0x8E, 0xF6, 0xFF, 0xF0, 0xCE, 0xFF, 0x9E, 0xFF, 0xCA, 0xC4, 0xDB,
    0xE9, 0xA7, 0xD8, 0x9B, 0xFC, 0x03, 0xFF, 0x85, 0xFC, 0xFF, 0xE4, 0x53, 0xE8, 0x7C, 0x04, 0x50,
    0x02, 0x53, 0x02, 0x58, 0x92, 0x6B, 0xAC, 0xD7, 0xD6, 0xBA, 0xA2, 0xA4, 0x7B, 0x72, 0x75, 0x6E,
    0x6C, 0x56, 0x22, 0x53, 0x79, 0x7A, 0x99, 0xD4, 0x04, 0x9C, 0x86, 0x7C, 0x7A, 0x9C, 0x72, 0x59,
    0x53, 0x58, 0x02, 0x53, 0x83, 0x4E, 0x50, 0x4B, 0x4C, 0x02, 0x4B, 0x82, 0x42, 0x43, 0x44, 0x02,
    0x43, 0x02, 0x42, 0x81, 0x43, 0x44, 0x02, 0x4B, 0x82, 0x44, 0x3D, 0x3B, 0x02, 0x39, 0x8E, 0x38,
    0x39, 0x38, 0x3A, 0x33, 0x47, 0xA9, 0xD7, 0x56, 0x44, 0x41, 0x27, 0x18, 0x32, 0x14, 0x02, 0x10,
    0x8E, 0x12, 0x11, 0x13, 0x16, 0x52, 0x95, 0x90, 0x95, 0x8E, 0x98, 0x95, 0x7E, 0x83, 0x8E, 0x0D,
    0x02, 0x06, 0x02, 0x07, 0x02, 0x08, 0x83, 0x26, 0x53, 0x59, 0x58, 0x02, 0x7A, 0x83, 0x74, 0xBA,
    0xA2, 0xCA, 0x06, 0xFF, 0x88, 0xF3, 0xFF, 0xDB, 0xB0, 0x59, 0x0D, 0x1A, 0x1F, 0x1E, 0x02, 0x1D,
    0x21, 0x1E, 0x85, 0xCA, 0xC8, 0xCA, 0x99, 0xF6, 0x99, 0x02, 0xC5, 0x83, 0xC4, 0xBE, 0x79, 0xA4,
    0x02, 0xF0, 0x03, 0xCE, 0x8F, 0xF0, 0xCE, 0xA5, 0xD4, 0xAF, 0xAD, 0xD5, 0xF3, 0xEB, 0xF8, 0xFC,
    0x9B, 0x9F, 0xFB, 0xF0, 0xFE, 0x04, 0xFF, 0x84, 0xFB, 0xFE, 0xC1, 0xD3, 0xFC, 0x02, 0xFF, 0x81,
    0xDC, 0xC1, 0x02, 0xAF, 0x82, 0xB1, 0xD9, 0xF7, 0x03, 0xF6, 0x02, 0xF2, 0x80, 0xFB, 0x04, 0xFA,
    0x86, 0xEE, 0xDF, 0x95, 0x8D, 0x96, 0xEA, 0xE9, 0x02, 0xFF, 0x92, 0xB1, 0x62, 0x7E, 0x7D, 0x46,
    0x42, 0x52, 0x4B, 0x50, 0x4F, 0x58, 0x4C, 0x37, 0x24, 0x18, 0x16, 0x28, 0x15, 0x33, 0x02, 0x2F,
    0x85, 0x5A, 0x97, 0xD1, 0xDF, 0xE5, 0xFA, 0x0C, 0xFF, 0x80, 0xF9, 0x03, 0xFF, 0x94, 0xEF, 0xE1,
    0xC8, 0xBE, 0xC3, 0xAF, 0x97, 0x98, 0xD3, 0xF3, 0xF1, 0xAD, 0xAF, 0xF1, 0xE9, 0xFC, 0xF7, 0x9C,
    0x64, 0xAD, 0xF5, 0x03, 0xFF, 0x02, 0xF6, 0x02, 0xF0, 0x92, 0x9B, 0xFF, 0xF6, 0xCB, 0xF7, 0xDC,
    0xB8, 0xFD, 0xBD, 0xC7, 0xFF, 0xF6, 0xFF, 0xF6, 0xFF, 0xF6, 0x58, 0xDC, 0x79, 0x03, 0x50, 0x80,
    0x51, 0x03, 0x58, 0x81, 0x59, 0x74, 0x02, 0xDB, 0x84, 0xD6, 0xBF, 0xB3, 0xB6, 0x76, 0x02, 0x7A,
    0x8B, 0x79, 0x7A, 0xA6, 0xD1, 0xA9, 0xD5, 0xA9, 0xC1, 0xD3, 0xD1, 0xA9, 0xB0, 0x03, 0xD1, 0x81,
    0xA9, 0x9C, 0x02, 0x79, 0x02, 0x58, 0x86, 0x51, 0x4E, 0x50, 0x4E, 0x43, 0x4A, 0x43, 0x02, 0x42,
    0x83, 0x3D, 0x43, 0x42, 0x43, 0x04, 0x44, 0x84, 0x4A, 0x42, 0x43, 0x3B, 0x39, 0x02, 0x38, 0x80,
    0x36, 0x02, 0x38, 0x8C, 0x18, 0x2F, 0x52, 0xA9, 0xA0, 0x22, 0x50, 0x36, 0x20, 0x18, 0x13, 0x0C,
    0x12, 0x02, 0x13, 0x8B, 0x14, 0x12, 0xAD, 0x8F, 0x8B, 0x48, 0x60, 0x48, 0x60, 0x7F, 0x8A, 0x46,
    0x02, 0x06, 0x80, 0x07, 0x03, 0x08, 0x81, 0x10, 0x51, 0x02, 0x53, 0x86, 0x7A, 0x9C, 0x99, 0x51,
    0xBD, 0xA4, 0xCE, 0x06, 0xFF, 0x8A, 0xF3, 0xF1, 0xB0, 0x5A, 0x2A, 0x36, 0x1B, 0x20, 0x1D, 0x25,
    0x30, 0x21, 0x1E, 0x83, 0xC8, 0xC4, 0xCA, 0x73, 0x02, 0xB5, 0x86, 0xBF, 0xBC, 0xB5, 0xB2, 0x7C,
    0xED, 0xF6, 0x02, 0xCE, 0x88, 0xB7, 0xCD, 0xBD, 0xD7, 0x79, 0xAF, 0x97, 0xD5, 0xF7, 0x02, 0xFB,
    0x82, 0xF0, 0x79, 0xC8, 0x03, 0xFF, 0x80, 0xFE, 0x02, 0xFF, 0x02, 0xF6, 0x83, 0xE9, 0xD9, 0xA9,
    0xDF, 0x02, 0xFF, 0x87, 0xD0, 0xB1, 0xAD, 0xB0, 0xD8, 0xF7, 0xFB, 0xF6, 0x05, 0xFF, 0x94, 0xF8,
    0xF9, 0xF3, 0xF6, 0xF8, 0xEA, 0xD9, 0x8F, 0x8D, 0xAE, 0xFA, 0xFF, 0xF6, 0xDE, 0xB1, 0x91, 0x7F,
    0x60, 0x4C, 0x50, 0x57, 0x02, 0x50, 0x83, 0x51, 0x33, 0x3A, 0x41, 0x02, 0x56, 0x8D, 0x44, 0x2A,
    0x3C, 0x17, 0x39, 0x2A, 0x1B, 0x22, 0x52, 0x93, 0xA8, 0xAF, 0xD3, 0xD4, 0x02, 0xE9, 0x82, 0xD0,
    0xFC, 0xFB, 0x02, 0xFF, 0x80, 0xF2, 0x05, 0xFF, 0x96, 0xF6, 0xCE, 0xEC, 0xC5, 0xD5, 0xAF, 0x96,
    0x92, 0xD5, 0xFF, 0xF7, 0xB1, 0xA8, 0xD8, 0xF4, 0xFF, 0xD9, 0xC7, 0x41, 0x57, 0xAE, 0xFF, 0xFE,
    0x06, 0xFF, 0x89, 0xAA, 0xF6, 0xBA, 0xEE, 0xFC, 0xA7, 0xBD, 0xEB, 0xF6, 0xC5, 0x03, 0xFF, 0x80,
    0xF9, 0x02, 0xFF, 0x86, 0x58, 0xF6, 0x6C, 0x50, 0x4E, 0x51, 0x53, 0x02, 0x58, 0x87, 0x59, 0x74,
    0x7B, 0xF6, 0xD0, 0xDB, 0xBD, 0xA9, 0x03, 0x9C, 0x82, 0xC2, 0xD6, 0xD1, 0x02, 0xB1, 0x02, 0xAE,
    0x82, 0x98, 0xAD, 0x97, 0x03, 0x98, 0x80, 0x68, 0x02, 0x92, 0x84, 0x5A, 0xBB, 0xBA, 0xAB, 0x7B,
    0x02, 0x58, 0x89, 0x53, 0x4B, 0x50, 0x4D, 0x41, 0x3E, 0x3D, 0x3B, 0x42, 0x3D, 0x02, 0x42, 0x80,
    0x44, 0x03, 0x43, 0x83, 0x42, 0x3D, 0x42, 0x3D, 0x02, 0x39, 0x8F, 0x38, 0x35, 0x3B, 0x23, 0x1A,
    0x28, 0x22, 0x52, 0x78, 0x47, 0x34, 0x4D, 0x14, 0x18, 0x12, 0x11, 0x02, 0x13, 0x8B, 0x18, 0x13,
    0x4B, 0x57, 0x63, 0x61, 0x7D, 0x7E, 0x61, 0x54, 0x62, 0x3B, 0x04, 0x08, 0x82, 0x07, 0x08, 0x14,
    0x03, 0x53, 0x8C, 0x5B, 0x79, 0xA5, 0x53, 0x4E, 0xBC, 0xA5, 0xDA, 0xF4, 0xF6, 0xF8, 0xF7, 0xFC,
    0x02, 0xF7, 0x84, 0xD3, 0x68, 0x2A, 0x32, 0x28, 0x02, 0x1E, 0x80, 0x19, 0x23, 0x1E, 0x9D, 0xC8,
    0xCA, 0xC4, 0xBE, 0x71, 0xA2, 0xB9, 0xBE, 0xBF, 0x76, 0x9A, 0xF0, 0xE1, 0xC8, 0xBF, 0xC7, 0xBC,
    0xC9, 0x9C, 0xB1, 0x97, 0xD3, 0xDF, 0xE3, 0xFB, 0xBF, 0x7A, 0xF6, 0xFF, 0xFE, 0x06, 0xFF, 0x8E,
    0xEE, 0xFC, 0xD4, 0xC2, 0xDF, 0xE9, 0xD5, 0xB0, 0xA9, 0xD3, 0xDE, 0xDF, 0xFC, 0xFF, 0xF6, 0x05,
    0xFF, 0x86, 0xF3, 0xF6, 0xF8, 0xFC, 0xE9, 0xFF, 0xD5, 0x02, 0x8F, 0x8C, 0xB1, 0xEC, 0xF3, 0xF1,
    0xE3, 0xD5, 0x98, 0x7E, 0x7D, 0x48, 0x51, 0x59, 0x52, 0x02, 0x51, 0x85, 0x47, 0x4D, 0x2F, 0x30,
    0x4A, 0x2C, 0x02, 0x63, 0x8D, 0x3F, 0x39, 0x34, 0x36, 0x1C, 0x34, 0x22, 0x2E, 0x4F, 0x5A, 0x78,
    0xAF, 0xA8, 0xAF, 0x02, 0xB0, 0x03, 0xD3, 0x02, 0xD5, 0x97, 0xD8, 0xDE, 0xE9, 0xF8, 0xEB, 0xE3,
    0xD3, 0xAE, 0x97, 0x94, 0x93, 0xF7, 0xFF, 0xD9, 0xA8, 0xD1, 0xDD, 0xF4, 0xF8, 0xD1, 0x58, 0x47,
    0x56, 0xAF, 0x04, 0xFF, 0x80, 0xF6, 0x03, 0xFF, 0x89, 0xB3, 0xF0, 0x79, 0xB5, 0xF5, 0xA7, 0xDF,
    0xF6, 0xF0, 0x9D, 0x05, 0xFF, 0x87, 0xED, 0xB2, 0xE2, 0x66, 0x4E, 0x4D, 0x4E, 0x53, 0x02, 0x58,
    0x86, 0x6B, 0x73, 0xE7, 0xF1, 0xDB, 0xD4, 0xD3, 0x02, 0xD1, 0x85, 0xD2, 0xC1, 0xB0, 0xC2, 0xAE,
    0x92, 0x03, 0x96, 0x81, 0x97, 0xB1, 0x02, 0x57, 0x02, 0x91, 0x02, 0x63, 0x87, 0x91, 0x56, 0x14,
    0x13, 0x4B, 0x6E, 0xBA, 0x6D, 0x02, 0x58, 0x81, 0x4A, 0x51, 0x02, 0x3D, 0x03, 0x3B, 0x03, 0x3D,
    0x02, 0x43, 0x80, 0x42, 0x04, 0x3D, 0x90, 0x3B, 0x39, 0x38, 0x35, 0x38, 0x37, 0x30, 0x23, 0x28,
    0x1A, 0x22, 0x56, 0x77, 0x2F, 0x47, 0x34, 0x32, 0x02, 0x12, 0x80, 0x14, 0x02, 0x26, 0x85, 0x32,
    0x53, 0x52, 0x62, 0x63, 0x55, 0x02, 0x60, 0x81, 0x62, 0x0D, 0x04, 0x08, 0x90, 0x0E, 0x42, 0x53,
    0x42, 0x4C, 0x51, 0x50, 0x6B, 0x6C, 0x58, 0x53, 0x3E, 0x99, 0xAC, 0xC3, 0xF4, 0xFF, 0x02, 0xF7,
    0x87, 0xFB, 0xF7, 0xD5, 0x78, 0x3C, 0x2E, 0x13, 0x18, 0x05, 0x1E, 0x80, 0x1D, 0x20, 0x1E, 0x02,
    0xE1, 0x8B, 0x99, 0xCE, 0x79, 0xBE, 0xBB, 0xB6, 0x9F, 0x79, 0xF0, 0xF6, 0xBE, 0xC5, 0x02, 0xBA,
    0x8A, 0xBD, 0xD4, 0x93, 0x97, 0xB1, 0xF7, 0xF6, 0xEE, 0xC5, 0xB5, 0xCE, 0x08, 0xFF, 0x86, 0xF6,
    0xF3, 0xF8, 0xC1, 0xDE, 0xE6, 0xD7, 0x02, 0xAF, 0x83, 0xD5, 0xF7, 0xE9, 0xE5, 0x07, 0xFF, 0x83,
    0xF9, 0xFE, 0xF7, 0xFC, 0x02, 0xE9, 0x92, 0xD3, 0xB1, 0x8F, 0x8D, 0x98, 0xC7, 0xA6, 0xBD, 0xC2,
    0xD8, 0xAF, 0x8F, 0x7E, 0x7D, 0x55, 0x52, 0x59, 0x51, 0x50, 0x02, 0x4E, 0x8A, 0x4D, 0x4E, 0x4D,
    0x63, 0x80, 0x7E, 0x8E, 0x52, 0x37, 0x34, 0x35, 0x03, 0x39, 0x89, 0x37, 0x34, 0x22, 0x2E, 0x59,
    0x93, 0xA9, 0xD1, 0xB0, 0xA9, 0x03, 0xA8, 0x86, 0xA9, 0xC2, 0xD9, 0xE6, 0xEB, 0xD9, 0xAF, 0x02,
    0x97, 0x8E, 0x93, 0x9F, 0xEF, 0xDF, 0xB0, 0xAD, 0xD7, 0xFA, 0xFF, 0xE9, 0xA0, 0x0E, 0x41, 0x4F,
    0xA9, 0x02, 0xFF, 0x80, 0xFE, 0x05, 0xFF, 0x8B, 0xE1, 0xF0, 0x59, 0x7C, 0xE4, 0xA9, 0xDC, 0xF2,
    0xCA, 0xB6, 0xFF, 0xF6, 0x04, 0xFF, 0x84, 0x99, 0xFF, 0x59, 0x4C, 0x4E, 0x02, 0x53, 0x02, 0x59,
    0x83, 0x76, 0x79, 0xDA, 0xDE, 0x02, 0xD2, 0x02, 0xD1, 0x94, 0xA9, 0xA7, 0xA0, 0x77, 0x78, 0x96,
    0x91, 0x90, 0x95, 0x90, 0x98, 0xD1, 0x51, 0x0A, 0x08, 0x2B, 0x45, 0x8E, 0x63, 0x92, 0x0C, 0x03,
    0x08, 0x87, 0x39, 0x59, 0x99, 0x58, 0x56, 0x39, 0x4C, 0x3B, 0x02, 0x38, 0x81, 0x37, 0x39, 0x03,
    0x3D, 0x80, 0x43, 0x02, 0x3D, 0x02, 0x3B, 0x03, 0x39, 0x9B, 0x37, 0x32, 0x37, 0x26, 0x30, 0x1D,
    0x21, 0x28, 0x1A, 0x22, 0x4F, 0x68, 0x0D, 0x47, 0x32, 0x12, 0x13, 0x26, 0x31, 0x32, 0x33, 0x3D,
    0x43, 0x6C, 0x5A, 0x4F, 0x2B, 0x47, 0x02, 0x53, 0x02, 0x50, 0x92, 0x35, 0x32, 0x11, 0x3D, 0x44,
    0x51, 0x53, 0x58, 0x4E, 0x51, 0x50, 0x51, 0x4E, 0x21, 0x53, 0xA9, 0xD2, 0xF1, 0xF6, 0x02, 0xFF,
    0x84, 0xE6, 0xDE, 0xA6, 0x4F, 0x14, 0x02, 0x28, 0x81, 0x3D, 0x26, 0x25, 0x1E, 0x89, 0xCA, 0xC5,
    0x79, 0x7A, 0x71, 0x9D, 0xC8, 0xCA, 0x73, 0xB4, 0x02, 0xC8, 0x8D, 0xB7, 0xBF, 0xAA, 0xBD, 0xA9,
    0xA6, 0xA8, 0xAF, 0xD4, 0xE0, 0xEB, 0x99, 0xE1, 0xF9, 0x05, 0xFF, 0x80, 0xF6, 0x04, 0xFF, 0x84,
    0xF6, 0xE6, 0xC1, 0xD9, 0xD2, 0x02, 0xB0, 0x84, 0xD5, 0xE9, 0xF6, 0xF2, 0xF6, 0x08, 0xFF, 0x89,
    0xE6, 0xE9, 0xD8, 0xD7, 0xC1, 0xB0, 0xB1, 0x90, 0x8D, 0x96, 0x02, 0xD3, 0x85, 0xD1, 0xC2, 0xA6,
    0x93, 0x91, 0x8A, 0x02, 0x7E, 0x83, 0x61, 0x62, 0x49, 0x4F, 0x03, 0x4E, 0x88, 0x47, 0x63, 0x80,
    0x82, 0x8D, 0x3F, 0x39, 0x51, 0x4B, 0x03, 0x39, 0x82, 0x3B, 0x3D, 0x3B, 0x02, 0x27, 0x84, 0x18,
    0x37, 0x74, 0xFA, 0xC3, 0x02, 0xDB, 0x80, 0xDE, 0x02, 0xD5, 0x98, 0xC2, 0xB0, 0xD1, 0xD5, 0xAD,
    0x97, 0x94, 0x93, 0x79, 0xF4, 0xFB, 0xD3, 0x97, 0xD3, 0xFC, 0xFB, 0xD7, 0xB1, 0x47, 0x36, 0x41,
    0x47, 0xB0, 0xFF, 0xFB, 0x06, 0xFF, 0x89, 0xF0, 0xF6, 0x99, 0x6C, 0xE2, 0x93, 0xE6, 0xF6, 0xFF,
    0x9B, 0x02, 0xFF, 0x80, 0xFE, 0x02, 0xFF, 0x85, 0xF5, 0xB9, 0xE1, 0x58, 0x50, 0x53, 0x03, 0x58,
    0x90, 0x59, 0x6C, 0x9B, 0xD8, 0xD2, 0xD4, 0xC1, 0x79, 0x5A, 0x58, 0x74, 0x70, 0x77, 0x93, 0x96,
    0x8E, 0x8B, 0x02, 0x8C, 0x8A, 0x95, 0xAE, 0xB6, 0x4F, 0x78, 0x57, 0x55, 0x90, 0x63, 0x97, 0x09,
    0x03, 0x08, 0x87, 0x06, 0x08, 0x33, 0xA0, 0x5A, 0x50, 0x36, 0x37, 0x02, 0x36, 0x82, 0x35, 0x18,
    0x39, 0x02, 0x3D, 0x80, 0x42, 0x02, 0x3D, 0x02, 0x3B, 0x80, 0x39, 0x02, 0x38, 0x80, 0x36, 0x02,
    0x35, 0x8F, 0x26, 0x31, 0x1D, 0x25, 0x20, 0x19, 0x1F, 0x34, 0x47, 0x77, 0x40, 0x44, 0x23, 0x14,
    0x35, 0x32, 0x02, 0x36, 0x8E, 0x35, 0x3A, 0x0C, 0x15, 0x38, 0x44, 0x53, 0x50, 0x13, 0x38, 0x3D,
    0x43, 0x4E, 0x53, 0x58, 0x02, 0x53, 0x80, 0x58, 0x02, 0x51, 0x82, 0x50, 0x53, 0x51, 0x02, 0x35,
    0x90, 0x3C, 0xB1, 0xA9, 0xE7, 0xF6, 0xFB, 0xF6, 0xF7, 0xD1, 0x59, 0x22, 0x32, 0x20, 0x38, 0x42,
    0x3B, 0x26, 0x24, 0x1E, 0x8B, 0xF0, 0xB6, 0xC4, 0xB4, 0x9F, 0x79, 0x7B, 0x5B, 0x6D, 0xBF, 0xC4,
    0xBE, 0x02, 0xAB, 0x8B, 0xB4, 0xB6, 0xB0, 0x78, 0xAD, 0xE9, 0xEB, 0xC5, 0x99, 0xBB, 0xEE, 0xF6,
    0x07, 0xFF, 0x80, 0xFE, 0x02, 0xFF, 0x89, 0xF7, 0xD8, 0xB0, 0x93, 0xA6, 0xB1, 0xDF, 0xEB, 0xF6,
    0xFC, 0x02, 0xF2, 0x81, 0xFF, 0xF9, 0x06, 0xFF, 0x98, 0xDB, 0xD2, 0xC1, 0xD2, 0xD9, 0xD8, 0xEE,
    0x96, 0x8D, 0x95, 0xD5, 0xEE, 0xF1, 0xF7, 0xE3, 0xF4, 0xEF, 0x98, 0x8E, 0x80, 0x7F, 0x7E, 0x8A,
    0x60, 0x49, 0x02, 0x4F, 0x86, 0x63, 0x80, 0x7F, 0x8D, 0x49, 0x34, 0x3A, 0x02, 0x41, 0x84, 0x50,
    0x39, 0x3D, 0x3C, 0x41, 0x02, 0x43, 0x86, 0x3E, 0x16, 0x28, 0x11, 0x39, 0xB4, 0xE0, 0x02, 0xEC,
    0x81, 0xEF, 0xF6, 0x02, 0xD8, 0x80, 0xB1, 0x03, 0x97, 0x90, 0xA0, 0x7A, 0xFA, 0xCD, 0xDF, 0xAD,
    0xAE, 0xE7, 0xEC, 0xF2, 0xD2, 0x68, 0x34, 0x1A, 0x41, 0x40, 0xAF, 0x05, 0xFF, 0x80, 0xF6, 0x02,
    0xFF, 0x8C, 0xF6, 0xF0, 0xC7, 0x6C, 0xF5, 0x9C, 0xDB, 0xF6, 0xF0, 0xED, 0xBF, 0xFF, 0xF0, 0x02,
    0xFF, 0x84, 0xF6, 0xBF, 0xFF, 0x59, 0x56, 0x03, 0x58, 0x91, 0x5A, 0x77, 0xA7, 0xC2, 0xB0, 0xC1,
    0xAC, 0x70, 0x09, 0x58, 0x52, 0x0C, 0x0B, 0x09, 0x93, 0x96, 0x63, 0x7D, 0x02, 0x83, 0x85, 0x8E,
    0x98, 0xAF, 0xB0, 0xAE, 0x96, 0x02, 0x8D, 0x83, 0x8F, 0x92, 0x0A, 0x08, 0x02, 0x07, 0x8C, 0x06,
    0x07, 0x08, 0x07, 0x77, 0x5A, 0x34, 0x26, 0x31, 0x18, 0x14, 0x13, 0x18, 0x02, 0x39, 0x82, 0x3D,
    0x3B, 0x3D, 0x02, 0x39, 0x88, 0x37, 0x35, 0x36, 0x35, 0x31, 0x32, 0x26, 0x31, 0x1D, 0x03, 0x30,
    0x87, 0x28, 0x16, 0x2F, 0x47, 0x68, 0x52, 0x36, 0x35, 0x03, 0x39, 0x94, 0x38, 0x32, 0x0E, 0x11,
    0x28, 0x21, 0x30, 0x35, 0x20, 0x2E, 0x35, 0x18, 0x52, 0x44, 0x4B, 0x4E, 0x4B, 0x44, 0x3D, 0x4B,
    0x4A, 0x02, 0x4E, 0x91, 0x18, 0x31, 0x24, 0x2E, 0x78, 0xA6, 0xD5, 0xE9, 0xFB, 0xF3, 0xFE, 0x93,
    0x3C, 0x37, 0x1C, 0x30, 0x25, 0x1D, 0x03, 0x18, 0x02, 0x1E, 0x80, 0x18, 0x20, 0x1E, 0x96, 0xE1,
    0x99, 0x79, 0xB2, 0xC4, 0x7C, 0x6B, 0x7A, 0xA4, 0xBE, 0xBC, 0xBB, 0xAB, 0x76, 0xA7, 0xAC, 0x94,
    0x97, 0xD5, 0xF3, 0xE3, 0x9D, 0xBB, 0x05, 0xFF, 0x80, 0xF6, 0x02, 0xFF, 0x81, 0xF0, 0xF9, 0x03,
    0xF6, 0x84, 0xF0, 0xAC, 0x78, 0x94, 0xB0, 0x08, 0xFF, 0x89, 0xFE, 0xFF, 0xFC, 0xF6, 0xE9, 0xDF,
    0xD8, 0xDA, 0xE5, 0xFA, 0x02, 0xFC, 0x8D, 0xFA, 0xEE, 0xAF, 0x8F, 0x8D, 0x96, 0xD6, 0xEF, 0xFA,
    0xF8, 0xE9, 0xF6, 0xD7, 0xAE, 0x02, 0x55, 0x8D, 0x8A, 0x7F, 0x83, 0x7E, 0x7D, 0x8A, 0x80, 0x82,
    0x8D, 0x49, 0x32, 0x19, 0x1D, 0x31, 0x02, 0x37, 0x81, 0x4B, 0x4E, 0x04, 0x43, 0xA1, 0x3D, 0x42,
    0x4A, 0x3E, 0x3A, 0x9A, 0xB6, 0xE3, 0xEB, 0xEC, 0xE5, 0xD1, 0xAE, 0x97, 0xA8, 0xA6, 0xA1, 0x99,
    0xFF, 0xA2, 0xD0, 0xB1, 0x97, 0xD5, 0xDD, 0xF3, 0xD3, 0xAD, 0x34, 0x1E, 0x16, 0x41, 0x40, 0xAF,
    0x08, 0xFF, 0x86, 0xF6, 0xB2, 0xF6, 0x6B, 0xFD, 0x7A, 0xE5, 0x03, 0xFF, 0x82, 0x99, 0xC8, 0xF6,
    0x02, 0xFF, 0x86, 0xC5, 0x9D, 0xBF, 0x64, 0x5A, 0x76, 0xAC, 0x02, 0xD1, 0x04, 0xC2, 0x83, 0xA0,
    0xC1, 0x56, 0x37, 0x03, 0x08, 0x94, 0x07, 0x08, 0x56, 0x96, 0x63, 0x7D, 0x7E, 0x89, 0x7F, 0x95,
    0xC2, 0xBD, 0x98, 0x90, 0x80, 0x81, 0x8B, 0x97, 0x07, 0x08, 0x07, 0x03, 0x06, 0x02, 0x07, 0x98,
    0x46, 0x67, 0x57, 0x11, 0x10, 0x12, 0x0E, 0x14, 0x12, 0x32, 0x35, 0x3B, 0x39, 0x3B, 0x38, 0x36,
    0x35, 0x31, 0x35, 0x32, 0x26, 0x31, 0x26, 0x1E, 0x1D, 0x03, 0x26, 0x02, 0x19, 0x86, 0x26, 0x35,
    0x3D, 0x52, 0x5A, 0x3C, 0x3B, 0x02, 0x3A, 0x86, 0x3B, 0x31, 0x12, 0x14, 0x13, 0x14, 0x26, 0x03,
    0x1E, 0x82, 0x31, 0x18, 0x50, 0x02, 0x35, 0x82, 0x37, 0x35, 0x26, 0x02, 0x1E, 0x90, 0x26, 0x35,
    0x18, 0x1E, 0x18, 0x20, 0x22, 0x94, 0xAF, 0xD1, 0xDF, 0xF9, 0xFF, 0xD1, 0x64, 0x1C, 0x19, 0x02,
    0x26, 0x28, 0x1E, 0x95, 0xCE, 0xC4, 0xA1, 0x9B, 0xB7, 0xC4, 0x5B, 0x59, 0xCA, 0xB5, 0xAA, 0xA4,
    0xA3, 0x75, 0xA7, 0xA6, 0x94, 0xB1, 0xE9, 0xC4, 0xE2, 0xA5, 0x02, 0xF0, 0x04, 0xFF, 0x80, 0xF6,
    0x02, 0xFF, 0x80, 0xF0, 0x03, 0xFF, 0x82, 0xF1, 0xC2, 0xA0, 0x02, 0xA9, 0x80, 0xDF, 0x09, 0xFF,
    0x02, 0xF2, 0x02, 0xE5, 0x81, 0xDB, 0xE5, 0x03, 0xFF, 0x02, 0xF2, 0x83, 0xD8, 0xF7, 0xEE, 0x98,
    0x02, 0x8F, 0x88, 0x98, 0xD9, 0xEE, 0xEF, 0xFA, 0xEE, 0xF2, 0xD7, 0xAD, 0x02, 0x92, 0x89, 0x91,
    0x8E, 0x8B, 0x80, 0x7F, 0x89, 0x83, 0x54, 0x29, 0x35, 0x02, 0x21, 0x85, 0x30, 0x2D, 0x22, 0x34,
    0x3C, 0x4B, 0x02, 0x4D, 0x8B, 0x47, 0x4B, 0x42, 0x44, 0x53, 0xAA, 0xDE, 0xDF, 0xD7, 0xD3, 0xB1,
    0xAF, 0x02, 0x97, 0x80, 0xAD, 0x02, 0xA0, 0x92, 0x9F, 0xB7, 0xC4, 0x53, 0xD5, 0x97, 0xAF, 0xDB,
    0xDA, 0xF7, 0xAF, 0x59, 0x3C, 0x1D, 0x16, 0x41, 0x40, 0xAF, 0xFE, 0x07, 0xFF, 0x87, 0xED, 0x76,
    0xF2, 0x71, 0xDF, 0x77, 0xDB, 0xFE, 0x02, 0xFF, 0x82, 0x7C, 0xFF, 0xF6, 0x02, 0xFF, 0x90, 0xC4,
    0xC8, 0xC4, 0x53, 0x4B, 0x13, 0x43, 0x4F, 0x58, 0x5A, 0x53, 0xC3, 0xA7, 0x99, 0xC1, 0x44, 0x0E,
    0x03, 0x08, 0x91, 0x06, 0x08, 0x3C, 0x96, 0x63, 0x61, 0x48, 0x8D, 0x80, 0x8D, 0x96, 0xAE, 0x98,
    0x90, 0x8D, 0x7E, 0x90, 0x92, 0x02, 0x07, 0x03, 0x06, 0x82, 0x05, 0x06, 0x07, 0x02, 0x49, 0x82,
    0x68, 0x56, 0x13, 0x02, 0x0C, 0x8A, 0x12, 0x11, 0x12, 0x35, 0x26, 0x3C, 0x39, 0x36, 0x31, 0x32,
    0x31, 0x02, 0x32, 0x83, 0x18, 0x1E, 0x26, 0x23, 0x07, 0x1E, 0x8C, 0x0A, 0x37, 0x3B, 0x33, 0x4B,
    0x42, 0x39, 0x3D, 0x3B, 0x32, 0x13, 0x12, 0x14, 0x02, 0x13, 0x03, 0x1E, 0x81, 0x26, 0x32, 0x02,
    0x35, 0x82, 0x31, 0x1E, 0x32, 0x03, 0x1E, 0x8F, 0x32, 0x18, 0x26, 0x1F, 0x19, 0x20, 0x22, 0x92,
    0xAF, 0xB0, 0xDE, 0xF4, 0xFE, 0xA8, 0x47, 0x2E, 0x2B, 0x1E, 0x97, 0xFF, 0x73, 0xE1, 0xB3, 0x7A,
    0xCA, 0xB5, 0xA4, 0xAA, 0xA1, 0xA4, 0x9F, 0x6E, 0x7A, 0xA6, 0x97, 0xAD, 0xDF, 0xEA, 0xC8, 0x9E,
    0xBE, 0xB7, 0xCE, 0x07, 0xFF, 0x88, 0xF0, 0xFF, 0xF6, 0xCE, 0xC6, 0xAF, 0xA0, 0xA7, 0xDB, 0x07,
    0xFF, 0x80, 0xF6, 0x02, 0xFF, 0x85, 0xF6, 0xFC, 0xF5, 0xE2, 0xFC, 0xFF, 0x04, 0xF2, 0x02, 0xFF,
    0x80, 0xDF, 0x02, 0xF3, 0x80, 0x95, 0x02, 0x8D, 0x9F, 0x96, 0xD3, 0xFF, 0xFA, 0xDE, 0xFA, 0xFC,
    0xD5, 0xA6, 0x7C, 0x7A, 0x7B, 0x96, 0x90, 0x8C, 0x80, 0x7F, 0x80, 0x8B, 0x62, 0x55, 0x47, 0x34,
    0x1C, 0x22, 0x2E, 0x22, 0x3C, 0x44, 0x52, 0x67, 0xA0, 0x02, 0xB0, 0x81, 0xA6, 0xB0, 0x03, 0xA9,
    0x81, 0xAF, 0xAE, 0x02, 0xAD, 0x95, 0xA8, 0xA0, 0xA1, 0x9A, 0xC0, 0xBF, 0x43, 0x76, 0xD1, 0x97,
    0xD3, 0xC0, 0xE8, 0xD3, 0x94, 0x34, 0x0E, 0x1D, 0x20, 0x41, 0x40, 0xAF, 0x04, 0xFF, 0x80, 0xF6,
    0x03, 0xFF, 0x86, 0xED, 0x79, 0xEB, 0x7A, 0xE8, 0xAC, 0xDD, 0x03, 0xFF, 0x82, 0xF0, 0xFF, 0xED,
    0x02, 0xFF, 0x80, 0xF0, 0x02, 0xFF, 0x81, 0x50, 0x16, 0x02, 0x20, 0x02, 0x32, 0x87, 0x13, 0x3D,
    0xC6, 0xA1, 0xBA, 0xC7, 0x11, 0x09, 0x02, 0x08, 0x88, 0x07, 0x08, 0x06, 0x08, 0x78, 0x91, 0x63,
    0x60, 0x45, 0x02, 0x61, 0x89, 0x63, 0x96, 0x62, 0x95, 0x63, 0x8D, 0x91, 0x52, 0x09, 0x07, 0x04,
    0x06, 0x82, 0x05, 0x07, 0x68, 0x02, 0x55, 0x8E, 0x57, 0x0D, 0x0B, 0x0A, 0x12, 0x10, 0x0C, 0x13,
    0x26, 0x38, 0x37, 0x31, 0x18, 0x1E, 0x26, 0x02, 0x1E, 0x82, 0x14, 0x18, 0x26, 0x08, 0x1E, 0x81,
    0x07, 0x36, 0x02, 0x39, 0x80, 0x38, 0x04, 0x3B, 0x80, 0x35, 0x03, 0x13, 0x81, 0x18, 0x14, 0x03,
    0x12, 0x8A, 0x31, 0x1E, 0x26, 0x20, 0x36, 0x35, 0x18, 0x31, 0x1E, 0x26, 0x18, 0x02, 0x32, 0x02,
    0x26, 0x8C, 0x16, 0x2E, 0x78, 0xB1, 0xB0, 0xDE, 0xFC, 0xE9, 0x93, 0x2F, 0x1C, 0x18, 0x19, 0x29,
    0x1E, 0x93, 0xFF, 0x9D, 0xBE, 0xCA, 0x79, 0x5B, 0xAA, 0xB6, 0xA1, 0x9F, 0xA3, 0xA2, 0x99, 0x9C,
    0x94, 0x97, 0xA9, 0x79, 0xB4, 0x7B, 0x02, 0xB6, 0x82, 0xBB, 0xCE, 0xF6, 0x05, 0xFF, 0x8A, 0xE1,
    0xFF, 0xF6, 0xCE, 0xBF, 0xDA, 0x94, 0xA9, 0xD7, 0xF8, 0xF4, 0x02, 0xFF, 0x81, 0xFB, 0xFF, 0x02,
    0xF6, 0x02, 0xFF, 0x85, 0xFE, 0xF0, 0xF5, 0xFE, 0xFF, 0xEE, 0x03, 0xF2, 0x80, 0xFF, 0x02, 0xE9,
    0x86, 0xF3, 0xDF, 0xD3, 0xD2, 0xB1, 0x95, 0x8D, 0x02, 0x8F, 0x83, 0x96, 0x94, 0xA8, 0xA6, 0x02,
    0xB0, 0x8D, 0xAD, 0x92, 0x78, 0x7C, 0x99, 0xAD, 0x98, 0x96, 0x8F, 0x80, 0x7F, 0x83, 0x80, 0x8D,
    0x02, 0x8F, 0x80, 0x91, 0x03, 0x96, 0x86, 0x97, 0xAD, 0xA9, 0xB0, 0xDF, 0xE7, 0xD7, 0x04, 0xD3,
    0x82, 0xB1, 0xAF, 0xA6, 0x02, 0xA3, 0x94, 0xA1, 0x7C, 0xCB, 0xBE, 0x42, 0x44, 0xA7, 0xAE, 0xAF,
    0xD7, 0xEE, 0xE6, 0xAF, 0x56, 0x3C, 0x12, 0x13, 0x16, 0x41, 0x40, 0xAF, 0x09, 0xFF, 0x85, 0xBE,
    0xC8, 0x9A, 0xDF, 0xAC, 0xE9, 0x04, 0xFF, 0x80, 0xF6, 0x04, 0xFF, 0x85, 0xFE, 0xFF, 0x4E, 0x19,
    0x20, 0x16, 0x02, 0x18, 0x83, 0x26, 0x51, 0xBF, 0x7B, 0x02, 0xC1, 0x8A, 0x43, 0x09, 0x0A, 0x08,
    0x06, 0x08, 0x04, 0x06, 0x4F, 0x78, 0x8E, 0x05, 0x60, 0x02, 0x48, 0x80, 0x60, 0x02, 0x90, 0x80,
    0x57, 0x02, 0x07, 0x04, 0x08, 0x02, 0x07, 0x81, 0x40, 0x68, 0x03, 0x55, 0x80, 0x68, 0x02, 0x0A,
    0x80, 0x0E, 0x03, 0x10, 0x81, 0x13, 0x26, 0x07, 0x18, 0x81, 0x13, 0x18, 0x03, 0x1E, 0x80, 0x23,
    0x02, 0x1E, 0x80, 0x23, 0x02, 0x1E, 0x80, 0x07, 0x02, 0x38, 0x02, 0x3A, 0x84, 0x3B, 0x39, 0x3A,
    0x3B, 0x32, 0x02, 0x13, 0x02, 0x12, 0x80, 0x13, 0x06, 0x12, 0x82, 0x11, 0x10, 0x0C, 0x04, 0x0B,
    0x03, 0x0C, 0x8C, 0x11, 0x14, 0x21, 0x34, 0x67, 0xB1, 0xD1, 0xD2, 0xE5, 0xDE, 0x68, 0x22, 0x1A,
    0x2B, 0x1E, 0x8D, 0xBF, 0xF6, 0xB5, 0xB3, 0xB2, 0x7A, 0x99, 0x9B, 0xA1, 0x9F, 0x9D, 0x6F, 0x9C,
    0xA0, 0x02, 0x94, 0x89, 0xE6, 0x7C, 0x7B, 0xAB, 0xB2, 0xAA, 0xB3, 0xCC, 0xF0, 0xF6, 0x03, 0xFF,
    0x8B, 0xF6, 0xFF, 0xF2, 0xCE, 0xBB, 0xBF, 0x99, 0xAF, 0xB1, 0xE9, 0xFF, 0xFA, 0x09, 0xFF, 0x81,
    0xF6, 0xE7, 0x02, 0xFF, 0x02, 0xF2, 0x84, 0xEE, 0xFF, 0xE9, 0xD8, 0xC2, 0x03, 0xB0, 0x80, 0xD1,
    0x02, 0xD5, 0x87, 0x98, 0x90, 0x8D, 0x8F, 0x95, 0xB1, 0xD3, 0xD5, 0x02, 0xD1, 0x85, 0xAD, 0x94,
    0x97, 0x94, 0x97, 0x94, 0x02, 0x93, 0x87, 0x91, 0x8F, 0x8C, 0x7E, 0x83, 0x89, 0x7F, 0x80, 0x03,
    0x7E, 0x02, 0x8B, 0x84, 0x90, 0x95, 0x98, 0xAE, 0xD1, 0x02, 0xD7, 0x8A, 0xB0, 0xA7, 0xA6, 0xA4,
    0x99, 0x6D, 0x9F, 0x7C, 0xBC, 0xB9, 0x4A, 0x02, 0x42, 0x8E, 0xB0, 0x94, 0xD3, 0xEE, 0xE7, 0xE6,
    0x92, 0x47, 0x12, 0x10, 0x13, 0x10, 0x3C, 0x40, 0xAF, 0x04, 0xFF, 0x80, 0xF6, 0x03, 0xFF, 0x86,
    0xC5, 0xCA, 0xF9, 0xA4, 0xBA, 0xAC, 0xDB, 0x04, 0xFF, 0x80, 0xF0, 0x04, 0xFF, 0x83, 0xF6, 0xB2,
    0x4D, 0x35, 0x02, 0x16, 0x02, 0x23, 0x93, 0x14, 0x76, 0xDA, 0x9E, 0xB0, 0x79, 0x52, 0x59, 0x34,
    0x06, 0x08, 0x07, 0x06, 0x07, 0x08, 0x59, 0x68, 0x91, 0x63, 0x8A, 0x03, 0x61, 0x85, 0x8D, 0x90,
    0x8F, 0x62, 0x0E, 0x08, 0x03, 0x07, 0x8C, 0x08, 0x09, 0x08, 0x4B, 0x77, 0x57, 0x46, 0x49, 0x2C,
    0x39, 0x0C, 0x0A, 0x0B, 0x02, 0x0C, 0x82, 0x10, 0x12, 0x1E, 0x02, 0x13, 0x03, 0x14, 0x80, 0x13,
    0x03, 0x14, 0x84, 0x18, 0x23, 0x1E, 0x18, 0x19, 0x04, 0x1E, 0x85, 0x08, 0x35, 0x37, 0x39, 0x3B,
    0x3C, 0x03, 0x39, 0x80, 0x31, 0x03, 0x12, 0x81, 0x11, 0x12, 0x03, 0x10, 0x81, 0x11, 0x12, 0x02,
    0x10, 0x02, 0x0C, 0x06, 0x0B, 0x80, 0x0A, 0x02, 0x0B, 0x8A, 0x10, 0x2E, 0x56, 0xAF, 0xD5, 0xD7,
    0xC7, 0xD5, 0x64, 0x2E, 0x27, 0x07, 0x1E, 0x80, 0x18, 0x23, 0x1E, 0x02, 0xE1, 0x85, 0xBC, 0x7C,
    0xBF, 0x7C, 0xAB, 0x9E, 0x03, 0x9D, 0x8B, 0x9F, 0x79, 0x94, 0x97, 0x9C, 0xA3, 0xB2, 0x7A, 0xA2,
    0x9F, 0xA3, 0xAA, 0x02, 0xE1, 0x04, 0xF6, 0x8B, 0xE1, 0xF2, 0xC9, 0xBD, 0xC0, 0xB8, 0x78, 0xA9,
    0xDE, 0xF2, 0xF4, 0xFA, 0x08, 0xFF, 0x02, 0xF6, 0x8C, 0xF3, 0xEE, 0xF6, 0xFF, 0xE3, 0xF1, 0xD4,
    0xA9, 0xB0, 0xD7, 0xFE, 0xEE, 0xEC, 0x02, 0xF4, 0x83, 0xF8, 0xE6, 0xAF, 0x95, 0x02, 0x8D, 0x86,
    0x90, 0x96, 0xAF, 0xD5, 0xD4, 0xD1, 0xA8, 0x02, 0x94, 0x80, 0x97, 0x04, 0x94, 0x86, 0x97, 0x96,
    0x95, 0x90, 0x8D, 0x8B, 0x8C, 0x02, 0x7E, 0x04, 0x7F, 0x95, 0x83, 0x80, 0x8C, 0x90, 0x96, 0xA6,
    0xA2, 0x99, 0x7B, 0x59, 0x73, 0xA5, 0x79, 0xF1, 0xA2, 0x4B, 0x4C, 0x4B, 0x3C, 0xAE, 0xAF, 0xD9,
    0x02, 0xFC, 0x8A, 0xAF, 0x58, 0x34, 0x0C, 0x14, 0x10, 0x0F, 0x3C, 0x40, 0xB1, 0xFE, 0x07, 0xFF,
    0x86, 0x9D, 0xF6, 0xFF, 0xCE, 0xAC, 0xD6, 0xFC, 0x05, 0xFF, 0x82, 0xE1, 0xFF, 0xF9, 0x02, 0xFF,
    0x82, 0xC7, 0x4D, 0x35, 0x03, 0x18, 0x02, 0x14, 0x8C, 0xA0, 0xD7, 0xAC, 0xB0, 0x58, 0x50, 0x53,
    0x58, 0x51, 0x08, 0x06, 0x07, 0x0A, 0x02, 0x0B, 0x82, 0x52, 0x78, 0x97, 0x02, 0x95, 0x86, 0x8F,
    0x8B, 0x8D, 0x8F, 0x62, 0x07, 0x08, 0x02, 0x07, 0x87, 0x08, 0x07, 0x0A, 0x13, 0x50, 0x4D, 0x51,
    0x58, 0x02, 0x0E, 0x05, 0x0B, 0x03, 0x0C, 0x80, 0x10, 0x02, 0x12, 0x03, 0x13, 0x02, 0x14, 0x82,
    0x13, 0x14, 0x12, 0x02, 0x1F, 0x80, 0x26, 0x02, 0x1E, 0x89, 0x26, 0x33, 0x2D, 0x22, 0x08, 0x32,
    0x39, 0x3A, 0x3B, 0x39, 0x02, 0x37, 0x81, 0x38, 0x26, 0x02, 0x13, 0x81, 0x12, 0x11, 0x02, 0x10,
    0x03, 0x0C, 0x82, 0x11, 0x0F, 0x10, 0x03, 0x0C, 0x02, 0x0B, 0x81, 0x0A, 0x0B, 0x02, 0x0A, 0x02,
    0x0B, 0x8A, 0x11, 0x27, 0x4F, 0xAE, 0xD5, 0xEF, 0xE6, 0xD1, 0x59, 0x2D, 0x35, 0x05, 0x1E, 0x80,
    0x18, 0x25, 0x1E, 0xA8, 0xFF, 0xCA, 0xB7, 0xB6, 0x7A, 0xA2, 0x9D, 0x7A, 0x9F, 0x9D, 0x76, 0xA1,
    0x77, 0x94, 0x97, 0xA0, 0x75, 0x7C, 0x7A, 0xA3, 0x9D, 0xA1, 0xAB, 0xCA, 0xE1, 0xF0, 0xE4, 0xED,
    0xCA, 0xFF, 0xEB, 0xEA, 0x7B, 0xBF, 0x77, 0x97, 0xC1, 0xFC, 0xEE, 0xF2, 0xFA, 0x02, 0xFF, 0x80,
    0xFE, 0x07, 0xFF, 0x8A, 0xF7, 0xFE, 0xE9, 0xD8, 0xC1, 0xB0, 0xD1, 0xD8, 0xF7, 0xF3, 0xDE, 0x02,
    0xD5, 0x87, 0xD3, 0xD1, 0xB0, 0xAF, 0xA6, 0x94, 0x95, 0x8F, 0x02, 0x8D, 0x82, 0x8F, 0x90, 0x96,
    0x03, 0x97, 0x80, 0x94, 0x03, 0xA0, 0x87, 0x94, 0x93, 0x94, 0xA0, 0xA7, 0xB0, 0xAF, 0xAE, 0x03,
    0x98, 0x80, 0x96, 0x02, 0x95, 0x81, 0x8F, 0x8B, 0x02, 0x7E, 0x85, 0x83, 0x80, 0x8D, 0x91, 0x56,
    0x53, 0x02, 0xA1, 0x84, 0x7B, 0xFF, 0x7A, 0x44, 0x4D, 0x02, 0x4C, 0x8A, 0x40, 0x97, 0xD1, 0xDE,
    0xFC, 0xDF, 0x94, 0x47, 0x11, 0x10, 0x11, 0x02, 0x10, 0x82, 0x34, 0x47, 0xB0, 0x08, 0xFF, 0x86,
    0xA2, 0xFF, 0xF9, 0xDA, 0xBD, 0xDF, 0xFC, 0x05, 0xFF, 0x88, 0xBC, 0xF6, 0xFB, 0xE0, 0xF0, 0x58,
    0x4D, 0x14, 0x15, 0x02, 0x14, 0x86, 0x1A, 0x0E, 0xAC, 0xDB, 0xBD, 0x93, 0x52, 0x02, 0x58, 0x8C,
    0x65, 0x59, 0x58, 0x53, 0x51, 0x50, 0x4D, 0x3D, 0x2E, 0x0D, 0x4F, 0x68, 0x92, 0x02, 0x91, 0x82,
    0x62, 0x3F, 0x0D, 0x02, 0x08, 0x8A, 0x0A, 0x14, 0x4B, 0x56, 0x50, 0x3C, 0x43, 0x3D, 0x4B, 0x4A,
    0x0C, 0x06, 0x0B, 0x04, 0x0C, 0x02, 0x10, 0x02, 0x12, 0x80, 0x13, 0x02, 0x14, 0x84, 0x13, 0x14,
    0x12, 0x14, 0x23, 0x02, 0x1E, 0x81, 0x19, 0x1E, 0x03, 0x17, 0x81, 0x0C, 0x16, 0x02, 0x3A, 0x80,
    0x3B, 0x03, 0x3A, 0x82, 0x37, 0x19, 0x13, 0x02, 0x12, 0x02, 0x10, 0x03, 0x0C, 0x81, 0x0B, 0x0C,
    0x02, 0x10, 0x03, 0x0C, 0x04, 0x0B, 0x02, 0x0A, 0x02, 0x0B, 0x8A, 0x11, 0x20, 0x2F, 0xAD, 0xD7,
    0xFA, 0xE9, 0xD3, 0x68, 0x2D, 0x16, 0x2B, 0x1E, 0x8C, 0xF0, 0xBC, 0xB9, 0xB5, 0x6E, 0xB2, 0xA1,
    0xA2, 0x9D, 0x9E, 0x79, 0x9D, 0x7B, 0x02, 0x94, 0x89, 0xAC, 0xBE, 0x9B, 0x7C, 0x9E, 0x9D, 0x9E,
    0xB3, 0xBC, 0xC5, 0x02, 0xCE, 0x8D, 0xCB, 0xF0, 0xF6, 0xCB, 0xEA, 0xBC, 0xA7, 0x94, 0xAD, 0xD7,
    0xF7, 0xF2, 0xF4, 0xFA, 0x02, 0xFF, 0x80, 0xF9, 0x03, 0xFF, 0x80, 0xF6, 0x02, 0xFF, 0x87, 0xF5,
    0xD8, 0xD5, 0xC1, 0xB0, 0xD5, 0xD9, 0xD7, 0x02, 0xFF, 0x84, 0xDF, 0xB1, 0xAF, 0xA8, 0xAF, 0x02,
    0xB1, 0x86, 0xD3, 0xE8, 0xF1, 0xE6, 0xD3, 0x98, 0x95, 0x03, 0x8D, 0x8E, 0x8F, 0x95, 0x98, 0x94,
    0xA6, 0xB4, 0xBC, 0xC8, 0xEA, 0xF3, 0xD8, 0xE7, 0xFF, 0xEB, 0xAC, 0x02, 0xA2, 0x80, 0xA4, 0x02,
    0xA1, 0x82, 0x9F, 0x9A, 0x93, 0x02, 0x91, 0x8A, 0x8A, 0x80, 0x7F, 0x80, 0x8A, 0x96, 0x93, 0xBF,
    0xF2, 0x58, 0x4B, 0x03, 0x4C, 0x8B, 0x42, 0x34, 0x97, 0xD5, 0xF7, 0xE7, 0xD3, 0x68, 0x40, 0x0E,
    0x10, 0x12, 0x02, 0x10, 0x82, 0x34, 0x47, 0xB1, 0x08, 0xFF, 0x86, 0xC5, 0xCA, 0xF0, 0xC7, 0x99,
    0xE9, 0xFC, 0x08, 0xFF, 0x84, 0xEF, 0xCE, 0x79, 0x4D, 0x12, 0x02, 0x13, 0x82, 0x14, 0x13, 0x34,
    0x03, 0xC1, 0x93, 0x56, 0x4F, 0x53, 0x4D, 0x59, 0x6C, 0x58, 0x65, 0x59, 0x5A, 0x59, 0x58, 0x53,
    0x52, 0x4D, 0x1A, 0x39, 0x41, 0x4B, 0x50, 0x02, 0x53, 0x8A, 0x51, 0x4D, 0x39, 0x1C, 0x3B, 0x4A,
    0x39, 0x26, 0x13, 0x0C, 0x0B, 0x02, 0x0C, 0x06, 0x0B, 0x81, 0x0C, 0x10, 0x02, 0x0C, 0x02, 0x10,
    0x02, 0x12, 0x80, 0x13, 0x02, 0x14, 0x83, 0x13, 0x14, 0x13, 0x18, 0x02, 0x1E, 0x80, 0x18, 0x02,
    0x1E, 0x02, 0x2D, 0x86, 0x30, 0x0E, 0x13, 0x33, 0x34, 0x3C, 0x3B, 0x02, 0x34, 0x86, 0x35, 0x1E,
    0x13, 0x0F, 0x10, 0x0F, 0x0C, 0x05, 0x0B, 0x02, 0x10, 0x03, 0x0C, 0x02, 0x0B, 0x81, 0x0A, 0x0B,
    0x02, 0x0A, 0x02, 0x0B, 0x8E, 0x12, 0x28, 0x2A, 0x97, 0xD9, 0xF4, 0xFC, 0xD9, 0x78, 0x22, 0x31,
    0x1E, 0x1F, 0x1E, 0x23, 0x27, 0x1E, 0x80, 0xF0, 0x02, 0xBB, 0x82, 0xB3, 0x7A, 0x9E, 0x02, 0xA1,
    0xA0, 0x9B, 0x9A, 0xB7, 0xA0, 0x93, 0x97, 0x93, 0x6E, 0xA3, 0x99, 0x9F, 0x79, 0x9B, 0x9A, 0xB7,
    0xBB, 0xC5, 0xC8, 0xCA, 0xB9, 0xF0, 0xBF, 0xC5, 0x69, 0xEE, 0x70, 0x92, 0xAF, 0xFF, 0xCB, 0x99,
    0xE0, 0xFA, 0x05, 0xFF, 0x84, 0xF6, 0xFB, 0xFF, 0xDD, 0xDC, 0x02, 0xB0, 0x8A, 0xD9, 0xD8, 0xDE,
    0xF6, 0xEE, 0xE9, 0xD1, 0xA8, 0xB0, 0xD7, 0xD8, 0x02, 0xE9, 0x8C, 0xFC, 0xF3, 0xF4, 0xEF, 0xF4,
    0xF2, 0xF4, 0xDB, 0xAE, 0x95, 0x8D, 0x8C, 0x8D, 0x02, 0x8F, 0x80, 0x90, 0x02, 0x94, 0x83, 0x93,
    0x99, 0x7C, 0x9A, 0x02, 0x99, 0x80, 0x9A, 0x02, 0x9B, 0xA9, 0x9E, 0x9F, 0xA1, 0x7C, 0x70, 0x58,
    0x51, 0x3A, 0x1D, 0x2A, 0x3F, 0x8D, 0x7E, 0x83, 0x7F, 0x8D, 0x91, 0x4F, 0x4E, 0x4C, 0x4D, 0x4C,
    0x3E, 0x33, 0x57, 0xAE, 0xDF, 0xF3, 0xDE, 0xA8, 0x52, 0x2E, 0x0C, 0x12, 0x0F, 0x10, 0x0C, 0x40,
    0x56, 0xB0, 0xF6, 0xF9, 0x02, 0xFF, 0x80, 0xF6, 0x03, 0xFF, 0x86, 0xED, 0xFF, 0xF0, 0xFC, 0x74,
    0xDF, 0xFC, 0x06, 0xFF, 0x80, 0xF6, 0x02, 0xFF, 0x83, 0xF6, 0xC7, 0x4F, 0x18, 0x02, 0x13, 0x9B,
    0x14, 0x1C, 0x58, 0x77, 0xBD, 0xBB, 0x56, 0x2F, 0x4B, 0x50, 0x64, 0x58, 0x59, 0x6C, 0x79, 0x6C,
    0x65, 0x59, 0x51, 0x4E, 0x43, 0x3B, 0x2E, 0x32, 0x14, 0x11, 0x0B, 0x09, 0x02, 0x07, 0x83, 0x08,
    0x0B, 0x0C, 0x08, 0x02, 0x09, 0x0C, 0x0B, 0x80, 0x0C, 0x04, 0x10, 0x02, 0x12, 0x80, 0x14, 0x03,
    0x18, 0x81, 0x14, 0x18, 0x06, 0x1E, 0x81, 0x30, 0x20, 0x03, 0x17, 0x81, 0x38, 0x17, 0x03, 0x3A,
    0x84, 0x35, 0x32, 0x26, 0x18, 0x0C, 0x02, 0x10, 0x04, 0x0B, 0x03, 0x0A, 0x04, 0x0C, 0x05, 0x0B,
    0x80, 0x0A, 0x02, 0x0B, 0x8A, 0x10, 0x1B, 0x2A, 0x97, 0xB0, 0xE7, 0xF8, 0xDE, 0xAF, 0x3C, 0x33,
    0x02, 0x1E, 0x80, 0x26, 0x28, 0x1E, 0xA8, 0xE1, 0xB7, 0xB5, 0x7B, 0xA3, 0x9F, 0x9B, 0x9F, 0x9B,
    0x6F, 0xA4, 0xA0, 0x92, 0x97, 0xA0, 0x76, 0x99, 0x6F, 0x9B, 0x79, 0x9B, 0x9D, 0xB7, 0xAB, 0xBB,
    0xCE, 0xBC, 0xC5, 0xE1, 0xED, 0xBE, 0xDA, 0xA5, 0xA8, 0xAD, 0xD3, 0xEB, 0xF8, 0xA4, 0xC5, 0xFA,
    0x05, 0xFF, 0x8B, 0xF6, 0xFF, 0xF7, 0xD8, 0xC1, 0xD6, 0xFD, 0xF5, 0xFF, 0xFE, 0xF1, 0xD5, 0x02,
    0xAF, 0x84, 0xD7, 0xFC, 0xF7, 0xF9, 0xF6, 0x02, 0xF3, 0x82, 0xEE, 0xF4, 0xFA, 0x02, 0xFF, 0x83,
    0xFA, 0xF9, 0xD1, 0x96, 0x02, 0x95, 0x81, 0x90, 0x8F, 0x03, 0x8D, 0x02, 0x8E, 0x02, 0x91, 0x98,
    0x93, 0x7A, 0x76, 0x6B, 0x58, 0x51, 0x4E, 0x4A, 0x4C, 0x4B, 0x44, 0x41, 0x44, 0x13, 0x28, 0x73,
    0xC0, 0xA6, 0x98, 0x90, 0x80, 0x7F, 0x7E, 0x61, 0x46, 0x03, 0x4D, 0x8C, 0x4B, 0x22, 0x92, 0xB1,
    0xFC, 0xF2, 0xD3, 0x97, 0x47, 0x22, 0x0B, 0x13, 0x0B, 0x02, 0x0C, 0x82, 0x41, 0x52, 0xB0, 0x06,
    0xFF, 0x03, 0xF6, 0x85, 0xFF, 0xBF, 0xFF, 0x79, 0xDF, 0xFC, 0x02, 0xFF, 0x80, 0xF6, 0x03, 0xFF,
    0x80, 0xF6, 0x02, 0xFF, 0x82, 0xF0, 0xF5, 0x4D, 0x03, 0x13, 0x96, 0x14, 0x13, 0x74, 0x9C, 0xAC,
    0xB4, 0x59, 0x11, 0x1F, 0x4B, 0x47, 0x56, 0x4E, 0x93, 0x59, 0x74, 0x6E, 0x59, 0x51, 0x3B, 0x18,
    0x0F, 0x0B, 0x05, 0x09, 0x81, 0x08, 0x09, 0x02, 0x08, 0x80, 0x09, 0x03, 0x08, 0x0C, 0x0B, 0x80,
    0x0C, 0x03, 0x10, 0x86, 0x11, 0x12, 0x13, 0x18, 0x31, 0x26, 0x32, 0x02, 0x31, 0x80, 0x32, 0x05,
    0x1E, 0x84, 0x1B, 0x17, 0x1A, 0x2A, 0x29, 0x02, 0x3F, 0x89, 0x2C, 0x3C, 0x3A, 0x38, 0x35, 0x18,
    0x14, 0x12, 0x0C, 0x10, 0x03, 0x0B, 0x05, 0x0A, 0x80, 0x0C, 0x03, 0x10, 0x80, 0x0C, 0x06, 0x0B,
    0x8B, 0x10, 0x1D, 0x2A, 0x68, 0xA8, 0xE7, 0xF6, 0xE9, 0xB0, 0x5A, 0x14, 0x1E, 0x02, 0x23, 0x80,
    0x26, 0x27, 0x1E, 0xB4, 0xCA, 0xB3, 0xA5, 0x71, 0xA2, 0x9B, 0x9E, 0x9D, 0xA1, 0x9F, 0xB5, 0x9C,
    0x97, 0x94, 0xA9, 0xB9, 0x99, 0x6C, 0x7B, 0x99, 0x9A, 0x9B, 0xA1, 0xAA, 0xB6, 0xC8, 0xC4, 0xBE,
    0x79, 0xF0, 0x5B, 0xB9, 0x68, 0x92, 0xA8, 0xD7, 0xF6, 0x9B, 0xBB, 0xF6, 0xCE, 0xFF, 0xF0, 0xFF,
    0xF6, 0xFF, 0xF3, 0xE9, 0xD9, 0xA9, 0xD7, 0xDF, 0xFF, 0x02, 0xEE, 0x85, 0xE3, 0xD3, 0xA8, 0xD1,
    0xE9, 0xF3, 0x07, 0xFF, 0x90, 0xF9, 0xFE, 0xF8, 0xF6, 0xE7, 0xEE, 0xD1, 0x95, 0x8B, 0x8F, 0x96,
    0xB1, 0xAF, 0x96, 0x8A, 0x61, 0x60, 0x02, 0x61, 0x02, 0x60, 0x82, 0x48, 0x46, 0x47, 0x02, 0x4D,
    0x80, 0x4E, 0x02, 0x4C, 0xA3, 0x4D, 0x34, 0x53, 0xA3, 0xB8, 0xAC, 0xFA, 0xFF, 0xB8, 0x56, 0x45,
    0x60, 0x7E, 0x89, 0x80, 0x61, 0x48, 0x4D, 0x4E, 0x47, 0x97, 0xD9, 0xF3, 0xD8, 0xAE, 0x68, 0x39,
    0x13, 0x0B, 0x12, 0x0C, 0x0B, 0x0C, 0x41, 0x52, 0xAF, 0x0A, 0xFF, 0x84, 0xC9, 0xD8, 0xAC, 0xF5,
    0xF6, 0x07, 0xFF, 0x80, 0xF0, 0x02, 0xFF, 0x87, 0xFE, 0x4B, 0x31, 0x15, 0x1A, 0x14, 0x52, 0x74,
    0x02, 0xA7, 0x88, 0xA9, 0x44, 0x0E, 0x0F, 0x11, 0x3D, 0x4B, 0x52, 0x6E, 0x02, 0x56, 0x83, 0x4E,
    0x42, 0x39, 0x0A, 0x04, 0x09, 0x0B, 0x08, 0x80, 0x09, 0x02, 0x0A, 0x02, 0x0B, 0x80, 0x0A, 0x04,
    0x0B, 0x82, 0x0C, 0x0B, 0x0C, 0x06, 0x10, 0x82, 0x14, 0x18, 0x32, 0x02, 0x35, 0x80, 0x32, 0x02,
    0x33, 0x81, 0x36, 0x1A, 0x02, 0x1D, 0x83, 0x35, 0x1D, 0x29, 0x48, 0x02, 0x8A, 0x02, 0x7D, 0x85,
    0x7E, 0x54, 0x3F, 0x3C, 0x34, 0x15, 0x02, 0x18, 0x83, 0x0C, 0x0B, 0x0C, 0x0B, 0x04, 0x0A, 0x02,
    0x09, 0x80, 0x0A, 0x02, 0x0C, 0x04, 0x0B, 0x81, 0x0C, 0x10, 0x02, 0x13, 0x8C, 0x1C, 0x30, 0x32,
    0x57, 0x96, 0xDF, 0xFF, 0xFC, 0xD5, 0xD1, 0x52, 0x33, 0x1F, 0x02, 0x20, 0x80, 0x19, 0x26, 0x1E,
    0xA8, 0xC8, 0xB2, 0xB3, 0x5A, 0xA2, 0x9E, 0x7B, 0x9F, 0xBE, 0xC4, 0xEC, 0xA0, 0xAD, 0xA8, 0xBD,
    0x9D, 0xBE, 0x7B, 0x72, 0x9D, 0x9A, 0x9D, 0x9B, 0xA1, 0xB3, 0xB6, 0xB7, 0xAA, 0xE1, 0xA4, 0xB5,
    0xBE, 0xB0, 0x92, 0xAF, 0xC2, 0xC5, 0x76, 0x79, 0xB4, 0xC6, 0x02, 0xF6, 0x80, 0xE1, 0x02, 0xFF,
    0x81, 0xF3, 0xDF, 0x02, 0xD1, 0x8A, 0xE9, 0xFC, 0xFF, 0xF8, 0xFC, 0xD9, 0xA9, 0xD1, 0xE9, 0xF6,
    0xF3, 0x0C, 0xFF, 0x8D, 0xEB, 0xF7, 0x96, 0x8F, 0x90, 0xAE, 0xF6, 0xEB, 0xD3, 0x94, 0x3F, 0x45,
    0x54, 0x62, 0x03, 0x60, 0x02, 0x61, 0x81, 0x62, 0x55, 0x02, 0x49, 0xA4, 0x67, 0xAB, 0xEA, 0xB5,
    0xCF, 0xEA, 0xCF, 0x76, 0x50, 0x27, 0x3B, 0x51, 0x47, 0x48, 0x63, 0x80, 0x7F, 0x8C, 0x60, 0x48,
    0x52, 0xA8, 0xDC, 0xF4, 0xD7, 0xA8, 0x52, 0x18, 0x13, 0x0B, 0x12, 0x0C, 0x0B, 0x0C, 0x41, 0x56,
    0xB0, 0x0A, 0xFF, 0x82, 0xCB, 0xDC, 0x93, 0x02, 0xF6, 0x07, 0xFF, 0x80, 0xF0, 0x02, 0xFF, 0x85,
    0xFB, 0x6E, 0x18, 0x13, 0x14, 0x11, 0x02, 0x77, 0x84, 0xA7, 0xC1, 0x52, 0x41, 0x1C, 0x02, 0x0C,
    0x81, 0x10, 0x0C, 0x02, 0x13, 0x85, 0x39, 0x37, 0x18, 0x0C, 0x14, 0x0A, 0x04, 0x09, 0x0B, 0x08,
    0x02, 0x09, 0x08, 0x0B, 0x03, 0x0C, 0x81, 0x10, 0x0C, 0x04, 0x10, 0x82, 0x13, 0x31, 0x35, 0x02,
    0x37, 0x02, 0x38, 0x89, 0x36, 0x34, 0x25, 0x17, 0x2E, 0x2B, 0x54, 0x8D, 0x8B, 0x61, 0x02, 0x48,
    0x8A, 0x60, 0x8A, 0x7D, 0x8D, 0x60, 0x2A, 0x15, 0x13, 0x2D, 0x12, 0x0A, 0x02, 0x0C, 0x06, 0x0A,
    0x80, 0x0B, 0x03, 0x0C, 0x80, 0x0B, 0x05, 0x0A, 0x02, 0x0B, 0x84, 0x22, 0x2C, 0x49, 0x97, 0xD6,
    0x02, 0xFF, 0x80, 0xDB, 0x02, 0xA9, 0x83, 0x3C, 0x36, 0x28, 0x19, 0x27, 0x1E, 0x8B, 0xE1, 0xBB,
    0xE1, 0x76, 0xBC, 0xA3, 0x79, 0xB9, 0x6C, 0xED, 0xF0, 0x78, 0x02, 0xAD, 0x86, 0xBD, 0x9A, 0xB3,
    0x9F, 0x6B, 0x7C, 0x9A, 0x02, 0x99, 0xA3, 0x9F, 0xB4, 0xB3, 0xBB, 0x9F, 0xF6, 0x6D, 0xBB, 0x77,
    0xA9, 0xAD, 0xB0, 0xBD, 0xBE, 0xA1, 0x9F, 0xB3, 0xAA, 0xAB, 0xA3, 0xA5, 0xF0, 0xF6, 0xF1, 0xD4,
    0xC2, 0xDE, 0xE9, 0xF2, 0xFF, 0xE7, 0xD9, 0xB0, 0xD1, 0xDF, 0xF1, 0x02, 0xEE, 0x02, 0xFF, 0x80,
    0xF6, 0x03, 0xFF, 0x88, 0xF6, 0xFF, 0xF7, 0xE9, 0xDF, 0xFD, 0xDD, 0xE3, 0xD2, 0x02, 0xAE, 0x8B,
    0xD7, 0xEC, 0xEE, 0xE3, 0x94, 0x67, 0x41, 0x42, 0x41, 0x46, 0x49, 0x62, 0x02, 0x8E, 0x04, 0x8D,
    0xA4, 0x8F, 0x90, 0x95, 0x98, 0x78, 0x4F, 0x2A, 0x47, 0x52, 0x3A, 0x4C, 0x4E, 0x4F, 0x4E, 0x4F,
    0x48, 0x61, 0x80, 0x7F, 0x80, 0x8B, 0x96, 0xD3, 0xE3, 0xE9, 0x94, 0x47, 0x31, 0x11, 0x0B, 0x12,
    0x0C, 0x0B, 0x0C, 0x41, 0x57, 0xB0, 0x0A, 0xFF, 0x83, 0xC5, 0xDB, 0xC2, 0xF6, 0x04, 0xFF, 0x80,
    0xFE, 0x03, 0xFF, 0x80, 0xF0, 0x03, 0xFF, 0x8C, 0xE2, 0x12, 0x18, 0x1C, 0x53, 0x77, 0x7B, 0xAC,
    0x6C, 0x74, 0x4D, 0x0A, 0x0B, 0x04, 0x0C, 0x81, 0x10, 0x12, 0x02, 0x0C, 0x80, 0x0B, 0x02, 0x0A,
    0x04, 0x09, 0x02, 0x08, 0x80, 0x09, 0x08, 0x08, 0x02, 0x09, 0x07, 0x0B, 0x04, 0x0C, 0x06, 0x10,
    0x82, 0x13, 0x32, 0x37, 0x02, 0x39, 0x02, 0x3A, 0x95, 0x38, 0x3A, 0x35, 0x2C, 0x48, 0x8B, 0x7E,
    0x61, 0x2B, 0x2A, 0x12, 0x1B, 0x0D, 0x2B, 0x45, 0x60, 0x61, 0x45, 0x2E, 0x12, 0x13, 0x15, 0x02,
    0x0B, 0x82, 0x0C, 0x0A, 0x09, 0x03, 0x0A, 0x87, 0x0B, 0x0C, 0x10, 0x0F, 0x10, 0x0C, 0x10, 0x0E,
    0x02, 0x0D, 0x8A, 0x1C, 0x2A, 0x55, 0x63, 0x8A, 0x8B, 0x91, 0xA7, 0xDB, 0xFF, 0xF7, 0x02, 0xD2,
    0x83, 0x7B, 0x33, 0x24, 0x26, 0x27, 0x1E, 0x03, 0xFF, 0xA5, 0x79, 0xF0, 0xB2, 0x76, 0xFF, 0x71,
    0xED, 0xE4, 0x7B, 0xAD, 0xA8, 0xB8, 0x9F, 0xA1, 0x9D, 0x7A, 0x9B, 0x9D, 0x7A, 0x9B, 0x9D, 0xA5,
    0xAA, 0xA3, 0xB3, 0x9B, 0xB6, 0xBF, 0x7B, 0x77, 0xA8, 0xC2, 0xBE, 0x6F, 0xAA, 0xA1, 0xA4, 0xAA,
    0x03, 0xA3, 0x9B, 0xCE, 0xF6, 0xD8, 0xB0, 0xDE, 0xE9, 0xFC, 0xF2, 0xFF, 0xDE, 0xD3, 0xA9, 0xDE,
    0xFC, 0xEE, 0xFC, 0xFF, 0xFE, 0xFF, 0xFA, 0xE3, 0xDB, 0xF1, 0xE3, 0xDB, 0xDD, 0xC2, 0xBD, 0x02,
    0xB1, 0x83, 0xD6, 0xEC, 0xE9, 0xF7, 0x02, 0xFA, 0x8A, 0xDF, 0xD7, 0xAD, 0xAE, 0xBA, 0xC0, 0xC1,
    0xCF, 0xC9, 0xD7, 0xB1, 0x02, 0xAE, 0x84, 0x98, 0x95, 0x90, 0x8E, 0x8A, 0x02, 0x61, 0x02, 0x60,
    0x83, 0x55, 0x62, 0x55, 0x49, 0x02, 0x52, 0x93, 0x51, 0x53, 0x51, 0x4E, 0x4F, 0x49, 0x60, 0x7E,
    0x82, 0x7F, 0x8F, 0x96, 0xAE, 0x92, 0x40, 0x1E, 0x10, 0x0B, 0x11, 0x0B, 0x02, 0x0C, 0x84, 0x47,
    0x5A, 0xB1, 0xFF, 0xF6, 0x08, 0xFF, 0x82, 0xF0, 0xD7, 0xD8, 0x04, 0xFF, 0x80, 0xFE, 0x05, 0xFF,
    0x80, 0xF6, 0x02, 0xFF, 0x8C, 0xFC, 0x3D, 0x27, 0x2E, 0x7A, 0x77, 0xAC, 0xC1, 0x6C, 0x58, 0x0C,
    0x10, 0x0B, 0x02, 0x0C, 0x03, 0x0B, 0x80, 0x0C, 0x03, 0x0B, 0x02, 0x0A, 0x05, 0x09, 0x80, 0x0A,
    0x09, 0x08, 0x02, 0x09, 0x8A, 0x41, 0x2F, 0x0A, 0x56, 0x58, 0x0A, 0x0F, 0x10, 0x0C, 0x0E, 0x0C,
    0x05, 0x10, 0x83, 0x11, 0x12, 0x37, 0x38, 0x02, 0x39, 0x03, 0x3B, 0x82, 0x3A, 0x46, 0x8A, 0x02,
    0x7E, 0x84, 0x54, 0x29, 0x13, 0x15, 0x10, 0x02, 0x13, 0x85, 0x12, 0x15, 0x29, 0x55, 0x63, 0x2B,
    0x02, 0x15, 0x81, 0x0F, 0x12, 0x03, 0x0B, 0x03, 0x0A, 0x02, 0x0B, 0x81, 0x0C, 0x10, 0x02, 0x12,
    0x02, 0x10, 0x8E, 0x11, 0x52, 0x49, 0x57, 0x45, 0x7D, 0x80, 0x61, 0x8C, 0x95, 0xA7, 0xF7, 0xF8,
    0xFF, 0xDF, 0x02, 0xE9, 0x83, 0x58, 0x1C, 0x33, 0x31, 0x26, 0x1E, 0x03, 0xFF, 0x83, 0xB3, 0xF6,
    0xED, 0x9B, 0x02, 0xFF, 0x8F, 0xFB, 0xF5, 0x78, 0xAD, 0xA8, 0xB9, 0xBF, 0xB2, 0xA3, 0x9F, 0x9D,
    0x9F, 0x9B, 0x9F, 0x9D, 0xA1, 0x02, 0xA2, 0x8E, 0xAB, 0x79, 0xB9, 0xA2, 0xA9, 0x67, 0xA8, 0xC1,
    0xB9, 0x76, 0x75, 0xAA, 0xA3, 0xAA, 0xA3, 0x02, 0xA2, 0x8C, 0xBE, 0xFF, 0xD1, 0xB0, 0xE9, 0xFF,
    0xF6, 0xEE, 0xFF, 0xDE, 0xA9, 0xD3, 0xE7, 0x02, 0xF8, 0x81, 0xFF, 0xDC, 0x02, 0xDE, 0x87, 0xD7,
    0xDE, 0xC1, 0xA7, 0x7A, 0xA7, 0x9C, 0xC2, 0x02, 0xDF, 0x88, 0xD9, 0xF8, 0xF2, 0xE7, 0xEF, 0xF4,
    0xFA, 0xDF, 0xB1, 0x02, 0x96, 0x82, 0x98, 0x9B, 0x99, 0x02, 0x7B, 0x85, 0x75, 0x65, 0x74, 0x53,
    0x4E, 0x43, 0x02, 0x47, 0x02, 0x49, 0x80, 0x48, 0x03, 0x60, 0x81, 0x8A, 0x61, 0x02, 0x63, 0x84,
    0x62, 0x55, 0x49, 0x57, 0x4D, 0x02, 0x4E, 0x8C, 0x40, 0x45, 0x8F, 0x7E, 0x7F, 0x7E, 0x8D, 0x63,
    0x2F, 0x1F, 0x10, 0x0B, 0x10, 0x02, 0x0B, 0x83, 0x0C, 0x4F, 0x67, 0xAF, 0x09, 0xFF, 0x83, 0xFE,
    0xF6, 0xBA, 0xD5, 0x06, 0xFF, 0x80, 0xFE, 0x06, 0xFF, 0x86, 0xD0, 0x79, 0x36, 0x6E, 0x78, 0xA4,
    0xBD, 0x02, 0x77, 0x80, 0x0A, 0x02, 0x10, 0x80, 0x0B, 0x02, 0x0C, 0x04, 0x0B, 0x81, 0x0A, 0x0B,
    0x03, 0x0A, 0x04, 0x09, 0x82, 0x08, 0x4D, 0x09, 0x08, 0x08, 0x84, 0x09, 0x0A, 0x67, 0x68, 0x52,
    0x02, 0x67, 0x81, 0x0D, 0x0E, 0x02, 0x10, 0x80, 0x0E, 0x06, 0x10, 0x84, 0x11, 0x12, 0x31, 0x3B,
    0x3C, 0x02, 0x3D, 0x8B, 0x3B, 0x40, 0x45, 0x8B, 0x7D, 0x8C, 0x48, 0x2A, 0x14, 0x13, 0x14, 0x0D,
    0x02, 0x11, 0x8B, 0x0D, 0x13, 0x14, 0x29, 0x60, 0x63, 0x2B, 0x1A, 0x0E, 0x11, 0x0F, 0x09, 0x02,
    0x0B, 0x02, 0x0A, 0x80, 0x0B, 0x03, 0x0C, 0x99, 0x10, 0x11, 0x12, 0x13, 0x15, 0x46, 0x45, 0x2B,
    0x8A, 0x8C, 0x63, 0x3F, 0x63, 0x96, 0xA7, 0xDA, 0xF6, 0xFF, 0xF9, 0xE3, 0xDB, 0xD4, 0x4F, 0x2D,
    0x31, 0x26, 0x25, 0x1E, 0x04, 0xFF, 0x92, 0xF0, 0xFF, 0xBE, 0x6F, 0xF2, 0xED, 0xCC, 0x9C, 0x97,
    0xAD, 0xB6, 0xBF, 0xCA, 0xC8, 0x9D, 0xA2, 0x9E, 0x9D, 0x9F, 0x02, 0xA1, 0x90, 0x9A, 0xA1, 0x7B,
    0xF7, 0xBD, 0x70, 0xB0, 0x77, 0xA8, 0xB8, 0xB5, 0xC4, 0x73, 0xA5, 0xA2, 0xB3, 0xA3, 0x02, 0xA1,
    0x83, 0xB5, 0xE3, 0xAF, 0xD5, 0x02, 0xFF, 0x85, 0xF6, 0xEB, 0xF8, 0xD3, 0xA9, 0xD3, 0x02, 0xD7,
    0x81, 0xD5, 0xC2, 0x03, 0xB0, 0x88, 0xC1, 0xAC, 0xBA, 0xDF, 0xD2, 0xDF, 0xE9, 0xFF, 0xFB, 0x02,
    0xFF, 0x92, 0xF3, 0xFF, 0xF7, 0xFA, 0xFF, 0xEB, 0xD7, 0xAE, 0x8C, 0x7E, 0x8E, 0x40, 0x17, 0x1A,
    0x40, 0x22, 0x1A, 0x4F, 0x40, 0x03, 0x4B, 0x86, 0x4D, 0x3A, 0x32, 0x2E, 0x2A, 0x2C, 0x46, 0x02,
    0x62, 0x80, 0x63, 0x04, 0x61, 0x96, 0x63, 0x55, 0x54, 0x49, 0x47, 0x4F, 0x97, 0x96, 0x90, 0x7E,
    0x84, 0x80, 0x54, 0x29, 0x13, 0x0C, 0x10, 0x0B, 0x0A, 0x0B, 0x52, 0x67, 0xA9, 0x03, 0xFF, 0x83,
    0xFB, 0xFF, 0xF9, 0xF6, 0x03, 0xFF, 0x82, 0xE6, 0xA0, 0xD4, 0x06, 0xFF, 0x80, 0xF4, 0x07, 0xFF,
    0x81, 0xF5, 0x41, 0x02, 0x93, 0x84, 0xA7, 0x9C, 0x7A, 0x0B, 0x12, 0x04, 0x0B, 0x81, 0x0A, 0x0C,
    0x03, 0x0B, 0x82, 0x09, 0x0A, 0x0B, 0x02, 0x0A, 0x05, 0x09, 0x80, 0x08, 0x03, 0x09, 0x02, 0x0A,
    0x03, 0x09, 0x80, 0x0A, 0x02, 0x09, 0x02, 0x68, 0x02, 0x62, 0x82, 0x67, 0x0E, 0x0C, 0x02, 0x10,
    0x82, 0x0F, 0x10, 0x11, 0x04, 0x10, 0x91, 0x11, 0x13, 0x1A, 0x3D, 0x41, 0x3B, 0x3E, 0x40, 0x54,
    0x80, 0x7D, 0x8A, 0x3F, 0x2E, 0x1B, 0x14, 0x12, 0x15, 0x03, 0x12, 0x89, 0x11, 0x0F, 0x12, 0x14,
    0x29, 0x61, 0x8A, 0x2B, 0x37, 0x10, 0x02, 0x0C, 0x81, 0x09, 0x0A, 0x02, 0x0B, 0x03, 0x0E, 0x82,
    0x11, 0x0C, 0x10, 0x03, 0x0C, 0x8B, 0x2B, 0x60, 0x8B, 0x8D, 0x48, 0x55, 0x2C, 0x55, 0x95, 0xA6,
    0xBD, 0xFC, 0x03, 0xFF, 0x87, 0xC6, 0xDC, 0xA7, 0x3C, 0x33, 0x32, 0x20, 0x27, 0x02, 0x19, 0x21,
    0x1E, 0x03, 0xFF, 0x02, 0xF6, 0x8F, 0xCE, 0xE1, 0x99, 0xFF, 0xFB, 0xC5, 0xA6, 0x97, 0xAD, 0xB4,
    0xBF, 0xCE, 0xCA, 0xA3, 0x9F, 0x9E, 0x02, 0x9D, 0xA6, 0xAA, 0x9D, 0x99, 0x9F, 0x6F, 0xE3, 0xB8,
    0x7B, 0xA6, 0x93, 0xA8, 0xA9, 0xB5, 0xB6, 0x7B, 0xA4, 0xA3, 0xB5, 0xA3, 0xA0, 0x9C, 0xAA, 0xD7,
    0xAD, 0xDF, 0xF6, 0xE9, 0xFC, 0xF6, 0xE9, 0xB1, 0xAF, 0xB0, 0xC1, 0xD1, 0xC2, 0xD1, 0xD9, 0xD7,
    0x02, 0xD8, 0x84, 0xE5, 0xFA, 0xF9, 0xDA, 0xFC, 0x02, 0xFF, 0x80, 0xF9, 0x05, 0xFF, 0x93, 0xFC,
    0xFB, 0xEE, 0xD3, 0x91, 0x7E, 0x8C, 0x55, 0x68, 0x2E, 0x17, 0x22, 0x4E, 0x35, 0x22, 0x59, 0x2E,
    0x4C, 0x36, 0x31, 0x02, 0x1A, 0x80, 0x1F, 0x02, 0x24, 0x81, 0x47, 0x53, 0x02, 0x52, 0x82, 0x57,
    0x55, 0x62, 0x02, 0x63, 0x02, 0x60, 0x87, 0x61, 0x60, 0x62, 0x95, 0x98, 0xD5, 0x98, 0x8D, 0x02,
    0x7F, 0x84, 0x8A, 0x45, 0x0D, 0x11, 0x09, 0x02, 0x0B, 0x82, 0x52, 0x68, 0xAD, 0x0A, 0xFF, 0x82,
    0xC2, 0x93, 0xE8, 0x0C, 0xFF, 0x02, 0xFB, 0x88, 0xD6, 0xA0, 0x93, 0x9C, 0x99, 0x79, 0x34, 0x0E,
    0x0F, 0x02, 0x10, 0x02, 0x0C, 0x80, 0x0B, 0x02, 0x0A, 0x02, 0x0B, 0x05, 0x0A, 0x06, 0x09, 0x0A,
    0x08, 0x81, 0x09, 0x2F, 0x03, 0x68, 0x80, 0x47, 0x02, 0x0C, 0x04, 0x10, 0x02, 0x12, 0x83, 0x11,
    0x10, 0x12, 0x11, 0x02, 0x13, 0x8F, 0x3B, 0x3D, 0x3E, 0x40, 0x60, 0x80, 0x8C, 0x54, 0x3F, 0x37,
    0x35, 0x25, 0x13, 0x11, 0x13, 0x11, 0x02, 0x10, 0x03, 0x12, 0x88, 0x15, 0x12, 0x46, 0x60, 0x8F,
    0x48, 0x2C, 0x29, 0x0E, 0x02, 0x10, 0x80, 0x09, 0x04, 0x0C, 0x88, 0x0E, 0x0F, 0x11, 0x2C, 0x2B,
    0x55, 0x8D, 0x7E, 0x61, 0x02, 0x48, 0x85, 0x40, 0x2E, 0x48, 0x95, 0xA7, 0xAC, 0x02, 0xF7, 0x86,
    0xE9, 0xF9, 0xF4, 0xFF, 0xE9, 0x79, 0x22, 0x02, 0x1A, 0x80, 0x1F, 0x02, 0x19, 0x21, 0x1E, 0x05,
    0xFF, 0x9A, 0xF6, 0xC8, 0xB9, 0xE1, 0xFF, 0xBE, 0x77, 0x97, 0xAD, 0xAC, 0xC0, 0xED, 0xCA, 0xB6,
    0xA1, 0xA3, 0xA2, 0x9D, 0xAB, 0x7C, 0xA1, 0x7C, 0xA1, 0xF9, 0x7A, 0xA9, 0xB0, 0x02, 0xA8, 0x96,
    0xA7, 0xB2, 0xA1, 0xAB, 0x79, 0xAA, 0xB4, 0xA2, 0x9F, 0x9B, 0xA2, 0xD3, 0xB0, 0xF7, 0xFF, 0xD8,
    0xDD, 0xD4, 0xB1, 0xAD, 0xB1, 0xDE, 0xF8, 0x03, 0xFF, 0x81, 0xF8, 0xFE, 0x02, 0xFB, 0x80, 0xF9,
    0x02, 0xFF, 0x81, 0xDA, 0xFE, 0x03, 0xFF, 0x80, 0xFE, 0x03, 0xFF, 0x8D, 0xF9, 0xFF, 0xFB, 0xFF,
    0xD3, 0x91, 0x7F, 0x8A, 0x47, 0x50, 0x49, 0x17, 0x1C, 0x50, 0x02, 0x1A, 0x82, 0x34, 0x58, 0x1C,
    0x02, 0x18, 0x82, 0x1A, 0x28, 0x1A, 0x02, 0x27, 0x87, 0x44, 0x50, 0x53, 0x51, 0x53, 0x51, 0x52,
    0x56, 0x02, 0x49, 0x80, 0x55, 0x02, 0x60, 0x80, 0x8A, 0x02, 0x8D, 0x89, 0x95, 0x96, 0x95, 0x54,
    0x8A, 0x83, 0x80, 0x60, 0x29, 0x0A, 0x02, 0x0C, 0x82, 0x53, 0x68, 0xAD, 0x02, 0xFF, 0x80, 0xF2,
    0x03, 0xFF, 0x80, 0xF9, 0x02, 0xFF, 0x83, 0xFE, 0xDF, 0xA7, 0xE9, 0x0D, 0xFF, 0x81, 0xF7, 0xA9,
    0x02, 0x93, 0x85, 0x9C, 0x75, 0x1D, 0x25, 0x1D, 0x0E, 0x03, 0x0B, 0x05, 0x0C, 0x05, 0x0B, 0x80,
    0x0A, 0x07, 0x09, 0x02, 0x08, 0x83, 0x09, 0x08, 0x09, 0x08, 0x02, 0x09, 0x80, 0x0B, 0x02, 0x0A,
    0x83, 0x56, 0x68, 0x5A, 0x0D, 0x02, 0x0C, 0x02, 0x11, 0x82, 0x10, 0x12, 0x13, 0x04, 0x12, 0x92,
    0x0E, 0x10, 0x15, 0x35, 0x3C, 0x46, 0x8A, 0x80, 0x8A, 0x45, 0x40, 0x3C, 0x3E, 0x17, 0x31, 0x14,
    0x10, 0x13, 0x12, 0x02, 0x0C, 0x80, 0x10, 0x02, 0x11, 0x85, 0x12, 0x10, 0x2D, 0x46, 0x48, 0x63,
    0x02, 0x8B, 0x82, 0x8A, 0x60, 0x54, 0x02, 0x45, 0x80, 0x3F, 0x03, 0x2B, 0x87, 0x45, 0x54, 0x8A,
    0x8C, 0x7E, 0x8B, 0x45, 0x29, 0x02, 0x57, 0x93, 0x2F, 0x36, 0x45, 0x95, 0xA7, 0xAC, 0xD4, 0xFC,
    0xF8, 0xEF, 0xFA, 0xFF, 0xF7, 0xE9, 0x5A, 0x14, 0x32, 0x1F, 0x20, 0x19, 0x21, 0x1E, 0x06, 0xFF,
    0xB1, 0xB3, 0xF0, 0xCA, 0xFF, 0xC0, 0x77, 0x97, 0xAD, 0xAC, 0xC7, 0xF0, 0xF6, 0xFF, 0xF0, 0xC8,
    0xBC, 0xA4, 0xB6, 0x99, 0x9F, 0x6F, 0x9B, 0xFE, 0x67, 0xA9, 0xA7, 0xA8, 0xA6, 0xA7, 0xA4, 0x76,
    0xBB, 0x7C, 0xAA, 0x9F, 0xA3, 0x9E, 0x9A, 0xA1, 0xB1, 0xB0, 0xFA, 0xDF, 0xD3, 0xC2, 0xD2, 0xD3,
    0xA8, 0xD3, 0xFF, 0x07, 0xF6, 0x85, 0xF0, 0xF2, 0xFF, 0xE1, 0xDB, 0xFC, 0x04, 0xFF, 0x80, 0xFB,
    0x02, 0xFF, 0x80, 0xF9, 0x02, 0xFA, 0x89, 0xF2, 0xD5, 0x92, 0x7E, 0x8B, 0x46, 0x36, 0x67, 0x2F,
    0x2E, 0x02, 0x39, 0x8C, 0x28, 0x22, 0x41, 0x64, 0x22, 0x34, 0x24, 0x27, 0x13, 0x1F, 0x36, 0x3C,
    0x52, 0x02, 0x51, 0x80, 0x58, 0x02, 0x51, 0x80, 0x5B, 0x02, 0x50, 0x83, 0x4E, 0x4D, 0x47, 0x62,
    0x02, 0x90, 0x89, 0x8D, 0x90, 0x8D, 0x60, 0x54, 0x60, 0x83, 0x7F, 0x8B, 0x48, 0x02, 0x0D, 0x83,
    0x56, 0x74, 0xB0, 0xF9, 0x03, 0xFF, 0x80, 0xFB, 0x05, 0xFF, 0x82, 0xE9, 0x77, 0xDB, 0x06, 0xFF,
    0x80, 0xF6, 0x02, 0xFF, 0x89, 0xFE, 0xE4, 0xF6, 0xFF, 0xA9, 0x93, 0xA6, 0xA0, 0x71, 0x13, 0x02,
    0x17, 0x86, 0x36, 0x2E, 0x0D, 0x29, 0x2B, 0x3F, 0x48, 0x03, 0x60, 0x80, 0x54, 0x03, 0x0A, 0x02,
    0x0B, 0x0F, 0x09, 0x86, 0x0A, 0x0B, 0x09, 0x0A, 0x67, 0x2E, 0x0B, 0x02, 0x0C, 0x83, 0x12, 0x10,
    0x12, 0x13, 0x02, 0x14, 0x02, 0x13, 0x93, 0x1C, 0x30, 0x15, 0x35, 0x2A, 0x54, 0x7E, 0x80, 0x55,
    0x40, 0x3D, 0x3E, 0x3A, 0x42, 0x37, 0x18, 0x14, 0x12, 0x11, 0x10, 0x02, 0x0C, 0x03, 0x10, 0x02,
    0x11, 0x88, 0x0E, 0x4D, 0x2A, 0x2C, 0x48, 0x60, 0x8B, 0x80, 0x7E, 0x05, 0x80, 0x81, 0x7E, 0x80,
    0x02, 0x8C, 0x91, 0x61, 0x48, 0x29, 0x17, 0x1A, 0x46, 0x4F, 0x44, 0x3B, 0x45, 0x91, 0xAC, 0xC1,
    0xBA, 0xDF, 0xF8, 0xEE, 0xF4, 0x02, 0xFF, 0x84, 0xF8, 0xDB, 0x51, 0x1C, 0x1A, 0x02, 0x1B, 0x21,
    0x1E, 0x05, 0xFF, 0x8C, 0xF6, 0x79, 0xC8, 0xBE, 0xFF, 0xC0, 0xA0, 0x97, 0xAD, 0xAC, 0xC8, 0xF0,
    0xF6, 0x04, 0xFF, 0x81, 0xBC, 0xB7, 0x02, 0x9F, 0x85, 0x7C, 0xA1, 0xDB, 0xA0, 0xA9, 0xA5, 0x02,
    0xA8, 0x95, 0xA7, 0xA5, 0x6B, 0xB5, 0x75, 0xB2, 0xB3, 0x9F, 0xA1, 0x7C, 0x9F, 0xAF, 0xD3, 0xE9,
    0xD4, 0xD1, 0xE4, 0xF7, 0xD5, 0xA9, 0xD9, 0xEE, 0x03, 0xFF, 0x80, 0xFE, 0x02, 0xFF, 0x88, 0xF6,
    0xFF, 0xF5, 0xE7, 0xD6, 0xE7, 0xFC, 0xFF, 0xF9, 0x03, 0xFF, 0x82, 0xFE, 0xFF, 0xFB, 0x02, 0xFA,
    0x98, 0xF6, 0xDF, 0xAD, 0x8D, 0x80, 0x8E, 0x46, 0x49, 0x96, 0x2A, 0x1C, 0x52, 0x32, 0x18, 0x34,
    0x2A, 0x67, 0x4F, 0x22, 0x33, 0x1C, 0x33, 0x32, 0x13, 0x58, 0x02, 0x51, 0x80, 0x58, 0x02, 0x51,
    0x8B, 0x59, 0x53, 0x51, 0x43, 0x4A, 0x3E, 0x6A, 0xAD, 0x98, 0xAF, 0x96, 0x8F, 0x03, 0x60, 0x88,
    0x61, 0x7E, 0x7F, 0x83, 0x8A, 0x54, 0x62, 0x78, 0xAD, 0x0A, 0xFF, 0x82, 0xE8, 0x77, 0xDF, 0x03,
    0xFF, 0x80, 0xF6, 0x03, 0xFF, 0x02, 0xFB, 0x83, 0xFF, 0xF6, 0xFF, 0xB8, 0x03, 0xA6, 0x87, 0x58,
    0x37, 0x38, 0x3B, 0x2C, 0x45, 0x62, 0x8A, 0x03, 0x8B, 0x80, 0x8A, 0x02, 0x61, 0x82, 0x8B, 0x8C,
    0x61, 0x02, 0x0D, 0x82, 0x0A, 0x09, 0x0A, 0x0E, 0x09, 0x80, 0x0A, 0x02, 0x0B, 0x85, 0x0C, 0x09,
    0x0E, 0x0A, 0x0C, 0x10, 0x02, 0x12, 0x02, 0x13, 0x03, 0x14, 0x89, 0x13, 0x1C, 0x18, 0x1C, 0x2B,
    0x61, 0x8C, 0x61, 0x46, 0x44, 0x02, 0x3E, 0x81, 0x43, 0x3C, 0x02, 0x3D, 0x85, 0x18, 0x14, 0x13,
    0x0C, 0x12, 0x0B, 0x02, 0x0C, 0x81, 0x09, 0x11, 0x02, 0x12, 0x88, 0x11, 0x2A, 0x40, 0x1A, 0x3E,
    0x3C, 0x29, 0x3F, 0x45, 0x02, 0x48, 0x98, 0x54, 0x60, 0x54, 0x48, 0x45, 0x2B, 0x2A, 0x3A, 0x17,
    0x15, 0x1D, 0x33, 0x34, 0x4A, 0x41, 0x42, 0x49, 0x95, 0xBD, 0xC3, 0xC1, 0xD8, 0xF3, 0xF2, 0xFB,
    0x02, 0xF6, 0x86, 0xF3, 0xDF, 0xA6, 0x41, 0x24, 0x20, 0x21, 0x21, 0x1E, 0x05, 0xFF, 0x86, 0xE1,
    0x76, 0xF6, 0xCA, 0xFF, 0xCD, 0xA7, 0x02, 0xAD, 0x84, 0xA9, 0xC5, 0xFC, 0xFE, 0xFC, 0x02, 0xFF,
    0xA2, 0xF0, 0xC8, 0xB9, 0xA5, 0x7C, 0xB3, 0xA7, 0x77, 0xA6, 0xA7, 0x9F, 0xA6, 0xA8, 0xA6, 0xA5,
    0x79, 0xB5, 0x73, 0xB6, 0xB7, 0x9F, 0x9E, 0x79, 0x9C, 0xAD, 0xD3, 0xD7, 0xD6, 0xE9, 0xFF, 0xF9,
    0xD5, 0xB0, 0xFD, 0xF3, 0x08, 0xFF, 0x83, 0xF7, 0xDB, 0xDA, 0xF9, 0x07, 0xFF, 0x80, 0xFE, 0x03,
    0xFF, 0x94, 0xF2, 0xF8, 0xD5, 0x95, 0x7E, 0x8C, 0x8D, 0x8F, 0x8A, 0x91, 0x2A, 0x3C, 0x41, 0x23,
    0x33, 0x2E, 0x2A, 0x3C, 0x5A, 0x64, 0x56, 0x02, 0x4F, 0x84, 0x47, 0x59, 0x52, 0x50, 0x53, 0x03,
    0x51, 0x02, 0x56, 0x8B, 0x4F, 0x34, 0x28, 0x59, 0xAE, 0x98, 0xD5, 0xD3, 0x97, 0x2B, 0x40, 0x48,
    0x02, 0x60, 0x94, 0x61, 0x7F, 0x82, 0x7F, 0x8C, 0x8E, 0x96, 0xDC, 0xF6, 0xF4, 0xFF, 0xFC, 0xFB,
    0xFF, 0xF6, 0xFF, 0xFB, 0xFD, 0x79, 0xDF, 0xFC, 0x02, 0xFF, 0x80, 0xFE, 0x03, 0xFF, 0x88, 0xF6,
    0xF3, 0xFF, 0xDF, 0xC1, 0xA0, 0x94, 0x93, 0x41, 0x02, 0x3A, 0x84, 0x3C, 0x45, 0x63, 0x8E, 0x54,
    0x02, 0x45, 0x89, 0x29, 0x0D, 0x0B, 0x0D, 0x0E, 0x29, 0x48, 0x8B, 0x62, 0x29, 0x03, 0x0A, 0x0E,
    0x09, 0x80, 0x0A, 0x04, 0x0B, 0x83, 0x0C, 0x0B, 0x0C, 0x10, 0x02, 0x12, 0x8C, 0x13, 0x12, 0x13,
    0x14, 0x13, 0x14, 0x13, 0x22, 0x45, 0x8A, 0x7E, 0x48, 0x40, 0x02, 0x43, 0x81, 0x41, 0x43, 0x02,
    0x44, 0x02, 0x43, 0x86, 0x35, 0x18, 0x12, 0x0C, 0x11, 0x0C, 0x0B, 0x02, 0x0C, 0x8E, 0x08, 0x0C,
    0x0E, 0x0F, 0x0D, 0x4F, 0x2A, 0x37, 0x34, 0x31, 0x2D, 0x31, 0x1B, 0x20, 0x32, 0x02, 0x33, 0x80,
    0x38, 0x03, 0x35, 0x85, 0x37, 0x34, 0x2D, 0x15, 0x3A, 0x39, 0x02, 0x44, 0x87, 0x4B, 0x49, 0x91,
    0xAC, 0xBD, 0xD4, 0xD2, 0xF1, 0x03, 0xFF, 0x02, 0xF6, 0x87, 0xFF, 0xDE, 0x79, 0x33, 0x32, 0x27,
    0x1E, 0x19, 0x02, 0x1E, 0x80, 0x23, 0x1C, 0x1E, 0x04, 0xFF, 0x82, 0xF6, 0xB9, 0x9A, 0x03, 0xFF,
    0x86, 0xE2, 0xBB, 0xB0, 0x97, 0xA9, 0xBE, 0xFE, 0x03, 0xFC, 0x94, 0xF6, 0xF0, 0xFF, 0xBF, 0xB9,
    0x9F, 0xC6, 0xD2, 0x77, 0xA0, 0xAB, 0xA4, 0xA6, 0x78, 0xA6, 0x7A, 0xA1, 0xA5, 0x79, 0xB9, 0xB2,
    0x02, 0x9D, 0x85, 0x79, 0xA0, 0xAE, 0xD3, 0xD2, 0xFE, 0x03, 0xFF, 0x83, 0xD1, 0xB0, 0xF8, 0xF6,
    0x09, 0xFF, 0x02, 0xDB, 0x0F, 0xFF, 0x82, 0xAF, 0x90, 0x80, 0x02, 0x7F, 0x8B, 0x83, 0x8A, 0x91,
    0x2F, 0x4F, 0x39, 0x1C, 0x33, 0x23, 0x19, 0x2E, 0x22, 0x02, 0x2E, 0x86, 0x2F, 0x34, 0x40, 0x58,
    0x5A, 0x4F, 0x53, 0x03, 0x51, 0xBD, 0x53, 0x59, 0x51, 0x35, 0x58, 0xAF, 0x97, 0xB1, 0xD5, 0x97,
    0x29, 0x20, 0x22, 0x2A, 0x2B, 0x48, 0x55, 0x61, 0x7D, 0x83, 0x7F, 0x80, 0x95, 0xAE, 0xFC, 0xEA,
    0xFB, 0xE2, 0xE7, 0xE9, 0xF7, 0xFA, 0xF7, 0xC1, 0xE9, 0xE5, 0xFF, 0xF6, 0xFC, 0xFF, 0xF6, 0xF0,
    0xE7, 0xDE, 0xE8, 0xA9, 0xA6, 0x94, 0x67, 0x30, 0x38, 0x3B, 0x2C, 0x48, 0x8F, 0x55, 0x2B, 0x37,
    0x2D, 0x2C, 0x52, 0x29, 0x02, 0x0C, 0x88, 0x0B, 0x09, 0x0D, 0x29, 0x60, 0x63, 0x0D, 0x0B, 0x0C,
    0x0E, 0x09, 0x80, 0x0A, 0x03, 0x0B, 0x80, 0x0C, 0x02, 0x0B, 0x81, 0x0C, 0x10, 0x03, 0x12, 0x8C,
    0x11, 0x13, 0x12, 0x15, 0x13, 0x29, 0x54, 0x8C, 0x8A, 0x45, 0x2F, 0x3C, 0x43, 0x02, 0x42, 0x80,
    0x43, 0x03, 0x44, 0x83, 0x43, 0x3D, 0x18, 0x12, 0x03, 0x10, 0x93, 0x0B, 0x0C, 0x12, 0x08, 0x10,
    0x0C, 0x10, 0x0E, 0x2A, 0x40, 0x39, 0x35, 0x17, 0x2D, 0x32, 0x31, 0x32, 0x35, 0x32, 0x26, 0x03,
    0x35, 0x80, 0x36, 0x02, 0x38, 0x8D, 0x35, 0x26, 0x37, 0x3D, 0x4A, 0x44, 0x4A, 0x49, 0x91, 0xB4,
    0xC6, 0xD4, 0xC1, 0xE9, 0x04, 0xFF, 0x84, 0xF9, 0xFF, 0xFC, 0xD8, 0x6B, 0x02, 0x22, 0x82, 0x1E,
    0x19, 0x1E, 0x02, 0x23, 0x1C, 0x1E, 0x05, 0xFF, 0x81, 0xC8, 0xCA, 0x04, 0xFF, 0x88, 0xB2, 0xB0,
    0x97, 0xAD, 0xBD, 0xF2, 0xF6, 0xF2, 0xFC, 0x02, 0xFF, 0x8D, 0xF0, 0xF2, 0xCE, 0xBE, 0xE3, 0xC1,
    0xA9, 0xAC, 0xB9, 0xA7, 0xA6, 0x94, 0x93, 0x6A, 0x02, 0xA5, 0x8B, 0x7C, 0xCA, 0xAA, 0x9A, 0x9D,
    0x7A, 0xA0, 0xAE, 0xD1, 0xDF, 0xFE, 0xFB, 0x02, 0xFF, 0x83, 0xD1, 0xB0, 0xF7, 0xF6, 0x02, 0xFF,
    0x80, 0xF6, 0x06, 0xFF, 0x81, 0xD6, 0xE6, 0x04, 0xFF, 0x80, 0xF9, 0x0A, 0xFF, 0x92, 0xEB, 0xB1,
    0x96, 0x90, 0x8B, 0x8D, 0x90, 0x98, 0x93, 0x40, 0x4F, 0x41, 0x24, 0x23, 0x2D, 0x38, 0x15, 0x28,
    0x27, 0x02, 0x1A, 0x82, 0x1F, 0x41, 0x4F, 0x02, 0x56, 0x03, 0x51, 0x85, 0x52, 0x51, 0x6B, 0x51,
    0x56, 0xA9, 0x02, 0xAF, 0x91, 0xD3, 0x97, 0x29, 0x15, 0x2D, 0x1D, 0x11, 0x0E, 0x0D, 0x2B, 0x48,
    0x8A, 0x80, 0x82, 0x7F, 0x8B, 0x96, 0xD3, 0x02, 0xEF, 0x02, 0xFA, 0x02, 0xF2, 0x83, 0xE7, 0xC2,
    0xE9, 0xFE, 0x02, 0xFF, 0x03, 0xF8, 0x8A, 0xF1, 0xF6, 0xC9, 0xA8, 0x97, 0x92, 0x47, 0x39, 0x34,
    0x3F, 0x48, 0x02, 0x63, 0x85, 0x45, 0x34, 0x17, 0x38, 0x35, 0x2F, 0x02, 0x49, 0x81, 0x2C, 0x15,
    0x02, 0x0C, 0x02, 0x0B, 0x84, 0x0D, 0x48, 0x8E, 0x2B, 0x0C, 0x02, 0x0B, 0x0C, 0x09, 0x02, 0x0A,
    0x05, 0x0B, 0x8D, 0x12, 0x14, 0x12, 0x11, 0x12, 0x0D, 0x12, 0x15, 0x0D, 0x45, 0x61, 0x7E, 0x61,
    0x2B, 0x03, 0x39, 0x03, 0x42, 0x80, 0x43, 0x03, 0x44, 0x86, 0x43, 0x42, 0x38, 0x13, 0x12, 0x0B,
    0x10, 0x02, 0x0B, 0x8C, 0x10, 0x0B, 0x09, 0x0C, 0x10, 0x0B, 0x0D, 0x4F, 0x2A, 0x3A, 0x2A, 0x27,
    0x33, 0x03, 0x35, 0x80, 0x36, 0x04, 0x35, 0x81, 0x36, 0x39, 0x03, 0x38, 0x8C, 0x3C, 0x42, 0x4A,
    0x4B, 0x43, 0x49, 0x91, 0xAC, 0xC6, 0xD6, 0xC1, 0xE9, 0xFC, 0x03, 0xFF, 0x80, 0xF9, 0x02, 0xF6,
    0x84, 0xFF, 0xC2, 0x56, 0x2E, 0x23, 0x02, 0x26, 0x81, 0x1E, 0x20, 0x1C, 0x1E, 0x07, 0xFF, 0x8A,
    0xA4, 0xE0, 0xFB, 0xFF, 0xB2, 0xC1, 0xAD, 0x97, 0xB0, 0xEE, 0xF6, 0x05, 0xFF, 0x99, 0xF6, 0xEB,
    0xF1, 0xC7, 0xA6, 0xD7, 0xAC, 0xB2, 0xA4, 0x93, 0xA6, 0x9C, 0x76, 0x9F, 0xA3, 0x9B, 0xE1, 0xA1,
    0x9B, 0x9F, 0x7A, 0xA0, 0xAE, 0xB0, 0xDE, 0xFF, 0x02, 0xF6, 0x84, 0xF0, 0xD1, 0xB0, 0xF7, 0xF4,
    0x06, 0xFF, 0x84, 0xF8, 0xF9, 0xE4, 0xDA, 0xF7, 0x0F, 0xFF, 0x8F, 0xD4, 0xF8, 0xE3, 0xB1, 0x98,
    0xAD, 0xB1, 0xD7, 0xD1, 0x93, 0x34, 0x41, 0x51, 0x50, 0x3B, 0x24, 0x02, 0x14, 0x02, 0x22, 0x86,
    0x32, 0x28, 0x1F, 0x33, 0x47, 0x52, 0x4E, 0x05, 0x51, 0x8B, 0x6B, 0x56, 0xC1, 0xD1, 0xAD, 0xD5,
    0x97, 0x0D, 0x15, 0x33, 0x24, 0x13, 0x02, 0x0E, 0x92, 0x0C, 0x0E, 0x67, 0x91, 0x90, 0x83, 0x7F,
    0x80, 0x90, 0xAF, 0xFE, 0xEE, 0xEA, 0xF6, 0xDE, 0xD8, 0xD6, 0xD8, 0xFD, 0x03, 0xFF, 0x98, 0xF7,
    0xD8, 0xD4, 0xA9, 0xAD, 0x92, 0x49, 0x2B, 0x3F, 0x54, 0x63, 0x8F, 0x62, 0x45, 0x2F, 0x33, 0x28,
    0x38, 0x34, 0x28, 0x1F, 0x2C, 0x3F, 0x57, 0x2C, 0x02, 0x29, 0x88, 0x0E, 0x1D, 0x10, 0x0A, 0x3F,
    0x8E, 0x48, 0x0A, 0x0D, 0x02, 0x09, 0x04, 0x0A, 0x06, 0x09, 0x83, 0x0A, 0x0B, 0x0A, 0x0B, 0x02,
    0x0C, 0x80, 0x10, 0x02, 0x14, 0x80, 0x0C, 0x03, 0x10, 0x88, 0x0E, 0x2B, 0x60, 0x7E, 0x8B, 0x54,
    0x2B, 0x32, 0x30, 0x02, 0x38, 0x80, 0x3D, 0x02, 0x43, 0x80, 0x42, 0x04, 0x44, 0x02, 0x42, 0x81,
    0x13, 0x12, 0x03, 0x0C, 0x80, 0x0B, 0x02, 0x0C, 0x81, 0x07, 0x0B, 0x02, 0x0C, 0x86, 0x0B, 0x0D,
    0x47, 0x46, 0x55, 0x29, 0x17, 0x07, 0x35, 0x02, 0x36, 0x81, 0x39, 0x3B, 0x02, 0x39, 0x8C, 0x3D,
    0x42, 0x4A, 0x44, 0x4A, 0x49, 0x91, 0xAC, 0xBE, 0xC6, 0xDB, 0xD4, 0xFC, 0x04, 0xFF, 0x8A, 0xF2,
    0xF0, 0xF6, 0xE6, 0xB0, 0x47, 0x1C, 0x14, 0x18, 0x1E, 0x19, 0x03, 0x1E, 0x80, 0x1F, 0x18, 0x1E,
    0x81, 0xFF, 0xF6, 0x04, 0xFF, 0x81, 0xCA, 0x75, 0x02, 0xFF, 0x83, 0xF8, 0xBE, 0xC9, 0xC1, 0x02,
    0xAD, 0x82, 0xD8, 0xF8, 0xF6, 0x04, 0xFF, 0xA0, 0xF6, 0xED, 0xF6, 0xDB, 0xA0, 0xD9, 0xAC, 0xB2,
    0xA3, 0x94, 0xA8, 0xA0, 0xA1, 0xA2, 0xAA, 0x7B, 0xCA, 0xA4, 0x99, 0x9E, 0x99, 0xA0, 0xAE, 0xD1,
    0xDE, 0xF8, 0xF2, 0xFF, 0xF9, 0xD1, 0xB0, 0xF7, 0xF6, 0x06, 0xFF, 0x02, 0xF8, 0x82, 0xD0, 0xDA,
    0xF7, 0x0F, 0xFF, 0x91, 0xD5, 0xE7, 0xF0, 0xEE, 0xF6, 0xEA, 0xEF, 0xC7, 0xD5, 0xD9, 0x92, 0x2A,
    0x1C, 0x14, 0x2D, 0x4D, 0x4F, 0x50, 0x02, 0x4F, 0x87, 0x53, 0x3D, 0x1C, 0x31, 0x35, 0x3D, 0x3C,
    0x4B, 0x05, 0x51, 0x87, 0x68, 0xC1, 0xD1, 0xAD, 0xD5, 0x97, 0x29, 0x15, 0x03, 0x17, 0x81, 0x0C,
    0x12, 0x02, 0x10, 0x8F, 0x59, 0x93, 0x97, 0x96, 0x90, 0x7E, 0x8D, 0x90, 0x98, 0xB1, 0xDB, 0xF6,
    0xE9, 0xDE, 0xC1, 0xE5, 0x02, 0xFC, 0x82, 0xF7, 0xD7, 0xD2, 0x02, 0xB0, 0x89, 0x78, 0x46, 0x3F,
    0x54, 0x8E, 0x8F, 0x60, 0x48, 0x3F, 0x40, 0x02, 0x38, 0x02, 0x35, 0x8C, 0x36, 0x17, 0x31, 0x14,
    0x0D, 0x47, 0x0D, 0x49, 0x57, 0x62, 0x2C, 0x35, 0x2D, 0x02, 0x15, 0x80, 0x29, 0x02, 0x63, 0x81,
    0x2B, 0x0A, 0x0A, 0x09, 0x02, 0x0A, 0x02, 0x0B, 0x82, 0x10, 0x0C, 0x0B, 0x02, 0x13, 0x80, 0x10,
    0x02, 0x0C, 0x91, 0x10, 0x0D, 0x48, 0x8A, 0x8B, 0x61, 0x2B, 0x2F, 0x1C, 0x2D, 0x28, 0x38, 0x39,
    0x3B, 0x44, 0x43, 0x42, 0x4A, 0x03, 0x44, 0x87, 0x42, 0x43, 0x35, 0x13, 0x10, 0x0C, 0x10, 0x0B,
    0x02, 0x0C, 0x8B, 0x09, 0x0C, 0x10, 0x0B, 0x0C, 0x0E, 0x4F, 0x2B, 0x63, 0x54, 0x2A, 0x32, 0x02,
    0x35, 0x80, 0x36, 0x03, 0x35, 0x02, 0x36, 0x90, 0x3B, 0x3D, 0x3B, 0x3D, 0x42, 0x43, 0x4A, 0x42,
    0x44, 0x49, 0x91, 0xAC, 0xC3, 0xC6, 0xD0, 0xD4, 0xFC, 0x02, 0xFF, 0x8A, 0xFE, 0xFF, 0xED, 0xF2,
    0xF3, 0xF6, 0xD7, 0x9C, 0x34, 0x33, 0x23, 0x02, 0x19, 0x1C, 0x1E, 0x05, 0xFF, 0x83, 0xED, 0xC8,
    0x58, 0xE0, 0x02, 0xFF, 0x89, 0xC6, 0xCA, 0xC6, 0xB1, 0x94, 0xB1, 0xE9, 0xF9, 0xFF, 0xF6, 0x02,
    0xFF, 0x99, 0xF0, 0xED, 0xFF, 0xC1, 0x7A, 0xDF, 0xB7, 0xA5, 0xA3, 0x9C, 0xA8, 0x94, 0xA2, 0xA3,
    0xAA, 0x9D, 0xCA, 0xA2, 0x9A, 0x9D, 0x9F, 0xA0, 0xAE, 0xD5, 0xDC, 0xFF, 0x02, 0xF6, 0x84, 0xFF,
    0xD5, 0xA9, 0xE9, 0xF9, 0x06, 0xFF, 0x84, 0xF8, 0xFC, 0xDA, 0xDB, 0xFC, 0x0F, 0xFF, 0x9C, 0xEB,
    0xF3, 0xE5, 0xDD, 0xFB, 0xDF, 0xD9, 0xA9, 0xD3, 0xD9, 0xAD, 0x64, 0x2E, 0x14, 0x35, 0x1E, 0x23,
    0x2D, 0x1C, 0x23, 0x34, 0x3C, 0x24, 0x26, 0x21, 0x32, 0x3C, 0x35, 0x38, 0x04, 0x51, 0x87, 0x52,
    0xA9, 0xD5, 0xAD, 0xD5, 0x97, 0x40, 0x1E, 0x02, 0x2D, 0x81, 0x30, 0x0F, 0x02, 0x11, 0x9F, 0x0F,
    0x59, 0x93, 0x97, 0xC0, 0xAF, 0x96, 0x8F, 0x90, 0x8F, 0x90, 0x98, 0xA8, 0xA7, 0x9C, 0xC1, 0xD4,
    0xD8, 0xE6, 0xD5, 0xAC, 0x67, 0x4F, 0x29, 0x55, 0x8E, 0x8B, 0x60, 0x2B, 0x40, 0x3C, 0x3E, 0x02,
    0x3A, 0x99, 0x2D, 0x3A, 0x38, 0x36, 0x33, 0x30, 0x18, 0x12, 0x0D, 0x41, 0x0E, 0x0D, 0x55, 0x48,
    0x2F, 0x15, 0x36, 0x0E, 0x11, 0x1A, 0x0D, 0x54, 0x8F, 0x46, 0x0D, 0x0B, 0x09, 0x09, 0x02, 0x0B,
    0x80, 0x10, 0x02, 0x0B, 0x84, 0x12, 0x13, 0x0E, 0x0B, 0x0C, 0x02, 0x0D, 0x90, 0x60, 0x61, 0x80,
    0x54, 0x29, 0x30, 0x1D, 0x17, 0x28, 0x37, 0x39, 0x3B, 0x2F, 0x52, 0x41, 0x43, 0x4B, 0x03, 0x4C,
    0x88, 0x3D, 0x4B, 0x3D, 0x14, 0x12, 0x0C, 0x10, 0x0B, 0x0C, 0x02, 0x0B, 0x82, 0x08, 0x0B, 0x0C,
    0x02, 0x10, 0x88, 0x2F, 0x52, 0x45, 0x8A, 0x48, 0x2A, 0x33, 0x35, 0x38, 0x02, 0x35, 0x83, 0x33,
    0x35, 0x38, 0x3C, 0x02, 0x3D, 0x80, 0x42, 0x03, 0x44, 0x84, 0x42, 0x44, 0x49, 0x91, 0xB8, 0x02,
    0xC6, 0x82, 0xC9, 0xD6, 0xDC, 0x04, 0xFF, 0x8B, 0xC7, 0xFC, 0xF3, 0xF4, 0xFF, 0xD7, 0x77, 0x22,
    0x2D, 0x1E, 0x21, 0x18, 0x1B, 0x1E, 0x04, 0xFF, 0x80, 0xF6, 0x02, 0xFF, 0x80, 0x53, 0x02, 0xFF,
    0x8A, 0xF6, 0xED, 0xC5, 0xC8, 0xC5, 0xAF, 0x97, 0xD3, 0xE9, 0xEE, 0xFF, 0x03, 0xFC, 0x86, 0xDA,
    0xE8, 0xB0, 0xDF, 0xF2, 0xBC, 0xA2, 0x02, 0xA3, 0x81, 0x94, 0x97, 0x03, 0xA7, 0x83, 0x9A, 0xA5,
    0xA3, 0x99, 0x02, 0xA3, 0x84, 0xA6, 0xAF, 0xD4, 0xDF, 0xFF, 0x02, 0xF6, 0x84, 0xF9, 0xF7, 0xC1,
    0xDD, 0xF5, 0x04, 0xFF, 0x87, 0xFB, 0xF4, 0xF8, 0xE6, 0xC1, 0xE9, 0xFF, 0xF9, 0x0E, 0xFF, 0x80,
    0xCC, 0x02, 0xFE, 0x91, 0xF2, 0xFF, 0xE9, 0xDD, 0xA9, 0xD3, 0xD5, 0xAF, 0xA6, 0x47, 0x33, 0x36,
    0x20, 0x26, 0x1C, 0x23, 0x21, 0x19, 0x04, 0x1E, 0x85, 0x23, 0x1C, 0x50, 0x14, 0x37, 0x4B, 0x03,
    0x51, 0x86, 0xA6, 0xB1, 0xAE, 0xD1, 0xAD, 0x52, 0x36, 0x03, 0x1E, 0x8C, 0x18, 0x10, 0x11, 0x0E,
    0x59, 0x93, 0xA8, 0xC4, 0xBF, 0xC2, 0xB1, 0x98, 0x95, 0x02, 0x90, 0x91, 0x95, 0xAE, 0x58, 0x52,
    0x4F, 0x4D, 0x41, 0x2F, 0x36, 0x34, 0x37, 0x55, 0x63, 0x48, 0x2B, 0x34, 0x39, 0x3B, 0x03, 0x39,
    0x03, 0x38, 0x8B, 0x37, 0x36, 0x35, 0x36, 0x14, 0x0D, 0x49, 0x0D, 0x2E, 0x0D, 0x61, 0x54, 0x04,
    0x12, 0x03, 0x11, 0x8D, 0x0D, 0x29, 0x63, 0x55, 0x0D, 0x0C, 0x10, 0x11, 0x0E, 0x0D, 0x0E, 0x0B,
    0x0A, 0x0B, 0x02, 0x0A, 0x91, 0x09, 0x0A, 0x0D, 0x11, 0x12, 0x0B, 0x10, 0x0D, 0x54, 0x61, 0x8A,
    0x63, 0x2B, 0x0D, 0x12, 0x14, 0x18, 0x1E, 0x02, 0x35, 0x86, 0x37, 0x3A, 0x2C, 0x62, 0x41, 0x42,
    0x4B, 0x03, 0x4C, 0x84, 0x41, 0x4B, 0x3D, 0x24, 0x14, 0x02, 0x0C, 0x80, 0x10, 0x03, 0x0C, 0x81,
    0x08, 0x10, 0x03, 0x0C, 0x8D, 0x2D, 0x47, 0x2B, 0x8A, 0x7E, 0x61, 0x48, 0x2B, 0x2F, 0x36, 0x35,
    0x28, 0x38, 0x39, 0x02, 0x42, 0x8F, 0x3C, 0x3D, 0x43, 0x44, 0x43, 0x42, 0x43, 0x55, 0x91, 0xBD,
    0xCC, 0xC7, 0xE4, 0xFC, 0xDA, 0xDC, 0x03, 0xFF, 0x82, 0xF0, 0xA5, 0xF6, 0x02, 0xFF, 0x89, 0xF9,
    0xE9, 0x5A, 0x22, 0x31, 0x1B, 0x1E, 0x26, 0x23, 0x18, 0x18, 0x1E, 0x05, 0xFF, 0x82, 0xCE, 0xFF,
    0x79, 0x02, 0xFF, 0x82, 0xFE, 0xFF, 0xCE, 0x02, 0xE1, 0x85, 0xB1, 0xAF, 0x97, 0xD1, 0xFF, 0xEE,
    0x02, 0xF3, 0x86, 0xFE, 0x79, 0xB0, 0xA9, 0xBD, 0xF6, 0xCD, 0x02, 0xA4, 0x80, 0xA2, 0x02, 0xA8,
    0x80, 0xC1, 0x02, 0xAC, 0x02, 0xA3, 0x8F, 0xB2, 0xA2, 0xBB, 0xB8, 0xA8, 0xB1, 0xD7, 0xD8, 0xE9,
    0xFF, 0xF6, 0xFF, 0xFC, 0xD4, 0xDD, 0xFC, 0x05, 0xFF, 0x84, 0xF6, 0xF8, 0xDF, 0xC2, 0xE9, 0x10,
    0xFF, 0x90, 0xDB, 0xF7, 0xFE, 0xF6, 0xFF, 0xFC, 0xDF, 0xA9, 0xD3, 0xD1, 0xB0, 0xD3, 0x93, 0x1C,
    0x36, 0x20, 0x19, 0x02, 0x23, 0x81, 0x1F, 0x26, 0x02, 0x1E, 0x82, 0x18, 0x1E, 0x32, 0x02, 0x1C,
    0x81, 0x52, 0x51, 0x02, 0x2F, 0x02, 0x4F, 0x81, 0x78, 0xA9, 0x02, 0xAF, 0x90, 0xB1, 0x68, 0x1C,
    0x1E, 0x18, 0x1E, 0x26, 0x12, 0x0F, 0x11, 0x59, 0x93, 0xA8, 0xC8, 0xC0, 0xEA, 0xC9, 0x02, 0xD2,
    0x8F, 0xAE, 0x95, 0x8F, 0x91, 0x52, 0x34, 0x38, 0x3A, 0x39, 0x34, 0x3A, 0x39, 0x2A, 0x8E, 0x45,
    0x39, 0x02, 0x3A, 0x81, 0x38, 0x37, 0x04, 0x39, 0x80, 0x38, 0x02, 0x37, 0x02, 0x36, 0x8B, 0x37,
    0x34, 0x52, 0x49, 0x47, 0x0D, 0x2C, 0x8A, 0x60, 0x0E, 0x12, 0x0F, 0x05, 0x10, 0x86, 0x0F, 0x29,
    0x55, 0x8E, 0x55, 0x3F, 0x29, 0x02, 0x0D, 0x80, 0x0B, 0x03, 0x0A, 0x82, 0x0B, 0x0C, 0x13, 0x02,
    0x2D, 0x97, 0x10, 0x0C, 0x0A, 0x45, 0x8A, 0x8B, 0x60, 0x45, 0x0D, 0x10, 0x0C, 0x2D, 0x14, 0x31,
    0x35, 0x38, 0x36, 0x3A, 0x3B, 0x45, 0x62, 0x40, 0x42, 0x4B, 0x02, 0x4C, 0x87, 0x4D, 0x43, 0x4B,
    0x41, 0x33, 0x14, 0x12, 0x0C, 0x02, 0x10, 0x02, 0x0C, 0x81, 0x0B, 0x09, 0x03, 0x0B, 0x8D, 0x12,
    0x1C, 0x52, 0x48, 0x8A, 0x81, 0x7F, 0x8C, 0x63, 0x45, 0x2A, 0x3A, 0x38, 0x34, 0x02, 0x3E, 0x02,
    0x3B, 0x8E, 0x3E, 0x3D, 0x42, 0x3E, 0x41, 0x62, 0x96, 0xBD, 0xE5, 0xFF, 0xF9, 0xF5, 0xDA, 0xE7,
    0xFC, 0x03, 0xFF, 0x82, 0xA2, 0xED, 0xFE, 0x02, 0xFF, 0x84, 0xE6, 0xD9, 0x52, 0x1C, 0x26, 0x1C,
    0x1E, 0x06, 0xFF, 0x81, 0xED, 0xC5, 0x03, 0xFF, 0x80, 0xF6, 0x03, 0xE1, 0x92, 0xEA, 0xDB, 0xB1,
    0x97, 0xAF, 0xDE, 0xFF, 0xF6, 0xD6, 0xA6, 0xB0, 0xA7, 0xE3, 0xEE, 0xEF, 0xBE, 0xFF, 0xF2, 0xD5,
    0x02, 0xA9, 0x8E, 0xC2, 0xBD, 0xBB, 0xBE, 0xC0, 0xB6, 0xC0, 0xC1, 0xA9, 0xB1, 0xC2, 0xD7, 0xE9,
    0xFF, 0xF2, 0x02, 0xFC, 0x82, 0xDF, 0xDC, 0xFC, 0x07, 0xFF, 0x83, 0xDE, 0xD2, 0xE9, 0xFE, 0x0F,
    0xFF, 0x81, 0xDB, 0xE5, 0x03, 0xFF, 0x83, 0xF1, 0xD8, 0xA9, 0xD3, 0x02, 0xB0, 0x02, 0xD3, 0x84,
    0x74, 0x22, 0x24, 0x31, 0x26, 0x03, 0x23, 0x02, 0x1E, 0x80, 0x1F, 0x02, 0x1E, 0x81, 0x27, 0x24,
    0x02, 0x2E, 0x97, 0x52, 0x56, 0x52, 0x47, 0x56, 0xB0, 0xD3, 0xAD, 0xD3, 0x92, 0x1C, 0x1E, 0x18,
    0x31, 0x1E, 0x12, 0x11, 0x0E, 0x58, 0x94, 0xA8, 0xD4, 0xDA, 0xE0, 0x03, 0xCF, 0x92, 0xCD, 0xAF,
    0x96, 0x8F, 0x62, 0x3F, 0x34, 0x38, 0x3A, 0x39, 0x3A, 0x39, 0x3F, 0x8B, 0x3F, 0x39, 0x38, 0x3A,
    0x3B, 0x05, 0x39, 0x02, 0x38, 0x85, 0x37, 0x36, 0x35, 0x38, 0x27, 0x11, 0x02, 0x0D, 0x84, 0x0E,
    0x46, 0x7D, 0x61, 0x0D, 0x05, 0x10, 0x87, 0x0C, 0x11, 0x10, 0x0C, 0x0D, 0x29, 0x48, 0x63, 0x02,
    0x8E, 0x87, 0x61, 0x54, 0x48, 0x45, 0x29, 0x2A, 0x2D, 0x21, 0x02, 0x17, 0x87, 0x0D, 0x2B, 0x63,
    0x8B, 0x60, 0x29, 0x0C, 0x0B, 0x02, 0x0C, 0x81, 0x10, 0x25, 0x04, 0x35, 0x86, 0x37, 0x17, 0x2C,
    0x63, 0x60, 0x40, 0x43, 0x04, 0x4C, 0x89, 0x44, 0x3D, 0x39, 0x14, 0x13, 0x12, 0x0C, 0x10, 0x0C,
    0x10, 0x02, 0x0C, 0x8A, 0x07, 0x0C, 0x0B, 0x0A, 0x0B, 0x30, 0x22, 0x46, 0x48, 0x7E, 0x7D, 0x02,
    0x81, 0x88, 0x7F, 0x61, 0x2B, 0x36, 0x39, 0x42, 0x3A, 0x3C, 0x3B, 0x02, 0x3D, 0x87, 0x43, 0x3E,
    0x41, 0x62, 0x96, 0xBD, 0xF5, 0xDB, 0x02, 0xFF, 0x88, 0xE7, 0xC7, 0xFF, 0xFC, 0xF6, 0xFC, 0xEE,
    0xBE, 0xFE, 0x03, 0xF6, 0x83, 0xE9, 0xC1, 0x47, 0x22, 0x02, 0x18, 0x02, 0x26, 0x18, 0x1E, 0x05,
    0xFF, 0x82, 0xF6, 0xB7, 0xF6, 0x04, 0xFF, 0x80, 0xF0, 0x02, 0xED, 0x02, 0xEB, 0x8B, 0xD9, 0xB1,
    0x97, 0xAD, 0xD3, 0xD9, 0xDF, 0xD1, 0xA0, 0x9F, 0xF1, 0xEE, 0x02, 0xF4, 0x97, 0xF5, 0xFF, 0xF7,
    0xD3, 0xA8, 0xD5, 0xD2, 0xD6, 0xED, 0xE1, 0xBF, 0xC4, 0xD5, 0xAF, 0xD3, 0xD5, 0xD2, 0xDF, 0xFC,
    0xFF, 0xF6, 0xFC, 0xDF, 0xD6, 0x08, 0xFF, 0x82, 0xDF, 0xD2, 0xE9, 0x04, 0xFF, 0x80, 0xFB, 0x0B,
    0xFF, 0x8A, 0xDB, 0xDD, 0xFF, 0xFB, 0xFF, 0xF3, 0xE7, 0xD1, 0xB0, 0xD1, 0xA9, 0x02, 0xAF, 0x85,
    0x94, 0x67, 0x2A, 0x33, 0x31, 0x20, 0x02, 0x26, 0x05, 0x1E, 0x02, 0x1F, 0x8C, 0x18, 0x1C, 0x32,
    0x33, 0x2F, 0x94, 0x47, 0xAF, 0xD3, 0xA8, 0xD3, 0x97, 0x22, 0x02, 0x1E, 0x02, 0x26, 0x02, 0x13,
    0x91, 0x0E, 0x58, 0x94, 0xA8, 0xDB, 0xDA, 0xDB, 0xE2, 0xED, 0xD6, 0xCF, 0xC0, 0xB0, 0x96, 0x63,
    0x55, 0x46, 0x34, 0x03, 0x3A, 0x83, 0x39, 0x49, 0x8B, 0x3F, 0x02, 0x34, 0x84, 0x33, 0x36, 0x3B,
    0x3D, 0x3B, 0x02, 0x39, 0x82, 0x3B, 0x39, 0x37, 0x02, 0x39, 0x02, 0x36, 0x89, 0x35, 0x18, 0x14,
    0x11, 0x45, 0x80, 0x60, 0x2C, 0x11, 0x0F, 0x04, 0x10, 0x85, 0x0D, 0x0E, 0x10, 0x0C, 0x10, 0x11,
    0x02, 0x0D, 0x92, 0x2B, 0x48, 0x60, 0x8A, 0x8B, 0x8D, 0x63, 0x60, 0x48, 0x3F, 0x48, 0x63, 0x8D,
    0x54, 0x2B, 0x0E, 0x10, 0x0E, 0x10, 0x02, 0x13, 0x8D, 0x1C, 0x20, 0x18, 0x26, 0x32, 0x36, 0x37,
    0x3C, 0x48, 0x61, 0x60, 0x2C, 0x44, 0x4C, 0x03, 0x4D, 0x80, 0x4B, 0x02, 0x39, 0x81, 0x15, 0x13,
    0x03, 0x12, 0x80, 0x0C, 0x02, 0x10, 0x81, 0x0C, 0x08, 0x02, 0x0B, 0x02, 0x0A, 0x92, 0x13, 0x36,
    0x34, 0x2C, 0x48, 0x55, 0x61, 0x8A, 0x80, 0x7F, 0x61, 0x29, 0x3A, 0x3C, 0x41, 0x47, 0x34, 0x3C,
    0x43, 0x02, 0x3E, 0x8C, 0x47, 0x62, 0x96, 0xBC, 0xE2, 0xE4, 0xF6, 0xFF, 0xFC, 0xC7, 0xF5, 0xFC,
    0xF6, 0x02, 0xFF, 0x80, 0xBF, 0x03, 0xFF, 0x87, 0xF9, 0xFC, 0xD7, 0xA0, 0x34, 0x35, 0x18, 0x25,
    0x19, 0x1E, 0x05, 0xFF, 0x82, 0xED, 0x6F, 0xF6, 0x02, 0xFF, 0x80, 0xF6, 0x02, 0xFF, 0x02, 0xF0,
    0x02, 0xE5, 0x8B, 0xF1, 0xD7, 0xD5, 0xAD, 0x97, 0xB1, 0xD3, 0xA9, 0x70, 0xA1, 0xC9, 0xF2, 0x02,
    0xF4, 0x80, 0xFC, 0x02, 0xFF, 0x8E, 0xDF, 0xAD, 0xD1, 0xD7, 0xDA, 0xF6, 0xED, 0xCC, 0xE1, 0xD9,
    0xAF, 0xD3, 0xD7, 0xD2, 0xD8, 0x02, 0xFC, 0x85, 0xF6, 0xFC, 0xE5, 0xC3, 0xFC, 0xFE, 0x02, 0xFF,
    0x02, 0xFB, 0x02, 0xFF, 0x82, 0xDE, 0xD2, 0xF7, 0x10, 0xFF, 0x81, 0xD6, 0xE5, 0x03, 0xFF, 0x85,
    0xF6, 0xE9, 0xD5, 0xA9, 0xAF, 0xD3, 0x03, 0xAF, 0x8D, 0xB1, 0x68, 0x34, 0x33, 0x27, 0x21, 0x20,
    0x19, 0x1D, 0x26, 0x1E, 0x1F, 0x1A, 0x1E, 0x02, 0x27, 0x97, 0x28, 0x17, 0x22, 0x2C, 0x97, 0xAD,
    0xD3, 0x97, 0xD7, 0x94, 0x47, 0x23, 0x1F, 0x27, 0x25, 0x14, 0x13, 0x0B, 0x56, 0xA0, 0xA8, 0xEB,
    0xEA, 0xEB, 0x02, 0xEE, 0x85, 0xDB, 0xE3, 0xC4, 0xB7, 0xB8, 0x68, 0x02, 0x55, 0x82, 0x3F, 0x3B,
    0x39, 0x02, 0x37, 0x83, 0x55, 0x8B, 0x40, 0x3A, 0x03, 0x38, 0x80, 0x3E, 0x02, 0x3D, 0x02, 0x3B,
    0x82, 0x3D, 0x3B, 0x39, 0x02, 0x3B, 0x8A, 0x37, 0x39, 0x3B, 0x36, 0x32, 0x1C, 0x48, 0x7E, 0x8A,
    0x46, 0x0D, 0x05, 0x10, 0x03, 0x0C, 0x82, 0x0F, 0x10, 0x0F, 0x02, 0x0E, 0x02, 0x0B, 0x85, 0x0C,
    0x0B, 0x0D, 0x45, 0x54, 0x63, 0x02, 0x8B, 0x83, 0x60, 0x45, 0x29, 0x0A, 0x03, 0x0C, 0x91, 0x11,
    0x0E, 0x0F, 0x12, 0x14, 0x1C, 0x24, 0x36, 0x38, 0x36, 0x37, 0x2C, 0x63, 0x7D, 0x61, 0x2C, 0x4A,
    0x4B, 0x03, 0x4D, 0x84, 0x4A, 0x39, 0x36, 0x16, 0x13, 0x03, 0x12, 0x80, 0x11, 0x02, 0x10, 0x81,
    0x0C, 0x0B, 0x04, 0x0A, 0x8B, 0x0D, 0x36, 0x16, 0x33, 0x49, 0x40, 0x2A, 0x29, 0x3F, 0x61, 0x7E,
    0x48, 0x02, 0x3D, 0x8C, 0x41, 0x46, 0x57, 0x40, 0x42, 0x3E, 0x42, 0x47, 0x62, 0x97, 0xBE, 0xCC,
    0xE4, 0x02, 0xFF, 0x83, 0xF7, 0xCC, 0xDA, 0xFC, 0x02, 0xFF, 0x82, 0xED, 0xFF, 0xC5, 0x02, 0xFF,
    0x89, 0xF4, 0xF1, 0xE6, 0xD4, 0x78, 0x33, 0x32, 0x26, 0x1E, 0x1F, 0x04, 0x1E, 0x81, 0x18, 0x1D,
    0x11, 0x1E, 0x05, 0xFF, 0x83, 0xF6, 0x71, 0xFF, 0xF6, 0x04, 0xFF, 0x02, 0xF6, 0x80, 0xF9, 0x04,
    0xF6, 0x9E, 0xE7, 0xB1, 0x98, 0x97, 0xB1, 0xC1, 0x7C, 0xEF, 0xF0, 0xF4, 0xFB, 0xF6, 0xFC, 0xE9,
    0xDF, 0xD7, 0x94, 0xD3, 0xD8, 0xF6, 0xEE, 0xEF, 0xFA, 0xD5, 0xB0, 0xB1, 0xF7, 0xE5, 0xC3, 0xD6,
    0xDF, 0x02, 0xF6, 0x83, 0xF7, 0xD4, 0xD8, 0xF9, 0x05, 0xF6, 0x82, 0xF9, 0xD7, 0xD2, 0x0F, 0xFF,
    0x87, 0xF6, 0xFF, 0xDC, 0xDB, 0xF7, 0xF6, 0xF8, 0xF7, 0x02, 0xFF, 0x81, 0xE6, 0xB1, 0x04, 0xA8,
    0x02, 0xD5, 0x93, 0x78, 0x47, 0x41, 0x1A, 0x35, 0x20, 0x26, 0x18, 0x31, 0x2E, 0x22, 0x50, 0x52,
    0x57, 0x52, 0x11, 0x15, 0x33, 0x2C, 0x97, 0x02, 0x98, 0x8F, 0xAF, 0x78, 0x8E, 0x48, 0x3F, 0x2C,
    0x36, 0x1B, 0x0C, 0x0E, 0x53, 0xA6, 0xAE, 0xE4, 0xE1, 0xE0, 0x02, 0xE1, 0x82, 0xED, 0xE0, 0xC5,
    0x02, 0xB9, 0x81, 0x78, 0x45, 0x02, 0x54, 0x86, 0x3F, 0x2E, 0x34, 0x39, 0x62, 0x63, 0x3C, 0x02,
    0x3B, 0x81, 0x39, 0x3B, 0x02, 0x3D, 0x83, 0x42, 0x3D, 0x3B, 0x39, 0x02, 0x3B, 0x82, 0x39, 0x3D,
    0x3E, 0x02, 0x3B, 0x89, 0x39, 0x38, 0x2D, 0x60, 0x80, 0x8C, 0x46, 0x40, 0x0E, 0x12, 0x02, 0x10,
    0x80, 0x0E, 0x02, 0x0C, 0x81, 0x0B, 0x0C, 0x02, 0x10, 0x03, 0x0C, 0x80, 0x0B, 0x02, 0x0C, 0x03,
    0x10, 0x81, 0x0F, 0x0D, 0x02, 0x0A, 0x80, 0x0B, 0x02, 0x0C, 0x83, 0x10, 0x12, 0x10, 0x0F, 0x02,
    0x11, 0x8C, 0x13, 0x1D, 0x15, 0x2E, 0x28, 0x17, 0x3C, 0x2B, 0x61, 0x7D, 0x7F, 0x8A, 0x2C, 0x02,
    0x4B, 0x02, 0x4C, 0x84, 0x4B, 0x43, 0x39, 0x38, 0x1E, 0x02, 0x13, 0x84, 0x12, 0x13, 0x12, 0x0C,
    0x12, 0x02, 0x0C, 0x81, 0x09, 0x0B, 0x02, 0x0A, 0xB3, 0x09, 0x18, 0x1E, 0x39, 0x2C, 0x57, 0x29,
    0x25, 0x38, 0x2C, 0x60, 0x63, 0x40, 0x42, 0x3D, 0x46, 0x63, 0x54, 0x43, 0x41, 0x42, 0x40, 0x62,
    0xA8, 0xC9, 0xC8, 0xFE, 0xF5, 0xF7, 0xFC, 0xE4, 0xCA, 0xFE, 0xF7, 0xFC, 0xFF, 0xF6, 0xF5, 0xE1,
    0x6E, 0xCE, 0xED, 0xFB, 0xFF, 0xCC, 0x68, 0x22, 0x32, 0x19, 0x16, 0x1E, 0x1F, 0x15, 0x1E, 0x80,
    0xF6, 0x04, 0xFF, 0x82, 0xCE, 0xAA, 0xF0, 0x05, 0xFF, 0x02, 0xF6, 0x80, 0xFC, 0x04, 0xF6, 0x8B,
    0xEE, 0xD5, 0x94, 0x52, 0x94, 0xAD, 0xA6, 0xD3, 0xDB, 0xF1, 0xEF, 0xEC, 0x02, 0xF4, 0x8B, 0xFA,
    0xE5, 0xAD, 0xA6, 0xD8, 0xE6, 0xEE, 0xF4, 0xEF, 0xD7, 0xB0, 0xAF, 0x02, 0xF7, 0x83, 0xE5, 0xD6,
    0xD4, 0xD7, 0x02, 0xDF, 0x81, 0xD9, 0xD2, 0x03, 0xFF, 0x85, 0xFB, 0xFF, 0xFB, 0xFF, 0xDB, 0xD4,
    0x02, 0xF4, 0x81, 0xFF, 0xF9, 0x0D, 0xFF, 0x85, 0xDC, 0xDB, 0xF7, 0xF8, 0xF1, 0xF7, 0x02, 0xFF,
    0x80, 0xFC, 0x02, 0xDF, 0x88, 0xD8, 0xD5, 0xD7, 0xFC, 0xE9, 0xD3, 0xA6, 0x52, 0x4F, 0x03, 0x2E,
    0x99, 0x22, 0x40, 0x56, 0x67, 0x40, 0x62, 0x8B, 0x8D, 0x91, 0x2A, 0x36, 0x22, 0x56, 0x97, 0x96,
    0x98, 0x96, 0x8F, 0x54, 0x8E, 0x63, 0x45, 0x29, 0x0E, 0x0D, 0x52, 0x02, 0x97, 0x82, 0xDB, 0xEB,
    0xE1, 0x03, 0xF0, 0x8E, 0xF6, 0xC8, 0xBC, 0xBE, 0x78, 0x62, 0x8A, 0x7E, 0x8D, 0x63, 0x48, 0x2B,
    0x8A, 0x54, 0x3A, 0x04, 0x3B, 0x80, 0x3D, 0x02, 0x42, 0x02, 0x3D, 0x02, 0x3B, 0x02, 0x3D, 0x8D,
    0x3B, 0x42, 0x3D, 0x37, 0x3B, 0x38, 0x2F, 0x61, 0x83, 0x8C, 0x3F, 0x47, 0x0D, 0x0E, 0x02, 0x10,
    0x03, 0x0C, 0x02, 0x0B, 0x05, 0x0C, 0x80, 0x10, 0x05, 0x0C, 0x82, 0x10, 0x0B, 0x0C, 0x03, 0x10,
    0x80, 0x11, 0x06, 0x12, 0x87, 0x2D, 0x14, 0x1D, 0x17, 0x35, 0x2C, 0x48, 0x8B, 0x03, 0x7D, 0x8B,
    0x55, 0x34, 0x4B, 0x4A, 0x4B, 0x4C, 0x4A, 0x3D, 0x39, 0x3B, 0x32, 0x14, 0x04, 0x12, 0x02, 0x10,
    0x02, 0x0C, 0x03, 0x0B, 0x02, 0x09, 0x8A, 0x18, 0x1D, 0x35, 0x2C, 0x55, 0x56, 0x22, 0x34, 0x3A,
    0x3F, 0x62, 0x02, 0x40, 0x94, 0x3B, 0x46, 0x8B, 0x63, 0x3C, 0x41, 0x42, 0x40, 0x62, 0x97, 0xCE,
    0xBF, 0xFF, 0xF5, 0xF7, 0xFB, 0xF0, 0xCB, 0xE2, 0xF7, 0xFE, 0x02, 0xFF, 0x8D, 0xF0, 0xBC, 0x3D,
    0xFF, 0xF8, 0xFF, 0xF0, 0xFF, 0xD9, 0x58, 0x22, 0x26, 0x19, 0x1D, 0x02, 0x1E, 0x80, 0x18, 0x13,
    0x1E, 0x80, 0xF6, 0x04, 0xFF, 0x82, 0xB3, 0xF0, 0xF6, 0x07, 0xFF, 0x91, 0xFE, 0xF6, 0xFF, 0xF6,
    0xF0, 0xDF, 0xAF, 0xAE, 0x47, 0x64, 0x68, 0xAD, 0x94, 0xB1, 0xD3, 0xD1, 0xF7, 0xFF, 0x02, 0xEF,
    0x8A, 0xFA, 0xDC, 0x9C, 0xD1, 0xD5, 0xFF, 0xFA, 0xF6, 0xDF, 0xD3, 0xAD, 0x02, 0xFC, 0x8B, 0xE7,
    0xDD, 0xE5, 0xD2, 0xC2, 0xD2, 0xD9, 0xB0, 0xE7, 0xF4, 0xFF, 0xFB, 0x02, 0xFA, 0x84, 0xFE, 0xD9,
    0xD4, 0xFF, 0xF9, 0x04, 0xFF, 0x82, 0xF6, 0xFF, 0xFE, 0x08, 0xFF, 0x82, 0xDD, 0xDA, 0xFF, 0x02,
    0xF8, 0x83, 0xFC, 0xF9, 0xF6, 0xFF, 0x02, 0xF6, 0x89, 0xFC, 0xF7, 0xF4, 0xEE, 0xF2, 0xFF, 0xD9,
    0xB0, 0x67, 0x47, 0x02, 0x52, 0x96, 0x47, 0x52, 0x56, 0x14, 0x2A, 0x8E, 0x7F, 0x89, 0x8C, 0x62,
    0x4B, 0x58, 0x2A, 0xAF, 0x96, 0x98, 0x96, 0x8E, 0x46, 0x2C, 0x3F, 0x63, 0x8B, 0x02, 0x8A, 0x80,
    0x8E, 0x02, 0x91, 0x80, 0xDB, 0x02, 0xF0, 0x02, 0xF6, 0x02, 0xF0, 0x8C, 0xC8, 0xBF, 0xBE, 0x7C,
    0x34, 0x3F, 0x55, 0x54, 0x45, 0x8B, 0x60, 0x8A, 0x48, 0x02, 0x39, 0x02, 0x3B, 0x06, 0x3D, 0x80,
    0x42, 0x02, 0x3D, 0x02, 0x42, 0x02, 0x3D, 0x8B, 0x3B, 0x38, 0x39, 0x2C, 0x8A, 0x82, 0x80, 0x2B,
    0x34, 0x47, 0x2A, 0x11, 0x02, 0x10, 0x02, 0x0C, 0x05, 0x0B, 0x02, 0x0C, 0x02, 0x10, 0x06, 0x0C,
    0x02, 0x10, 0x04, 0x12, 0x81, 0x11, 0x10, 0x02, 0x12, 0x81, 0x13, 0x1D, 0x02, 0x17, 0x8A, 0x16,
    0x29, 0x60, 0x80, 0x81, 0x7F, 0x61, 0x63, 0x3F, 0x3B, 0x43, 0x04, 0x4A, 0x02, 0x3C, 0x83, 0x39,
    0x32, 0x18, 0x16, 0x02, 0x13, 0x02, 0x12, 0x81, 0x11, 0x12, 0x02, 0x10, 0x8C, 0x0C, 0x09, 0x0B,
    0x0A, 0x0C, 0x32, 0x23, 0x4F, 0x49, 0x29, 0x52, 0x29, 0x17, 0x02, 0x2E, 0x94, 0x38, 0x3B, 0x35,
    0x46, 0x80, 0x8C, 0x46, 0x3D, 0x4A, 0x40, 0x62, 0xA8, 0xBF, 0xBE, 0xF5, 0xE4, 0xE5, 0xFF, 0xF0,
    0xED, 0xCC, 0x02, 0xF7, 0x02, 0xFF, 0x8D, 0xE1, 0xC4, 0x4E, 0xB2, 0xE2, 0xFF, 0xF9, 0xFF, 0xF1,
    0xC2, 0x52, 0x14, 0x36, 0x1A, 0x04, 0x1E, 0x80, 0x18, 0x11, 0x1E, 0x80, 0xF6, 0x04, 0xFF, 0x81,
    0x6F, 0xF0, 0x05, 0xFF, 0x80, 0xF6, 0x05, 0xFF, 0x88, 0xF6, 0xF0, 0xD3, 0xAD, 0x78, 0x5F, 0x6B,
    0x64, 0x67, 0x02, 0xA8, 0x84, 0x97, 0xAF, 0xB1, 0xD3, 0xD7, 0x02, 0xEF, 0x8C, 0xF8, 0xD5, 0xA6,
    0xD3, 0xE6, 0xFA, 0xF6, 0xF1, 0xD3, 0xAD, 0xFF, 0xF6, 0xFA, 0x02, 0xE7, 0x02, 0xF7, 0x85, 0xD7,
    0xD1, 0xB0, 0xD9, 0xD7, 0xDE, 0x02, 0xD7, 0x81, 0xE9, 0xDF, 0x02, 0xD3, 0x80, 0xDC, 0x0E, 0xFF,
    0x84, 0xFE, 0xFF, 0xFD, 0xDA, 0xFF, 0x02, 0xF8, 0x06, 0xFF, 0x8A, 0xF2, 0xF6, 0xF8, 0xFB, 0xF3,
    0xF6, 0xE9, 0xD9, 0xD1, 0x68, 0x0D, 0x02, 0x40, 0x8C, 0x22, 0x2E, 0x35, 0x2F, 0x8F, 0x7F, 0x89,
    0x7E, 0x91, 0x47, 0x4F, 0x4D, 0xA8, 0x03, 0x98, 0x85, 0x8F, 0x60, 0x2A, 0x36, 0x2A, 0x2B, 0x02,
    0x45, 0x82, 0x49, 0x98, 0x94, 0x02, 0xF0, 0x02, 0xF6, 0x8F, 0xF8, 0xF2, 0xF6, 0xCA, 0xBF, 0xC4,
    0x9B, 0x34, 0x46, 0x48, 0x55, 0x46, 0x45, 0x8B, 0x8A, 0x49, 0x03, 0x3B, 0x08, 0x3D, 0x04, 0x42,
    0x8F, 0x3D, 0x3C, 0x3D, 0x3A, 0x39, 0x46, 0x7E, 0x88, 0x80, 0x45, 0x0E, 0x2A, 0x47, 0x0D, 0x0F,
    0x10, 0x04, 0x0C, 0x04, 0x0B, 0x08, 0x0C, 0x82, 0x10, 0x12, 0x10, 0x03, 0x12, 0x02, 0x11, 0x82,
    0x10, 0x12, 0x11, 0x02, 0x15, 0x83, 0x2E, 0x2C, 0x48, 0x63, 0x03, 0x7D, 0x85, 0x8E, 0x55, 0x2C,
    0x3C, 0x44, 0x43, 0x03, 0x44, 0x89, 0x43, 0x3C, 0x44, 0x33, 0x32, 0x16, 0x18, 0x14, 0x12, 0x13,
    0x02, 0x12, 0x04, 0x13, 0x8D, 0x14, 0x1E, 0x14, 0x10, 0x32, 0x18, 0x40, 0x49, 0x2C, 0x40, 0x49,
    0x30, 0x1A, 0x1B, 0x02, 0x38, 0x94, 0x36, 0x48, 0x7F, 0x80, 0x55, 0x39, 0x34, 0x45, 0x63, 0xA6,
    0xC0, 0xBE, 0xF0, 0xFC, 0xE5, 0xF7, 0xF6, 0xED, 0xDA, 0xE5, 0xE7, 0x02, 0xFF, 0x85, 0xF2, 0xE1,
    0x58, 0x53, 0xFF, 0xF6, 0x03, 0xFF, 0x86, 0xDF, 0xC2, 0x4F, 0x1A, 0x1F, 0x1E, 0x19, 0x14, 0x1E,
    0x05, 0xFF, 0x82, 0xC5, 0xFF, 0xF0, 0x0A, 0xFF, 0x9B, 0xF6, 0xF1, 0xD3, 0x94, 0x64, 0x69, 0x5C,
    0x65, 0x69, 0x5B, 0x9C, 0xD3, 0xAF, 0x97, 0xAD, 0xD1, 0xDB, 0xF6, 0xEE, 0xD3, 0xAF, 0xA9, 0xE9,
    0xFA, 0xF4, 0xF5, 0xD4, 0xAD, 0x02, 0xFF, 0x80, 0xFE, 0x02, 0xFC, 0x83, 0xF6, 0xEB, 0xE9, 0xD3,
    0x02, 0xB0, 0x04, 0xD1, 0x81, 0xC1, 0xC2, 0x02, 0xB0, 0x81, 0xD5, 0xF7, 0x0E, 0xFF, 0x83, 0xFE,
    0xF7, 0xC7, 0xF7, 0x02, 0xF8, 0x84, 0xF6, 0xFF, 0xF7, 0xFC, 0xF7, 0x02, 0xFC, 0x9E, 0xF6, 0xE7,
    0xE5, 0xF8, 0xF7, 0xFF, 0xFB, 0xFC, 0xD1, 0x77, 0x2F, 0x22, 0x1A, 0x35, 0x21, 0x2D, 0x62, 0x8D,
    0x80, 0x90, 0x62, 0x33, 0x27, 0x14, 0x58, 0xAE, 0x94, 0xAE, 0x95, 0x8D, 0x49, 0x02, 0x2D, 0x8A,
    0x25, 0x15, 0x0D, 0x47, 0xAD, 0x94, 0xF5, 0xF6, 0xFF, 0xF6, 0xFC, 0x02, 0xFF, 0x80, 0xCE, 0x02,
    0xC4, 0x8D, 0xAC, 0x3F, 0x62, 0x61, 0x7D, 0x61, 0x60, 0x61, 0x54, 0x55, 0x40, 0x3A, 0x3B, 0x39,
    0x02, 0x3B, 0x05, 0x3D, 0x04, 0x42, 0x8A, 0x3D, 0x3C, 0x3B, 0x3A, 0x34, 0x46, 0x80, 0x88, 0x80,
    0x46, 0x0F, 0x02, 0x0D, 0x83, 0x47, 0x0E, 0x0F, 0x10, 0x04, 0x0C, 0x02, 0x0B, 0x80, 0x0A, 0x02,
    0x0B, 0x06, 0x0C, 0x02, 0x0F, 0x02, 0x11, 0x94, 0x0E, 0x11, 0x10, 0x11, 0x10, 0x12, 0x13, 0x17,
    0x1C, 0x48, 0x63, 0x61, 0x7D, 0x8B, 0x60, 0x46, 0x3F, 0x3C, 0x3A, 0x43, 0x42, 0x02, 0x43, 0x80,
    0x42, 0x02, 0x3D, 0x88, 0x43, 0x3C, 0x34, 0x35, 0x16, 0x14, 0x13, 0x14, 0x18, 0x02, 0x14, 0x83,
    0x31, 0x1E, 0x18, 0x31, 0x02, 0x35, 0x81, 0x37, 0x12, 0x02, 0x1E, 0x81, 0x22, 0x52, 0x02, 0x29,
    0x87, 0x49, 0x32, 0x17, 0x27, 0x2D, 0x38, 0x35, 0x46, 0x02, 0x7F, 0x82, 0x63, 0x2C, 0x49, 0x02,
    0x63, 0x85, 0x97, 0xC0, 0xBE, 0xF5, 0xFF, 0xDB, 0x02, 0xF6, 0x84, 0xED, 0xE2, 0xDA, 0xFC, 0xF9,
    0x02, 0xFF, 0x84, 0xED, 0x9D, 0x10, 0xFF, 0xF6, 0x02, 0xFF, 0x84, 0xEF, 0xE9, 0xD3, 0xA9, 0x4B,
    0x06, 0x1E, 0x80, 0x23, 0x10, 0x1E, 0x03, 0xFF, 0x81, 0xF6, 0xED, 0x0A, 0xFF, 0x88, 0xEB, 0xFA,
    0xDE, 0xF3, 0xDE, 0x97, 0x78, 0x6A, 0x66, 0x02, 0x65, 0x98, 0x5F, 0x5E, 0x5B, 0x7A, 0xFF, 0xD5,
    0xAF, 0x97, 0xAD, 0xD1, 0xDD, 0xFC, 0xFF, 0xC3, 0xD3, 0xF4, 0xF2, 0xF8, 0xD5, 0xAD, 0xD1, 0xDF,
    0xFF, 0xFB, 0xFA, 0x04, 0xFF, 0x8A, 0xED, 0xC1, 0xDF, 0xF7, 0xFE, 0xF6, 0xFF, 0xDF, 0xD1, 0xB0,
    0xD4, 0x02, 0xC2, 0x8A, 0xC1, 0xD1, 0xD2, 0xD4, 0xE6, 0xE9, 0xF7, 0xE8, 0xE9, 0xF8, 0xF7, 0x03,
    0xFF, 0x84, 0xF3, 0xE3, 0xDB, 0xFC, 0xF2, 0x05, 0xFF, 0x80, 0xF6, 0x09, 0xFF, 0x8D, 0xE9, 0xD5,
    0xA6, 0x67, 0x4F, 0x2A, 0x14, 0x33, 0x29, 0x62, 0x91, 0x57, 0x2A, 0x24, 0x02, 0x1B, 0x82, 0x3A,
    0xD5, 0x97, 0x02, 0x98, 0x02, 0x8A, 0x88, 0x62, 0x2B, 0x2E, 0x12, 0x22, 0x47, 0xAF, 0xA0, 0xFF,
    0x04, 0xF6, 0x82, 0xFF, 0xF6, 0xF0, 0x02, 0xC5, 0x82, 0xB5, 0x45, 0x80, 0x02, 0x83, 0x87, 0x82,
    0x83, 0x80, 0x8B, 0x60, 0x49, 0x3C, 0x3A, 0x02, 0x3B, 0x81, 0x3A, 0x3B, 0x05, 0x3D, 0x82, 0x42,
    0x3D, 0x42, 0x02, 0x3D, 0x80, 0x3C, 0x02, 0x3A, 0x86, 0x54, 0x89, 0x87, 0x83, 0x54, 0x13, 0x12,
    0x05, 0x10, 0x04, 0x0C, 0x03, 0x0B, 0x03, 0x0A, 0x80, 0x0B, 0x05, 0x0C, 0x80, 0x10, 0x02, 0x12,
    0x81, 0x13, 0x12, 0x03, 0x11, 0x8F, 0x12, 0x14, 0x15, 0x3F, 0x60, 0x61, 0x63, 0x48, 0x2A, 0x36,
    0x37, 0x3B, 0x3D, 0x3E, 0x3B, 0x42, 0x02, 0x43, 0x8B, 0x41, 0x3B, 0x3C, 0x3D, 0x3B, 0x39, 0x37,
    0x35, 0x31, 0x23, 0x14, 0x13, 0x02, 0x15, 0x83, 0x14, 0x18, 0x24, 0x35, 0x02, 0x36, 0x88, 0x34,
    0x15, 0x17, 0x33, 0x2C, 0x56, 0x34, 0x49, 0x2A, 0x03, 0x1E, 0x80, 0x31, 0x02, 0x35, 0x88, 0x48,
    0x7F, 0x82, 0x8C, 0x54, 0x62, 0x54, 0x63, 0xA6, 0x02, 0xBC, 0x81, 0xE1, 0xF6, 0x02, 0xF0, 0x84,
    0xF2, 0xEE, 0xF0, 0xC3, 0xD8, 0x03, 0xFF, 0x02, 0xF6, 0x81, 0x26, 0x73, 0x03, 0xFF, 0x8B, 0xF6,
    0xFF, 0xE5, 0xD8, 0x93, 0x41, 0x33, 0x1F, 0x27, 0x32, 0x1E, 0x1D, 0x10, 0x1E, 0x03, 0xFF, 0x81,
    0xF0, 0x9D, 0x0B, 0xFF, 0x89, 0xFD, 0xFF, 0xE3, 0xA8, 0x94, 0x67, 0x69, 0x5D, 0x65, 0x5F, 0x02,
    0x5E, 0x95, 0x5B, 0x5E, 0x6C, 0xEA, 0xDA, 0xD5, 0xAF, 0x94, 0xAD, 0xD3, 0xDE, 0xDF, 0xDA, 0xFF,
    0xF2, 0xF6, 0xD9, 0xB1, 0xA9, 0xDF, 0xE6, 0xFB, 0x04, 0xFF, 0x02, 0xF6, 0x83, 0xC1, 0xD9, 0xFC,
    0xF8, 0x02, 0xF6, 0x86, 0xFF, 0xD9, 0xC2, 0xE9, 0xFC, 0xE8, 0xE6, 0x02, 0xDF, 0x86, 0xDB, 0xD4,
    0xC2, 0xC1, 0xD2, 0xD7, 0xE6, 0x04, 0xE9, 0x85, 0xFF, 0xDF, 0xD4, 0xFE, 0xFF, 0xFB, 0x04, 0xFF,
    0x82, 0xFB, 0xFF, 0xFB, 0x04, 0xFF, 0x80, 0xFB, 0x02, 0xFF, 0x92, 0xF6, 0xFF, 0xD7, 0xD4, 0xC2,
    0xA8, 0x92, 0x68, 0x67, 0x56, 0x40, 0x2A, 0x2E, 0x27, 0x20, 0x30, 0x12, 0xC2, 0x97, 0x02, 0xAE,
    0x8A, 0x55, 0x63, 0x48, 0x8E, 0x45, 0x2E, 0x11, 0x4D, 0xAF, 0x97, 0xF7, 0x02, 0xF6, 0x84, 0xFF,
    0xF4, 0xFF, 0xF6, 0xF0, 0x02, 0xCE, 0x82, 0xB6, 0x3F, 0x80, 0x02, 0x83, 0x87, 0x82, 0x89, 0x83,
    0x80, 0x8C, 0x8B, 0x48, 0x40, 0x02, 0x3A, 0x80, 0x3C, 0x02, 0x3B, 0x07, 0x3D, 0x80, 0x3B, 0x02,
    0x3D, 0x88, 0x3A, 0x37, 0x60, 0x82, 0x87, 0x83, 0x55, 0x13, 0x12, 0x03, 0x10, 0x81, 0x0F, 0x10,
    0x04, 0x0C, 0x06, 0x0B, 0x81, 0x0A, 0x0B, 0x04, 0x0C, 0x80, 0x11, 0x02, 0x12, 0x80, 0x11, 0x05,
    0x12, 0x89, 0x15, 0x29, 0x55, 0x63, 0x54, 0x40, 0x32, 0x17, 0x35, 0x3B, 0x03, 0x3D, 0x87, 0x42,
    0x3D, 0x41, 0x3C, 0x34, 0x41, 0x44, 0x38, 0x02, 0x39, 0x81, 0x3B, 0x38, 0x03, 0x33, 0x82, 0x23,
    0x18, 0x31, 0x02, 0x18, 0x02, 0x1E, 0x85, 0x35, 0x2D, 0x34, 0x28, 0x17, 0x33, 0x02, 0x46, 0x82,
    0x2C, 0x52, 0x2E, 0x03, 0x1E, 0x02, 0x23, 0x95, 0x15, 0x48, 0x7F, 0x89, 0x80, 0x60, 0x49, 0x48,
    0x63, 0xA6, 0xB4, 0xBC, 0xCC, 0xFE, 0xF6, 0xE2, 0xFE, 0xF2, 0xEB, 0xDA, 0xD2, 0xF7, 0x02, 0xFF,
    0x02, 0xF6, 0x82, 0x31, 0x44, 0xFB, 0x02, 0xFF, 0x82, 0xF6, 0xFF, 0xF7, 0x02, 0xDF, 0x86, 0x7B,
    0x2F, 0x33, 0x24, 0x27, 0x1E, 0x19, 0x10, 0x1E, 0x04, 0xFF, 0x80, 0xB3, 0x05, 0xFF, 0x80, 0xF6,
    0x04, 0xFF, 0x8E, 0xDF, 0xFC, 0xFF, 0xD3, 0x78, 0x92, 0x64, 0x69, 0x5D, 0x66, 0x5F, 0x5E, 0x65,
    0x6A, 0x5B, 0x02, 0x5D, 0x90, 0x76, 0xB2, 0xE3, 0xD3, 0xAD, 0xA8, 0xB1, 0xDD, 0xF0, 0xFB, 0xF2,
    0xFF, 0xDF, 0xD5, 0xA8, 0xD3, 0xD7, 0x04, 0xFF, 0x80, 0xFE, 0x02, 0xFF, 0x82, 0xD4, 0xC2, 0xFC,
    0x03, 0xF6, 0x84, 0xFF, 0xDF, 0xC1, 0xF6, 0xF9, 0x03, 0xFF, 0x81, 0xF6, 0xFF, 0x03, 0xDF, 0x8B,
    0xDE, 0xD8, 0xD4, 0xC1, 0xD2, 0xD8, 0xE9, 0xF7, 0xDE, 0xD4, 0xD8, 0xF1, 0x0D, 0xFF, 0x96, 0xF9,
    0xFF, 0xF6, 0xF3, 0xF6, 0xF1, 0xE9, 0xDE, 0xD3, 0x77, 0xAF, 0xB1, 0xA8, 0x9C, 0x67, 0x47, 0x0D,
    0x2F, 0x36, 0x64, 0xAD, 0xAE, 0x97, 0x02, 0x8E, 0x02, 0x3F, 0x86, 0x62, 0x55, 0x29, 0x47, 0xB0,
    0x94, 0xFC, 0x06, 0xFF, 0x88, 0xF0, 0xE1, 0xCE, 0xBB, 0x2B, 0x8C, 0x82, 0x83, 0x89, 0x02, 0x83,
    0x84, 0x89, 0x83, 0x80, 0x8B, 0x48, 0x02, 0x3A, 0x80, 0x3C, 0x03, 0x3B, 0x81, 0x3D, 0x3B, 0x03,
    0x3D, 0x80, 0x3E, 0x02, 0x3D, 0x02, 0x3B, 0x89, 0x2F, 0x61, 0x88, 0x81, 0x82, 0x60, 0x0D, 0x12,
    0x11, 0x0F, 0x05, 0x10, 0x80, 0x0C, 0x09, 0x0B, 0x02, 0x0C, 0x82, 0x10, 0x0C, 0x12, 0x03, 0x13,
    0x03, 0x12, 0x02, 0x13, 0x8A, 0x0E, 0x54, 0x63, 0x48, 0x40, 0x3B, 0x37, 0x2D, 0x34, 0x41, 0x3D,
    0x03, 0x42, 0x84, 0x3E, 0x47, 0x4D, 0x4F, 0x41, 0x05, 0x39, 0x82, 0x3C, 0x43, 0x3C, 0x02, 0x34,
    0x02, 0x33, 0x84, 0x18, 0x14, 0x26, 0x31, 0x32, 0x02, 0x34, 0x88, 0x28, 0x35, 0x2F, 0x55, 0x46,
    0x56, 0x2A, 0x32, 0x31, 0x03, 0x26, 0x97, 0x31, 0x1A, 0x54, 0x7F, 0x87, 0x83, 0x8A, 0x57, 0x55,
    0x8E, 0xA6, 0xB5, 0xBC, 0xC4, 0xF9, 0xFF, 0xE5, 0xED, 0xF6, 0xEB, 0xFC, 0xC7, 0xDB, 0xF7, 0x03,
    0xFF, 0x84, 0x51, 0x13, 0xB6, 0xDA, 0xCE, 0x02, 0xFF, 0x87, 0xFE, 0xFC, 0xE7, 0xD9, 0x77, 0x22,
    0x2D, 0x18, 0x05, 0x1E, 0x80, 0x1F, 0x02, 0x1E, 0x80, 0x18, 0x09, 0x1E, 0x03, 0xFF, 0x81, 0xF0,
    0xCE, 0x02, 0xFF, 0x81, 0xF6, 0xFE, 0x06, 0xFF, 0x86, 0xDF, 0xE3, 0xE9, 0x92, 0x94, 0x67, 0x66,
    0x02, 0x5D, 0x90, 0x5E, 0x69, 0x5E, 0x5C, 0x5F, 0x5E, 0x65, 0x5A, 0x5D, 0x69, 0x76, 0xA3, 0x9C,
    0x94, 0xA8, 0xB1, 0xD9, 0x02, 0xFC, 0x85, 0xF7, 0xFC, 0xE3, 0xAF, 0xA9, 0xDF, 0x02, 0xFC, 0x03,
    0xFF, 0x85, 0xFE, 0xFF, 0xDE, 0xC2, 0xF7, 0xF8, 0x02, 0xF6, 0x83, 0xFF, 0xDD, 0xC2, 0xF7, 0x06,
    0xFF, 0x04, 0xF7, 0x8A, 0xE9, 0xE6, 0xE8, 0xDF, 0xC7, 0xC1, 0xC3, 0xD9, 0xD5, 0xD4, 0xDF, 0x0A,
    0xFF, 0x80, 0xFB, 0x02, 0xFF, 0x80, 0xFE, 0x02, 0xFF, 0x02, 0xF2, 0x85, 0xF6, 0xDF, 0xDB, 0x70,
    0xE6, 0xD5, 0x02, 0xB1, 0x02, 0xD9, 0x93, 0xB0, 0x78, 0x57, 0x4F, 0x47, 0xAD, 0xAE, 0xAF, 0x95,
    0x8A, 0x48, 0x34, 0x29, 0x54, 0x62, 0x48, 0xAE, 0xA6, 0xF8, 0xF9, 0x05, 0xFF, 0x80, 0xF0, 0x02,
    0xE1, 0x8E, 0xBB, 0x29, 0x61, 0x82, 0x89, 0x82, 0x89, 0x82, 0x83, 0x82, 0x83, 0x80, 0x8A, 0x3F,
    0x3D, 0x02, 0x3B, 0x80, 0x3C, 0x02, 0x3B, 0x08, 0x3D, 0x83, 0x39, 0x2C, 0x7D, 0x88, 0x02, 0x82,
    0x82, 0x61, 0x2A, 0x12, 0x06, 0x10, 0x81, 0x0C, 0x10, 0x02, 0x0C, 0x04, 0x0B, 0x80, 0x0A, 0x02,
    0x0B, 0x84, 0x10, 0x0C, 0x10, 0x12, 0x13, 0x03, 0x14, 0x02, 0x13, 0x02, 0x14, 0x81, 0x13, 0x46,
    0x02, 0x60, 0x80, 0x2C, 0x04, 0x3A, 0x02, 0x3E, 0x04, 0x42, 0x80, 0x3D, 0x03, 0x41, 0x02, 0x3C,
    0x80, 0x3B, 0x02, 0x39, 0x84, 0x37, 0x38, 0x39, 0x3C, 0x41, 0x02, 0x44, 0x80, 0x41, 0x04, 0x37,
    0x8A, 0x3B, 0x33, 0x30, 0x35, 0x2F, 0x49, 0x55, 0x57, 0x2C, 0x3A, 0x1A, 0x02, 0x26, 0x8D, 0x31,
    0x18, 0x31, 0x2A, 0x60, 0x82, 0x81, 0x89, 0x8B, 0x2B, 0x63, 0x8E, 0xA1, 0xA3, 0x02, 0xBE, 0x02,
    0xFF, 0x8F, 0xE5, 0xDC, 0xFF, 0xCB, 0xF6, 0xDA, 0xD6, 0xE7, 0xF7, 0xF9, 0xFF, 0x7A, 0x26, 0x51,
    0xF5, 0xFF, 0x02, 0xF6, 0x88, 0xF0, 0xF6, 0xFF, 0xF7, 0xD7, 0x70, 0x2D, 0x32, 0x18, 0x11, 0x1E,
    0x03, 0xFF, 0x81, 0xE1, 0xF6, 0x07, 0xFF, 0xA6, 0xF6, 0xFF, 0xF6, 0xE3, 0xF8, 0xB0, 0x78, 0x92,
    0x64, 0x69, 0x5D, 0x5B, 0x5C, 0x69, 0x5E, 0x66, 0x5F, 0x5E, 0x5C, 0x69, 0x65, 0x5A, 0x6B, 0x5B,
    0x6B, 0x67, 0x68, 0x94, 0xB1, 0xE7, 0xFD, 0xF7, 0xF6, 0xEE, 0xB1, 0xA8, 0xD9, 0xE9, 0xF7, 0x05,
    0xFF, 0x89, 0xDF, 0xC1, 0xE6, 0xF8, 0xF6, 0xF5, 0xFC, 0xD7, 0xC1, 0xDF, 0x03, 0xE3, 0x03, 0xFF,
    0x04, 0xF6, 0x03, 0xFF, 0x83, 0xF0, 0xF1, 0xFE, 0xD9, 0x02, 0xD1, 0x81, 0xC1, 0xD7, 0x0B, 0xFF,
    0x8A, 0xFE, 0xFF, 0xFB, 0xFF, 0xF7, 0xE7, 0xFF, 0xDB, 0x9C, 0x7B, 0xD2, 0x02, 0xEE, 0x86, 0xD7,
    0xA9, 0xEE, 0xE3, 0xE6, 0xDE, 0xC1, 0x02, 0xAF, 0x8C, 0x97, 0x98, 0xAD, 0x95, 0x7D, 0x60, 0x2E,
    0x18, 0x34, 0x2B, 0x8E, 0x96, 0x94, 0x04, 0xFF, 0x80, 0xF9, 0x02, 0xFF, 0x87, 0xEE, 0xE4, 0xED,
    0xC0, 0x2A, 0x61, 0x82, 0x89, 0x03, 0x88, 0x02, 0x89, 0x02, 0x83, 0x83, 0x7F, 0x60, 0x40, 0x3E,
    0x02, 0x3D, 0x80, 0x3B, 0x02, 0x3D, 0x80, 0x3B, 0x06, 0x3D, 0x89, 0x39, 0x46, 0x80, 0x88, 0x82,
    0x81, 0x8A, 0x29, 0x12, 0x11, 0x03, 0x10, 0x09, 0x0C, 0x04, 0x0B, 0x83, 0x0C, 0x0B, 0x0C, 0x12,
    0x03, 0x18, 0x80, 0x14, 0x04, 0x18, 0x83, 0x14, 0x55, 0x63, 0x45, 0x02, 0x3A, 0x84, 0x3B, 0x35,
    0x38, 0x3D, 0x41, 0x02, 0x42, 0x80, 0x43, 0x02, 0x42, 0x83, 0x43, 0x3E, 0x3D, 0x41, 0x02, 0x3D,
    0x05, 0x39, 0x82, 0x38, 0x39, 0x3B, 0x02, 0x34, 0x88, 0x37, 0x3C, 0x37, 0x34, 0x32, 0x36, 0x35,
    0x37, 0x46, 0x02, 0x55, 0x83, 0x2C, 0x34, 0x17, 0x2D, 0x02, 0x26, 0x9A, 0x31, 0x26, 0x32, 0x40,
    0x8A, 0x84, 0x82, 0x89, 0x8D, 0x3F, 0x8B, 0x95, 0xC0, 0xBC, 0xC5, 0xBE, 0xE4, 0xFF, 0xFC, 0xD6,
    0xF5, 0xC5, 0xF0, 0xF5, 0xD6, 0xDD, 0xF7, 0x03, 0xFF, 0x82, 0x11, 0x31, 0xE4, 0x02, 0xFF, 0x80,
    0xF6, 0x02, 0xF2, 0x89, 0xF9, 0xEE, 0xDF, 0xD3, 0x67, 0x1C, 0x1E, 0x18, 0x23, 0x26, 0x0E, 0x1E,
    0x03, 0xFF, 0x80, 0xC8, 0x08, 0xFF, 0x89, 0xFA, 0xFC, 0xFA, 0xF2, 0xD5, 0x68, 0x97, 0x67, 0x5B,
    0x66, 0x03, 0x5E, 0x80, 0x5F, 0x05, 0x5E, 0x80, 0x66, 0x02, 0x5E, 0x82, 0x5C, 0x5E, 0x5C, 0x02,
    0x6A, 0x8D, 0x67, 0x94, 0xAF, 0xD3, 0xFA, 0xF4, 0xF6, 0xE7, 0xAF, 0xAE, 0xD3, 0xEE, 0xF2, 0xF6,
    0x04, 0xFF, 0x8C, 0xD6, 0xC2, 0xFD, 0xF6, 0xF2, 0xFB, 0xE9, 0xD2, 0xD4, 0xDB, 0xCA, 0xC8, 0xCE,
    0x02, 0xFF, 0x81, 0xF0, 0xF6, 0x03, 0xFF, 0x04, 0xF6, 0x8A, 0xFF, 0xF6, 0xFF, 0xDF, 0xC1, 0xB0,
    0xD6, 0xE9, 0xFD, 0xF7, 0xF1, 0x03, 0xFB, 0x02, 0xF4, 0x03, 0xFF, 0xA1, 0xF7, 0xFF, 0xDF, 0xD9,
    0xA0, 0x77, 0xD6, 0xED, 0xE7, 0xD8, 0xF6, 0xDF, 0xA6, 0xF7, 0xF6, 0xE5, 0xE7, 0xEF, 0xFF, 0xEF,
    0xB1, 0xAF, 0xBF, 0x98, 0x8D, 0x7D, 0x2B, 0x34, 0x15, 0x22, 0x48, 0x63, 0x95, 0xE9, 0x05, 0xFF,
    0x02, 0xF6, 0x02, 0xF0, 0x85, 0xCF, 0x29, 0x8A, 0x86, 0x89, 0x86, 0x02, 0x85, 0x81, 0x88, 0x89,
    0x02, 0x83, 0x89, 0x80, 0x8C, 0x45, 0x3E, 0x41, 0x42, 0x3C, 0x3D, 0x3E, 0x3D, 0x04, 0x3B, 0x85,
    0x3E, 0x3B, 0x3E, 0x48, 0x80, 0x87, 0x02, 0x86, 0x81, 0x7D, 0x29, 0x02, 0x12, 0x03, 0x10, 0x09,
    0x0C, 0x04, 0x0B, 0x02, 0x0C, 0x02, 0x10, 0x82, 0x31, 0x1E, 0x26, 0x03, 0x31, 0x84, 0x26, 0x31,
    0x18, 0x55, 0x62, 0x02, 0x3C, 0x83, 0x3B, 0x3D, 0x3B, 0x3D, 0x07, 0x42, 0x81, 0x3E, 0x42, 0x02,
    0x41, 0x02, 0x42, 0x81, 0x3D, 0x42, 0x02, 0x3E, 0x80, 0x3D, 0x03, 0x3C, 0x02, 0x3D, 0x02, 0x38,
    0x9F, 0x36, 0x39, 0x38, 0x28, 0x37, 0x2A, 0x57, 0x55, 0x3C, 0x34, 0x30, 0x31, 0x27, 0x33, 0x2D,
    0x21, 0x38, 0x2B, 0x8A, 0x7D, 0x7F, 0x84, 0x88, 0x8C, 0x54, 0x8E, 0xAE, 0xC9, 0xC8, 0xBE, 0xC4,
    0xED, 0x02, 0xFF, 0x82, 0xF5, 0xE2, 0xBE, 0x02, 0xFF, 0x81, 0xF7, 0xC7, 0x03, 0xF7, 0x84, 0xCC,
    0x4A, 0x18, 0x6B, 0xF0, 0x04, 0xFF, 0x88, 0xFE, 0xF6, 0xFF, 0xE9, 0xD4, 0x59, 0x22, 0x32, 0x15,
    0x02, 0x20, 0x0D, 0x1E, 0x02, 0xFF, 0x82, 0xF6, 0xED, 0xF0, 0x05, 0xFF, 0x80, 0xF6, 0x02, 0xFF,
    0x82, 0xF4, 0xF3, 0xD9, 0x02, 0x92, 0x82, 0x68, 0x59, 0x5B, 0x02, 0x66, 0x09, 0x5E, 0x80, 0x66,
    0x03, 0x5E, 0x82, 0x66, 0x69, 0x5F, 0x02, 0x67, 0x89, 0x94, 0xB1, 0xD8, 0xFF, 0xF6, 0xF4, 0xD3,
    0xAD, 0xB1, 0xE7, 0x06, 0xFF, 0x8A, 0xDD, 0xC1, 0xDE, 0xF6, 0xF2, 0xFB, 0xFC, 0xD4, 0xC1, 0xDB,
    0xC5, 0x02, 0xBF, 0x81, 0xCE, 0xFE, 0x03, 0xF0, 0x81, 0xFF, 0xF6, 0x02, 0xF0, 0x88, 0xED, 0xF0,
    0xF2, 0xF6, 0xFF, 0xF7, 0xDE, 0xC1, 0xD7, 0x02, 0xC1, 0x80, 0xDB, 0x04, 0xE9, 0x80, 0xE6, 0x03,
    0xE9, 0x82, 0xE3, 0xDF, 0xD6, 0x02, 0xC1, 0x8A, 0xDF, 0xD6, 0xF7, 0xED, 0xFC, 0xDD, 0xF2, 0xD5,
    0x97, 0xE7, 0xF9, 0x02, 0xE7, 0x82, 0xEE, 0xFF, 0xF4, 0x02, 0xAF, 0x8B, 0xFA, 0xB1, 0x8F, 0x7D,
    0x62, 0x49, 0x29, 0x22, 0x49, 0x91, 0x92, 0xF7, 0x05, 0xFF, 0x02, 0xF6, 0x02, 0xF0, 0x85, 0xEC,
    0x29, 0x8A, 0x84, 0x82, 0x84, 0x02, 0x85, 0x81, 0x88, 0x89, 0x03, 0x83, 0x84, 0x80, 0x55, 0x41,
    0x3D, 0x3E, 0x03, 0x41, 0x02, 0x3D, 0x02, 0x3B, 0x8F, 0x3C, 0x3D, 0x3C, 0x3A, 0x54, 0x7F, 0x87,
    0x84, 0x86, 0x7E, 0x2B, 0x11, 0x12, 0x11, 0x12, 0x11, 0x09, 0x10, 0x04, 0x0C, 0x81, 0x10, 0x0C,
    0x02, 0x10, 0x02, 0x31, 0x80, 0x32, 0x03, 0x35, 0x86, 0x32, 0x35, 0x32, 0x55, 0x48, 0x3B, 0x3C,
    0x02, 0x3D, 0x09, 0x42, 0x80, 0x3E, 0x03, 0x42, 0x81, 0x43, 0x4A, 0x02, 0x44, 0x82, 0x42, 0x3D,
    0x43, 0x02, 0x4A, 0x04, 0x4B, 0x81, 0x44, 0x3C, 0x02, 0x35, 0x85, 0x1A, 0x34, 0x2F, 0x52, 0x2C,
    0x36, 0x02, 0x17, 0x80, 0x28, 0x02, 0x32, 0x8E, 0x31, 0x32, 0x2B, 0x63, 0x8A, 0x7E, 0x89, 0x84,
    0x82, 0x7F, 0x8B, 0x8F, 0xB1, 0xD0, 0xCE, 0x02, 0xC4, 0x80, 0xE1, 0x03, 0xFF, 0x8D, 0xE4, 0xDA,
    0xC7, 0xE2, 0xF8, 0xDA, 0xDB, 0xF7, 0xE7, 0xF5, 0x7C, 0x35, 0x3C, 0xF0, 0x05, 0xFF, 0x89, 0xF6,
    0xFF, 0xFC, 0xD6, 0xC1, 0x58, 0x22, 0x32, 0x26, 0x31, 0x04, 0x1E, 0x80, 0x16, 0x08, 0x1E, 0x02,
    0xFF, 0x80, 0xF0, 0x02, 0xF6, 0x04, 0xFF, 0x89, 0xFB, 0xF7, 0xFF, 0xEE, 0xF6, 0xF8, 0xAE, 0x78,
    0x92, 0x5A, 0x02, 0x59, 0x80, 0x6A, 0x02, 0x66, 0x09, 0x5E, 0x80, 0x66, 0x02, 0x5E, 0x02, 0x5D,
    0x8E, 0x5B, 0x69, 0x6A, 0x68, 0x93, 0xA6, 0xDE, 0xF6, 0xEC, 0xDF, 0xB1, 0xA8, 0xD3, 0xE9, 0xF7,
    0x02, 0xFF, 0x8B, 0xFB, 0xF2, 0xFC, 0xC2, 0xD8, 0xFF, 0xFE, 0xFB, 0xFC, 0xDA, 0xC1, 0xBD, 0x02,
    0xBF, 0x82, 0xB9, 0xBE, 0xF0, 0x03, 0xED, 0x02, 0xF6, 0x8E, 0xED, 0xF6, 0xF0, 0xED, 0xEB, 0xF0,
    0xFF, 0xFC, 0xE9, 0xD8, 0xD1, 0xD7, 0xD9, 0xD7, 0xD2, 0x02, 0xC2, 0x83, 0xC1, 0xD2, 0xC2, 0xC3,
    0x02, 0xC1, 0x93, 0xD2, 0xD7, 0xD6, 0xDF, 0xE9, 0xFC, 0xF9, 0xE1, 0xFC, 0xFA, 0xEE, 0xB1, 0x97,
    0xD7, 0xF8, 0xFC, 0xE7, 0xF2, 0xFF, 0xFB, 0x02, 0xAF, 0x8B, 0xEF, 0xC2, 0x95, 0x8A, 0x48, 0x3F,
    0x49, 0x29, 0x4F, 0x68, 0x94, 0xF7, 0x06, 0xFF, 0x88, 0xF6, 0xF0, 0xF6, 0xF4, 0x2C, 0x8B, 0x84,
    0x88, 0x86, 0x02, 0x85, 0x83, 0x88, 0x82, 0x83, 0x80, 0x02, 0x83, 0x82, 0x8A, 0x3F, 0x3D, 0x02,
    0x3E, 0x04, 0x43, 0x02, 0x3D, 0x85, 0x3B, 0x3D, 0x39, 0x3B, 0x60, 0x83, 0x02, 0x86, 0x83, 0x87,
    0x80, 0x45, 0x13, 0x02, 0x11, 0x02, 0x12, 0x05, 0x10, 0x02, 0x11, 0x04, 0x12, 0x81, 0x13, 0x12,
    0x02, 0x0C, 0x02, 0x10, 0x02, 0x31, 0x80, 0x35, 0x03, 0x36, 0x80, 0x35, 0x02, 0x37, 0x83, 0x52,
    0x46, 0x3D, 0x3C, 0x02, 0x3D, 0x03, 0x42, 0x03, 0x43, 0x04, 0x42, 0x89, 0x3E, 0x43, 0x4C, 0x4E,
    0x50, 0x4E, 0x50, 0x4E, 0x42, 0x43, 0x02, 0x4A, 0x02, 0x4B, 0x82, 0x44, 0x4A, 0x4B, 0x02, 0x4C,
    0x8A, 0x4B, 0x47, 0x40, 0x52, 0x22, 0x28, 0x30, 0x31, 0x21, 0x1D, 0x30, 0x02, 0x17, 0x84, 0x2C,
    0x55, 0x8B, 0x54, 0x7D, 0x02, 0x88, 0x89, 0x82, 0x89, 0x8D, 0x63, 0xC7, 0xC5, 0xE2, 0xC5, 0xC4,
    0xC8, 0x03, 0xFF, 0x02, 0xFC, 0x81, 0xB6, 0xF1, 0x02, 0xE7, 0x80, 0xDA, 0x02, 0xF7, 0x85, 0xF9,
    0xF0, 0x26, 0x18, 0x76, 0xF0, 0x04, 0xFF, 0x80, 0xFB, 0x02, 0xFF, 0x86, 0xFC, 0xDB, 0xD1, 0x56,
    0x13, 0x30, 0x32, 0x03, 0x1E, 0x80, 0x26, 0x09, 0x1E, 0x02, 0xFF, 0x80, 0xF0, 0x07, 0xFF, 0x87,
    0xFA, 0xFF, 0xF6, 0xDF, 0xD3, 0x78, 0x97, 0x64, 0x02, 0x59, 0x80, 0x5A, 0x02, 0x66, 0x05, 0x5E,
    0x80, 0x5B, 0x07, 0x5E, 0x03, 0x5D, 0x02, 0x69, 0x9A, 0x67, 0x68, 0x78, 0x77, 0xD6, 0xFB, 0xF7,
    0xD7, 0xAF, 0xAD, 0xD7, 0xDF, 0xF7, 0xFF, 0xF6, 0xEE, 0xFF, 0xD7, 0xD4, 0xFC, 0xFF, 0xFB, 0xFF,
    0xF7, 0xC1, 0xB8, 0xE1, 0x02, 0xB4, 0x82, 0xB2, 0xB9, 0xF0, 0x03, 0xCE, 0x86, 0xF0, 0xCE, 0xED,
    0xF0, 0xE1, 0xCB, 0xEB, 0x02, 0xF6, 0x83, 0xFF, 0xFC, 0xD2, 0xD5, 0x02, 0xDF, 0x02, 0xE9, 0x02,
    0xDF, 0x80, 0xE8, 0x02, 0xDF, 0x81, 0xE9, 0xFD, 0x03, 0xE9, 0x90, 0xFC, 0xFF, 0xF6, 0xEE, 0xF3,
    0xFB, 0xFA, 0xF2, 0xAE, 0x91, 0xD5, 0xF6, 0xF8, 0xE9, 0xF8, 0xFF, 0xF4, 0x02, 0xAF, 0x8B, 0xEF,
    0xDA, 0x98, 0x8E, 0x48, 0x2C, 0x49, 0x3F, 0x49, 0x67, 0x94, 0xF7, 0x06, 0xFF, 0x80, 0xF6, 0x02,
    0xF0, 0x85, 0xEF, 0x2C, 0x8B, 0x84, 0x81, 0x86, 0x03, 0x85, 0x87, 0x88, 0x83, 0x80, 0x83, 0x82,
    0x8D, 0x48, 0x40, 0x02, 0x3E, 0x81, 0x43, 0x4A, 0x03, 0x44, 0x80, 0x4A, 0x02, 0x3D, 0x88, 0x3B,
    0x34, 0x61, 0x82, 0x85, 0x86, 0x87, 0x80, 0x48, 0x03, 0x13, 0x05, 0x12, 0x81, 0x11, 0x12, 0x03,
    0x13, 0x05, 0x12, 0x02, 0x13, 0x02, 0x12, 0x81, 0x1E, 0x32, 0x02, 0x35, 0x04, 0x37, 0x80, 0x39,
    0x02, 0x34, 0x82, 0x38, 0x3B, 0x3E, 0x04, 0x42, 0x80, 0x44, 0x02, 0x4A, 0x80, 0x44, 0x02, 0x42,
    0x82, 0x4B, 0x4E, 0x50, 0x04, 0x51, 0x02, 0x4F, 0x85, 0x47, 0x41, 0x44, 0x42, 0x4C, 0x4B, 0x02,
    0x4A, 0x80, 0x4C, 0x02, 0x4B, 0x87, 0x47, 0x56, 0x4F, 0x2A, 0x33, 0x21, 0x28, 0x22, 0x02, 0x2A,
    0x88, 0x2E, 0x2C, 0x2B, 0x54, 0x8A, 0x60, 0x3F, 0x8B, 0x81, 0x02, 0x88, 0x88, 0x82, 0x8C, 0x62,
    0xD1, 0xEA, 0xCE, 0xCA, 0xC8, 0xF6, 0x02, 0xFF, 0x02, 0xFC, 0x8C, 0xE2, 0xBF, 0xFC, 0xDD, 0xE7,
    0xDA, 0xE5, 0xF7, 0xC7, 0xC5, 0x53, 0x37, 0x42, 0x02, 0xF6, 0x08, 0xFF, 0x85, 0xDF, 0xD4, 0x56,
    0x2D, 0x14, 0x26, 0x0C, 0x1E, 0x83, 0xFF, 0xF6, 0xE1, 0xFF, 0x02, 0xF6, 0x04, 0xFF, 0x83, 0xF4,
    0xFE, 0xFF, 0xD5, 0x02, 0x97, 0x84, 0x67, 0x5C, 0x59, 0x5A, 0x64, 0x02, 0x66, 0x06, 0x5E, 0x86,
    0x65, 0x5D, 0x5E, 0x5C, 0x5E, 0x66, 0x5E, 0x04, 0x5D, 0x96, 0x66, 0x69, 0x64, 0x78, 0x77, 0x6C,
    0x9E, 0xFF, 0xDF, 0xD3, 0xAD, 0xB0, 0xD8, 0xE9, 0xFF, 0xF6, 0xF3, 0xFF, 0xD7, 0xC2, 0xE9, 0xFC,
    0xFB, 0x02, 0xFF, 0x02, 0xC1, 0x82, 0xB9, 0xB2, 0xAA, 0x02, 0xA5, 0x81, 0xCA, 0xCE, 0x03, 0xC5,
    0x84, 0xE1, 0xC4, 0xED, 0xE1, 0xCB, 0x02, 0xEA, 0x89, 0xF6, 0xF2, 0xF4, 0xE9, 0xC7, 0xDB, 0xF8,
    0xF1, 0xFB, 0xF4, 0x03, 0xFB, 0x07, 0xFF, 0x8F, 0xF2, 0xF4, 0xF2, 0xF3, 0xFF, 0xFA, 0xF7, 0x98,
    0x8F, 0xD3, 0xF8, 0xFF, 0xFD, 0xF8, 0xFF, 0xF4, 0x02, 0xAF, 0x02, 0xEF, 0x89, 0xAF, 0x8E, 0x45,
    0x46, 0x2A, 0x52, 0x46, 0x57, 0xA6, 0xF6, 0x06, 0xFF, 0x03, 0xF6, 0x84, 0xEF, 0x2C, 0x8B, 0x84,
    0x81, 0x03, 0x85, 0x02, 0x86, 0x80, 0x82, 0x02, 0x83, 0x86, 0x88, 0x80, 0x8A, 0x49, 0x40, 0x3D,
    0x41, 0x06, 0x44, 0x8C, 0x43, 0x3D, 0x40, 0x8A, 0x88, 0x85, 0x86, 0x87, 0x80, 0x55, 0x1C, 0x13,
    0x12, 0x02, 0x13, 0x0C, 0x12, 0x81, 0x13, 0x12, 0x03, 0x13, 0x80, 0x14, 0x02, 0x35, 0x80, 0x36,
    0x02, 0x38, 0x87, 0x39, 0x38, 0x39, 0x37, 0x3A, 0x37, 0x3B, 0x3D, 0x02, 0x42, 0x81, 0x44, 0x43,
    0x02, 0x44, 0x80, 0x4A, 0x02, 0x43, 0x80, 0x44, 0x02, 0x4E, 0x83, 0x51, 0x50, 0x4F, 0x62, 0x02,
    0x63, 0x84, 0x8A, 0x63, 0x55, 0x47, 0x44, 0x02, 0x4A, 0x80, 0x4B, 0x02, 0x4D, 0x8A, 0x47, 0x49,
    0x57, 0x40, 0x3B, 0x3D, 0x28, 0x32, 0x2C, 0x55, 0x61, 0x03, 0x8A, 0x87, 0x8B, 0x7D, 0x61, 0x49,
    0x3F, 0x7E, 0x88, 0x81, 0x02, 0x82, 0x86, 0x80, 0x60, 0x96, 0xD5, 0xC5, 0xCE, 0xFC, 0x03, 0xFF,
    0x02, 0xFC, 0x87, 0xFF, 0xDA, 0xCC, 0xE5, 0xE7, 0xF7, 0xDA, 0xE5, 0x02, 0xFF, 0x83, 0xB6, 0x13,
    0x26, 0x7A, 0x07, 0xFF, 0x02, 0xF6, 0x87, 0xF3, 0xDB, 0xC1, 0x52, 0x1C, 0x26, 0x1E, 0x23, 0x0A,
    0x1E, 0x81, 0xFF, 0xF0, 0x02, 0xFF, 0x80, 0xF9, 0x02, 0xFF, 0x80, 0xF6, 0x02, 0xFF, 0x02, 0xFA,
    0x84, 0xD7, 0xB1, 0x97, 0x67, 0x66, 0x02, 0x59, 0x02, 0x66, 0x14, 0x5E, 0xB3, 0x65, 0x64, 0x67,
    0x78, 0x67, 0x6B, 0x71, 0xFF, 0xE6, 0xD5, 0x97, 0xB1, 0xF0, 0xEC, 0xFE, 0xFB, 0xFA, 0xE5, 0xC2,
    0xD4, 0xE5, 0xFC, 0xF6, 0xFC, 0xD4, 0xC1, 0x9C, 0xAC, 0xAB, 0xA1, 0xA2, 0xB5, 0xC8, 0xC5, 0xBC,
    0xBF, 0xC5, 0xF0, 0xAA, 0xF6, 0xC8, 0xCA, 0xC5, 0xE1, 0xF0, 0xFF, 0xFC, 0xD8, 0xC2, 0xE9, 0xF0,
    0xF2, 0x0D, 0xFF, 0x9B, 0xFC, 0xF3, 0xE7, 0xCF, 0xEB, 0x95, 0x8D, 0xB1, 0xEB, 0xEE, 0xE9, 0xF4,
    0xFF, 0xF1, 0xAF, 0xAE, 0xFF, 0xEF, 0xEB, 0x8F, 0x54, 0x49, 0x2E, 0x2C, 0x49, 0x57, 0xA6, 0xF7,
    0x09, 0xFF, 0x86, 0xCF, 0x2B, 0x8A, 0x81, 0x87, 0x88, 0x84, 0x03, 0x88, 0x8B, 0x82, 0x83, 0x80,
    0x82, 0x7E, 0x54, 0x8E, 0x55, 0x46, 0x3C, 0x42, 0x43, 0x02, 0x44, 0x02, 0x43, 0x84, 0x44, 0x3E,
    0x46, 0x7E, 0x86, 0x02, 0x88, 0x86, 0x87, 0x88, 0x60, 0x22, 0x15, 0x13, 0x11, 0x04, 0x13, 0x02,
    0x11, 0x02, 0x13, 0x02, 0x12, 0x02, 0x13, 0x84, 0x10, 0x11, 0x1D, 0x13, 0x15, 0x02, 0x14, 0x83,
    0x37, 0x39, 0x36, 0x39, 0x02, 0x3A, 0x81, 0x38, 0x37, 0x02, 0x3A, 0x82, 0x36, 0x3A, 0x42, 0x02,
    0x3D, 0x02, 0x4A, 0x82, 0x44, 0x47, 0x44, 0x02, 0x43, 0x83, 0x44, 0x4C, 0x4F, 0x52, 0x02, 0x62,
    0x89, 0x63, 0x8A, 0x8B, 0x8C, 0x7E, 0x8A, 0x60, 0x46, 0x43, 0x42, 0x02, 0x3E, 0x94, 0x43, 0x55,
    0x63, 0x54, 0x45, 0x2C, 0x22, 0x2F, 0x2C, 0x61, 0x7D, 0x7F, 0x8C, 0x8B, 0x8A, 0x8B, 0x80, 0x61,
    0x2B, 0x45, 0x7F, 0x02, 0x88, 0x02, 0x82, 0x89, 0x89, 0x8A, 0x8E, 0xAE, 0xD0, 0xEA, 0xCF, 0xE8,
    0xFF, 0xF6, 0x02, 0xFF, 0x88, 0xF6, 0xE0, 0xC5, 0xF7, 0xE6, 0xF8, 0xE3, 0xC3, 0xE7, 0x02, 0xFC,
    0x84, 0x43, 0x18, 0x4D, 0xFC, 0xF9, 0x05, 0xFF, 0x8F, 0xF9, 0xFF, 0xF6, 0xFC, 0xE8, 0xA7, 0x52,
    0x32, 0x1F, 0x28, 0x1A, 0x23, 0x26, 0x1E, 0x18, 0x1D, 0x02, 0x1E, 0x83, 0x18, 0x1E, 0xFF, 0xF0,
    0x08, 0xFF, 0x88, 0xF4, 0xE5, 0xD3, 0xA6, 0x68, 0x65, 0x5B, 0x59, 0x5B, 0x03, 0x5E, 0x80, 0x5B,
    0x11, 0x5E, 0x80, 0x5D, 0x02, 0x5F, 0x02, 0x64, 0x9B, 0x78, 0x67, 0x70, 0x5A, 0xFC, 0xD6, 0xAF,
    0xA8, 0xD7, 0xFC, 0xF9, 0xF4, 0xFB, 0xE7, 0xD7, 0xD1, 0xD8, 0xFC, 0xFF, 0xFC, 0xD8, 0xC1, 0x9C,
    0xAC, 0xA1, 0xA2, 0xA1, 0x9E, 0x02, 0xBF, 0x89, 0xBB, 0xB9, 0xB7, 0x7C, 0xBE, 0xB9, 0xC5, 0xC8,
    0xC4, 0xBB, 0x02, 0xCA, 0x86, 0xF6, 0xF7, 0xD8, 0xD4, 0xDC, 0xF8, 0xF2, 0x04, 0xFF, 0x80, 0xF6,
    0x09, 0xFF, 0x9D, 0xF4, 0xEF, 0xD9, 0x90, 0x8B, 0x98, 0xDD, 0xFB, 0xDC, 0xE4, 0xFF, 0xEE, 0xAE,
    0xAF, 0xF6, 0xE2, 0xF9, 0x96, 0x8E, 0x46, 0x47, 0x2C, 0x49, 0x67, 0x94, 0xFC, 0xFF, 0xF9, 0xFF,
    0xFE, 0x05, 0xFF, 0x86, 0xEC, 0x2B, 0x8C, 0x88, 0x87, 0x88, 0x84, 0x02, 0x88, 0x81, 0x89, 0x82,
    0x02, 0x83, 0x88, 0x89, 0x8A, 0x3F, 0x45, 0x8E, 0x63, 0x49, 0x40, 0x41, 0x02, 0x43, 0x90, 0x44,
    0x47, 0x43, 0x3E, 0x48, 0x7E, 0x81, 0x88, 0x86, 0x87, 0x88, 0x61, 0x2A, 0x1A, 0x18, 0x1C, 0x18,
    0x05, 0x13, 0x87, 0x14, 0x1C, 0x13, 0x12, 0x11, 0x12, 0x15, 0x1C, 0x02, 0x2A, 0x86, 0x29, 0x0D,
    0x1A, 0x17, 0x3A, 0x37, 0x35, 0x02, 0x34, 0x8A, 0x39, 0x3A, 0x39, 0x3B, 0x3C, 0x41, 0x34, 0x3B,
    0x3C, 0x42, 0x3E, 0x03, 0x42, 0x86, 0x3E, 0x43, 0x44, 0x47, 0x52, 0x57, 0x52, 0x05, 0x49, 0x80,
    0x48, 0x02, 0x55, 0x8A, 0x49, 0x3C, 0x3D, 0x41, 0x3D, 0x3E, 0x40, 0x55, 0x63, 0x8B, 0x8A, 0x02,
    0x61, 0x02, 0x7D, 0x83, 0x7E, 0x61, 0x60, 0x8A, 0x02, 0x60, 0x86, 0x54, 0x61, 0x54, 0x48, 0x7F,
    0x81, 0x84, 0x02, 0x82, 0x89, 0x89, 0x8D, 0x48, 0x91, 0xB1, 0xEB, 0xCF, 0xE7, 0xFF, 0xF6, 0x02,
    0xFF, 0x8E, 0xFC, 0xF1, 0xC9, 0xE9, 0xE6, 0xE9, 0xE6, 0xDA, 0xE7, 0xF6, 0xFE, 0x76, 0x26, 0x14,
    0x99, 0x02, 0xFF, 0x80, 0xF9, 0x05, 0xFF, 0x8D, 0xF9, 0xF2, 0xE7, 0xDC, 0xC1, 0x50, 0x13, 0x24,
    0x1F, 0x23, 0x32, 0x18, 0x1E, 0x26, 0x03, 0x1E, 0x82, 0x23, 0xFF, 0xF0, 0x03, 0xFF, 0x82, 0xFB,
    0xFF, 0xFE, 0x03, 0xFF, 0x81, 0xD5, 0xA8, 0x02, 0x67, 0x82, 0x5F, 0x5B, 0x59, 0x02, 0x66, 0x02,
    0x5E, 0x80, 0x66, 0x11, 0x5E, 0x81, 0x5C, 0x69, 0x02, 0x5F, 0x87, 0x6A, 0x6B, 0x77, 0x64, 0x6E,
    0x6A, 0xFF, 0xD9, 0x02, 0xAF, 0x88, 0xD5, 0xF3, 0xF6, 0xEE, 0xFC, 0xD9, 0xB1, 0xD7, 0xE7, 0x02,
    0xFF, 0x80, 0xFD, 0x02, 0xC2, 0x9A, 0xA7, 0xA1, 0x9D, 0x9F, 0x9D, 0xA5, 0xBC, 0xB6, 0xB4, 0xAA,
    0xC4, 0xB4, 0xE1, 0x79, 0xC5, 0xBC, 0xBB, 0xAA, 0xBF, 0xCA, 0xF6, 0xE7, 0xC1, 0xD8, 0xE5, 0xF5,
    0xFC, 0x0B, 0xFF, 0x81, 0xF9, 0xFF, 0x02, 0xF4, 0x99, 0x98, 0x8B, 0x80, 0x95, 0xD9, 0xEF, 0xFC,
    0xFA, 0xFF, 0xE5, 0xAE, 0xB1, 0xF3, 0xE0, 0xD7, 0xAE, 0x8F, 0x45, 0x56, 0x2C, 0x49, 0x67, 0x94,
    0xF7, 0xFF, 0xFE, 0x02, 0xFF, 0x80, 0xF9, 0x04, 0xFF, 0x85, 0xFA, 0x2B, 0x8C, 0x87, 0x84, 0x82,
    0x02, 0x88, 0x82, 0x89, 0x82, 0x89, 0x03, 0x83, 0x9F, 0x63, 0x2A, 0x34, 0x2B, 0x54, 0x8F, 0x60,
    0x48, 0x40, 0x42, 0x4A, 0x44, 0x43, 0x44, 0x48, 0x80, 0x84, 0x86, 0x84, 0x87, 0x88, 0x8A, 0x2C,
    0x32, 0x28, 0x24, 0x19, 0x31, 0x25, 0x18, 0x15, 0x16, 0x03, 0x17, 0x86, 0x1A, 0x2A, 0x2B, 0x48,
    0x62, 0x63, 0x8B, 0x02, 0x8A, 0x83, 0x60, 0x48, 0x3F, 0x34, 0x02, 0x3A, 0x80, 0x3B, 0x02, 0x39,
    0x02, 0x3B, 0x88, 0x3C, 0x34, 0x4F, 0x41, 0x3C, 0x39, 0x3E, 0x43, 0x42, 0x02, 0x41, 0x86, 0x34,
    0x4F, 0x52, 0x4F, 0x4D, 0x41, 0x3A, 0x02, 0x17, 0x80, 0x3A, 0x02, 0x3D, 0x81, 0x34, 0x40, 0x02,
    0x34, 0x80, 0x3B, 0x02, 0x3D, 0x82, 0x3A, 0x28, 0x40, 0x02, 0x2B, 0x83, 0x48, 0x60, 0x8A, 0x7F,
    0x02, 0x60, 0x83, 0x61, 0x7F, 0x89, 0x81, 0x02, 0x80, 0x02, 0x61, 0x91, 0x54, 0x82, 0x81, 0x84,
    0x82, 0x81, 0x89, 0x8D, 0x45, 0x8E, 0xAE, 0xD7, 0xC9, 0xE2, 0xFF, 0xF2, 0xFB, 0xFF, 0x02, 0xF6,
    0x8E, 0xCE, 0xDB, 0xE6, 0xE9, 0xE8, 0xDB, 0xC7, 0xFC, 0xED, 0xF0, 0x37, 0x18, 0x43, 0xFF, 0xF6,
    0x06, 0xFF, 0x02, 0xF2, 0x87, 0xFC, 0xCA, 0xFF, 0xB0, 0x4F, 0x22, 0x2D, 0x24, 0x08, 0x1E, 0x05,
    0xFF, 0x80, 0xFB, 0x02, 0xFF, 0x88, 0xFE, 0xFF, 0xD1, 0xA8, 0x77, 0x64, 0x5E, 0x66, 0x59, 0x18,
    0x5E, 0x02, 0x5D, 0x80, 0x5E, 0x02, 0x5F, 0x02, 0x6C, 0x88, 0x67, 0x6A, 0x6B, 0xFF, 0xD1, 0xAD,
    0xAF, 0xD9, 0xDB, 0x02, 0xFF, 0x8C, 0xD7, 0xAF, 0xD1, 0xD6, 0xF9, 0xFF, 0xE8, 0xDE, 0xA9, 0x99,
    0xB4, 0x75, 0x9B, 0x02, 0x9D, 0x91, 0xB7, 0xB3, 0xA4, 0xA2, 0xA3, 0xCE, 0x9D, 0xB6, 0x7A, 0xE1,
    0xB6, 0xB4, 0xA4, 0xBB, 0xC4, 0xBE, 0xDA, 0xD2, 0x02, 0xD8, 0x82, 0xC7, 0xF5, 0xF0, 0x09, 0xFF,
    0x88, 0xFB, 0xE4, 0xF6, 0xD3, 0x95, 0x7F, 0x82, 0x90, 0xAF, 0x02, 0xEE, 0x91, 0xEC, 0xFC, 0xE9,
    0x97, 0xB1, 0xEB, 0xE9, 0xD8, 0xDE, 0x8E, 0x45, 0x40, 0x46, 0x47, 0x78, 0x94, 0xFC, 0xF9, 0x04,
    0xFF, 0x80, 0xF9, 0x03, 0xFF, 0x83, 0xC2, 0x49, 0x8C, 0x87, 0x04, 0x89, 0x98, 0x82, 0x89, 0x83,
    0x7F, 0x83, 0x80, 0x54, 0x3F, 0x62, 0x55, 0x48, 0x54, 0x8A, 0x8E, 0x55, 0x46, 0x41, 0x3E, 0x43,
    0x41, 0x60, 0x7F, 0x86, 0x88, 0x84, 0x02, 0x87, 0xB0, 0x7E, 0x3F, 0x37, 0x35, 0x26, 0x1D, 0x26,
    0x19, 0x20, 0x32, 0x1C, 0x16, 0x2D, 0x2B, 0x48, 0x8A, 0x8D, 0x63, 0x60, 0x48, 0x45, 0x3F, 0x45,
    0x60, 0x8A, 0x8D, 0x8A, 0x54, 0x45, 0x2B, 0x34, 0x3B, 0x39, 0x3B, 0x3A, 0x3D, 0x39, 0x47, 0x49,
    0x2C, 0x43, 0x3D, 0x3B, 0x40, 0x4F, 0x52, 0x2A, 0x33, 0x18, 0x02, 0x1E, 0x81, 0x1D, 0x18, 0x02,
    0x3B, 0x03, 0x3D, 0x02, 0x3A, 0x87, 0x26, 0x19, 0x27, 0x2E, 0x40, 0x34, 0x1A, 0x28, 0x02, 0x30,
    0x81, 0x2A, 0x45, 0x02, 0x60, 0x84, 0x61, 0x7F, 0x84, 0x83, 0x81, 0x02, 0x83, 0x02, 0x7D, 0x8D,
    0x60, 0x88, 0x89, 0x84, 0x88, 0x86, 0x89, 0x8C, 0x45, 0x3F, 0x91, 0xD3, 0xD0, 0xE0, 0x03, 0xFF,
    0x80, 0xFE, 0x03, 0xFF, 0x80, 0xD6, 0x02, 0xE6, 0x8B, 0xE9, 0xFE, 0xDA, 0xE7, 0xFF, 0xED, 0x58,
    0x31, 0x18, 0x7A, 0xBF, 0xF5, 0x05, 0xFF, 0x80, 0xEE, 0x04, 0xF2, 0x84, 0xD9, 0xA9, 0x4F, 0x2D,
    0x13, 0x06, 0x1E, 0x81, 0x26, 0x1E, 0x03, 0xFF, 0x80, 0xFE, 0x03, 0xFF, 0x80, 0xFB, 0x02, 0xFF,
    0x86, 0xAE, 0x94, 0x64, 0x66, 0x5D, 0x66, 0x59, 0x02, 0x66, 0x15, 0x5E, 0x80, 0x5F, 0x02, 0x5D,
    0x80, 0x66, 0x02, 0x5F, 0x8D, 0x6A, 0x6E, 0x67, 0x6E, 0x65, 0x6D, 0xE6, 0xB1, 0xAD, 0xAF, 0xD5,
    0xD4, 0xC3, 0xD2, 0x02, 0xD1, 0xA1, 0xD8, 0xDA, 0xF0, 0xFC, 0xE9, 0xC1, 0xA7, 0xA3, 0x6F, 0x9B,
    0x9D, 0x9A, 0xA1, 0xA4, 0xA1, 0x7A, 0xA2, 0xA4, 0xB2, 0x79, 0xB5, 0x7A, 0xAA, 0xAB, 0xB6, 0x9C,
    0xB4, 0xBE, 0x99, 0xC7, 0xC2, 0xD2, 0xDB, 0xE2, 0x0A, 0xFF, 0x80, 0xF9, 0x02, 0xFC, 0x81, 0x98,
    0x8C, 0x02, 0x88, 0x95, 0x80, 0x96, 0xD5, 0xFD, 0xFC, 0xE7, 0xFD, 0x94, 0xD1, 0xEE, 0xE9, 0xEF,
    0xE3, 0x95, 0x55, 0x2A, 0x49, 0x46, 0x78, 0x92, 0xFA, 0xF6, 0x08, 0xFF, 0x84, 0xD3, 0x48, 0x7E,
    0x87, 0x81, 0x03, 0x82, 0x80, 0x89, 0x03, 0x83, 0x94, 0x80, 0x8C, 0x45, 0x57, 0x2B, 0x45, 0x48,
    0x55, 0x62, 0x45, 0x63, 0x8E, 0x55, 0x46, 0x43, 0x47, 0x63, 0x83, 0x84, 0x82, 0x84, 0x02, 0x88,
    0x92, 0x80, 0x49, 0x34, 0x36, 0x31, 0x25, 0x30, 0x19, 0x26, 0x2D, 0x2A, 0x3F, 0x60, 0x8F, 0x63,
    0x48, 0x29, 0x2A, 0x2E, 0x02, 0x17, 0x80, 0x15, 0x02, 0x17, 0x88, 0x2A, 0x29, 0x45, 0x60, 0x8A,
    0x8C, 0x8A, 0x54, 0x2F, 0x02, 0x3C, 0x02, 0x3B, 0x92, 0x2B, 0x46, 0x57, 0x40, 0x42, 0x3C, 0x40,
    0x2A, 0x2F, 0x2E, 0x23, 0x18, 0x26, 0x1F, 0x1A, 0x33, 0x3D, 0x42, 0x3E, 0x02, 0x3B, 0x86, 0x3A,
    0x3B, 0x27, 0x2E, 0x2F, 0x49, 0x46, 0x02, 0x2E, 0x9E, 0x2C, 0x47, 0x22, 0x2F, 0x55, 0x7D, 0x54,
    0x7F, 0x87, 0x81, 0x82, 0x89, 0x82, 0x89, 0x7E, 0x60, 0x7E, 0x85, 0x82, 0x84, 0x88, 0x87, 0x89,
    0x8C, 0x45, 0x22, 0x68, 0xAD, 0xC6, 0xCD, 0xFC, 0x03, 0xFF, 0x80, 0xFE, 0x02, 0xFF, 0x8E, 0xE6,
    0xDA, 0xE6, 0xE9, 0xF7, 0xE7, 0xC7, 0xFF, 0xF6, 0xE1, 0x26, 0x32, 0x3D, 0xF0, 0xE2, 0x04, 0xFF,
    0x80, 0xFE, 0x03, 0xFC, 0x02, 0xFF, 0x85, 0xF7, 0xDF, 0xA7, 0x4D, 0x24, 0x26, 0x03, 0x1E, 0x80,
    0x19, 0x02, 0x1E, 0x80, 0x18, 0x03, 0xFF, 0x89, 0xF9, 0xFF, 0xEE, 0xDD, 0xFA, 0xEA, 0xD3, 0x97,
    0x68, 0x64, 0x02, 0x5F, 0x02, 0x5B, 0x04, 0x5E, 0x80, 0x66, 0x13, 0x5E, 0x84, 0x66, 0x5E, 0x5C,
    0x5B, 0x5D, 0x02, 0x69, 0x80, 0x6C, 0x02, 0x65, 0x95, 0x5C, 0x6D, 0xC2, 0xB1, 0x97, 0xAE, 0xD3,
    0xF5, 0xF2, 0xD5, 0xB0, 0xDF, 0xF5, 0xEB, 0xF6, 0xE5, 0xD4, 0xBA, 0x7C, 0x9A, 0x9B, 0x9A, 0x02,
    0x9B, 0x02, 0xA3, 0x94, 0x99, 0x7B, 0x9F, 0x9E, 0xA1, 0x75, 0xB7, 0x79, 0x7C, 0xA3, 0xA5, 0x9A,
    0xA4, 0xCA, 0xA2, 0xCE, 0xC3, 0xC1, 0xD4, 0xDA, 0xF7, 0x04, 0xFF, 0x02, 0xFB, 0x87, 0xFA, 0xF3,
    0xD0, 0xDB, 0xAE, 0x90, 0x82, 0x87, 0x02, 0x82, 0x95, 0x8C, 0x95, 0xAF, 0xD5, 0xD3, 0xD7, 0x94,
    0xE8, 0xEE, 0xFC, 0xFF, 0xF4, 0xAE, 0x8E, 0x39, 0x40, 0x48, 0x68, 0x97, 0xE5, 0xFC, 0xFE, 0x02,
    0xF6, 0x80, 0xFF, 0x02, 0xFB, 0x87, 0xFF, 0xF1, 0xD3, 0x62, 0x7E, 0x82, 0x83, 0x7F, 0x03, 0x83,
    0x8B, 0x89, 0x82, 0x80, 0x7D, 0x7E, 0x54, 0x2B, 0x48, 0x55, 0x48, 0x3F, 0x48, 0x03, 0x60, 0x02,
    0x8B, 0x86, 0x55, 0x45, 0x8A, 0x83, 0x82, 0x86, 0x87, 0x02, 0x88, 0x85, 0x82, 0x55, 0x3A, 0x28,
    0x33, 0x24, 0x02, 0x2D, 0x90, 0x2A, 0x45, 0x63, 0x8A, 0x55, 0x2B, 0x2A, 0x2E, 0x17, 0x30, 0x24,
    0x32, 0x30, 0x2D, 0x32, 0x18, 0x20, 0x02, 0x17, 0x86, 0x27, 0x2C, 0x55, 0x8A, 0x7D, 0x8A, 0x48,
    0x02, 0x3F, 0x88, 0x45, 0x63, 0x55, 0x2A, 0x35, 0x36, 0x33, 0x40, 0x47, 0x04, 0x49, 0x85, 0x46,
    0x40, 0x2C, 0x2F, 0x40, 0x47, 0x02, 0x41, 0x02, 0x3C, 0x83, 0x34, 0x40, 0x46, 0x52, 0x02, 0x2A,
    0x85, 0x2C, 0x47, 0x4D, 0x36, 0x2E, 0x45, 0x02, 0x60, 0x81, 0x61, 0x82, 0x02, 0x87, 0x02, 0x84,
    0x93, 0x87, 0x81, 0x80, 0x48, 0x80, 0x88, 0x85, 0x86, 0x84, 0x81, 0x88, 0x8C, 0x45, 0x18, 0x2A,
    0xAD, 0xD1, 0xCB, 0xF0, 0xE5, 0x02, 0xFF, 0x80, 0xF6, 0x02, 0xFF, 0x81, 0xFC, 0xCC, 0x02, 0xDD,
    0x8A, 0xE9, 0xFF, 0xD6, 0xDC, 0xE5, 0xF6, 0x53, 0x35, 0x31, 0x6B, 0xDA, 0x0A, 0xFF, 0x86, 0xF4,
    0xFC, 0xDF, 0xA0, 0x47, 0x22, 0x33, 0x02, 0x27, 0x81, 0x23, 0x26, 0x02, 0x1E, 0x81, 0xFF, 0xF9,
    0x03, 0xFF, 0x86, 0xEE, 0xF4, 0xFA, 0xF7, 0xAD, 0x78, 0x5A, 0x03, 0x5F, 0x81, 0x66, 0x5B, 0x03,
    0x5E, 0x80, 0x5B, 0x13, 0x5E, 0x82, 0x5F, 0x5E, 0x5B, 0x03, 0x5E, 0xB2, 0x69, 0x5D, 0x66, 0x65,
    0x6C, 0x64, 0x67, 0x58, 0xD9, 0xB1, 0xAD, 0xB1, 0xE9, 0xEE, 0xDF, 0xB0, 0xDB, 0xE9, 0xF1, 0xFF,
    0xF7, 0xDF, 0xAC, 0x74, 0xA7, 0x75, 0x9B, 0x9A, 0x99, 0x9E, 0x9D, 0x9F, 0x79, 0x99, 0x9A, 0x9D,
    0x9F, 0x6F, 0xB5, 0xA1, 0x79, 0xA3, 0xA4, 0x72, 0xB3, 0xCE, 0x7B, 0xAC, 0xC1, 0xC2, 0xD6, 0x02,
    0xE7, 0x9C, 0xFF, 0xF9, 0xFC, 0xF3, 0xF6, 0xFC, 0xD9, 0x97, 0x95, 0x8D, 0x7F, 0x89, 0x82, 0x88,
    0x87, 0x83, 0x80, 0x90, 0x95, 0xA6, 0xD3, 0x97, 0xE9, 0xF4, 0xFB, 0xF7, 0xFB, 0xB1, 0x8E, 0x02,
    0x2A, 0x85, 0x56, 0x78, 0xA8, 0xDF, 0xFC, 0xFF, 0x02, 0xF6, 0x88, 0xFF, 0xFB, 0xFE, 0xFF, 0xED,
    0xB1, 0x63, 0x61, 0x7F, 0x02, 0x83, 0x8E, 0x89, 0x83, 0x7F, 0x80, 0x8C, 0x55, 0x45, 0x8A, 0x48,
    0x49, 0x46, 0x3F, 0x63, 0x8D, 0x8A, 0x03, 0x55, 0x80, 0x60, 0x02, 0x63, 0x82, 0x8E, 0x80, 0x87,
    0x04, 0x85, 0x8E, 0x81, 0x82, 0x60, 0x2C, 0x35, 0x32, 0x38, 0x2A, 0x46, 0x63, 0x8E, 0x54, 0x2B,
    0x2F, 0x1A, 0x02, 0x2D, 0xA4, 0x1D, 0x35, 0x22, 0x2A, 0x2F, 0x2E, 0x24, 0x21, 0x1B, 0x30, 0x2A,
    0x28, 0x37, 0x2C, 0x45, 0x60, 0x7D, 0x8A, 0x8B, 0x8E, 0x63, 0x48, 0x29, 0x26, 0x21, 0x32, 0x17,
    0x32, 0x22, 0x2E, 0x2A, 0x2E, 0x2A, 0x2C, 0x40, 0x46, 0x49, 0x03, 0x52, 0x82, 0x57, 0x52, 0x49,
    0x02, 0x52, 0x88, 0x46, 0x2C, 0x2A, 0x40, 0x49, 0x45, 0x3F, 0x45, 0x54, 0x02, 0x8A, 0x84, 0x54,
    0x8C, 0x89, 0x87, 0x88, 0x02, 0x84, 0x02, 0x87, 0x86, 0x7F, 0x61, 0x7F, 0x81, 0x84, 0x86, 0x85,
    0x02, 0x88, 0x87, 0x8D, 0x3F, 0x18, 0x32, 0x68, 0xAD, 0xD2, 0xE1, 0x05, 0xFF, 0x83, 0xF6, 0xFC,
    0xE2, 0xDB, 0x02, 0xE8, 0x89, 0xF6, 0xDF, 0xC1, 0xE7, 0xFF, 0xBB, 0x13, 0x14, 0x23, 0xBD, 0x0A,
    0xFF, 0x88, 0xF4, 0xFB, 0xF7, 0xDC, 0xA7, 0x41, 0x34, 0x1C, 0x27, 0x02, 0x26, 0x83, 0x1E, 0x26,
    0xFB, 0xFE, 0x03, 0xFF, 0x86, 0xF4, 0xF2, 0xF6, 0xB1, 0x97, 0x67, 0x6A, 0x02, 0x5F, 0x81, 0x65,
    0x66, 0x18, 0x5E, 0x82, 0x66, 0x5E, 0x66, 0x03, 0x5E, 0x85, 0x5D, 0x6A, 0x65, 0x64, 0x6C, 0x64,
    0x02, 0x77, 0x8B, 0xA1, 0xC3, 0xB1, 0xA8, 0xD5, 0xE6, 0xFB, 0xC1, 0xD9, 0xFD, 0xF8, 0xF0, 0x02,
    0xE9, 0x84, 0xC2, 0xC1, 0x9C, 0x53, 0x9B, 0x02, 0x99, 0x97, 0x9A, 0x99, 0x9F, 0x9E, 0x7B, 0x99,
    0x6F, 0x9E, 0x9A, 0x6B, 0xAB, 0xA5, 0x7A, 0x9F, 0xA3, 0x76, 0xAB, 0xC5, 0xA2, 0x79, 0xC3, 0xC1,
    0xDB, 0xE7, 0x04, 0xFF, 0x86, 0xF8, 0xF6, 0xDF, 0xAE, 0x90, 0x7E, 0x88, 0x02, 0x82, 0x88, 0x84,
    0x89, 0x82, 0x80, 0x90, 0x96, 0xD1, 0xD3, 0x97, 0x02, 0xDD, 0x8C, 0xF4, 0xE9, 0xF4, 0xD1, 0x91,
    0x3F, 0x36, 0x4F, 0xA0, 0x92, 0xDF, 0xE5, 0xFF, 0x02, 0xF6, 0x04, 0xFF, 0x9D, 0xEF, 0xD5, 0x46,
    0x45, 0x48, 0x60, 0x61, 0x8E, 0x63, 0x62, 0x48, 0x2B, 0x22, 0x3F, 0x61, 0x48, 0x2B, 0x49, 0x8F,
    0x7D, 0x61, 0x55, 0x2A, 0x2E, 0x34, 0x2E, 0x34, 0x46, 0x45, 0x8C, 0x02, 0x82, 0x89, 0x88, 0x87,
    0x85, 0x86, 0x82, 0x8A, 0x3F, 0x2F, 0x2B, 0x48, 0x02, 0x8A, 0xA7, 0x48, 0x29, 0x2E, 0x17, 0x25,
    0x1B, 0x17, 0x2E, 0x2B, 0x48, 0x60, 0x8A, 0x7D, 0x61, 0x54, 0x2B, 0x2D, 0x21, 0x24, 0x22, 0x17,
    0x38, 0x39, 0x3C, 0x40, 0x2C, 0x29, 0x2A, 0x2E, 0x36, 0x28, 0x21, 0x35, 0x1A, 0x33, 0x22, 0x2E,
    0x3C, 0x41, 0x40, 0x03, 0x2A, 0x81, 0x22, 0x2F, 0x03, 0x40, 0x06, 0x46, 0x85, 0x49, 0x55, 0x48,
    0x55, 0x63, 0x8C, 0x02, 0x80, 0x88, 0x82, 0x80, 0x60, 0x80, 0x82, 0x87, 0x88, 0x84, 0x88, 0x02,
    0x87, 0x91, 0x83, 0x61, 0x83, 0x88, 0x84, 0x88, 0x85, 0x86, 0x89, 0x8D, 0x29, 0x20, 0x17, 0x22,
    0x94, 0xAF, 0xDB, 0xF6, 0x06, 0xFF, 0x8D, 0xF5, 0xD6, 0xDF, 0xD6, 0xF7, 0xE9, 0xD6, 0xDB, 0xE7,
    0xCA, 0x53, 0x35, 0x39, 0x53, 0x05, 0xFF, 0x80, 0xFE, 0x04, 0xFF, 0x8A, 0xEF, 0xF4, 0xF2, 0xE3,
    0xF7, 0xA0, 0x3C, 0x33, 0x27, 0x16, 0x21, 0x02, 0x1E, 0x05, 0xFF, 0x8C, 0xFB, 0xF6, 0xD9, 0x97,
    0x78, 0x64, 0x6A, 0x5F, 0x66, 0x5B, 0x5E, 0x65, 0x5C, 0x04, 0x5E, 0x80, 0x5B, 0x0B, 0x5E, 0x82,
    0x66, 0x5E, 0x5B, 0x09, 0x5E, 0x02, 0x65, 0x02, 0x64, 0xA0, 0x77, 0x70, 0x5A, 0x75, 0x7A, 0x4C,
    0xD9, 0xD3, 0xA8, 0xD9, 0xFF, 0xD8, 0xC1, 0xE9, 0xFC, 0xFE, 0xE3, 0xF7, 0xD5, 0xC2, 0x6C, 0x75,
    0x9B, 0x99, 0x9A, 0x99, 0x9F, 0x79, 0xA3, 0x9D, 0x79, 0x99, 0x6C, 0x02, 0x9A, 0x8E, 0x7A, 0x9A,
    0xA1, 0x79, 0xA5, 0xB2, 0x7A, 0xB4, 0xBE, 0xC8, 0x6B, 0xC3, 0xD6, 0xDA, 0xE4, 0x02, 0xF6, 0x9F,
    0xF7, 0xE7, 0xF3, 0xEB, 0xE6, 0xB1, 0x95, 0x80, 0x84, 0x85, 0x88, 0x7F, 0x8D, 0x96, 0xD1, 0xEF,
    0xDF, 0xAF, 0xAE, 0xF3, 0xE7, 0xF2, 0xDF, 0xFB, 0xE2, 0x98, 0x62, 0x34, 0x41, 0xA9, 0x92, 0xDF,
    0x02, 0xFF, 0x81, 0xF8, 0xF6, 0x02, 0xFF, 0x87, 0xF9, 0xFF, 0xF6, 0xEF, 0x33, 0x37, 0x21, 0x35,
    0x02, 0x2E, 0x8E, 0x2A, 0x2E, 0x2D, 0x30, 0x1D, 0x45, 0x60, 0x54, 0x55, 0x8D, 0x60, 0x55, 0x2A,
    0x31, 0x20, 0x03, 0x1B, 0x88, 0x21, 0x2E, 0x48, 0x80, 0x81, 0x82, 0x86, 0x85, 0x87, 0x02, 0x86,
    0x8F, 0x83, 0x8A, 0x63, 0x8E, 0x62, 0x3F, 0x29, 0x32, 0x17, 0x1D, 0x13, 0x30, 0x34, 0x29, 0x48,
    0x61, 0x02, 0x7D, 0x8D, 0x61, 0x7D, 0x7E, 0x80, 0x8B, 0x48, 0x2E, 0x17, 0x22, 0x30, 0x1D, 0x30,
    0x34, 0x35, 0x03, 0x17, 0x80, 0x2D, 0x02, 0x30, 0x81, 0x2D, 0x31, 0x03, 0x17, 0x85, 0x36, 0x1C,
    0x2E, 0x2A, 0x40, 0x46, 0x04, 0x49, 0x05, 0x55, 0x80, 0x60, 0x02, 0x61, 0x86, 0x7D, 0x8C, 0x60,
    0x45, 0x8A, 0x82, 0x81, 0x02, 0x87, 0x9B, 0x7F, 0x61, 0x7E, 0x88, 0x87, 0x81, 0x84, 0x88, 0x81,
    0x87, 0x82, 0x7D, 0x89, 0x86, 0x85, 0x81, 0x85, 0x84, 0x83, 0x8B, 0x2A, 0x16, 0x28, 0x37, 0x4F,
    0xAD, 0xD5, 0xF6, 0x07, 0xFF, 0x8F, 0xDC, 0xD6, 0xD8, 0xE8, 0xF7, 0xFF, 0xC7, 0xDF, 0xF6, 0xC4,
    0x32, 0x24, 0x13, 0x7B, 0xC8, 0xFC, 0x03, 0xFF, 0x80, 0xFB, 0x03, 0xF9, 0x02, 0xF4, 0x88, 0xF2,
    0xF3, 0xF2, 0xD7, 0x93, 0x3C, 0x33, 0x35, 0x18, 0x02, 0x1E, 0x05, 0xFF, 0x84, 0xFA, 0xE9, 0xAE,
    0x78, 0x67, 0x02, 0x5F, 0x82, 0x65, 0x5B, 0x5D, 0x12, 0x5E, 0x80, 0x5B, 0x0C, 0x5E, 0x83, 0x65,
    0x64, 0x70, 0x77, 0x02, 0x67, 0x80, 0x5F, 0x02, 0x7A, 0xD0, 0x02, 0x53, 0xD7, 0xA8, 0xB1, 0xE9,
    0xE8, 0xB0, 0xDF, 0xE9, 0xE5, 0xF7, 0xF0, 0xD8, 0xD7, 0xBA, 0x9C, 0x7A, 0x9D, 0x9A, 0x9B, 0x75,
    0xB4, 0x71, 0x9A, 0x9F, 0x79, 0xA1, 0x71, 0x9A, 0xA3, 0xA2, 0x79, 0xA2, 0x9E, 0xAB, 0xBE, 0x9B,
    0xB4, 0xF2, 0xCE, 0x6C, 0xE8, 0xBD, 0xE4, 0xFC, 0xFF, 0xF3, 0xFF, 0xE2, 0xF4, 0xEE, 0xEF, 0xD5,
    0x95, 0x7F, 0x88, 0x83, 0x8C, 0x8E, 0xD3, 0xEE, 0xF6, 0xF8, 0xA8, 0xAF, 0xEB, 0xE7, 0xEC, 0xDE,
    0xFA, 0xEF, 0xD3, 0x91, 0x2A, 0x40, 0xAF, 0x93, 0xA7, 0xAB, 0xFE, 0x02, 0xF6, 0x03, 0xFF, 0x84,
    0xE4, 0xE1, 0xF9, 0x4F, 0x2D, 0x02, 0x17, 0x82, 0x1B, 0x21, 0x23, 0x02, 0x30, 0xAB, 0x1D, 0x27,
    0x49, 0x54, 0x8A, 0x8B, 0x54, 0x55, 0x22, 0x21, 0x32, 0x27, 0x1F, 0x20, 0x25, 0x1D, 0x23, 0x48,
    0x80, 0x85, 0x82, 0x86, 0x85, 0x86, 0x84, 0x85, 0x89, 0x54, 0x45, 0x29, 0x1C, 0x13, 0x27, 0x1E,
    0x20, 0x17, 0x31, 0x2F, 0x45, 0x60, 0x8A, 0x63, 0x54, 0x48, 0x02, 0x49, 0x8B, 0x55, 0x54, 0x7D,
    0x80, 0x48, 0x2A, 0x30, 0x23, 0x33, 0x27, 0x20, 0x32, 0x03, 0x1A, 0x82, 0x26, 0x23, 0x24, 0x04,
    0x32, 0x82, 0x33, 0x2A, 0x29, 0x02, 0x2B, 0x82, 0x3F, 0x48, 0x54, 0x02, 0x60, 0x80, 0x61, 0x02,
    0x8A, 0x81, 0x8B, 0x80, 0x02, 0x7F, 0xA6, 0x83, 0x82, 0x88, 0x83, 0x8A, 0x55, 0x60, 0x7F, 0x88,
    0x82, 0x87, 0x7F, 0x8A, 0x7E, 0x89, 0x85, 0x82, 0x84, 0x86, 0x82, 0x81, 0x82, 0x7D, 0x82, 0x85,
    0x84, 0x82, 0x85, 0x86, 0x83, 0x63, 0x2F, 0x16, 0x26, 0x28, 0x2A, 0x92, 0xAF, 0xE3, 0x07, 0xFF,
    0x02, 0xD6, 0x02, 0xD8, 0x89, 0xF7, 0xFF, 0xED, 0xD2, 0xFF, 0xC5, 0x51, 0x33, 0x1C, 0x3D, 0x05,
    0xFF, 0x81, 0xFB, 0xF6, 0x02, 0xFF, 0x82, 0xFA, 0xF4, 0xFF, 0x02, 0xF8, 0x85, 0xF7, 0xD7, 0x7B,
    0x34, 0x37, 0x25, 0x02, 0x1E, 0x80, 0xF9, 0x02, 0xFC, 0x02, 0xF4, 0x85, 0xF7, 0xD3, 0xAD, 0x67,
    0x59, 0x69, 0x02, 0x5B, 0x03, 0x65, 0x81, 0x5E, 0x5C, 0x02, 0x69, 0x82, 0x5C, 0x5E, 0x65, 0x0A,
    0x5E, 0x80, 0x5B, 0x02, 0x5E, 0x81, 0x65, 0x5B, 0x03, 0x5F, 0x02, 0x6A, 0x85, 0x65, 0x67, 0x64,
    0x70, 0x79, 0x67, 0x02, 0x64, 0x81, 0x6B, 0x65, 0x02, 0x79, 0x92, 0x07, 0x2F, 0x34, 0xD2, 0xA8,
    0xD3, 0xDB, 0xA9, 0xD4, 0xF1, 0xC1, 0xD9, 0xF7, 0xF1, 0xDA, 0xD1, 0x68, 0x59, 0x7A, 0x02, 0x9F,
    0x8F, 0x99, 0x7A, 0x9A, 0x59, 0x7C, 0x9D, 0x73, 0xA3, 0x9F, 0x9B, 0xFF, 0xC5, 0x9F, 0xED, 0xB2,
    0xC4, 0x02, 0xF0, 0x80, 0xBE, 0x02, 0xF6, 0x83, 0x7A, 0xE2, 0xFF, 0xFC, 0x05, 0xFF, 0x84, 0xFE,
    0xE5, 0xF0, 0xAF, 0x8D, 0x02, 0x82, 0x8B, 0x90, 0xAD, 0xFC, 0xDD, 0xF2, 0xDE, 0x94, 0xD3, 0xEB,
    0xE2, 0xFE, 0xFC, 0x03, 0xFF, 0x86, 0x96, 0x55, 0x47, 0xAE, 0x97, 0xC1, 0xB3, 0x02, 0xF6, 0x81,
    0xFF, 0xF9, 0x02, 0xFF, 0x86, 0xCA, 0xFF, 0xDF, 0x52, 0x2D, 0x23, 0x26, 0x02, 0x19, 0x8A, 0x27,
    0x1F, 0x19, 0x1A, 0x33, 0x55, 0x54, 0x7D, 0x8C, 0x55, 0x2C, 0x02, 0x2D, 0x80, 0x1B, 0x02, 0x1F,
    0x86, 0x26, 0x1E, 0x26, 0x35, 0x54, 0x83, 0x81, 0x02, 0x88, 0x81, 0x85, 0x87, 0x02, 0x86, 0x86,
    0x88, 0x7E, 0x62, 0x29, 0x2F, 0x2D, 0x1D, 0x02, 0x17, 0x84, 0x34, 0x2B, 0x54, 0x61, 0x63, 0x02,
    0x3F, 0x91, 0x78, 0x97, 0x98, 0x92, 0x49, 0x29, 0x8A, 0x7D, 0x8B, 0x54, 0x2B, 0x2C, 0x2E, 0x33,
    0x1D, 0x31, 0x33, 0x2F, 0x02, 0x2E, 0x87, 0x2A, 0x29, 0x2B, 0x45, 0x48, 0x60, 0x61, 0x8A, 0x02,
    0x8B, 0x80, 0x80, 0x02, 0x7F, 0x03, 0x83, 0x84, 0x89, 0x88, 0x83, 0x82, 0x88, 0x02, 0x84, 0x80,
    0x82, 0x02, 0x88, 0x8C, 0x7F, 0x60, 0x2A, 0x2B, 0x63, 0x8C, 0x89, 0x81, 0x7F, 0x60, 0x7D, 0x88,
    0x81, 0x02, 0x86, 0x02, 0x88, 0x8C, 0x87, 0x82, 0x7F, 0x89, 0x86, 0x85, 0x86, 0x85, 0x81, 0x7F,
    0x55, 0x2E, 0x1B, 0x02, 0x30, 0x83, 0x32, 0x4F, 0xA8, 0xD3, 0x07, 0xFF, 0x02, 0xF6, 0x8F, 0xC7,
    0xDF, 0xDB, 0xE3, 0xF1, 0xDA, 0xD6, 0xDB, 0xF1, 0x0B, 0x37, 0x35, 0x53, 0xF6, 0xFF, 0xF9, 0x0A,
    0xFF, 0x88, 0xF8, 0xF9, 0xDF, 0x7B, 0x2A, 0x33, 0x35, 0x17, 0xFC, 0x02, 0xFF, 0x02, 0xF4, 0x83,
    0xD3, 0xA8, 0x57, 0x5A, 0x02, 0x59, 0x02, 0x66, 0x84, 0x5E, 0x66, 0x65, 0x5E, 0x5C, 0x02, 0x69,
    0x80, 0x5C, 0x0F, 0x5E, 0x80, 0x65, 0x03, 0x5F, 0x02, 0x6A, 0x02, 0x64, 0x02, 0x77, 0x81, 0x67,
    0x64, 0x02, 0x65, 0xA8, 0x64, 0x6B, 0x65, 0xA1, 0x6D, 0x00, 0x07, 0x37, 0x4B, 0xAD, 0xD3, 0xE6,
    0xA9, 0xD9, 0xF7, 0xC2, 0xD1, 0xE9, 0xF6, 0xD0, 0xC2, 0xA9, 0x59, 0xA2, 0x71, 0x9D, 0x76, 0x9E,
    0xAA, 0xC6, 0x6F, 0xA1, 0xB3, 0xB2, 0xC4, 0xF6, 0xC8, 0xF6, 0xFF, 0xAB, 0xC8, 0x02, 0xE1, 0x80,
    0xF6, 0x02, 0xED, 0x84, 0xFF, 0xB7, 0x79, 0xBE, 0xED, 0x04, 0xFF, 0x91, 0xFE, 0xFF, 0xF7, 0xEE,
    0xD3, 0x90, 0x83, 0x82, 0x90, 0xD5, 0xF4, 0xDF, 0xEB, 0xD3, 0x94, 0xD9, 0xEE, 0xFA, 0x02, 0xFF,
    0x80, 0xF9, 0x02, 0xFF, 0x8A, 0xB1, 0x91, 0x45, 0x98, 0x91, 0xC2, 0x9A, 0xFF, 0xF6, 0xFF, 0xF9,
    0x02, 0xFF, 0x87, 0xCE, 0xFF, 0xDE, 0x53, 0x33, 0x23, 0x18, 0x25, 0x04, 0x1E, 0x8A, 0x25, 0x2E,
    0x60, 0x54, 0x8C, 0x7D, 0x61, 0x29, 0x21, 0x30, 0x20, 0x04, 0x1E, 0x85, 0x19, 0x38, 0x60, 0x83,
    0x81, 0x86, 0x05, 0x85, 0x85, 0x89, 0x80, 0x54, 0x68, 0x49, 0x2C, 0x02, 0x2A, 0x86, 0x46, 0x48,
    0x60, 0x61, 0x60, 0x48, 0x62, 0x02, 0x95, 0x02, 0x90, 0x03, 0x96, 0x84, 0x49, 0x45, 0x61, 0x7E,
    0x8C, 0x02, 0x8A, 0x05, 0x60, 0x03, 0x61, 0x81, 0x8A, 0x7E, 0x02, 0x80, 0x84, 0x83, 0x7F, 0x7E,
    0x80, 0x84, 0x04, 0x82, 0x86, 0x89, 0x82, 0x86, 0x7E, 0x61, 0x7F, 0x88, 0x02, 0x86, 0x8F, 0x88,
    0x82, 0x89, 0x8B, 0x49, 0x33, 0x2E, 0x2C, 0x45, 0x8B, 0x80, 0x8D, 0x45, 0x8A, 0x88, 0x82, 0x04,
    0x86, 0x84, 0x87, 0x81, 0x7F, 0x89, 0x88, 0x02, 0x85, 0x8E, 0x84, 0x87, 0x80, 0x54, 0x2E, 0x17,
    0x1D, 0x25, 0x24, 0x2A, 0xA8, 0xB1, 0xE9, 0xFC, 0xF4, 0x04, 0xFF, 0x90, 0xF0, 0xFF, 0xDA, 0xD8,
    0xDF, 0xE6, 0xFF, 0xF7, 0xD2, 0xF7, 0xF6, 0x58, 0x1C, 0x26, 0x13, 0x7A, 0xE2, 0x0B, 0xFF, 0x8F,
    0xF6, 0xF8, 0xE9, 0xD7, 0x77, 0x2D, 0x35, 0x15, 0xFC, 0xF6, 0xF8, 0xFF, 0xFC, 0xAD, 0x78, 0x74,
    0x04, 0x59, 0x88, 0x5A, 0x5F, 0x6A, 0x65, 0x5B, 0x5C, 0x5F, 0x69, 0x66, 0x0F, 0x5E, 0x02, 0x5F,
    0x03, 0x65, 0x87, 0x67, 0x77, 0x74, 0x67, 0x64, 0x65, 0x5B, 0x66, 0x02, 0x5B, 0x83, 0x6B, 0x65,
    0xA2, 0x51, 0x02, 0x07, 0x9D, 0x4D, 0x07, 0x4F, 0xB1, 0xDF, 0xB0, 0xD1, 0xFF, 0xDB, 0xD8, 0xDB,
    0xFB, 0xE3, 0xDF, 0xD3, 0x7A, 0x7B, 0x9F, 0x76, 0xB2, 0x71, 0x99, 0xCE, 0xED, 0x79, 0xB7, 0xF0,
    0xF6, 0xF0, 0xFF, 0x03, 0xF6, 0x81, 0xF0, 0xFF, 0x06, 0xF6, 0x82, 0xF0, 0x7C, 0xB2, 0x02, 0xFF,
    0x80, 0xFE, 0x03, 0xFF, 0x8F, 0xE9, 0xEE, 0xD9, 0x90, 0x7F, 0x83, 0x95, 0xE6, 0xF2, 0xDC, 0xF8,
    0xB1, 0xAD, 0xDF, 0xF2, 0xFA, 0x02, 0xFF, 0x80, 0xFE, 0x02, 0xFF, 0x82, 0xF7, 0xAD, 0x8E, 0x02,
    0x95, 0x84, 0xC1, 0x76, 0xC9, 0xF6, 0xFE, 0x03, 0xFF, 0x87, 0xE1, 0xFF, 0xE9, 0x53, 0x37, 0x23,
    0x18, 0x19, 0x02, 0x1E, 0x89, 0x1D, 0x1E, 0x24, 0x2A, 0x62, 0x48, 0x8D, 0x61, 0x7D, 0x2B, 0x02,
    0x17, 0x80, 0x33, 0x04, 0x1E, 0x86, 0x1D, 0x22, 0x60, 0x83, 0x87, 0x88, 0x84, 0x02, 0x85, 0x86,
    0x87, 0x86, 0x81, 0x7F, 0x8A, 0x2B, 0x49, 0x03, 0x62, 0x82, 0x63, 0x62, 0x55, 0x02, 0x3F, 0x83,
    0x49, 0x95, 0x90, 0x8C, 0x02, 0x7E, 0x83, 0x8C, 0x90, 0x95, 0x96, 0x02, 0x62, 0x02, 0x61, 0x83,
    0x60, 0x7E, 0x7F, 0x81, 0x03, 0x83, 0x82, 0x89, 0x82, 0x83, 0x02, 0x81, 0x88, 0x87, 0x88, 0x87,
    0x83, 0x8A, 0x48, 0x8C, 0x82, 0x84, 0x02, 0x86, 0x99, 0x88, 0x81, 0x7E, 0x60, 0x45, 0x8A, 0x80,
    0x89, 0x87, 0x88, 0x7F, 0x8B, 0x48, 0x2F, 0x1D, 0x20, 0x1A, 0x38, 0x2B, 0x8E, 0x48, 0x2C, 0x8A,
    0x82, 0x81, 0x84, 0x02, 0x86, 0x95, 0x88, 0x87, 0x88, 0x7F, 0x89, 0x86, 0x85, 0x88, 0x85, 0x87,
    0x8C, 0x46, 0x33, 0x1B, 0x19, 0x21, 0x27, 0x2F, 0x56, 0xA8, 0xDE, 0xFC, 0x07, 0xFF, 0x8E, 0xF5,
    0xD2, 0xDF, 0xE6, 0xE5, 0xFF, 0xD4, 0xDF, 0xFC, 0xFF, 0x14, 0x26, 0x23, 0x39, 0xBB, 0x02, 0xFF,
    0x80, 0xF6, 0x08, 0xFF, 0x9A, 0xF3, 0xF8, 0xE9, 0xDF, 0xDE, 0x6C, 0x22, 0x1C, 0xFF, 0xF6, 0xFF,
    0xDC, 0xB1, 0x94, 0x67, 0x65, 0x6A, 0x5A, 0x59, 0x5A, 0x70, 0x67, 0x64, 0x5B, 0x65, 0x5B, 0x5E,
    0x02, 0x5C, 0x82, 0x5B, 0x5E, 0x5B, 0x0C, 0x5E, 0x02, 0x5F, 0x02, 0x65, 0x82, 0x77, 0x70, 0x64,
    0x02, 0x65, 0x85, 0x5F, 0x65, 0x5C, 0x69, 0x5B, 0x5A, 0x02, 0x6B, 0x8F, 0xA5, 0x0B, 0x05, 0x06,
    0x43, 0x07, 0x0A, 0x78, 0xD1, 0xD3, 0xA8, 0x5A, 0xEB, 0xE6, 0xDA, 0xFF, 0x02, 0xF7, 0x8C, 0xE9,
    0xD2, 0x5A, 0xBD, 0xA4, 0xB2, 0xBC, 0xA4, 0x6F, 0xCA, 0xF6, 0xF0, 0xCE, 0x10, 0xFF, 0x83, 0x9E,
    0xCA, 0xFC, 0xED, 0x03, 0xFF, 0x8E, 0xFD, 0xEB, 0xD7, 0x90, 0x7F, 0x83, 0x95, 0xE9, 0xEE, 0xDE,
    0xFC, 0xAF, 0xD1, 0xFC, 0xF2, 0x05, 0xFF, 0x95, 0xF9, 0xEE, 0xDD, 0x95, 0x90, 0x95, 0xC1, 0x70,
    0xBE, 0xF6, 0xFC, 0xFF, 0xF6, 0xF0, 0xCE, 0xFF, 0xDF, 0x52, 0x33, 0x23, 0x1E, 0x19, 0x02, 0x1E,
    0x8C, 0x23, 0x1E, 0x30, 0x2F, 0x62, 0x48, 0x8D, 0x54, 0x8B, 0x54, 0x2A, 0x28, 0x2D, 0x05, 0x1E,
    0x84, 0x2A, 0x61, 0x82, 0x85, 0x86, 0x05, 0x85, 0x85, 0x84, 0x82, 0x8D, 0x3F, 0x22, 0x2E, 0x02,
    0x2A, 0x03, 0x2E, 0x85, 0x1A, 0x40, 0x8E, 0x8D, 0x7F, 0x89, 0x02, 0x86, 0x8D, 0x82, 0x7F, 0x80,
    0x8C, 0x8F, 0x2B, 0x2C, 0x2F, 0x29, 0x48, 0x8A, 0x7E, 0x84, 0x87, 0x02, 0x81, 0x84, 0x83, 0x8A,
    0x7D, 0x7F, 0x88, 0x02, 0x82, 0x86, 0x8B, 0x48, 0x2A, 0x45, 0x8A, 0x80, 0x7F, 0x02, 0x89, 0xA0,
    0x80, 0x60, 0x40, 0x44, 0x46, 0x54, 0x8A, 0x83, 0x7F, 0x61, 0x45, 0x34, 0x3A, 0x38, 0x20, 0x17,
    0x1D, 0x2D, 0x2A, 0x2E, 0x1A, 0x61, 0x82, 0x88, 0x86, 0x88, 0x86, 0x88, 0x87, 0x81, 0x7F, 0x82,
    0x88, 0x03, 0x85, 0x83, 0x88, 0x8D, 0x2B, 0x25, 0x02, 0x26, 0x8B, 0x20, 0x21, 0x23, 0x2A, 0x68,
    0xD5, 0xFA, 0xF3, 0xFC, 0xFF, 0xF6, 0xFF, 0x02, 0xF0, 0x83, 0xF6, 0xD4, 0xDF, 0xDB, 0x02, 0xF1,
    0x84, 0xE9, 0xD6, 0xFD, 0xE9, 0x5E, 0x03, 0x18, 0x81, 0x4E, 0xED, 0x0A, 0xFF, 0x8C, 0xF3, 0xF6,
    0xF8, 0xF7, 0xE9, 0xD2, 0x59, 0x2A, 0xFB, 0xFF, 0xE9, 0xB1, 0x97, 0x02, 0x67, 0x81, 0x68, 0x77,
    0x02, 0x78, 0x87, 0x70, 0x5A, 0x93, 0x77, 0x6B, 0x5A, 0x65, 0x66, 0x03, 0x5E, 0x80, 0x5B, 0x0B,
    0x5E, 0x80, 0x5D, 0x02, 0x5E, 0x80, 0x5B, 0x02, 0x77, 0x80, 0x5A, 0x05, 0x5F, 0x97, 0x65, 0x66,
    0x5C, 0x5B, 0x64, 0x65, 0x72, 0x6C, 0x03, 0x07, 0x08, 0x09, 0x08, 0x07, 0x78, 0x52, 0xB0, 0x52,
    0x0A, 0x14, 0xBF, 0xC6, 0xDA, 0xF7, 0x02, 0xF8, 0x89, 0xD2, 0x93, 0xC1, 0xC7, 0x71, 0xF6, 0x76,
    0xE1, 0xCE, 0xF0, 0x03, 0xFF, 0x80, 0xF6, 0x03, 0xFF, 0x80, 0xFB, 0x0A, 0xFF, 0x83, 0xED, 0xAA,
    0xE1, 0xCE, 0x03, 0xFF, 0x83, 0xFC, 0xEC, 0xD7, 0x90, 0x02, 0x7F, 0x89, 0x95, 0xE6, 0xF2, 0xDE,
    0xF8, 0xAD, 0xFD, 0xEF, 0xF9, 0xF3, 0x05, 0xFF, 0x88, 0xEF, 0xEE, 0xAF, 0x8F, 0x91, 0xAC, 0x70,
    0xB9, 0xF6, 0x02, 0xFF, 0x8B, 0xF6, 0xF0, 0xB7, 0xFF, 0xDF, 0x52, 0x33, 0x23, 0x1E, 0x19, 0x1E,
    0x19, 0x02, 0x1E, 0x8B, 0x21, 0x36, 0x48, 0x60, 0x8A, 0x48, 0x63, 0x8B, 0x48, 0x29, 0x2D, 0x19,
    0x02, 0x1E, 0x86, 0x23, 0x1F, 0x29, 0x8A, 0x82, 0x85, 0x88, 0x05, 0x85, 0x86, 0x84, 0x87, 0x80,
    0x55, 0x2F, 0x17, 0x1F, 0x02, 0x2E, 0x87, 0x2D, 0x1D, 0x22, 0x48, 0x8C, 0x82, 0x81, 0x86, 0x02,
    0x81, 0xA6, 0x84, 0x86, 0x84, 0x89, 0x8C, 0x8E, 0x28, 0x1F, 0x21, 0x34, 0x2B, 0x55, 0x8C, 0x7F,
    0x88, 0x83, 0x80, 0x46, 0x48, 0x8C, 0x88, 0x89, 0x7E, 0x48, 0x0D, 0x11, 0x22, 0x29, 0x45, 0x54,
    0x8A, 0x8B, 0x55, 0x2C, 0x43, 0x42, 0x44, 0x41, 0x49, 0x02, 0x8A, 0x84, 0x2B, 0x3D, 0x39, 0x38,
    0x1C, 0x02, 0x2E, 0x90, 0x22, 0x16, 0x31, 0x1C, 0x1A, 0x61, 0x82, 0x88, 0x84, 0x88, 0x86, 0x88,
    0x87, 0x88, 0x7E, 0x82, 0x86, 0x03, 0x85, 0x97, 0x82, 0x8A, 0x2A, 0x17, 0x1F, 0x33, 0x27, 0x1B,
    0x35, 0x33, 0x4D, 0xA6, 0xF1, 0xF3, 0xF5, 0xE2, 0xCE, 0xF0, 0xED, 0xE1, 0xCE, 0xD8, 0xDB, 0xDA,
    0x02, 0xE3, 0x86, 0xF7, 0xD4, 0xD8, 0xFC, 0xF8, 0x3C, 0x23, 0x02, 0x32, 0x82, 0x53, 0xFC, 0xF6,
    0x08, 0xFF, 0x03, 0xF3, 0x02, 0xF8, 0x8B, 0xFD, 0xC2, 0x56, 0xF2, 0xD7, 0xB1, 0x97, 0x92, 0x78,
    0x77, 0x6C, 0x67, 0x02, 0x64, 0x80, 0x67, 0x02, 0x64, 0x86, 0x93, 0x68, 0x77, 0x6B, 0x65, 0x64,
    0x65, 0x02, 0x69, 0x03, 0x5C, 0x02, 0x5E, 0x03, 0x5C, 0x80, 0x5E, 0x02, 0x5F, 0x02, 0x6A, 0x80,
    0x66, 0x04, 0x65, 0x88, 0x69, 0x66, 0x5E, 0x66, 0x65, 0x66, 0x59, 0x65, 0x5A, 0x02, 0x65, 0x9B,
    0x9E, 0x51, 0x05, 0x04, 0x07, 0x08, 0x22, 0x0D, 0x92, 0x2F, 0x3C, 0x56, 0x09, 0x08, 0x09, 0xAA,
    0xC9, 0xF0, 0xFF, 0xE3, 0xF7, 0xD7, 0x7B, 0xD4, 0xE6, 0x73, 0xC0, 0xB7, 0x02, 0xF6, 0x05, 0xFF,
    0x86, 0xF6, 0xF7, 0xFF, 0xF3, 0xEE, 0xFF, 0xF6, 0x02, 0xF4, 0x02, 0xF6, 0x86, 0xEE, 0xFB, 0xFA,
    0xEE, 0x79, 0xFC, 0xF1, 0x02, 0xFF, 0x83, 0xE9, 0xEB, 0xE5, 0x95, 0x02, 0x7F, 0x86, 0x95, 0xF1,
    0xFA, 0xE9, 0xF1, 0xB0, 0xDF, 0x02, 0xFC, 0x81, 0xFF, 0xF7, 0x02, 0xFA, 0x89, 0xDF, 0xD1, 0xD6,
    0xEA, 0xB1, 0x90, 0x98, 0xA2, 0x6E, 0xB3, 0x03, 0xFF, 0x88, 0xF6, 0xF4, 0xBE, 0xF0, 0xFD, 0x4F,
    0x24, 0x27, 0x19, 0x05, 0x1E, 0x94, 0x25, 0x27, 0x2B, 0x8E, 0x48, 0x8E, 0x2B, 0x8D, 0x8B, 0x63,
    0x2B, 0x36, 0x1B, 0x17, 0x1B, 0x2E, 0x29, 0x8A, 0x81, 0x88, 0x86, 0x05, 0x85, 0x88, 0x88, 0x87,
    0x88, 0x8D, 0x2B, 0x28, 0x25, 0x26, 0x37, 0x02, 0x3A, 0x85, 0x33, 0x54, 0x83, 0x81, 0x82, 0x87,
    0x02, 0x88, 0x90, 0x86, 0x85, 0x88, 0x81, 0x80, 0x8F, 0x53, 0x22, 0x36, 0x15, 0x12, 0x0D, 0x2B,
    0x55, 0x8B, 0x8C, 0x61, 0x02, 0x0D, 0x9D, 0x45, 0x8A, 0x80, 0x55, 0x0D, 0x10, 0x13, 0x15, 0x17,
    0x1D, 0x2A, 0x29, 0x46, 0x2A, 0x37, 0x3B, 0x3D, 0x42, 0x4A, 0x44, 0x49, 0x46, 0x3B, 0x17, 0x44,
    0x4E, 0x4F, 0x52, 0x4F, 0x3C, 0x02, 0x32, 0x84, 0x36, 0x27, 0x60, 0x7F, 0x87, 0x03, 0x86, 0x83,
    0x84, 0x87, 0x82, 0x7E, 0x02, 0x82, 0x02, 0x88, 0x84, 0x86, 0x83, 0x55, 0x32, 0x25, 0x02, 0x24,
    0x9A, 0x26, 0x19, 0x16, 0x31, 0x32, 0x68, 0xB1, 0xEE, 0xEA, 0xC7, 0xC5, 0xCE, 0xF0, 0xCB, 0xC8,
    0xD0, 0xDB, 0xAC, 0xDB, 0xF1, 0xFF, 0xDF, 0xC2, 0xE6, 0xE3, 0x79, 0x13, 0x02, 0x23, 0x85, 0x31,
    0x59, 0xF7, 0xF6, 0xF1, 0xF6, 0x02, 0xFF, 0x80, 0xF6, 0x03, 0xFF, 0x80, 0xF6, 0x03, 0xFF, 0x88,
    0xDB, 0xDF, 0xA9, 0x79, 0x77, 0x92, 0x78, 0x67, 0x64, 0x05, 0x65, 0x89, 0x5E, 0x69, 0x6A, 0x64,
    0x94, 0x5A, 0x70, 0x79, 0x6B, 0x65, 0x02, 0x6A, 0x85, 0x5F, 0x5C, 0x5D, 0x65, 0x66, 0x5E, 0x02,
    0x69, 0x04, 0x5F, 0x83, 0x6A, 0x65, 0x6A, 0x65, 0x02, 0x5B, 0x02, 0x5E, 0x80, 0x5B, 0x02, 0x5E,
    0x83, 0x5B, 0x5E, 0x5B, 0x65, 0x02, 0x6E, 0x83, 0xB2, 0x09, 0x04, 0x02, 0x02, 0x07, 0x85, 0x58,
    0x40, 0x78, 0x08, 0x07, 0x58, 0x02, 0x07, 0x02, 0x08, 0x8A, 0x9A, 0xF5, 0xFC, 0xE2, 0xFF, 0xE9,
    0xA7, 0xBD, 0xDB, 0xC4, 0x9A, 0x02, 0xFB, 0x80, 0xF4, 0x06, 0xFF, 0x80, 0xFA, 0x02, 0xF7, 0x8D,
    0xE9, 0xE7, 0xFA, 0xEF, 0xD7, 0xA8, 0xD9, 0xF4, 0xFF, 0xD8, 0xDF, 0xC9, 0x79, 0xF0, 0x02, 0xEE,
    0x90, 0xDF, 0xFA, 0xD3, 0x90, 0x83, 0x89, 0x95, 0xEE, 0xE2, 0xDF, 0xD4, 0xF8, 0xEF, 0xF3, 0xEE,
    0xF2, 0xE7, 0x02, 0xEF, 0x89, 0xAE, 0x91, 0xAF, 0xC9, 0xAD, 0x8F, 0x98, 0xA7, 0x6A, 0xAB, 0x02,
    0xFF, 0x8D, 0xF4, 0xF6, 0xF0, 0xBF, 0xCA, 0xDF, 0x4D, 0x1F, 0x1A, 0x19, 0x23, 0x18, 0x1E, 0x19,
    0x02, 0x1E, 0x82, 0x1B, 0x2F, 0x48, 0x02, 0x61, 0x8F, 0x8F, 0x45, 0x8F, 0x7E, 0x8E, 0x3F, 0x2F,
    0x23, 0x1D, 0x17, 0x29, 0x8A, 0x82, 0x81, 0x86, 0x87, 0x04, 0x85, 0x8F, 0x87, 0x81, 0x87, 0x7F,
    0x62, 0x2F, 0x1D, 0x38, 0x3B, 0x3D, 0x3B, 0x34, 0x60, 0x84, 0x87, 0x81, 0x05, 0x85, 0x86, 0x86,
    0x87, 0x82, 0x8F, 0x4F, 0x32, 0x14, 0x04, 0x10, 0x8D, 0x11, 0x29, 0x45, 0x40, 0x0C, 0x10, 0x0D,
    0x29, 0x48, 0x2C, 0x0D, 0x10, 0x12, 0x15, 0x02, 0x1D, 0x86, 0x14, 0x1C, 0x33, 0x13, 0x3C, 0x44,
    0x50, 0x03, 0x51, 0x81, 0x50, 0x4D, 0x02, 0x4F, 0x83, 0x50, 0x52, 0x56, 0x53, 0x02, 0x52, 0x87,
    0x4F, 0x40, 0x2A, 0x2E, 0x48, 0x80, 0x85, 0x86, 0x02, 0x84, 0x83, 0x85, 0x87, 0x89, 0x7D, 0x02,
    0x82, 0x88, 0x88, 0x87, 0x82, 0x8C, 0x48, 0x28, 0x30, 0x24, 0x19, 0x04, 0x1E, 0x97, 0x28, 0x4F,
    0xAE, 0xC9, 0xEA, 0xBF, 0xBE, 0xBF, 0xCE, 0xCA, 0xC5, 0xC9, 0xDB, 0xD6, 0xBD, 0xDB, 0xF6, 0xE9,
    0xDF, 0xC1, 0xF7, 0xFF, 0x4C, 0x36, 0x02, 0x23, 0x85, 0x1C, 0x74, 0xC3, 0xFF, 0xF3, 0xFE, 0x09,
    0xFF, 0x86, 0xFC, 0xE7, 0xE5, 0x67, 0x68, 0x93, 0x67, 0x03, 0x65, 0x84, 0x6A, 0x65, 0x66, 0x65,
    0x5E, 0x02, 0x69, 0x82, 0x6A, 0x67, 0x93, 0x02, 0x64, 0x85, 0x74, 0x79, 0x6C, 0x64, 0x6A, 0x5F,
    0x03, 0x65, 0x02, 0x66, 0x02, 0x69, 0x84, 0x5F, 0x65, 0x64, 0x6B, 0x6F, 0x02, 0x6C, 0x02, 0x6B,
    0x02, 0x5E, 0x80, 0x65, 0x02, 0x5E, 0x8E, 0x59, 0x5E, 0x6A, 0x65, 0x6D, 0xA3, 0x6A, 0x08, 0x06,
    0x02, 0x4D, 0x4F, 0x41, 0x07, 0x0D, 0x02, 0x04, 0x80, 0x08, 0x03, 0x06, 0x02, 0x08, 0x8B, 0x7C,
    0xC7, 0xFF, 0xEE, 0xFE, 0xD6, 0x70, 0xD7, 0xDA, 0xAA, 0xFF, 0xF6, 0x06, 0xFF, 0x97, 0xF2, 0xF8,
    0xFB, 0xF4, 0xFA, 0xCF, 0xEF, 0xD9, 0x98, 0x8E, 0x98, 0xD7, 0xEE, 0xFF, 0xFA, 0xF2, 0xE2, 0x79,
    0xF7, 0xE9, 0xE7, 0xEF, 0xD5, 0x90, 0x02, 0x83, 0x87, 0x95, 0xF3, 0xF2, 0xEB, 0xE2, 0xDF, 0xE9,
    0xFC, 0x02, 0xFA, 0x8F, 0xCF, 0xEF, 0xB1, 0x95, 0x8D, 0x95, 0xAF, 0xAE, 0x91, 0x97, 0xA1, 0x70,
    0xAA, 0xFF, 0xF6, 0xF4, 0x02, 0xF6, 0x02, 0xE1, 0x9E, 0xDF, 0x4D, 0x23, 0x1A, 0x19, 0x1E, 0x23,
    0x1E, 0x16, 0x1E, 0x26, 0x21, 0x27, 0x29, 0x54, 0x8A, 0x54, 0x90, 0x48, 0x63, 0x80, 0x8B, 0x48,
    0x2A, 0x17, 0x1D, 0x29, 0x8A, 0x82, 0x81, 0x86, 0x02, 0x85, 0x82, 0x84, 0x87, 0x85, 0x02, 0x82,
    0x86, 0x87, 0x89, 0x8D, 0x3F, 0x30, 0x17, 0x3A, 0x02, 0x3B, 0x83, 0x3C, 0x60, 0x84, 0x87, 0x02,
    0x86, 0x04, 0x85, 0x02, 0x84, 0x84, 0x88, 0x8B, 0x46, 0x13, 0x11, 0x03, 0x10, 0x84, 0x0E, 0x10,
    0x0C, 0x0E, 0x0C, 0x02, 0x10, 0x80, 0x0C, 0x02, 0x10, 0x81, 0x0E, 0x0C, 0x02, 0x10, 0x02, 0x15,
    0x87, 0x1D, 0x1C, 0x2D, 0x34, 0x4F, 0x41, 0x47, 0x4D, 0x02, 0x4F, 0x85, 0x50, 0x51, 0x4F, 0x53,
    0x56, 0x59, 0x02, 0x58, 0x80, 0x59, 0x02, 0x58, 0x80, 0x59, 0x02, 0x57, 0x82, 0x40, 0x45, 0x7E,
    0x02, 0x88, 0x85, 0x84, 0x82, 0x86, 0x87, 0x89, 0x7F, 0x02, 0x82, 0x02, 0x87, 0x86, 0x7F, 0x90,
    0x46, 0x17, 0x24, 0x23, 0x19, 0x02, 0x1E, 0xA0, 0x1F, 0x1E, 0x35, 0x2A, 0x92, 0xD1, 0xCB, 0xB7,
    0xB6, 0xB5, 0xBE, 0xC5, 0xBE, 0xBC, 0xC3, 0xC1, 0x7B, 0xDB, 0xF8, 0xF7, 0xE9, 0xB8, 0xDB, 0xE4,
    0xAA, 0x18, 0x1D, 0x23, 0x1C, 0x14, 0x79, 0xF5, 0xF8, 0x0B, 0xFF, 0x02, 0xFC, 0x84, 0x67, 0x7B,
    0x64, 0x65, 0x5D, 0x02, 0x5E, 0x80, 0x65, 0x02, 0x5C, 0x81, 0x65, 0x66, 0x03, 0x69, 0x89, 0x67,
    0x6C, 0x7B, 0x67, 0x64, 0x70, 0x74, 0x7A, 0x67, 0x6A, 0x04, 0x65, 0x86, 0x66, 0x5C, 0x5B, 0x65,
    0x6B, 0x77, 0x6B, 0x02, 0x65, 0x82, 0x6A, 0x6B, 0x5B, 0x04, 0x5E, 0x03, 0x5B, 0x8E, 0x65, 0x6B,
    0x71, 0xA2, 0x0B, 0x06, 0x07, 0x5A, 0x0A, 0x07, 0x0A, 0x01, 0x05, 0x02, 0x04, 0x03, 0x05, 0x03,
    0x06, 0x8C, 0x07, 0x79, 0xC7, 0xF8, 0xFF, 0xF0, 0xA7, 0x7A, 0xC3, 0xDA, 0xFE, 0xF1, 0xF3, 0x05,
    0xFF, 0x82, 0xE6, 0xF7, 0xE9, 0x02, 0xEE, 0x92, 0xF3, 0xD5, 0x98, 0x8F, 0x7E, 0x90, 0x98, 0xD5,
    0xFF, 0xEB, 0xEE, 0xF6, 0xF1, 0x9A, 0xF1, 0xF5, 0xEA, 0xD9, 0x90, 0x02, 0x7F, 0x80, 0x95, 0x02,
    0xD3, 0x81, 0xD7, 0xB1, 0x02, 0xD9, 0x80, 0xDE, 0x03, 0xDF, 0x9A, 0xAF, 0x95, 0x8C, 0x82, 0x8D,
    0x90, 0x95, 0x8E, 0x97, 0xA0, 0x7A, 0xA4, 0xEF, 0xED, 0xF6, 0xFF, 0xF0, 0xB5, 0xE1, 0xDF, 0x41,
    0x1F, 0x1A, 0x19, 0x1F, 0x1E, 0x18, 0x02, 0x1E, 0x88, 0x23, 0x30, 0x1B, 0x35, 0x2A, 0x45, 0x8D,
    0x54, 0x8F, 0x02, 0x54, 0x89, 0x8D, 0x8A, 0x54, 0x29, 0x34, 0x29, 0x8A, 0x81, 0x88, 0x86, 0x05,
    0x85, 0x81, 0x82, 0x88, 0x02, 0x87, 0x8A, 0x83, 0x63, 0x2C, 0x17, 0x3A, 0x3C, 0x3B, 0x40, 0x61,
    0x86, 0x81, 0x05, 0x85, 0x81, 0x87, 0x89, 0x02, 0x88, 0x82, 0x8B, 0x3F, 0x11, 0x04, 0x10, 0x80,
    0x0E, 0x02, 0x10, 0x02, 0x0E, 0x80, 0x0F, 0x03, 0x0E, 0x80, 0x0C, 0x04, 0x10, 0x84, 0x13, 0x35,
    0x27, 0x2D, 0x41, 0x02, 0x4F, 0x02, 0x52, 0x03, 0x56, 0x04, 0x58, 0x02, 0x59, 0x02, 0x5A, 0x80,
    0x5F, 0x03, 0x59, 0x84, 0x57, 0x68, 0x4F, 0x29, 0x7D, 0x02, 0x82, 0x91, 0x86, 0x82, 0x86, 0x87,
    0x82, 0x83, 0x88, 0x82, 0x87, 0x89, 0x8D, 0x91, 0x34, 0x1B, 0x1A, 0x30, 0x1D, 0x19, 0x03, 0x1E,
    0x8E, 0x16, 0x2D, 0x67, 0xAF, 0xC2, 0xB3, 0xAB, 0xA5, 0xB2, 0xC5, 0xBF, 0xB9, 0xBA, 0xD2, 0x77,
    0x02, 0xDA, 0x86, 0xFF, 0xFC, 0xF7, 0xAC, 0xFF, 0xCC, 0x53, 0x02, 0x32, 0x02, 0x1F, 0x85, 0x32,
    0xA3, 0xDA, 0xF0, 0xCE, 0xF6, 0x02, 0xFF, 0x80, 0xF6, 0x07, 0xFF, 0x84, 0x6B, 0x66, 0x6A, 0x5F,
    0x5D, 0x02, 0x65, 0x83, 0x5E, 0x5C, 0x69, 0x5C, 0x03, 0x66, 0x8C, 0x65, 0x5B, 0x64, 0x67, 0x93,
    0x68, 0x67, 0x77, 0x64, 0x74, 0x78, 0x67, 0x64, 0x03, 0x65, 0x85, 0x66, 0x6A, 0x64, 0x77, 0x5A,
    0x6A, 0x02, 0x65, 0x83, 0x66, 0x6E, 0x5B, 0x5C, 0x02, 0x5E, 0x04, 0x5B, 0x86, 0x65, 0x6E, 0xAA,
    0x6E, 0x06, 0x47, 0x4D, 0x02, 0x07, 0x02, 0x06, 0x80, 0x01, 0x02, 0x04, 0x80, 0x03, 0x03, 0x04,
    0x80, 0x05, 0x04, 0x06, 0x8A, 0x9B, 0xD4, 0xFF, 0xEB, 0xD0, 0x74, 0xA9, 0xD7, 0xE9, 0xF6, 0xF2,
    0x06, 0xFF, 0x8C, 0xD7, 0xA8, 0x97, 0x98, 0x96, 0x90, 0x8C, 0x7F, 0x88, 0x7F, 0x8D, 0x90, 0x95,
    0x04, 0x96, 0x87, 0x95, 0x96, 0x95, 0x96, 0x95, 0x8C, 0x82, 0x7F, 0x06, 0x90, 0x04, 0x95, 0x8D,
    0x8E, 0x8B, 0x80, 0x82, 0x86, 0x7F, 0x80, 0x8D, 0x63, 0x97, 0x9C, 0x79, 0x9F, 0xCE, 0x02, 0xE1,
    0x02, 0xF6, 0x87, 0xB7, 0xF0, 0xDF, 0x41, 0x24, 0x1A, 0x19, 0x26, 0x02, 0x1E, 0x93, 0x19, 0x1E,
    0x20, 0x30, 0x2D, 0x28, 0x15, 0x2E, 0x2B, 0x8D, 0x54, 0x8F, 0x54, 0x2B, 0x60, 0x8C, 0x61, 0x2B,
    0x29, 0x8A, 0x02, 0x81, 0x80, 0x88, 0x04, 0x85, 0x81, 0x86, 0x81, 0x02, 0x84, 0x8B, 0x82, 0x81,
    0x8C, 0x45, 0x1B, 0x3C, 0x3B, 0x3E, 0x40, 0x8A, 0x86, 0x82, 0x05, 0x85, 0x80, 0x87, 0x02, 0x82,
    0x84, 0x89, 0x8D, 0x3F, 0x18, 0x12, 0x02, 0x10, 0x82, 0x0E, 0x12, 0x10, 0x02, 0x12, 0x80, 0x10,
    0x02, 0x0E, 0x80, 0x0F, 0x02, 0x0E, 0x02, 0x0C, 0x87, 0x10, 0x0E, 0x14, 0x24, 0x33, 0x3C, 0x4F,
    0x52, 0x06, 0x58, 0x02, 0x59, 0x81, 0x5A, 0x64, 0x03, 0x67, 0x82, 0x6B, 0x67, 0x5A, 0x02, 0x59,
    0x02, 0x62, 0x95, 0x59, 0x56, 0x60, 0x83, 0x82, 0x87, 0x88, 0x85, 0x87, 0x83, 0x7E, 0x88, 0x82,
    0x87, 0x80, 0x95, 0x78, 0x1D, 0x25, 0x1A, 0x16, 0x25, 0x04, 0x1E, 0x89, 0x28, 0x23, 0x40, 0xAE,
    0xA9, 0xAB, 0xA3, 0xA2, 0xA1, 0xBC, 0x02, 0xB4, 0x8B, 0xA7, 0xBD, 0xA0, 0xC7, 0xE6, 0xE3, 0xFF,
    0xE9, 0xC2, 0xF5, 0xFC, 0xC7, 0x02, 0x18, 0x02, 0x27, 0x85, 0x24, 0x1C, 0x7B, 0xE1, 0xFF, 0xF6,
    0x0A, 0xFF, 0x83, 0x66, 0x5D, 0x69, 0x5F, 0x02, 0x65, 0x85, 0x66, 0x5E, 0x5C, 0x69, 0x5C, 0x66,
    0x02, 0x65, 0x95, 0x5E, 0x5F, 0x6A, 0x65, 0x67, 0x92, 0x68, 0x78, 0x67, 0x74, 0x68, 0x77, 0x79,
    0x67, 0x64, 0x6A, 0x66, 0x64, 0x7B, 0x64, 0x6A, 0x5F, 0x02, 0x66, 0x83, 0x65, 0x5B, 0x6E, 0x5B,
    0x03, 0x66, 0x81, 0x5E, 0x66, 0x02, 0x65, 0x84, 0x99, 0xAC, 0x3C, 0x56, 0x0E, 0x02, 0x06, 0x03,
    0x05, 0x80, 0x01, 0x02, 0x04, 0x82, 0x03, 0x04, 0x05, 0x02, 0x04, 0x80, 0x05, 0x02, 0x06, 0x02,
    0x07, 0x88, 0x7A, 0xF8, 0xFF, 0xEA, 0xE3, 0x59, 0xAC, 0xD9, 0xF8, 0x02, 0xF6, 0x04, 0xFF, 0x89,
    0xEB, 0xE9, 0xAF, 0x96, 0x91, 0x8B, 0x7E, 0x89, 0x88, 0x84, 0x02, 0x81, 0x82, 0x83, 0x7F, 0x80,
    0x03, 0x7E, 0x85, 0x80, 0x7E, 0x7F, 0x7E, 0x80, 0x82, 0x02, 0x87, 0x83, 0x83, 0x7F, 0x82, 0x83,
    0x06, 0x82, 0x80, 0x83, 0x02, 0x81, 0x94, 0x82, 0x89, 0x87, 0x7F, 0x8B, 0x63, 0x92, 0xA1, 0x7A,
    0x9F, 0xC8, 0xCB, 0xEA, 0xF5, 0xF7, 0xB4, 0xDA, 0xDE, 0x3C, 0x32, 0x24, 0x02, 0x27, 0x81, 0x1E,
    0x18, 0x02, 0x1E, 0x94, 0x21, 0x1B, 0x2D, 0x30, 0x31, 0x2D, 0x33, 0x3F, 0x8A, 0x54, 0x8E, 0x49,
    0x2C, 0x60, 0x80, 0x61, 0x2B, 0x8A, 0x82, 0x81, 0x86, 0x04, 0x85, 0x83, 0x86, 0x87, 0x85, 0x88,
    0x02, 0x82, 0x8A, 0x83, 0x63, 0x2A, 0x38, 0x3A, 0x3E, 0x46, 0x8A, 0x88, 0x81, 0x86, 0x04, 0x85,
    0x87, 0x86, 0x88, 0x82, 0x89, 0x8C, 0x48, 0x33, 0x30, 0x02, 0x0F, 0x02, 0x10, 0x02, 0x0E, 0x02,
    0x0F, 0x02, 0x0C, 0x03, 0x10, 0x81, 0x0C, 0x0E, 0x02, 0x0F, 0x83, 0x1A, 0x34, 0x44, 0x52, 0x02,
    0x58, 0x83, 0x5A, 0x64, 0x67, 0x64, 0x04, 0x67, 0x80, 0x6E, 0x02, 0x6C, 0x02, 0x6E, 0x80, 0x6C,
    0x02, 0x67, 0x81, 0x64, 0x5A, 0x02, 0x62, 0x85, 0x59, 0x58, 0x63, 0x7F, 0x82, 0x88, 0x02, 0x86,
    0x83, 0x88, 0x83, 0x7D, 0x83, 0x02, 0x82, 0x89, 0x8B, 0xAE, 0x58, 0x35, 0x30, 0x1A, 0x19, 0x1D,
    0x1E, 0x1D, 0x02, 0x1E, 0x02, 0x31, 0x84, 0x22, 0x97, 0xA6, 0xAB, 0xA1, 0x02, 0x9F, 0x03, 0xAA,
    0x80, 0xA1, 0x02, 0xA7, 0x8B, 0xA4, 0xC3, 0xE3, 0xFF, 0xF7, 0xD8, 0xDA, 0xFC, 0xE1, 0x6C, 0x24,
    0x28, 0x02, 0x32, 0x84, 0x1C, 0x23, 0x71, 0xF0, 0xF6, 0x0A, 0xFF, 0x82, 0x5B, 0x5E, 0x66, 0x04,
    0x6A, 0x80, 0x66, 0x07, 0x5E, 0x86, 0x65, 0x5E, 0x69, 0x5F, 0x67, 0x93, 0x67, 0x02, 0x78, 0x80,
    0x74, 0x02, 0x64, 0x85, 0x74, 0x78, 0x70, 0x5A, 0x78, 0x67, 0x03, 0x5F, 0x02, 0x5E, 0x83, 0x5B,
    0x5E, 0x6B, 0x6E, 0x02, 0x5B, 0x02, 0x5E, 0x02, 0x6A, 0x86, 0x74, 0xB8, 0x9C, 0x58, 0x08, 0x02,
    0x04, 0x07, 0x00, 0x81, 0x03, 0x02, 0x02, 0x03, 0x03, 0x05, 0x03, 0x06, 0x89, 0x07, 0x6E, 0xE9,
    0xDB, 0xF7, 0xF6, 0x79, 0xB0, 0xD7, 0xDF, 0x02, 0xF7, 0x03, 0xFF, 0x8A, 0xFC, 0xF2, 0xFF, 0xD5,
    0xAF, 0x95, 0x8D, 0x7F, 0x88, 0x82, 0x88, 0x07, 0x87, 0x02, 0x81, 0x81, 0x87, 0x86, 0x02, 0x88,
    0x80, 0x86, 0x02, 0x81, 0x85, 0x88, 0x89, 0x82, 0x88, 0x86, 0x88, 0x03, 0x87, 0x80, 0x88, 0x03,
    0x81, 0x96, 0x88, 0x83, 0x8D, 0x90, 0x8E, 0x94, 0xA0, 0x7A, 0xA2, 0xC0, 0xC7, 0xC5, 0xD7, 0xC2,
    0xEB, 0xDA, 0xD3, 0x39, 0x35, 0x2D, 0x27, 0x1A, 0x18, 0x02, 0x1E, 0x90, 0x23, 0x19, 0x1E, 0x18,
    0x1E, 0x19, 0x23, 0x26, 0x27, 0x2B, 0x63, 0x48, 0x63, 0x48, 0x29, 0x8A, 0x80, 0x02, 0x61, 0x82,
    0x82, 0x81, 0x84, 0x05, 0x85, 0x80, 0x86, 0x02, 0x85, 0x85, 0x86, 0x85, 0x89, 0x8D, 0x45, 0x17,
    0x02, 0x3E, 0x88, 0x46, 0x8B, 0x88, 0x87, 0x88, 0x86, 0x87, 0x84, 0x85, 0x02, 0x88, 0x88, 0x82,
    0x83, 0x7F, 0x63, 0x2A, 0x30, 0x12, 0x13, 0x12, 0x03, 0x10, 0x02, 0x0C, 0x81, 0x10, 0x0E, 0x03,
    0x10, 0x85, 0x0F, 0x10, 0x12, 0x32, 0x37, 0x53, 0x02, 0x59, 0x03, 0x67, 0x04, 0x68, 0x05, 0x74,
    0x02, 0x68, 0x80, 0x74, 0x03, 0x68, 0x88, 0x6C, 0x6B, 0x68, 0x63, 0x5A, 0x59, 0x62, 0x7F, 0x81,
    0x03, 0x84, 0x8C, 0x82, 0x83, 0x7F, 0x83, 0x81, 0x7F, 0x95, 0xD1, 0x13, 0x26, 0x32, 0x1E, 0x1D,
    0x04, 0x1E, 0x89, 0x1F, 0x30, 0x20, 0x23, 0x78, 0xA6, 0xB8, 0x7A, 0x9E, 0x9D, 0x02, 0x9F, 0x98,
    0xA1, 0x9E, 0xA0, 0xAC, 0x70, 0xB3, 0xED, 0xF0, 0xFD, 0xE5, 0xC2, 0xE5, 0xF9, 0xED, 0x4D, 0x26,
    0x18, 0x27, 0x1F, 0x1E, 0x23, 0x71, 0xCA, 0xFF, 0xF5, 0x08, 0xFF, 0x81, 0x66, 0x6A, 0x05, 0x6B,
    0x80, 0x6A, 0x07, 0x5E, 0x81, 0x65, 0x5E, 0x02, 0x69, 0x83, 0x6A, 0x67, 0x92, 0x67, 0x02, 0x77,
    0x84, 0x70, 0x67, 0x65, 0x67, 0x68, 0x02, 0x78, 0x83, 0x64, 0x65, 0x5F, 0x5C, 0x02, 0x5E, 0x91,
    0x5B, 0x66, 0x5B, 0x6C, 0x65, 0x66, 0x5C, 0x69, 0x6A, 0x6E, 0x99, 0xA7, 0x64, 0x06, 0x04, 0x05,
    0x03, 0x01, 0x05, 0x00, 0x81, 0x01, 0x00, 0x03, 0x03, 0x80, 0x04, 0x02, 0x05, 0x03, 0x06, 0x02,
    0x08, 0x8A, 0x6E, 0xE9, 0xF1, 0xEE, 0xF8, 0xD4, 0xC1, 0xD4, 0xE9, 0xF7, 0xFC, 0x02, 0xFF, 0x87,
    0xE7, 0xF9, 0xF6, 0xFC, 0xD7, 0xD3, 0x96, 0x90, 0x02, 0x83, 0x80, 0x89, 0x03, 0x83, 0x06, 0x7F,
    0x02, 0x7E, 0x82, 0x83, 0x86, 0x81, 0x02, 0x82, 0x80, 0x83, 0x03, 0x8C, 0x03, 0x80, 0x03, 0x7E,
    0x03, 0x7F, 0x99, 0x83, 0x8C, 0x98, 0xAF, 0x68, 0x9C, 0x94, 0x92, 0x93, 0xBB, 0xBC, 0xBD, 0xD2,
    0xA7, 0xC4, 0xE6, 0xD1, 0x36, 0x17, 0x1D, 0x30, 0x19, 0x1D, 0x1E, 0x1F, 0x1E, 0x02, 0x1F, 0x03,
    0x1E, 0x8C, 0x20, 0x21, 0x17, 0x1A, 0x2B, 0x63, 0x60, 0x8D, 0x45, 0x3F, 0x8A, 0x8C, 0x80, 0x02,
    0x82, 0x80, 0x86, 0x04, 0x85, 0x80, 0x86, 0x05, 0x85, 0x87, 0x84, 0x80, 0x60, 0x2A, 0x39, 0x3A,
    0x46, 0x8C, 0x02, 0x87, 0x81, 0x88, 0x86, 0x03, 0x85, 0x80, 0x88, 0x02, 0x81, 0x89, 0x83, 0x82,
    0x8C, 0x3F, 0x23, 0x1B, 0x32, 0x14, 0x0C, 0x10, 0x05, 0x0C, 0x86, 0x10, 0x0C, 0x10, 0x0E, 0x11,
    0x27, 0x4E, 0x02, 0x58, 0x80, 0x5A, 0x02, 0x67, 0x02, 0x68, 0x80, 0x74, 0x04, 0x77, 0x06, 0x78,
    0x81, 0x68, 0x78, 0x03, 0x68, 0x9A, 0x6E, 0x68, 0x8E, 0x64, 0x59, 0x62, 0x80, 0x81, 0x84, 0x88,
    0x85, 0x88, 0x83, 0x7E, 0x88, 0x82, 0x8C, 0xAE, 0xB5, 0x1D, 0x14, 0x18, 0x1E, 0x26, 0x23, 0x1E,
    0x18, 0x02, 0x1E, 0x92, 0x23, 0x21, 0x1F, 0x67, 0x94, 0xAC, 0x7C, 0x9D, 0x99, 0x9B, 0x9F, 0x9E,
    0x9B, 0xA0, 0xA7, 0x6E, 0xA2, 0xB9, 0xE2, 0x02, 0xE5, 0x87, 0xDD, 0xC7, 0xF5, 0xE1, 0xBA, 0x13,
    0x1E, 0x14, 0x02, 0x1E, 0x84, 0x32, 0x14, 0x59, 0xF6, 0xE2, 0x06, 0xFF, 0x81, 0xF6, 0xFF, 0x08,
    0x6B, 0x80, 0x6A, 0x06, 0x5E, 0x02, 0x5D, 0x03, 0x69, 0x9E, 0x5F, 0x67, 0x93, 0x67, 0x64, 0x78,
    0x77, 0x67, 0x5A, 0x77, 0x78, 0x67, 0x6C, 0x5F, 0x66, 0x5D, 0x5E, 0x5B, 0x5E, 0x5A, 0x66, 0x67,
    0x70, 0x5A, 0x65, 0x5E, 0x6B, 0x64, 0xDA, 0xAC, 0x11, 0x02, 0x05, 0x80, 0x03, 0x02, 0x00, 0x80,
    0x03, 0x02, 0x00, 0x80, 0x01, 0x04, 0x00, 0x02, 0x03, 0x80, 0x04, 0x02, 0x06, 0x92, 0x05, 0x04,
    0x05, 0x06, 0x07, 0x08, 0x6C, 0xDB, 0xF4, 0xF0, 0xFE, 0xDF, 0xAC, 0xA7, 0xDB, 0xE6, 0xDB, 0xF9,
    0xE7, 0x03, 0xF2, 0x85, 0xFF, 0xEC, 0xD9, 0x95, 0x8C, 0x8D, 0x03, 0x90, 0x02, 0x8F, 0x81, 0x8E,
    0x91, 0x03, 0x95, 0x89, 0x96, 0x95, 0x8C, 0x89, 0x87, 0x88, 0x83, 0x90, 0x96, 0xAE, 0x03, 0x98,
    0x06, 0x96, 0x96, 0x95, 0x8F, 0x90, 0xD7, 0xD6, 0x91, 0xA0, 0x94, 0x92, 0x94, 0xAC, 0xB7, 0xA7,
    0xC2, 0x7A, 0xBC, 0xD2, 0xAF, 0x2F, 0x28, 0x1D, 0x30, 0x26, 0x03, 0x1E, 0x91, 0x1F, 0x18, 0x1E,
    0x23, 0x1F, 0x23, 0x21, 0x1D, 0x2D, 0x1B, 0x1A, 0x2C, 0x62, 0x80, 0x63, 0x2A, 0x46, 0x61, 0x02,
    0x8C, 0x81, 0x83, 0x84, 0x03, 0x85, 0x80, 0x86, 0x03, 0x85, 0x81, 0x86, 0x85, 0x02, 0x84, 0x86,
    0x83, 0x8D, 0x2B, 0x30, 0x3E, 0x46, 0x80, 0x02, 0x87, 0x80, 0x86, 0x04, 0x85, 0x8C, 0x81, 0x87,
    0x88, 0x83, 0x84, 0x83, 0x54, 0x2F, 0x17, 0x32, 0x26, 0x18, 0x14, 0x04, 0x10, 0x02, 0x0C, 0x88,
    0x0F, 0x0E, 0x11, 0x39, 0x53, 0x56, 0x58, 0x5A, 0x67, 0x03, 0x68, 0x80, 0x77, 0x05, 0x78, 0x85,
    0x92, 0x67, 0x57, 0x68, 0x78, 0x92, 0x04, 0x78, 0x81, 0x91, 0x68, 0x02, 0x8E, 0x84, 0x67, 0x59,
    0x57, 0x7E, 0x87, 0x03, 0x88, 0x88, 0x87, 0x83, 0x8B, 0x7E, 0x8C, 0x95, 0xD1, 0x53, 0x19, 0x02,
    0x1E, 0x81, 0x19, 0x18, 0x04, 0x1E, 0x90, 0x19, 0x30, 0x1B, 0x27, 0x4F, 0x94, 0xA0, 0x9B, 0x7C,
    0x75, 0x99, 0x9D, 0x9E, 0x99, 0x9C, 0xA0, 0x79, 0x02, 0x9F, 0x89, 0xE1, 0xC7, 0xDD, 0xE5, 0xC3,
    0xE9, 0xF7, 0xF6, 0x6F, 0x18, 0x02, 0x1E, 0x80, 0x1D, 0x03, 0x23, 0x80, 0x58, 0x03, 0xFF, 0x80,
    0xF6, 0x05, 0xFF, 0x09, 0x6B, 0x80, 0x6A, 0x02, 0x5E, 0x80, 0x5D, 0x02, 0x5E, 0x04, 0x5D, 0x84,
    0x6A, 0x5F, 0x6A, 0x64, 0x93, 0x02, 0x67, 0x87, 0x68, 0x78, 0x92, 0x68, 0x67, 0x65, 0x5B, 0x69,
    0x02, 0x5D, 0x02, 0x5E, 0x82, 0x66, 0x5B, 0x66, 0x02, 0x65, 0x89, 0x71, 0x5A, 0x64, 0x68, 0x9C,
    0xB8, 0x9F, 0x04, 0x06, 0x05, 0x02, 0x03, 0x09, 0x00, 0x03, 0x03, 0x80, 0x04, 0x04, 0x05, 0x81,
    0x06, 0x07, 0x02, 0x08, 0x87, 0x6B, 0xF7, 0xF8, 0xEE, 0xF8, 0xE9, 0xC1, 0x7B, 0x02, 0xDB, 0x80,
    0xF7, 0x04, 0xFF, 0x83, 0xF2, 0xFB, 0xEE, 0xAE, 0x02, 0x95, 0x8D, 0xAF, 0xD5, 0xD9, 0xD5, 0xDC,
    0xDE, 0xE9, 0xDC, 0xFE, 0xFF, 0xF8, 0x98, 0x8D, 0x82, 0x02, 0x87, 0x86, 0x83, 0x90, 0xD3, 0xEB,
    0xFB, 0xF3, 0xF6, 0x02, 0xF0, 0x9A, 0xED, 0xF4, 0xF5, 0xEE, 0xF7, 0xB1, 0x96, 0xF7, 0xD3, 0x97,
    0x93, 0x9A, 0x94, 0x92, 0xA6, 0xA7, 0xA1, 0xBA, 0x7B, 0xC7, 0xD1, 0x91, 0x46, 0x22, 0x27, 0x26,
    0x1F, 0x02, 0x1E, 0x81, 0x16, 0x23, 0x04, 0x1E, 0x84, 0x1D, 0x19, 0x27, 0x2D, 0x30, 0x02, 0x17,
    0x89, 0x29, 0x60, 0x8D, 0x3F, 0x36, 0x48, 0x8A, 0x90, 0x80, 0x88, 0x03, 0x85, 0x80, 0x84, 0x04,
    0x85, 0x89, 0x86, 0x85, 0x84, 0x81, 0x8C, 0x48, 0x33, 0x3A, 0x48, 0x80, 0x02, 0x87, 0x80, 0x84,
    0x04, 0x85, 0x02, 0x88, 0x81, 0x82, 0x80, 0x02, 0x82, 0x86, 0x8A, 0x29, 0x17, 0x2D, 0x27, 0x26,
    0x1E, 0x02, 0x10, 0x02, 0x0C, 0x80, 0x10, 0x03, 0x0E, 0x85, 0x41, 0x53, 0x58, 0x59, 0x5A, 0x67,
    0x02, 0x68, 0x02, 0x78, 0x02, 0x92, 0x80, 0x78, 0x02, 0x92, 0x81, 0x78, 0x91, 0x05, 0x92, 0x05,
    0x91, 0x93, 0x78, 0x8E, 0x8D, 0x68, 0x59, 0x57, 0x7E, 0x81, 0x86, 0x88, 0x82, 0x87, 0x7F, 0x8E,
    0x96, 0x95, 0xB1, 0x9A, 0x13, 0x24, 0x03, 0x1E, 0x86, 0x26, 0x19, 0x23, 0x1E, 0x18, 0x1E, 0x30,
    0x02, 0x1B, 0x85, 0x2C, 0x97, 0x93, 0x9D, 0x76, 0x79, 0x02, 0x99, 0x81, 0x9B, 0x99, 0x03, 0x9C,
    0x8C, 0x9A, 0x9D, 0xBE, 0xC7, 0xDA, 0xE9, 0xD6, 0xD7, 0xFC, 0xF3, 0xFF, 0x51, 0x38, 0x02, 0x1E,
    0x03, 0x23, 0x84, 0x14, 0x51, 0xEB, 0xCE, 0xF6, 0x05, 0xFF, 0x03, 0x6C, 0x02, 0x6B, 0x80, 0x6A,
    0x04, 0x6B, 0x04, 0x5F, 0x02, 0x65, 0x03, 0x64, 0x81, 0x67, 0x64, 0x02, 0x67, 0x80, 0x68, 0x02,
    0x94, 0x80, 0x78, 0x02, 0x68, 0x81, 0x79, 0x5E, 0x03, 0x69, 0x02, 0x5D, 0x82, 0x5E, 0x5F, 0x5E,
    0x02, 0x5B, 0x88, 0x5F, 0x65, 0x67, 0x70, 0x77, 0x93, 0x70, 0xA2, 0x59, 0x02, 0x06, 0x83, 0x02,
    0x04, 0x03, 0x01, 0x08, 0x00, 0x04, 0x03, 0x80, 0x04, 0x03, 0x05, 0x02, 0x06, 0x02, 0x07, 0x8C,
    0x08, 0x7B, 0xFC, 0xF6, 0xF3, 0xF7, 0xD4, 0xDF, 0x77, 0xD8, 0xE9, 0xF9, 0xFE, 0x02, 0xFC, 0x8C,
    0xF9, 0xDE, 0xF3, 0xD3, 0xAE, 0xD5, 0xEC, 0xEE, 0xEC, 0xEF, 0xF2, 0xEF, 0xFA, 0x03, 0xFB, 0x8D,
    0xEF, 0xAD, 0x8D, 0x88, 0x87, 0x81, 0x89, 0x90, 0xD1, 0xF2, 0xD8, 0xFC, 0xE7, 0xFC, 0x02, 0xFF,
    0x02, 0xF5, 0x98, 0xEE, 0xEC, 0xDC, 0xDB, 0xE2, 0xB1, 0x94, 0x9C, 0x79, 0x93, 0x94, 0x92, 0xA6,
    0x9C, 0xAC, 0x9F, 0xDB, 0xB1, 0x95, 0x57, 0x0D, 0x1A, 0x27, 0x20, 0x1E, 0x02, 0x26, 0x82, 0x1E,
    0x19, 0x26, 0x03, 0x1E, 0x91, 0x1F, 0x27, 0x17, 0x21, 0x30, 0x23, 0x13, 0x2B, 0x8A, 0x54, 0x2E,
    0x46, 0x60, 0x90, 0x8D, 0x82, 0x86, 0x88, 0x02, 0x85, 0x80, 0x86, 0x05, 0x85, 0x02, 0x88, 0x85,
    0x80, 0x8F, 0x2D, 0x28, 0x48, 0x80, 0x02, 0x87, 0x04, 0x85, 0x80, 0x86, 0x02, 0x88, 0x97, 0x82,
    0x80, 0x89, 0x81, 0x8C, 0x3F, 0x21, 0x30, 0x32, 0x1E, 0x27, 0x13, 0x0F, 0x11, 0x12, 0x11, 0x0E,
    0x0D, 0x4F, 0x56, 0x58, 0x59, 0x64, 0x67, 0x02, 0x68, 0x80, 0x77, 0x02, 0x78, 0x82, 0x57, 0x67,
    0x78, 0x03, 0x92, 0x0A, 0x91, 0x02, 0x78, 0x98, 0x8F, 0x8C, 0x8E, 0x67, 0x62, 0x7E, 0x81, 0x86,
    0x84, 0x82, 0x87, 0x80, 0x95, 0xC2, 0xD3, 0xB5, 0x09, 0x11, 0x24, 0x23, 0x1E, 0x23, 0x1E, 0x26,
    0x16, 0x02, 0x1E, 0x9F, 0x25, 0x30, 0x16, 0x17, 0x0D, 0x97, 0x93, 0xA3, 0x71, 0x6F, 0x7C, 0x7A,
    0x9B, 0x99, 0x9A, 0x9C, 0xA0, 0x7C, 0x9B, 0xA4, 0xDA, 0xC3, 0xE4, 0xDF, 0xD4, 0xE5, 0xFF, 0xC8,
    0xFF, 0x0C, 0x1E, 0x26, 0x03, 0x23, 0x83, 0x13, 0x37, 0x44, 0xCE, 0x06, 0xFF, 0x02, 0x94, 0x80,
    0x93, 0x07, 0x78, 0x02, 0x77, 0x03, 0x78, 0x81, 0x92, 0x93, 0x03, 0x94, 0x8B, 0x93, 0x78, 0x68,
    0x67, 0x64, 0x77, 0x78, 0x64, 0x5F, 0x5B, 0x65, 0x5F, 0x04, 0x5E, 0x80, 0x5B, 0x04, 0x5D, 0x8C,
    0x5B, 0x67, 0x5A, 0x78, 0x77, 0x6A, 0x7A, 0xB6, 0x4E, 0x00, 0x05, 0x06, 0x04, 0x0C, 0x00, 0x03,
    0x03, 0x83, 0x04, 0x05, 0x06, 0x05, 0x03, 0x06, 0x8F, 0x07, 0x08, 0x77, 0xDB, 0xFF, 0xE3, 0xF2,
    0xFF, 0xDD, 0xA7, 0x93, 0xDF, 0xF7, 0xC6, 0xF2, 0xFC, 0x03, 0xF6, 0x02, 0xFF, 0x80, 0xFB, 0x02,
    0xFF, 0x80, 0xF6, 0x05, 0xFF, 0x84, 0xFB, 0xEF, 0xAE, 0x8D, 0x82, 0x02, 0x87, 0x84, 0x83, 0x90,
    0xD3, 0xEE, 0xDF, 0x0A, 0xFF, 0x94, 0xFE, 0xF7, 0xB1, 0x94, 0x9C, 0x79, 0x9A, 0x93, 0x92, 0x94,
    0xA0, 0x9C, 0x9B, 0xB6, 0xD9, 0x92, 0x52, 0x29, 0x2F, 0x35, 0x28, 0x02, 0x31, 0x80, 0x26, 0x02,
    0x24, 0x02, 0x1E, 0x02, 0x1F, 0x02, 0x1E, 0x93, 0x26, 0x1E, 0x19, 0x1A, 0x32, 0x1D, 0x45, 0x8F,
    0x40, 0x3F, 0x61, 0x60, 0x95, 0x7E, 0x88, 0x82, 0x88, 0x85, 0x87, 0x86, 0x04, 0x85, 0x8C, 0x89,
    0x88, 0x7F, 0x90, 0x57, 0x1B, 0x48, 0x80, 0x87, 0x86, 0x81, 0x85, 0x84, 0x02, 0x85, 0x9A, 0x87,
    0x81, 0x7F, 0x7D, 0x83, 0x88, 0x7F, 0x54, 0x2D, 0x1B, 0x2E, 0x1D, 0x21, 0x1B, 0x28, 0x24, 0x27,
    0x2E, 0x34, 0x58, 0x56, 0x59, 0x5A, 0x6A, 0x68, 0x70, 0x77, 0x03, 0x78, 0x03, 0x92, 0x0E, 0x91,
    0x02, 0x78, 0x85, 0x8D, 0x80, 0x8E, 0x5A, 0x62, 0x7E, 0x02, 0x87, 0x8A, 0x84, 0x81, 0x87, 0x80,
    0x95, 0xAF, 0x49, 0x12, 0x2D, 0x19, 0x26, 0x03, 0x1E, 0x80, 0x23, 0x05, 0x1E, 0x83, 0x30, 0x21,
    0x27, 0x2A, 0x02, 0xA8, 0x86, 0xA1, 0x6B, 0x6F, 0x9A, 0x7B, 0x9B, 0x99, 0x02, 0x9A, 0x8F, 0xA0,
    0x79, 0x9B, 0x9A, 0xCB, 0xC3, 0xC1, 0xDE, 0xD2, 0xDF, 0xF7, 0xF0, 0xC4, 0xAA, 0x0C, 0x31, 0x04,
    0x1E, 0x02, 0x18, 0x83, 0x43, 0xAB, 0xCC, 0xFC, 0x02, 0xFF, 0x83, 0xF6, 0x6B, 0x67, 0x6E, 0x02,
    0x6C, 0x0A, 0x67, 0x80, 0x64, 0x02, 0x5A, 0x03, 0x6C, 0x82, 0x6B, 0x5F, 0x6A, 0x02, 0x5F, 0x81,
    0x67, 0x93, 0x02, 0x64, 0x80, 0x5F, 0x04, 0x5E, 0x82, 0x65, 0x5D, 0x5E, 0x02, 0x5D, 0x80, 0x66,
    0x02, 0x67, 0x88, 0x7B, 0x67, 0x74, 0x6B, 0x7B, 0xAB, 0x53, 0x00, 0x04, 0x02, 0x06, 0x0C, 0x00,
    0x04, 0x03, 0x03, 0x04, 0x02, 0x05, 0x02, 0x06, 0x84, 0x07, 0x0A, 0x9C, 0xFF, 0xF1, 0x02, 0xF2,
    0x80, 0xEE, 0x02, 0xDA, 0x82, 0x7B, 0xBD, 0xD4, 0x02, 0xE9, 0x80, 0xFF, 0x04, 0xF2, 0x08, 0xFF,
    0x85, 0xF6, 0xFF, 0xF3, 0xAE, 0x90, 0x89, 0x02, 0x87, 0x84, 0x82, 0x90, 0xD3, 0xEE, 0xDF, 0x07,
    0xFF, 0x80, 0xF9, 0x03, 0xFF, 0x96, 0xFC, 0xB1, 0x94, 0x9C, 0x70, 0x9A, 0x9E, 0x94, 0x91, 0x93,
    0x9C, 0x7A, 0xBB, 0xE9, 0x92, 0x2C, 0x52, 0x0D, 0x2A, 0x47, 0x2D, 0x18, 0x19, 0x02, 0x2D, 0x83,
    0x19, 0x23, 0x1E, 0x19, 0x02, 0x1E, 0x80, 0x19, 0x02, 0x1E, 0x8F, 0x1F, 0x23, 0x25, 0x2B, 0x63,
    0x45, 0x2B, 0x8A, 0x48, 0x96, 0x8D, 0x88, 0x85, 0x86, 0x87, 0x86, 0x02, 0x85, 0x80, 0x86, 0x02,
    0x85, 0x8A, 0x88, 0x87, 0x82, 0x8D, 0x78, 0x4B, 0x48, 0x80, 0x87, 0x86, 0x87, 0x03, 0x85, 0x97,
    0x84, 0x87, 0x84, 0x8A, 0x54, 0x7F, 0x88, 0x83, 0x63, 0x2A, 0x17, 0x2E, 0x16, 0x1B, 0x28, 0x27,
    0x32, 0x29, 0x52, 0x5A, 0x58, 0x5A, 0x64, 0x67, 0x03, 0x68, 0x02, 0x78, 0x05, 0x91, 0x02, 0x95,
    0x0B, 0x91, 0x03, 0x78, 0x86, 0x8C, 0x7E, 0x8E, 0x59, 0x57, 0x80, 0x87, 0x03, 0x86, 0x8A, 0x87,
    0x80, 0x96, 0xAE, 0x49, 0x1A, 0x2D, 0x17, 0x19, 0x1E, 0x1D, 0x07, 0x1E, 0x8A, 0x30, 0x21, 0x1A,
    0x2A, 0xA8, 0xD1, 0x9A, 0x66, 0x6C, 0x9B, 0x99, 0x02, 0x9A, 0x8D, 0x9D, 0x99, 0xA0, 0x79, 0x9A,
    0x9B, 0xB9, 0xBD, 0xBB, 0xD4, 0xD8, 0xD2, 0xF7, 0xF6, 0x02, 0xFF, 0x81, 0x6F, 0x14, 0x05, 0x1E,
    0x84, 0x18, 0x35, 0x3B, 0x9B, 0xDA, 0x03, 0xFF, 0x03, 0x6C, 0x82, 0x6E, 0x6C, 0x6D, 0x05, 0x6B,
    0x80, 0x6C, 0x03, 0x6D, 0x81, 0x69, 0x66, 0x03, 0x6D, 0x82, 0x6C, 0x6D, 0x6B, 0x02, 0x5D, 0x87,
    0x66, 0x65, 0x67, 0x93, 0x67, 0x65, 0x66, 0x6A, 0x04, 0x5E, 0x03, 0x66, 0x82, 0x65, 0x68, 0x7B,
    0x03, 0x64, 0x88, 0x71, 0x99, 0xB3, 0x6C, 0x09, 0x01, 0x03, 0x06, 0x05, 0x0A, 0x00, 0x07, 0x03,
    0x80, 0x04, 0x03, 0x05, 0x02, 0x06, 0x84, 0x07, 0x0E, 0xA0, 0xDB, 0xF6, 0x03, 0xF2, 0x8A, 0xF6,
    0xDF, 0xC1, 0x79, 0xC1, 0xD7, 0xE7, 0xE4, 0xF5, 0xF2, 0xFC, 0x03, 0xFF, 0x82, 0xF6, 0xFF, 0xF6,
    0x04, 0xFF, 0x83, 0xF4, 0xAE, 0x90, 0x82, 0x02, 0x87, 0x84, 0x83, 0x90, 0xD3, 0xEE, 0xDF, 0x04,
    0xFF, 0x80, 0xFB, 0x05, 0xFF, 0x91, 0xF6, 0xF7, 0xAF, 0x94, 0x9C, 0x6E, 0x99, 0x9A, 0x78, 0x94,
    0x78, 0x94, 0x75, 0xBB, 0xF7, 0x78, 0x2C, 0x2F, 0x02, 0x47, 0x87, 0x2C, 0x49, 0x34, 0x32, 0x1F,
    0x32, 0x31, 0x1F, 0x03, 0x1E, 0x02, 0x23, 0x02, 0x1E, 0x90, 0x1A, 0x25, 0x1D, 0x2E, 0x48, 0x63,
    0x2B, 0x8A, 0x54, 0x68, 0x95, 0x7F, 0x81, 0x88, 0x81, 0x85, 0x84, 0x03, 0x85, 0x8D, 0x84, 0x87,
    0x85, 0x88, 0x8C, 0x95, 0x6C, 0x48, 0x80, 0x87, 0x86, 0x87, 0x84, 0x87, 0x02, 0x85, 0x8A, 0x86,
    0x7F, 0x55, 0x48, 0x80, 0x88, 0x82, 0x7E, 0x45, 0x18, 0x14, 0x02, 0x1B, 0x83, 0x27, 0x2E, 0x2F,
    0x52, 0x02, 0x58, 0x82, 0x59, 0x67, 0x68, 0x03, 0x8E, 0x80, 0x91, 0x02, 0x78, 0x10, 0x91, 0x03,
    0x78, 0x94, 0x77, 0x8E, 0x80, 0x83, 0x8B, 0x58, 0x57, 0x80, 0x87, 0x85, 0x87, 0x86, 0x88, 0x8C,
    0x98, 0xAF, 0x57, 0x32, 0x30, 0x17, 0x19, 0x08, 0x1E, 0x9B, 0x1F, 0x30, 0x21, 0x19, 0x0D, 0xAD,
    0xD3, 0x7C, 0x72, 0x73, 0x9B, 0x6F, 0x9B, 0x99, 0x9D, 0x7A, 0x9C, 0x77, 0x9B, 0x9D, 0xA2, 0xC1,
    0xBB, 0xBD, 0xD5, 0xC1, 0xE9, 0xFE, 0x02, 0xFF, 0x82, 0xAA, 0x1E, 0x26, 0x04, 0x1E, 0x02, 0x23,
    0x85, 0x18, 0x35, 0x7B, 0xED, 0xF6, 0xFC, 0x03, 0x6C, 0x80, 0x6E, 0x02, 0x6C, 0x02, 0x6B, 0x81,
    0x6C, 0x6B, 0x02, 0x6C, 0x04, 0x6E, 0x81, 0x6F, 0x6D, 0x02, 0x6F, 0x8D, 0x6D, 0x6E, 0x6C, 0x66,
    0x5B, 0x5D, 0x5F, 0x6A, 0x5A, 0x93, 0x64, 0x5D, 0x5B, 0x5E, 0x02, 0x5B, 0x88, 0x69, 0x5E, 0x67,
    0x64, 0x78, 0x77, 0x64, 0x6A, 0x5F, 0x02, 0x65, 0x83, 0x99, 0xA1, 0x6F, 0x53, 0x02, 0x03, 0x82,
    0x05, 0x06, 0x04, 0x0C, 0x00, 0x04, 0x03, 0x80, 0x04, 0x04, 0x05, 0x02, 0x06, 0x85, 0x08, 0x2D,
    0xA7, 0xE1, 0xFF, 0xF0, 0x02, 0xF2, 0x02, 0xE9, 0x87, 0xD7, 0xAC, 0x7B, 0xAC, 0xD6, 0xF7, 0xFF,
    0xF6, 0x05, 0xFF, 0x80, 0xFE, 0x04, 0xFF, 0x83, 0xF2, 0xAE, 0x90, 0x82, 0x02, 0x87, 0x86, 0x83,
    0x90, 0xD3, 0xEE, 0xDF, 0xFF, 0xF6, 0x07, 0xFF, 0x02, 0xF6, 0x99, 0xFC, 0xAF, 0x94, 0x9C, 0x6F,
    0x7B, 0x9C, 0x99, 0x94, 0x78, 0x94, 0x9C, 0x9F, 0xD8, 0x68, 0x2A, 0x35, 0x33, 0x2A, 0x57, 0x55,
    0x3F, 0x47, 0x2E, 0x36, 0x1D, 0x02, 0x26, 0x06, 0x1E, 0x90, 0x26, 0x28, 0x2D, 0x17, 0x3F, 0x8D,
    0x45, 0x7D, 0x60, 0x47, 0x96, 0x8D, 0x83, 0x87, 0x82, 0x88, 0x84, 0x02, 0x85, 0x82, 0x86, 0x85,
    0x84, 0x02, 0x87, 0x87, 0x7F, 0x8E, 0x93, 0x48, 0x7E, 0x81, 0x88, 0x87, 0x04, 0x85, 0x8A, 0x88,
    0x8B, 0x3F, 0x46, 0x7E, 0x82, 0x88, 0x83, 0x60, 0x2F, 0x20, 0x02, 0x27, 0x82, 0x2E, 0x40, 0x56,
    0x02, 0x57, 0x80, 0x67, 0x05, 0x68, 0x04, 0x78, 0x0C, 0x91, 0x07, 0x78, 0x94, 0x68, 0x8E, 0x89,
    0x82, 0x8B, 0x59, 0x62, 0x80, 0x81, 0x86, 0x87, 0x81, 0x82, 0x8B, 0xB1, 0xD5, 0x57, 0x36, 0x2D,
    0x21, 0x27, 0x04, 0x1E, 0x80, 0x18, 0x04, 0x1E, 0x9A, 0x30, 0x1D, 0x1B, 0x0D, 0xA8, 0xD7, 0xAA,
    0x79, 0x7B, 0x9F, 0x79, 0x9E, 0x9B, 0x9D, 0x7B, 0x9C, 0x76, 0x9A, 0x9D, 0x9F, 0xAC, 0xB9, 0xB8,
    0xD9, 0xD2, 0xDE, 0xF6, 0x02, 0xFF, 0x82, 0xC8, 0xCE, 0x50, 0x02, 0x18, 0x02, 0x1E, 0x80, 0x18,
    0x02, 0x23, 0x85, 0x26, 0x31, 0x79, 0xED, 0xFF, 0x6B, 0x02, 0x6C, 0x80, 0x6E, 0x02, 0x6D, 0x81,
    0x6C, 0x6D, 0x02, 0x6C, 0x82, 0x6D, 0x6C, 0x6D, 0x02, 0x6F, 0x03, 0x70, 0x8E, 0x71, 0x6F, 0x6E,
    0x6D, 0x6E, 0x6A, 0x5E, 0x5B, 0x66, 0x69, 0x6A, 0x64, 0x93, 0x65, 0x5B, 0x02, 0x5E, 0x88, 0x5F,
    0x69, 0x6A, 0x68, 0x78, 0x68, 0x67, 0x5F, 0x69, 0x02, 0x5D, 0x84, 0x6B, 0x65, 0xC4, 0x7C, 0x9A,
    0x03, 0x03, 0x02, 0x06, 0x0C, 0x00, 0x04, 0x03, 0x80, 0x04, 0x04, 0x05, 0x02, 0x06, 0x92, 0x07,
    0x06, 0x3C, 0xA2, 0xDA, 0xF5, 0xFC, 0xFF, 0xF8, 0xF7, 0xE6, 0xDC, 0xD4, 0xA9, 0x7A, 0xA7, 0xE9,
    0xFC, 0xFE, 0x03, 0xFF, 0x80, 0xF9, 0x05, 0xFF, 0x83, 0xEF, 0xAE, 0x90, 0x82, 0x02, 0x87, 0x84,
    0x82, 0x90, 0xD3, 0xEE, 0xDF, 0x09, 0xFF, 0x97, 0xFC, 0xF6, 0xF7, 0xB1, 0x94, 0x9C, 0x6C, 0x93,
    0xA0, 0x9D, 0x9C, 0x78, 0x91, 0x9C, 0x79, 0xD4, 0x68, 0x2F, 0x17, 0x21, 0x2D, 0x2A, 0x3F, 0x62,
    0x02, 0x46, 0x83, 0x47, 0x26, 0x27, 0x19, 0x03, 0x1E, 0x87, 0x1F, 0x1E, 0x27, 0x20, 0x1A, 0x2A,
    0x17, 0x0D, 0x02, 0x63, 0x89, 0x7E, 0x60, 0x2E, 0x97, 0x95, 0x80, 0x88, 0x81, 0x82, 0x86, 0x02,
    0x85, 0x8D, 0x86, 0x85, 0x84, 0x82, 0x87, 0x7F, 0x90, 0x78, 0x48, 0x7E, 0x81, 0x88, 0x81, 0x85,
    0x02, 0x86, 0x90, 0x87, 0x83, 0x60, 0x2E, 0x46, 0x7E, 0x82, 0x81, 0x88, 0x8A, 0x2B, 0x16, 0x27,
    0x32, 0x47, 0x56, 0x57, 0x02, 0x68, 0x02, 0x67, 0x04, 0x68, 0x06, 0x78, 0x81, 0x68, 0x67, 0x0D,
    0x78, 0x02, 0x77, 0x92, 0x68, 0x8B, 0x89, 0x81, 0x8C, 0x67, 0x62, 0x80, 0x81, 0x88, 0x81, 0x82,
    0x83, 0x90, 0xD8, 0xE3, 0x57, 0x17, 0x30, 0x02, 0x26, 0x02, 0x1E, 0x80, 0x26, 0x04, 0x1E, 0x93,
    0x18, 0x1E, 0x30, 0x1D, 0x21, 0x3C, 0xD2, 0xDF, 0xF6, 0x7B, 0x99, 0xB6, 0x76, 0xA1, 0x9F, 0xA1,
    0x79, 0xA0, 0x79, 0x9E, 0x02, 0xA1, 0x85, 0xAC, 0xB2, 0xAC, 0xD8, 0xD2, 0xD5, 0x03, 0xFF, 0x84,
    0xF6, 0xF0, 0xC5, 0x6B, 0x14, 0x02, 0x1E, 0x03, 0x23, 0x84, 0x32, 0x26, 0x31, 0x72, 0xF0, 0x02,
    0x6C, 0x80, 0x6E, 0x04, 0x6D, 0x04, 0x6C, 0x02, 0x6D, 0x06, 0x6F, 0x04, 0x6E, 0x81, 0x6D, 0x66,
    0x03, 0x5E, 0x02, 0x66, 0x8B, 0x65, 0x93, 0x67, 0x66, 0x5F, 0x65, 0x6E, 0x67, 0x7B, 0x64, 0x65,
    0x66, 0x03, 0x5E, 0x8A, 0x66, 0x5C, 0x66, 0x79, 0xB6, 0x9D, 0x38, 0x36, 0x06, 0x04, 0x06, 0x0D,
    0x00, 0x05, 0x03, 0x05, 0x05, 0x03, 0x06, 0x82, 0x33, 0xAC, 0xDB, 0x02, 0xE3, 0x03, 0xFF, 0x84,
    0xF6, 0xFF, 0xE9, 0xDE, 0xD4, 0x02, 0x93, 0x85, 0xDF, 0xD6, 0xFC, 0xF8, 0xCB, 0xF6, 0x03, 0xFF,
    0x8B, 0xFB, 0xFA, 0xAE, 0x90, 0x88, 0x85, 0x86, 0x82, 0x90, 0xD3, 0xEC, 0xDF, 0x05, 0xFF, 0x80,
    0xF9, 0x04, 0xFF, 0x82, 0xF4, 0xDE, 0xAF, 0x02, 0xA6, 0x8C, 0x7A, 0x9E, 0x77, 0xA1, 0x9C, 0x99,
    0x91, 0x97, 0x79, 0xD1, 0x67, 0x34, 0x38, 0x02, 0x1D, 0x8B, 0x17, 0x33, 0x29, 0x49, 0x55, 0x2B,
    0x47, 0x34, 0x1F, 0x36, 0x14, 0x23, 0x02, 0x19, 0x93, 0x23, 0x30, 0x1A, 0x1D, 0x16, 0x2F, 0x49,
    0x8A, 0x7F, 0x61, 0x2F, 0x56, 0x96, 0x8B, 0x83, 0x87, 0x82, 0x88, 0x85, 0x84, 0x02, 0x85, 0x9D,
    0x84, 0x89, 0x81, 0x80, 0x91, 0x62, 0x54, 0x7E, 0x87, 0x88, 0x82, 0x86, 0x84, 0x81, 0x87, 0x8C,
    0x3F, 0x2E, 0x2C, 0x7E, 0x82, 0x86, 0x87, 0x7F, 0x60, 0x29, 0x2E, 0x3C, 0x56, 0x68, 0x02, 0x57,
    0x02, 0x5A, 0x81, 0x64, 0x67, 0x07, 0x68, 0x81, 0x78, 0x77, 0x02, 0x78, 0x02, 0x68, 0x81, 0x91,
    0x78, 0x02, 0x77, 0x80, 0x68, 0x02, 0x78, 0x80, 0x68, 0x02, 0x77, 0x80, 0x68, 0x02, 0x70, 0x84,
    0x8E, 0x7F, 0x85, 0x87, 0x80, 0x02, 0x62, 0x8C, 0x80, 0x87, 0x84, 0x82, 0x87, 0x8C, 0x98, 0xDB,
    0xAF, 0x58, 0x37, 0x20, 0x26, 0x03, 0x1E, 0x81, 0x1D, 0x1E, 0x02, 0x1D, 0x83, 0x1E, 0x1F, 0x1E,
    0x19, 0x02, 0x1F, 0x87, 0x51, 0xBD, 0xFC, 0xED, 0xB6, 0xB4, 0xB9, 0x79, 0x02, 0x9F, 0x9A, 0xA5,
    0x71, 0xA0, 0xA1, 0xA4, 0xA2, 0xA5, 0xB2, 0xAB, 0xAA, 0xD0, 0xE6, 0xC2, 0xFF, 0xF5, 0xC7, 0xFE,
    0xFF, 0xE2, 0xF6, 0x7C, 0x18, 0x39, 0x23, 0x26, 0x1E, 0x19, 0x02, 0x20, 0x82, 0x14, 0x59, 0x6B,
    0x04, 0x6D, 0x80, 0x6E, 0x06, 0x6D, 0x80, 0x6C, 0x02, 0x6F, 0x04, 0x71, 0x05, 0x6F, 0x88, 0x6B,
    0x66, 0x5E, 0x5F, 0x6A, 0x5E, 0x65, 0x67, 0x77, 0x02, 0x67, 0x95, 0x65, 0x6C, 0x78, 0x64, 0x6A,
    0x5A, 0x5E, 0x5C, 0x5E, 0x65, 0x5B, 0x66, 0x5E, 0x66, 0xB2, 0xAB, 0xA5, 0x9B, 0x08, 0x03, 0x05,
    0x06, 0x0C, 0x00, 0x02, 0x03, 0x80, 0x00, 0x02, 0x03, 0x03, 0x04, 0x03, 0x05, 0x86, 0x06, 0x03,
    0x02, 0x37, 0xAC, 0xD0, 0xDB, 0x05, 0xFF, 0x8A, 0xF8, 0xF1, 0xF7, 0xC1, 0xE6, 0xA0, 0x79, 0xC3,
    0xE9, 0xFC, 0xFF, 0x02, 0xF2, 0x02, 0xFF, 0x8C, 0xF4, 0xAF, 0x90, 0x82, 0x85, 0x86, 0x82, 0x90,
    0xD3, 0xEC, 0xDF, 0xFF, 0xFC, 0x02, 0xFF, 0x82, 0xFE, 0xFF, 0xF9, 0x03, 0xFF, 0x85, 0xF4, 0xDE,
    0xAF, 0xA6, 0xA7, 0xA2, 0x02, 0x9C, 0x8B, 0x99, 0xA1, 0x9C, 0x94, 0x91, 0x93, 0xD7, 0x57, 0x34,
    0x3B, 0x39, 0x25, 0x02, 0x2D, 0x9A, 0x1B, 0x2E, 0x3F, 0x62, 0x3F, 0x46, 0x40, 0x1C, 0x36, 0x1E,
    0x20, 0x21, 0x19, 0x1F, 0x1A, 0x1D, 0x17, 0x1C, 0x2C, 0x60, 0x8C, 0x8A, 0x29, 0x33, 0xAE, 0x95,
    0x80, 0x02, 0x87, 0x80, 0x86, 0x02, 0x85, 0xA0, 0x84, 0x85, 0x86, 0x82, 0x88, 0x8C, 0x91, 0x63,
    0x8C, 0x83, 0x87, 0x85, 0x82, 0x86, 0x84, 0x88, 0x82, 0x61, 0x29, 0x14, 0x2C, 0x7D, 0x81, 0x82,
    0x87, 0x88, 0x80, 0x63, 0x49, 0x47, 0x50, 0x56, 0x58, 0x02, 0x59, 0x81, 0x5B, 0x5A, 0x03, 0x67,
    0x80, 0x6C, 0x02, 0x68, 0x02, 0x70, 0x03, 0x68, 0x02, 0x77, 0x80, 0x68, 0x02, 0x8E, 0x87, 0x68,
    0x74, 0x70, 0x68, 0x91, 0x8E, 0x68, 0x72, 0x02, 0x6C, 0x98, 0x68, 0x8B, 0x82, 0x81, 0x85, 0x7F,
    0x63, 0x62, 0x80, 0x87, 0x84, 0x81, 0x88, 0x8D, 0xAE, 0xF7, 0xAF, 0x56, 0x32, 0x20, 0x26, 0x1E,
    0x23, 0x1E, 0x19, 0x06, 0x1E, 0x03, 0x1F, 0x99, 0x6C, 0xE9, 0xDB, 0xE1, 0xF2, 0xC4, 0xB7, 0xB2,
    0xB6, 0xB7, 0xC0, 0x76, 0xA0, 0xAB, 0xB5, 0xAB, 0xB3, 0xB5, 0xAB, 0xAA, 0xC9, 0xD7, 0x7B, 0x58,
    0xFF, 0xE2, 0x02, 0xFF, 0x84, 0xFC, 0xFF, 0xF5, 0xBC, 0x3B, 0x03, 0x23, 0x02, 0x19, 0x84, 0x35,
    0x14, 0x26, 0x6B, 0x6C, 0x03, 0x6D, 0x80, 0x6E, 0x02, 0x6D, 0x82, 0x6E, 0x6D, 0x6E, 0x02, 0x6D,
    0x02, 0x6F, 0x04, 0x71, 0x04, 0x6F, 0x82, 0x71, 0x6D, 0x5B, 0x05, 0x66, 0x89, 0x67, 0x7B, 0x5A,
    0x64, 0x77, 0x74, 0x64, 0x65, 0x5C, 0x69, 0x05, 0x5E, 0x04, 0x66, 0x87, 0x9D, 0xAB, 0x9D, 0x9E,
    0x08, 0x07, 0x03, 0x06, 0x0B, 0x00, 0x08, 0x03, 0x02, 0x05, 0x82, 0x04, 0x03, 0x05, 0x02, 0x02,
    0x82, 0x14, 0xBD, 0xDC, 0x05, 0xFF, 0x80, 0xFC, 0x02, 0xFF, 0x96, 0xF9, 0xFF, 0xDE, 0xD8, 0xDE,
    0x79, 0xC1, 0xDC, 0xF1, 0xFF, 0xF0, 0xF9, 0xEB, 0xB1, 0x90, 0x83, 0x85, 0x86, 0x83, 0x90, 0xD3,
    0xEC, 0xDF, 0x02, 0xFF, 0x80, 0xE2, 0x04, 0xFF, 0x80, 0xFB, 0x02, 0xFF, 0x90, 0xF9, 0xD7, 0xAF,
    0xA9, 0xC2, 0xAC, 0xA7, 0xA4, 0x9E, 0xA2, 0xA0, 0xB4, 0x98, 0x92, 0xD3, 0x57, 0x34, 0x02, 0x3B,
    0x92, 0x39, 0x35, 0x25, 0x15, 0x27, 0x2E, 0x29, 0x55, 0x49, 0x40, 0x47, 0x1C, 0x14, 0x16, 0x1B,
    0x21, 0x19, 0x27, 0x26, 0x02, 0x17, 0x8A, 0x2E, 0x55, 0x54, 0x8C, 0x2B, 0x15, 0x59, 0x96, 0x8A,
    0x83, 0x87, 0x03, 0x85, 0x8C, 0x86, 0x85, 0x81, 0x82, 0x7F, 0x90, 0x62, 0x7D, 0x61, 0x80, 0x87,
    0x82, 0x88, 0x02, 0x86, 0x88, 0x87, 0x80, 0x54, 0x2D, 0x21, 0x2A, 0x7D, 0x82, 0x88, 0x02, 0x87,
    0x84, 0x7F, 0x60, 0x46, 0x2F, 0x3C, 0x02, 0x58, 0x04, 0x59, 0x84, 0x5F, 0x64, 0x67, 0x6A, 0x67,
    0x02, 0x6B, 0x03, 0x67, 0x03, 0x68, 0x8A, 0x8E, 0x7E, 0x8B, 0x68, 0x70, 0x6F, 0x68, 0x8D, 0x8B,
    0x8E, 0x68, 0x02, 0x6B, 0x94, 0x63, 0x7F, 0x88, 0x82, 0x85, 0x83, 0x8A, 0x62, 0x7F, 0x81, 0x88,
    0x84, 0x83, 0x90, 0xB1, 0xF7, 0x94, 0x56, 0x1A, 0x20, 0x26, 0x08, 0x1E, 0x85, 0x18, 0x1E, 0x35,
    0x36, 0x1F, 0xBD, 0x02, 0xF7, 0x8D, 0xB9, 0xC4, 0xBE, 0xB5, 0xB4, 0xFF, 0xBE, 0xF6, 0x79, 0xA0,
    0xC6, 0xBF, 0xAA, 0xB6, 0x02, 0xAB, 0x87, 0xB2, 0xBC, 0xE9, 0xA6, 0x23, 0x50, 0xFF, 0xF5, 0x04,
    0xFF, 0x83, 0xF6, 0xDA, 0x51, 0x13, 0x02, 0x26, 0x85, 0x32, 0x18, 0x26, 0x1E, 0x6A, 0x6B, 0x06,
    0x6D, 0x81, 0x6E, 0x6D, 0x03, 0x6E, 0x80, 0x6F, 0x06, 0x71, 0x04, 0x6F, 0x81, 0x71, 0x6A, 0x04,
    0x66, 0x88, 0x5C, 0x6A, 0x5A, 0x92, 0x78, 0x6E, 0x64, 0x65, 0x66, 0x02, 0x5D, 0x80, 0x5B, 0x06,
    0x5E, 0x03, 0x66, 0x85, 0x99, 0xB4, 0xBC, 0x7C, 0x44, 0x07, 0x02, 0x06, 0x0E, 0x00, 0x04, 0x03,
    0x82, 0x00, 0x05, 0x04, 0x02, 0x03, 0x02, 0x01, 0x84, 0x04, 0x3B, 0xAC, 0xFF, 0xFE, 0x03, 0xFF,
    0x05, 0xFB, 0x02, 0xFF, 0x92, 0xF7, 0xD7, 0xD6, 0x77, 0xC1, 0xD6, 0xF8, 0xF6, 0xEB, 0xB1, 0x90,
    0x83, 0x85, 0x88, 0x83, 0x90, 0xD3, 0xEC, 0xDF, 0x03, 0xFF, 0x80, 0xDA, 0x06, 0xFF, 0x90, 0xFB,
    0xD9, 0xAF, 0xB1, 0xD9, 0xD6, 0xC3, 0xA1, 0xAC, 0xC3, 0xC7, 0xBB, 0xAF, 0x78, 0xAF, 0x52, 0x34,
    0x03, 0x3B, 0x9F, 0x3A, 0x38, 0x33, 0x2D, 0x1B, 0x1A, 0x2F, 0x47, 0x49, 0x40, 0x47, 0x2D, 0x24,
    0x26, 0x19, 0x20, 0x21, 0x2D, 0x1B, 0x17, 0x30, 0x29, 0x63, 0x80, 0x60, 0x29, 0x11, 0xB0, 0x96,
    0x8B, 0x83, 0x86, 0x04, 0x85, 0x89, 0x81, 0x82, 0x8C, 0x98, 0x46, 0x7D, 0x54, 0x8C, 0x88, 0x83,
    0x02, 0x86, 0x8F, 0x81, 0x88, 0x8B, 0x2B, 0x1D, 0x21, 0x2A, 0x7D, 0x83, 0x84, 0x86, 0x81, 0x7F,
    0x7D, 0x46, 0x34, 0x02, 0x4F, 0x81, 0x56, 0x57, 0x03, 0x59, 0x82, 0x5A, 0x5B, 0x66, 0x02, 0x6A,
    0x81, 0x6B, 0x68, 0x02, 0x67, 0x80, 0x6A, 0x02, 0x67, 0x8B, 0x68, 0x8B, 0x82, 0x80, 0x8E, 0x67,
    0x6D, 0x8E, 0x80, 0x89, 0x8C, 0x8E, 0x02, 0x68, 0x80, 0x8B, 0x02, 0x88, 0x91, 0x82, 0x84, 0x89,
    0x8B, 0x48, 0x7F, 0x81, 0x88, 0x85, 0x7F, 0x95, 0xD8, 0xFC, 0xA8, 0x52, 0x32, 0x20, 0x27, 0x0A,
    0x1E, 0x02, 0x1F, 0x9C, 0x39, 0xC6, 0xF7, 0xBD, 0xC9, 0xB5, 0xB7, 0xBB, 0xBF, 0xFF, 0xB7, 0xF0,
    0x9E, 0x74, 0xD0, 0xC9, 0xB6, 0xBB, 0xA3, 0xB3, 0xB4, 0xBE, 0xDF, 0xA9, 0x35, 0x23, 0x4D, 0xE1,
    0xE2, 0x03, 0xFF, 0x8C, 0xE4, 0xFF, 0xE8, 0x6C, 0x37, 0x32, 0x23, 0x26, 0x19, 0x1E, 0x66, 0x6C,
    0x6E, 0x05, 0x6D, 0x81, 0x6E, 0x6D, 0x04, 0x6F, 0x80, 0x71, 0x04, 0x73, 0x06, 0x71, 0x80, 0x6F,
    0x04, 0x66, 0x8A, 0x69, 0x5C, 0x67, 0x92, 0x68, 0x67, 0x65, 0x66, 0x69, 0x5D, 0x5B, 0x07, 0x5E,
    0x8A, 0x66, 0x5E, 0x66, 0x5A, 0x7B, 0xC5, 0xC4, 0xF0, 0x53, 0x03, 0x04, 0x0D, 0x00, 0x05, 0x03,
    0x02, 0x00, 0x03, 0x03, 0x02, 0x01, 0x85, 0x02, 0x06, 0x41, 0xBB, 0xE4, 0xF6, 0x02, 0xFF, 0x82,
    0xF4, 0xFA, 0xF4, 0x02, 0xFB, 0x02, 0xF6, 0x92, 0xFF, 0xE6, 0xE9, 0xC1, 0xD9, 0x79, 0xBD, 0xF7,
    0xEB, 0xB1, 0x90, 0x83, 0x85, 0x88, 0x83, 0x90, 0xD3, 0xEC, 0xDC, 0x02, 0xFF, 0x82, 0xFC, 0xE4,
    0xCC, 0x02, 0xFF, 0x80, 0xFE, 0x02, 0xFF, 0x8C, 0xFB, 0xD7, 0xAF, 0xB1, 0xD7, 0xD6, 0xDC, 0xD6,
    0xE9, 0xDB, 0xE2, 0xB2, 0xEB, 0x02, 0x91, 0x83, 0x52, 0x2F, 0x38, 0x3B, 0x02, 0x3D, 0x86, 0x3B,
    0x38, 0x17, 0x24, 0x25, 0x17, 0x2F, 0x02, 0x47, 0x83, 0x2C, 0x47, 0x2E, 0x26, 0x02, 0x23, 0x90,
    0x21, 0x2D, 0x26, 0x1B, 0x1D, 0x2D, 0x48, 0x80, 0x61, 0x49, 0x2D, 0x38, 0xB1, 0x95, 0x7E, 0x81,
    0x84, 0x02, 0x85, 0xA1, 0x86, 0x87, 0x89, 0x90, 0xA6, 0x45, 0x7D, 0x45, 0x8A, 0x88, 0x89, 0x88,
    0x86, 0x81, 0x82, 0x61, 0x2A, 0x21, 0x23, 0x2E, 0x61, 0x83, 0x86, 0x81, 0x87, 0x88, 0x7F, 0x60,
    0x2C, 0x17, 0x40, 0x62, 0x8E, 0x57, 0x02, 0x59, 0x81, 0x5A, 0x5B, 0x02, 0x6A, 0x02, 0x67, 0x83,
    0x8E, 0x68, 0x6A, 0x69, 0x02, 0x64, 0x8E, 0x68, 0x80, 0x87, 0x83, 0x8B, 0x68, 0x67, 0x8E, 0x7F,
    0x88, 0x81, 0x80, 0x8E, 0x63, 0x7F, 0x03, 0x88, 0x84, 0x86, 0x83, 0x7D, 0x54, 0x7F, 0x03, 0x88,
    0x88, 0x80, 0x96, 0xF6, 0xF7, 0x94, 0x47, 0x27, 0x21, 0x20, 0x0A, 0x1E, 0x85, 0x1F, 0x27, 0x99,
    0xC9, 0xDB, 0xAC, 0x02, 0xBB, 0x02, 0xB7, 0x94, 0xCA, 0xFF, 0xBE, 0xEE, 0x76, 0xA7, 0xD0, 0xF1,
    0xBE, 0xC6, 0xA2, 0xB5, 0xB6, 0xBE, 0xDB, 0xC2, 0x3D, 0x31, 0x32, 0x4B, 0xB3, 0x03, 0xFF, 0x8C,
    0xF5, 0xFE, 0xDB, 0xDF, 0xA7, 0x51, 0x32, 0x20, 0x26, 0x20, 0x6C, 0x6D, 0x6E, 0x05, 0x6D, 0x06,
    0x6F, 0x80, 0x71, 0x04, 0x73, 0x80, 0x72, 0x05, 0x71, 0x91, 0x72, 0x6A, 0x5D, 0x5E, 0x5B, 0x65,
    0x64, 0x93, 0x67, 0x93, 0x64, 0x5F, 0x5D, 0x69, 0x5D, 0x5B, 0x5E, 0x5B, 0x04, 0x5E, 0x80, 0x66,
    0x04, 0x5E, 0x88, 0x5B, 0x76, 0xB3, 0xC8, 0xED, 0x6F, 0x08, 0x04, 0x03, 0x04, 0x00, 0x02, 0x03,
    0x05, 0x00, 0x05, 0x03, 0x02, 0x04, 0x02, 0x03, 0x05, 0x00, 0x85, 0x05, 0x3C, 0xBA, 0xD6, 0xF5,
    0xF6, 0x08, 0xFF, 0x02, 0xF9, 0x90, 0xFF, 0xF6, 0xF7, 0xAC, 0x7B, 0xC7, 0xAE, 0x90, 0x7F, 0x86,
    0x87, 0x89, 0x90, 0xD1, 0xEB, 0xE7, 0xF9, 0x02, 0xFF, 0x8C, 0xF6, 0xF0, 0xD3, 0xE9, 0xF0, 0xF2,
    0xF8, 0xF2, 0xE5, 0xC1, 0xD1, 0xD9, 0xF5, 0x04, 0xE5, 0x86, 0xE6, 0xA2, 0xF4, 0xA0, 0x91, 0x63,
    0x2B, 0x02, 0x39, 0x91, 0x3D, 0x41, 0x3D, 0x39, 0x38, 0x26, 0x1E, 0x1D, 0x32, 0x22, 0x47, 0x49,
    0x40, 0x47, 0x2F, 0x33, 0x1F, 0x26, 0x02, 0x30, 0x02, 0x25, 0x8B, 0x1C, 0x2E, 0x8A, 0x7D, 0x3F,
    0x2E, 0x33, 0x44, 0xB1, 0x95, 0x8C, 0x7F, 0x02, 0x88, 0x96, 0x82, 0x83, 0x8B, 0x96, 0x93, 0x60,
    0x8A, 0x2B, 0x61, 0x82, 0x87, 0x84, 0x87, 0x81, 0x7F, 0x55, 0x24, 0x23, 0x32, 0x2A, 0x63, 0x81,
    0x86, 0x03, 0x85, 0x84, 0x86, 0x7F, 0x54, 0x1A, 0x2B, 0x02, 0x8C, 0x8C, 0x55, 0x53, 0x58, 0x59,
    0x5A, 0x5B, 0x69, 0x67, 0x63, 0x8B, 0x63, 0x64, 0x69, 0x02, 0x64, 0x8B, 0x63, 0x7F, 0x82, 0x84,
    0x82, 0x8B, 0x63, 0x8B, 0x82, 0x87, 0x88, 0x83, 0x02, 0x80, 0x80, 0x89, 0x03, 0x88, 0x90, 0x82,
    0x83, 0x7D, 0x8B, 0x83, 0x87, 0x88, 0x89, 0x8D, 0xAE, 0xEE, 0xF7, 0x92, 0x47, 0x1F, 0x2D, 0x1F,
    0x07, 0x1E, 0xA4, 0x19, 0x18, 0x1E, 0x26, 0x37, 0xD6, 0xE5, 0xB4, 0xC0, 0xB5, 0xB3, 0xB5, 0xBA,
    0xF5, 0xE9, 0xF9, 0xCB, 0xA7, 0xAC, 0xF6, 0xAB, 0xC8, 0xBE, 0x7A, 0xB5, 0xB3, 0x72, 0xC7, 0xC3,
    0x93, 0x32, 0x35, 0x20, 0x3B, 0x7B, 0xF6, 0xFC, 0x02, 0xFF, 0x02, 0xF2, 0x83, 0xFC, 0xE7, 0x74,
    0x3C, 0x02, 0x2D, 0x80, 0x6C, 0x07, 0x6D, 0x06, 0x6F, 0x80, 0x71, 0x02, 0x73, 0x80, 0x72, 0x02,
    0x73, 0x06, 0x72, 0x85, 0x71, 0x66, 0x65, 0x64, 0x6C, 0x93, 0x02, 0x64, 0x87, 0x67, 0x77, 0x64,
    0x5F, 0x5C, 0x5D, 0x65, 0x5B, 0x04, 0x5E, 0x82, 0x5B, 0x5E, 0x66, 0x02, 0x5E, 0x8A, 0x6A, 0x66,
    0x5E, 0x5B, 0x75, 0xCA, 0xE1, 0xB6, 0x4E, 0x00, 0x04, 0x08, 0x00, 0x81, 0x04, 0x05, 0x05, 0x03,
    0x82, 0x04, 0x06, 0x04, 0x02, 0x03, 0x05, 0x00, 0x83, 0x02, 0x3C, 0xC3, 0xF6, 0x0C, 0xFF, 0x87,
    0xF6, 0xFB, 0xDB, 0xDF, 0xA4, 0xAD, 0x90, 0x7F, 0x02, 0x88, 0x84, 0x89, 0x90, 0xD1, 0xEE, 0xE5,
    0x02, 0xFF, 0x80, 0xFE, 0x02, 0xFF, 0x89, 0xD1, 0xD6, 0xFF, 0xF6, 0xF8, 0xF2, 0xE7, 0xC1, 0xC2,
    0xD9, 0x02, 0xE5, 0xBB, 0xE6, 0xDB, 0xE5, 0xDF, 0xBC, 0xFB, 0xD2, 0xAE, 0x61, 0x60, 0x29, 0x39,
    0x3B, 0x3E, 0x42, 0x3D, 0x3B, 0x36, 0x32, 0x25, 0x1A, 0x32, 0x2A, 0x40, 0x52, 0x46, 0x49, 0x40,
    0x22, 0x20, 0x17, 0x1B, 0x30, 0x2D, 0x30, 0x36, 0x60, 0x7E, 0x62, 0x57, 0x3F, 0x29, 0x4F, 0xB0,
    0x96, 0x90, 0x8B, 0x7E, 0x8C, 0x90, 0x96, 0xA0, 0x49, 0x8A, 0x54, 0x2C, 0x60, 0x82, 0x87, 0x88,
    0x02, 0x87, 0x87, 0x80, 0x48, 0x17, 0x1A, 0x34, 0x2A, 0x60, 0x89, 0x03, 0x85, 0x85, 0x84, 0x85,
    0x82, 0x8A, 0x3F, 0x55, 0x02, 0x7F, 0x81, 0x60, 0x56, 0x02, 0x58, 0x92, 0x59, 0x5D, 0x5B, 0x62,
    0x8B, 0x7F, 0x8B, 0x62, 0x5B, 0x5D, 0x62, 0x8C, 0x87, 0x88, 0x86, 0x89, 0x7F, 0x8C, 0x80, 0x03,
    0x81, 0x83, 0x88, 0x83, 0x89, 0x81, 0x03, 0x82, 0x90, 0x89, 0x83, 0x7D, 0x90, 0x7E, 0x87, 0x88,
    0x82, 0x90, 0xAF, 0xF2, 0xDF, 0x92, 0x34, 0x36, 0x23, 0x26, 0x0A, 0x1E, 0xA2, 0x32, 0x65, 0xBD,
    0xC7, 0xB3, 0xB2, 0xA5, 0xAA, 0xB2, 0xC8, 0xFF, 0xF7, 0xFF, 0x72, 0xC2, 0x7B, 0xED, 0x7A, 0xCB,
    0xCA, 0x9B, 0xC8, 0x9A, 0x79, 0xC3, 0xC7, 0x7B, 0x32, 0x16, 0x20, 0x18, 0x26, 0x59, 0xF5, 0xFC,
    0x03, 0xF6, 0x02, 0xFC, 0x84, 0xE5, 0xB8, 0x59, 0x33, 0x6C, 0x03, 0x6D, 0x80, 0x6E, 0x02, 0x6D,
    0x06, 0x6F, 0x80, 0x71, 0x07, 0x73, 0x02, 0x72, 0x03, 0x71, 0x8E, 0x72, 0x70, 0x67, 0x74, 0x93,
    0x74, 0x73, 0x69, 0x64, 0x93, 0x67, 0x64, 0x6A, 0x5F, 0x5C, 0x0B, 0x5E, 0x03, 0x66, 0x86, 0x5E,
    0x66, 0xBE, 0xED, 0xF6, 0x66, 0x07, 0x02, 0x06, 0x03, 0x00, 0x80, 0x03, 0x03, 0x04, 0x82, 0x06,
    0x05, 0x03, 0x03, 0x04, 0x03, 0x06, 0x81, 0x03, 0x02, 0x03, 0x00, 0x02, 0x03, 0x84, 0x04, 0x02,
    0x3C, 0xC3, 0xC7, 0x06, 0xFF, 0x80, 0xFB, 0x05, 0xFF, 0x8D, 0xFB, 0xFC, 0xF7, 0xF2, 0xAF, 0x90,
    0x80, 0x82, 0x89, 0x83, 0x90, 0xD1, 0xEE, 0xDD, 0x05, 0xFF, 0x86, 0xDF, 0xD6, 0xFD, 0xFC, 0xF1,
    0xFF, 0xE7, 0x02, 0xC2, 0x80, 0xD5, 0x03, 0xE5, 0x02, 0xE7, 0x88, 0xDB, 0xAA, 0xE1, 0xE3, 0xB1,
    0x63, 0x7D, 0x54, 0x34, 0x05, 0x3D, 0x8F, 0x39, 0x37, 0x32, 0x20, 0x1A, 0x32, 0x1A, 0x34, 0x49,
    0x46, 0x49, 0x46, 0x2C, 0x2E, 0x1B, 0x21, 0x02, 0x30, 0x8A, 0x17, 0x45, 0x7E, 0x48, 0x2B, 0x49,
    0x62, 0x57, 0x49, 0x92, 0xAE, 0x03, 0x98, 0x88, 0xAE, 0x94, 0x47, 0x60, 0x7D, 0x3F, 0x1C, 0x55,
    0x82, 0x02, 0x88, 0x83, 0x81, 0x88, 0x8C, 0x3F, 0x02, 0x17, 0x84, 0x16, 0x39, 0x48, 0x7F, 0x88,
    0x03, 0x86, 0x8B, 0x87, 0x88, 0x80, 0x54, 0x8B, 0x82, 0x81, 0x8B, 0x54, 0x46, 0x53, 0x59, 0x02,
    0x5A, 0x90, 0x63, 0x7F, 0x86, 0x80, 0x63, 0x57, 0x59, 0x63, 0x80, 0x84, 0x87, 0x86, 0x81, 0x82,
    0x80, 0x89, 0x81, 0x02, 0x82, 0x80, 0x81, 0x02, 0x83, 0x80, 0x89, 0x03, 0x82, 0x8F, 0x83, 0x7E,
    0x8F, 0x95, 0x7E, 0x81, 0x84, 0x7E, 0x95, 0xD5, 0xFA, 0xD5, 0x78, 0x2E, 0x15, 0x23, 0x08, 0x1E,
    0x9D, 0x1D, 0x13, 0x1E, 0x0E, 0xBA, 0xF1, 0xAA, 0xB7, 0xAA, 0xA4, 0xA5, 0xAB, 0xF6, 0xFF, 0xFE,
    0xDA, 0xAC, 0xC3, 0x77, 0xBE, 0x76, 0xCA, 0xF0, 0xBB, 0xB4, 0x76, 0x75, 0xBD, 0xBA, 0xA7, 0x02,
    0x36, 0x89, 0x19, 0x31, 0x23, 0x18, 0x4E, 0xB6, 0xE2, 0xE5, 0xFC, 0xE2, 0x02, 0xFC, 0x02, 0xE9,
    0x81, 0xA1, 0x6C, 0x06, 0x6D, 0x02, 0x6F, 0x05, 0x71, 0x07, 0x73, 0x81, 0x71, 0x72, 0x03, 0x71,
    0x86, 0x6F, 0x74, 0x78, 0x7B, 0x70, 0x75, 0x6F, 0x02, 0x6A, 0x85, 0x67, 0x93, 0x67, 0x65, 0x5F,
    0x69, 0x09, 0x5E, 0x80, 0x5B, 0x05, 0x5E, 0x86, 0x6A, 0x66, 0xED, 0xCE, 0xBE, 0x6B, 0x06, 0x04,
    0x00, 0x82, 0x03, 0x04, 0x06, 0x02, 0x05, 0x81, 0x06, 0x04, 0x03, 0x05, 0x03, 0x06, 0x07, 0x00,
    0x84, 0x04, 0x03, 0x02, 0x4D, 0xC1, 0x02, 0xF6, 0x80, 0xED, 0x0B, 0xFF, 0x8E, 0xF6, 0xF2, 0xAF,
    0x90, 0x80, 0x83, 0x82, 0x83, 0x90, 0xB1, 0xF2, 0xDD, 0xFB, 0xFF, 0xF6, 0x02, 0xFF, 0x89, 0xFC,
    0xDF, 0xD4, 0xE9, 0xFC, 0xFF, 0xE5, 0xC2, 0xD1, 0xD5, 0x02, 0xE5, 0x88, 0xF5, 0xE5, 0xE7, 0xF5,
    0x9F, 0xCB, 0xC0, 0xD9, 0x49, 0x02, 0x8A, 0xB4, 0x45, 0x2E, 0x3B, 0x3D, 0x43, 0x42, 0x3D, 0x3B,
    0x35, 0x31, 0x1A, 0x19, 0x21, 0x17, 0x2E, 0x40, 0x49, 0x46, 0x55, 0x46, 0x2A, 0x33, 0x1B, 0x27,
    0x1B, 0x29, 0x8A, 0x8B, 0x2A, 0x1A, 0x2E, 0x2C, 0x3F, 0x40, 0x52, 0x77, 0x93, 0x5A, 0x40, 0x2C,
    0x60, 0x8C, 0x63, 0x46, 0x2E, 0x48, 0x7F, 0x81, 0x88, 0x86, 0x82, 0x7E, 0x45, 0x02, 0x2A, 0x83,
    0x2F, 0x47, 0x48, 0x8C, 0x02, 0x88, 0x80, 0x84, 0x02, 0x85, 0x99, 0x88, 0x89, 0x7D, 0x80, 0x88,
    0x87, 0x7F, 0x8C, 0x54, 0x29, 0x41, 0x49, 0x63, 0x7E, 0x88, 0x87, 0x82, 0x80, 0x8A, 0x62, 0x63,
    0x83, 0x82, 0x89, 0x82, 0x89, 0x03, 0x83, 0x02, 0x7F, 0x81, 0x82, 0x84, 0x02, 0x88, 0x85, 0x84,
    0x88, 0x82, 0x7F, 0x7E, 0x8B, 0x02, 0x96, 0x8B, 0x7E, 0x86, 0x88, 0x7E, 0x96, 0xF6, 0xEF, 0xD5,
    0x78, 0x22, 0x1A, 0x26, 0x08, 0x1E, 0x88, 0x1D, 0x32, 0x38, 0x51, 0xC7, 0xBB, 0xB5, 0xAA, 0xA5,
    0x02, 0xA3, 0x80, 0xBE, 0x03, 0xFF, 0x91, 0x6C, 0xC1, 0xD4, 0x99, 0xE1, 0xA4, 0xF0, 0x72, 0xA4,
    0x79, 0x7B, 0x72, 0xAC, 0xB6, 0xC1, 0x33, 0x1A, 0x19, 0x03, 0x23, 0x8A, 0x1E, 0x31, 0x79, 0xE7,
    0xDA, 0xE4, 0xFF, 0xF6, 0xF8, 0xF7, 0xFF, 0x02, 0x6C, 0x05, 0x6D, 0x02, 0x6F, 0x04, 0x71, 0x05,
    0x73, 0x02, 0x75, 0x80, 0x73, 0x05, 0x71, 0x83, 0x74, 0x93, 0x77, 0x74, 0x02, 0x73, 0x88, 0x6F,
    0x70, 0x5F, 0x6A, 0x77, 0x68, 0x65, 0x5F, 0x69, 0x09, 0x5E, 0x02, 0x66, 0x04, 0x5E, 0x89, 0x6A,
    0x5B, 0xB3, 0xED, 0xCE, 0x79, 0x50, 0x06, 0x03, 0x00, 0x02, 0x03, 0x02, 0x04, 0x81, 0x03, 0x04,
    0x02, 0x06, 0x80, 0x05, 0x05, 0x06, 0x07, 0x00, 0x02, 0x03, 0x02, 0x02, 0x82, 0x4F, 0xC5, 0xCE,
    0x08, 0xFF, 0x80, 0xFE, 0x03, 0xFF, 0x84, 0xF6, 0xF4, 0xAF, 0x90, 0x80, 0x02, 0x89, 0x84, 0x83,
    0x90, 0xB1, 0xF2, 0xD8, 0x05, 0xFF, 0x86, 0xFE, 0xF7, 0xD8, 0xD6, 0xF8, 0xFF, 0xE5, 0x02, 0xC2,
    0x80, 0xD5, 0x02, 0xE5, 0x80, 0xE7, 0x02, 0xE5, 0x8A, 0xEE, 0xA4, 0xFC, 0xEB, 0xDF, 0x52, 0x3F,
    0x8A, 0x61, 0x2C, 0x21, 0x02, 0x3D, 0x02, 0x42, 0x82, 0x3D, 0x37, 0x35, 0x04, 0x30, 0xBF, 0x16,
    0x36, 0x2A, 0x49, 0x46, 0x49, 0x57, 0x2C, 0x2E, 0x1A, 0x30, 0x36, 0x48, 0x7E, 0x54, 0x29, 0x28,
    0x21, 0x27, 0x12, 0x38, 0x27, 0x32, 0x22, 0x1A, 0x2A, 0x54, 0x8A, 0x2B, 0x45, 0x57, 0x54, 0x7E,
    0x82, 0x87, 0x84, 0x89, 0x7D, 0x60, 0x62, 0x63, 0x55, 0x49, 0x48, 0x7E, 0x89, 0x81, 0x88, 0x85,
    0x86, 0x83, 0x81, 0x7D, 0x7F, 0x88, 0x81, 0x88, 0x81, 0x80, 0x55, 0x2D, 0x3F, 0x8C, 0x81, 0x02,
    0x89, 0x86, 0x87, 0x82, 0x80, 0x63, 0x7E, 0x88, 0x83, 0x02, 0x80, 0x82, 0x8C, 0x8B, 0x8A, 0x02,
    0x61, 0x84, 0x63, 0x8A, 0x80, 0x83, 0x82, 0x02, 0x89, 0x91, 0x80, 0x7D, 0x60, 0x8F, 0xB1, 0x96,
    0x80, 0x88, 0x82, 0x8C, 0x98, 0xEC, 0xEF, 0xD3, 0x67, 0x2E, 0x35, 0x18, 0x02, 0x19, 0x07, 0x1E,
    0x9A, 0x35, 0x39, 0xBA, 0xDC, 0xA3, 0xB5, 0xA2, 0xA4, 0xA3, 0xA4, 0xF6, 0xFB, 0xFF, 0xAA, 0xD6,
    0xC2, 0xAC, 0xC6, 0x9D, 0xC8, 0xFF, 0x79, 0xC4, 0x6D, 0xAB, 0x71, 0xA7, 0x02, 0xAC, 0x80, 0x36,
    0x02, 0x19, 0x04, 0x23, 0x89, 0x37, 0x10, 0x51, 0xD2, 0xDA, 0xF6, 0xF2, 0xF8, 0xFF, 0xED, 0x02,
    0x6C, 0x04, 0x6D, 0x80, 0x6E, 0x02, 0x6F, 0x04, 0x71, 0x07, 0x73, 0x83, 0x75, 0x71, 0x73, 0x71,
    0x02, 0x74, 0x84, 0x93, 0x77, 0x74, 0x75, 0x73, 0x03, 0x6F, 0x87, 0x6C, 0x5E, 0x64, 0x93, 0x67,
    0x5A, 0x69, 0x5C, 0x03, 0x5E, 0x80, 0x5B, 0x0B, 0x5E, 0x86, 0x66, 0x79, 0xFE, 0xFF, 0xBA, 0x51,
    0x07, 0x02, 0x05, 0x80, 0x06, 0x02, 0x02, 0x02, 0x04, 0x80, 0x03, 0x05, 0x05, 0x04, 0x06, 0x81,
    0x03, 0x01, 0x02, 0x04, 0x8B, 0x01, 0x04, 0x01, 0x04, 0x05, 0x04, 0x06, 0x4F, 0xD8, 0xF7, 0xFF,
    0xF6, 0x0B, 0xFF, 0x89, 0xB1, 0x90, 0x82, 0x85, 0x87, 0x83, 0x90, 0xD1, 0xEC, 0xDD, 0x05, 0xFF,
    0x85, 0xF6, 0xFF, 0xF7, 0xD4, 0xD1, 0xDE, 0x02, 0xD8, 0x93, 0xD2, 0xD8, 0xF1, 0xE5, 0xE6, 0xDB,
    0xE5, 0xF6, 0xE8, 0xE9, 0xF1, 0xD5, 0x52, 0x34, 0x55, 0x7D, 0x54, 0x22, 0x35, 0x3C, 0x02, 0x3E,
    0x86, 0x41, 0x3D, 0x36, 0x31, 0x26, 0x1A, 0x18, 0x03, 0x1E, 0x9E, 0x1F, 0x2E, 0x4D, 0x2C, 0x57,
    0x46, 0x2E, 0x2D, 0x21, 0x29, 0x60, 0x80, 0x60, 0x29, 0x2A, 0x38, 0x2D, 0x13, 0x1D, 0x34, 0x2C,
    0x2B, 0x61, 0x7D, 0x54, 0x2C, 0x32, 0x23, 0x3F, 0x8A, 0x89, 0x02, 0x88, 0x81, 0x89, 0x8A, 0x02,
    0x49, 0x86, 0x55, 0x63, 0x61, 0x60, 0x8B, 0x82, 0x88, 0x02, 0x82, 0x86, 0x86, 0x81, 0x7F, 0x7D,
    0x83, 0x81, 0x84, 0x02, 0x82, 0x8E, 0x83, 0x8C, 0x2B, 0x54, 0x7F, 0x81, 0x82, 0x89, 0x87, 0x81,
    0x7F, 0x61, 0x8D, 0x8B, 0x60, 0x02, 0x49, 0x82, 0x40, 0x2E, 0x33, 0x03, 0x34, 0x99, 0x3F, 0x55,
    0x7D, 0x80, 0x7D, 0x60, 0x62, 0x3F, 0x55, 0x98, 0xDF, 0x97, 0x8C, 0x87, 0x82, 0x90, 0xAE, 0xEF,
    0xFA, 0xD3, 0x56, 0x1C, 0x21, 0x1B, 0x1D, 0x1B, 0x02, 0x21, 0x8B, 0x19, 0x1E, 0x14, 0x18, 0x37,
    0x4D, 0xBA, 0xE7, 0xB6, 0xB7, 0xA5, 0xA4, 0x02, 0xA3, 0x95, 0xBF, 0xF0, 0xFF, 0xE6, 0x77, 0xAC,
    0xBD, 0x79, 0xBC, 0x71, 0xE1, 0xA3, 0x99, 0xA1, 0x79, 0x9F, 0x6B, 0xA1, 0xA9, 0x9B, 0x37, 0x18,
    0x02, 0x19, 0x05, 0x1E, 0x84, 0x23, 0x39, 0x79, 0xE9, 0xC3, 0x03, 0xFF, 0x06, 0x6C, 0x03, 0x6F,
    0x80, 0x71, 0x03, 0x72, 0x05, 0x73, 0x84, 0x72, 0x73, 0x75, 0x71, 0x72, 0x02, 0x74, 0x81, 0x78,
    0x70, 0x02, 0x75, 0x81, 0x73, 0x72, 0x04, 0x6F, 0x85, 0x6A, 0x5F, 0x67, 0x78, 0x67, 0x6A, 0x09,
    0x5E, 0x80, 0x5C, 0x02, 0x5E, 0x80, 0x5B, 0x02, 0x5E, 0x8A, 0x5B, 0x66, 0x5E, 0xED, 0xFF, 0xB8,
    0x7A, 0x3C, 0x02, 0x07, 0x06, 0x03, 0x05, 0x80, 0x04, 0x02, 0x05, 0x08, 0x06, 0x03, 0x04, 0x03,
    0x05, 0x80, 0x03, 0x02, 0x05, 0x88, 0x04, 0x06, 0x07, 0x53, 0xE5, 0xFF, 0xEE, 0xFF, 0xFE, 0x09,
    0xFF, 0x8D, 0xB1, 0x90, 0x82, 0x85, 0x87, 0x83, 0x90, 0xD1, 0xEE, 0xDD, 0xFF, 0xFB, 0xFF, 0xF9,
    0x02, 0xF6, 0x88, 0xFF, 0xE7, 0xDF, 0xC2, 0xD7, 0xD8, 0xD9, 0xD2, 0xD8, 0x03, 0xE5, 0x8E, 0xDB,
    0xE5, 0xF0, 0xE7, 0xDE, 0xF8, 0xD9, 0x52, 0x3C, 0x40, 0x60, 0x8B, 0x48, 0x2A, 0x39, 0x02, 0x3C,
    0x99, 0x3E, 0x42, 0x3D, 0x37, 0x1E, 0x26, 0x1E, 0x26, 0x1E, 0x1F, 0x1E, 0x32, 0x22, 0x2A, 0x47,
    0x40, 0x57, 0x3F, 0x2F, 0x37, 0x29, 0x54, 0x8B, 0x7E, 0x7D, 0x61, 0x03, 0x60, 0x80, 0x61, 0x02,
    0x7D, 0x82, 0x8A, 0x48, 0x2A, 0x02, 0x15, 0x90, 0x21, 0x29, 0x8A, 0x89, 0x81, 0x87, 0x83, 0x60,
    0x2C, 0x2E, 0x32, 0x3F, 0x60, 0x54, 0x8A, 0x80, 0x83, 0x02, 0x82, 0x8C, 0x88, 0x89, 0x83, 0x7F,
    0x82, 0x87, 0x88, 0x82, 0x86, 0x84, 0x7F, 0x55, 0x8B, 0x02, 0x81, 0x89, 0x84, 0x89, 0x7F, 0x8B,
    0x60, 0x3F, 0x2C, 0x2E, 0x3B, 0x35, 0x02, 0x38, 0x81, 0x33, 0x37, 0x02, 0x36, 0x98, 0x38, 0x37,
    0x3F, 0x60, 0x61, 0x7D, 0x61, 0x54, 0x48, 0x91, 0xB1, 0xF7, 0x96, 0x8C, 0x88, 0x7F, 0x96, 0xB1,
    0xEA, 0xFA, 0xD1, 0x52, 0x33, 0x19, 0x16, 0x02, 0x1D, 0x8F, 0x20, 0x19, 0x1E, 0x23, 0x1F, 0x1A,
    0x58, 0xDB, 0xD2, 0xF5, 0xB2, 0xB6, 0xA5, 0xA4, 0xA3, 0xB2, 0x02, 0xFF, 0x93, 0xF5, 0x7A, 0xC1,
    0xBD, 0xAC, 0x6F, 0xB6, 0xA1, 0xCA, 0x59, 0x7C, 0x6C, 0x79, 0x9A, 0x6D, 0xA4, 0xA9, 0x6D, 0x1F,
    0x1E, 0x04, 0x19, 0x03, 0x1E, 0x85, 0x37, 0x1C, 0x24, 0x51, 0xC7, 0xF5, 0x02, 0xFF, 0x05, 0x6C,
    0x80, 0x6D, 0x03, 0x6F, 0x80, 0x71, 0x03, 0x72, 0x05, 0x73, 0x80, 0x72, 0x02, 0x73, 0x89, 0x71,
    0x74, 0x70, 0x93, 0x70, 0x71, 0x75, 0x73, 0x72, 0x71, 0x04, 0x6F, 0x85, 0x6D, 0x6B, 0x67, 0x74,
    0x68, 0x67, 0x03, 0x66, 0x07, 0x5E, 0x80, 0x5F, 0x03, 0x5E, 0x81, 0x65, 0x66, 0x02, 0x5B, 0x85,
    0xA2, 0xC8, 0xF4, 0xAC, 0x0C, 0x4F, 0x02, 0x07, 0x81, 0x06, 0x04, 0x02, 0x06, 0x09, 0x07, 0x06,
    0x06, 0x80, 0x04, 0x04, 0x05, 0x85, 0x04, 0x02, 0x04, 0x51, 0xDA, 0xCC, 0x08, 0xFF, 0x80, 0xF6,
    0x02, 0xFF, 0x89, 0xB1, 0x90, 0x83, 0x85, 0x81, 0x83, 0x90, 0xD1, 0xEB, 0xD8, 0x05, 0xFF, 0x02,
    0xF6, 0x88, 0xFC, 0xF7, 0xE5, 0xC1, 0xD4, 0xD9, 0xD2, 0xD8, 0xDB, 0x04, 0xE5, 0x8F, 0xF0, 0xF7,
    0xDF, 0xF8, 0xD9, 0x56, 0x4F, 0x4C, 0x2C, 0x63, 0x8B, 0x54, 0x2C, 0x3A, 0x3D, 0x3C, 0x03, 0x3D,
    0x81, 0x32, 0x26, 0x03, 0x1E, 0x8F, 0x23, 0x1E, 0x1D, 0x23, 0x14, 0x33, 0x3C, 0x2C, 0x46, 0x57,
    0x40, 0x2D, 0x2F, 0x2B, 0x54, 0x7D, 0x04, 0x7E, 0x94, 0x8A, 0x61, 0x48, 0x2B, 0x2E, 0x17, 0x22,
    0x2F, 0x15, 0x2A, 0x60, 0x7F, 0x88, 0x87, 0x83, 0x60, 0x2D, 0x1B, 0x17, 0x2E, 0x54, 0x02, 0x60,
    0x8A, 0x80, 0x82, 0x88, 0x81, 0x89, 0x83, 0x7E, 0x7F, 0x81, 0x82, 0x88, 0x02, 0x81, 0x8D, 0x88,
    0x82, 0x7D, 0x83, 0x89, 0x80, 0x8A, 0x60, 0x45, 0x2B, 0x34, 0x28, 0x37, 0x35, 0x02, 0x37, 0x83,
    0x33, 0x35, 0x17, 0x35, 0x03, 0x33, 0xA4, 0x28, 0x39, 0x2C, 0x48, 0x61, 0x8B, 0x8A, 0x61, 0x95,
    0xB0, 0xF6, 0x96, 0x80, 0x82, 0x8C, 0x98, 0xF7, 0xF9, 0xDD, 0xB0, 0x47, 0x33, 0x31, 0x21, 0x25,
    0x1D, 0x20, 0x19, 0x20, 0x23, 0x14, 0x79, 0xBD, 0xF1, 0xE9, 0xAC, 0xC4, 0x02, 0xAA, 0x02, 0xA4,
    0x85, 0xCB, 0xFF, 0xE4, 0xC3, 0xA3, 0xA7, 0x02, 0xAC, 0x8E, 0xA3, 0x9A, 0xBE, 0xF0, 0x7C, 0xC5,
    0x79, 0x9B, 0x9D, 0x6F, 0xAC, 0xB0, 0x53, 0x18, 0x31, 0x02, 0x19, 0x05, 0x1E, 0x87, 0x37, 0x18,
    0x32, 0x26, 0x3B, 0x99, 0xF9, 0xF6, 0x05, 0x6C, 0x80, 0x6D, 0x02, 0x6F, 0x03, 0x71, 0x82, 0x72,
    0x73, 0x72, 0x06, 0x73, 0x88, 0x76, 0x72, 0x70, 0x93, 0x70, 0x71, 0x72, 0x73, 0x75, 0x02, 0x71,
    0x05, 0x6F, 0x86, 0x6B, 0x66, 0x64, 0x93, 0x5A, 0x5E, 0x66, 0x02, 0x5E, 0x81, 0x5C, 0x5B, 0x04,
    0x5E, 0x80, 0x5D, 0x05, 0x5E, 0x8C, 0x66, 0x65, 0x71, 0xB7, 0xCD, 0x74, 0x4D, 0x07, 0x4F, 0x2E,
    0x4F, 0x67, 0x78, 0x03, 0x94, 0x81, 0x93, 0x78, 0x05, 0x77, 0x02, 0x74, 0x86, 0x77, 0x93, 0x78,
    0x52, 0x08, 0x06, 0x07, 0x02, 0x04, 0x89, 0x01, 0x04, 0x06, 0x04, 0x53, 0xD7, 0xFF, 0xF6, 0xFF,
    0xF9, 0x06, 0xFF, 0x8C, 0xF4, 0xB1, 0x90, 0x7F, 0x85, 0x81, 0x82, 0x90, 0xB1, 0xEB, 0xCC, 0xC6,
    0xF6, 0x07, 0xFF, 0x86, 0xF6, 0xD4, 0xC2, 0xDB, 0xD2, 0xD5, 0xE7, 0x04, 0xE5, 0x85, 0xF0, 0xDD,
    0xDF, 0xE3, 0xD9, 0x56, 0x02, 0x4D, 0x87, 0x4E, 0x47, 0x55, 0x8B, 0x63, 0x45, 0x34, 0x3A, 0x02,
    0x3D, 0x82, 0x3B, 0x31, 0x26, 0x02, 0x1E, 0x80, 0x1D, 0x02, 0x1E, 0x8E, 0x1D, 0x19, 0x1E, 0x1A,
    0x1B, 0x21, 0x40, 0x29, 0x49, 0x57, 0x2F, 0x2D, 0x1A, 0x2E, 0x2A, 0x03, 0x29, 0x81, 0x2A, 0x27,
    0x02, 0x1B, 0x95, 0x1D, 0x26, 0x36, 0x32, 0x17, 0x24, 0x54, 0x7F, 0x86, 0x85, 0x83, 0x55, 0x2E,
    0x39, 0x47, 0x40, 0x2B, 0x60, 0x54, 0x8A, 0x8C, 0x7F, 0x02, 0x82, 0x85, 0x7D, 0x54, 0x60, 0x80,
    0x7E, 0x83, 0x03, 0x82, 0x8A, 0x81, 0x83, 0x7E, 0x61, 0x45, 0x2C, 0x34, 0x38, 0x17, 0x38, 0x2A,
    0x08, 0x2C, 0x9A, 0x34, 0x41, 0x44, 0x47, 0x4A, 0x3E, 0x40, 0x3F, 0x45, 0x2B, 0x8E, 0xAE, 0xEA,
    0xEF, 0x91, 0x80, 0x7F, 0x90, 0xB1, 0xEE, 0xEC, 0xDC, 0xA7, 0x39, 0x33, 0x18, 0x25, 0x02, 0x1D,
    0x89, 0x1E, 0x23, 0x35, 0x3D, 0xD6, 0xB8, 0xFD, 0xFC, 0xC6, 0xB9, 0x02, 0xB3, 0x89, 0xAB, 0xAA,
    0xBB, 0xF9, 0xF5, 0xE5, 0xBA, 0xA0, 0xA7, 0xA4, 0x02, 0xA3, 0x8D, 0x73, 0xCE, 0x7A, 0x7C, 0x5B,
    0x5E, 0x9A, 0x99, 0x76, 0xAC, 0xB0, 0x3D, 0x35, 0x32, 0x02, 0x19, 0x07, 0x1E, 0x85, 0x23, 0x26,
    0x1E, 0x18, 0x58, 0xCE, 0x05, 0x6C, 0x81, 0x6D, 0x6F, 0x03, 0x71, 0x80, 0x72, 0x04, 0x73, 0x03,
    0x75, 0x02, 0x73, 0x83, 0x72, 0x71, 0x7B, 0x77, 0x02, 0x73, 0x80, 0x72, 0x02, 0x75, 0x80, 0x71,
    0x06, 0x6F, 0x80, 0x6C, 0x02, 0x65, 0x84, 0x5A, 0x78, 0x6B, 0x5E, 0x66, 0x02, 0x5E, 0x80, 0x65,
    0x0A, 0x5E, 0x8A, 0x5F, 0x5E, 0x5B, 0x9B, 0xE2, 0xA1, 0xA7, 0x93, 0x68, 0x52, 0x0D, 0x05, 0x07,
    0x83, 0x06, 0x02, 0x07, 0x0E, 0x08, 0x07, 0x88, 0x22, 0x64, 0x78, 0x41, 0x06, 0x05, 0x04, 0x05,
    0x03, 0x02, 0x02, 0x81, 0x52, 0xBA, 0x07, 0xFF, 0x8E, 0xFB, 0xFF, 0xF4, 0xB1, 0x90, 0x83, 0x85,
    0x88, 0x82, 0x90, 0xB1, 0xEB, 0xE7, 0xFF, 0xF8, 0x05, 0xFF, 0x87, 0xF9, 0xF6, 0xEE, 0xD7, 0xC1,
    0xD8, 0xD2, 0xD8, 0x05, 0xE5, 0x80, 0xED, 0x02, 0xDF, 0x83, 0xF1, 0xD9, 0x56, 0x4D, 0x03, 0x4E,
    0x85, 0x4B, 0x49, 0x63, 0x8D, 0x55, 0x40, 0x02, 0x3B, 0x85, 0x35, 0x18, 0x27, 0x1D, 0x1E, 0x19,
    0x02, 0x1E, 0x02, 0x1A, 0x97, 0x27, 0x19, 0x1E, 0x32, 0x28, 0x26, 0x40, 0x2C, 0x49, 0x57, 0x2C,
    0x2A, 0x30, 0x32, 0x1A, 0x28, 0x27, 0x23, 0x20, 0x18, 0x33, 0x2D, 0x1D, 0x2D, 0x02, 0x17, 0x8E,
    0x48, 0x80, 0x82, 0x81, 0x83, 0x55, 0x2E, 0x17, 0x2A, 0x40, 0x4F, 0x55, 0x63, 0x54, 0x45, 0x02,
    0x60, 0x84, 0x55, 0x46, 0x2B, 0x54, 0x61, 0x02, 0x48, 0x8C, 0x54, 0x60, 0x61, 0x80, 0x8A, 0x48,
    0x2C, 0x38, 0x28, 0x33, 0x35, 0x34, 0x40, 0x09, 0x62, 0x02, 0x63, 0x8C, 0x62, 0x49, 0x41, 0x42,
    0x41, 0x52, 0x37, 0x29, 0x8E, 0xB1, 0xCF, 0xEC, 0x91, 0x02, 0x80, 0x88, 0x96, 0xD9, 0xEF, 0xE0,
    0xD5, 0xA0, 0x1A, 0x18, 0x23, 0x03, 0x1D, 0x9C, 0x26, 0x23, 0x53, 0xC7, 0xBD, 0xDE, 0xE9, 0xF1,
    0xBF, 0xC6, 0xB7, 0xAA, 0xAB, 0xB6, 0xFF, 0xFC, 0xDA, 0xBD, 0xA7, 0xBD, 0xA3, 0xA2, 0xA3, 0xA2,
    0x9F, 0xF6, 0xA3, 0x9A, 0x76, 0x02, 0x7C, 0x86, 0x79, 0x9A, 0xB8, 0xC2, 0x14, 0x35, 0x18, 0x02,
    0x19, 0x08, 0x1E, 0x84, 0x26, 0x19, 0x18, 0x31, 0x4B, 0x05, 0x6C, 0x80, 0x6E, 0x02, 0x6F, 0x02,
    0x71, 0x81, 0x75, 0x72, 0x02, 0x73, 0x80, 0x75, 0x03, 0x76, 0x86, 0x73, 0x72, 0x74, 0x77, 0x78,
    0x74, 0x73, 0x02, 0x72, 0x02, 0x75, 0x05, 0x6F, 0x80, 0x6E, 0x02, 0x6F, 0x86, 0x6B, 0x5B, 0x67,
    0x77, 0x6E, 0x65, 0x5B, 0x02, 0x5C, 0x02, 0x69, 0x83, 0x6A, 0x5F, 0x65, 0x67, 0x03, 0x64, 0x02,
    0x67, 0x89, 0x68, 0x78, 0x94, 0xA9, 0xDB, 0xFF, 0x5B, 0x07, 0x03, 0x02, 0x03, 0x03, 0x81, 0x01,
    0x04, 0x02, 0x03, 0x80, 0x04, 0x02, 0x03, 0x02, 0x00, 0x80, 0x03, 0x02, 0x00, 0x03, 0x01, 0x02,
    0x03, 0x84, 0x06, 0x47, 0x93, 0x52, 0x07, 0x02, 0x06, 0x02, 0x03, 0x84, 0x04, 0x4D, 0xAC, 0xDB,
    0xE6, 0x04, 0xFF, 0x8C, 0xFB, 0xFF, 0xF6, 0xD1, 0x90, 0x7F, 0x87, 0x84, 0x89, 0x90, 0xB1, 0xEB,
    0xE7, 0x02, 0xF6, 0x82, 0xFB, 0xF5, 0xE8, 0x06, 0xFF, 0x81, 0xDC, 0xB0, 0x02, 0xD3, 0x82, 0xE6,
    0xE5, 0xF5, 0x02, 0xF6, 0x86, 0xFA, 0xE7, 0xE1, 0xE6, 0xDF, 0x56, 0x4D, 0x02, 0x4E, 0x80, 0x4D,
    0x02, 0x4E, 0x81, 0x4D, 0x49, 0x02, 0x8E, 0x82, 0x55, 0x40, 0x33, 0x02, 0x2D, 0x95, 0x2E, 0x28,
    0x17, 0x1B, 0x27, 0x24, 0x1B, 0x17, 0x25, 0x2D, 0x1F, 0x1E, 0x18, 0x26, 0x3B, 0x49, 0x2B, 0x49,
    0x57, 0x2B, 0x2F, 0x1A, 0x02, 0x17, 0x90, 0x1D, 0x1A, 0x27, 0x1D, 0x1B, 0x17, 0x21, 0x30, 0x16,
    0x2C, 0x8B, 0x89, 0x87, 0x7F, 0x55, 0x2E, 0x27, 0x02, 0x26, 0x83, 0x32, 0x2A, 0x3F, 0x60, 0x02,
    0x8A, 0x80, 0x60, 0x02, 0x48, 0x02, 0x60, 0x81, 0x46, 0x3A, 0x02, 0x33, 0x02, 0x2F, 0x80, 0x40,
    0x02, 0x34, 0x87, 0x36, 0x3A, 0x37, 0x39, 0x2B, 0x55, 0x62, 0x40, 0x03, 0x3C, 0x80, 0x41, 0x04,
    0x44, 0x02, 0x47, 0x80, 0x49, 0x02, 0x62, 0x8C, 0x49, 0x40, 0x4F, 0x3E, 0x49, 0x95, 0xEB, 0xFA,
    0xEF, 0x91, 0x80, 0x8D, 0xAE, 0x03, 0xFF, 0x81, 0xDF, 0x78, 0x03, 0x19, 0x86, 0x26, 0x31, 0x28,
    0x11, 0x77, 0xB0, 0xD6, 0x02, 0xFF, 0x8B, 0xFE, 0xCA, 0xC8, 0xBC, 0xB7, 0xB6, 0xB3, 0xD7, 0xDF,
    0xD6, 0xCB, 0xC6, 0x02, 0xA7, 0x80, 0xA2, 0x02, 0x9F, 0x82, 0xA2, 0xEE, 0xFF, 0x02, 0x7C, 0x87,
    0x73, 0x99, 0x7B, 0x6D, 0xB6, 0xC3, 0x77, 0x26, 0x0B, 0x1E, 0x80, 0x18, 0x03, 0x1E, 0x81, 0x18,
    0x1E, 0x05, 0x6C, 0x80, 0x6E, 0x02, 0x6F, 0x80, 0x71, 0x03, 0x73, 0x80, 0x76, 0x02, 0x75, 0x02,
    0x76, 0x02, 0x73, 0x82, 0x72, 0x74, 0x7B, 0x02, 0x74, 0x03, 0x72, 0x02, 0x73, 0x08, 0x6F, 0x83,
    0x6D, 0x5F, 0x64, 0x78, 0x02, 0x68, 0x02, 0x67, 0x02, 0x64, 0x83, 0x67, 0x68, 0x78, 0x93, 0x03,
    0x94, 0x82, 0x92, 0x78, 0x68, 0x04, 0x67, 0x84, 0xA7, 0xF0, 0x7C, 0x4D, 0x06, 0x13, 0x00, 0x88,
    0x03, 0x01, 0x04, 0x06, 0x07, 0x13, 0x7A, 0x52, 0x06, 0x02, 0x04, 0x85, 0x03, 0x07, 0x34, 0xAC,
    0xC6, 0xF9, 0x05, 0xFF, 0x8F, 0xF6, 0xD3, 0x90, 0x7F, 0x87, 0x84, 0x89, 0x90, 0xB1, 0xEB, 0xE7,
    0xF2, 0xF8, 0xE4, 0xE7, 0xF7, 0x03, 0xFF, 0x89, 0xF2, 0xF6, 0xEE, 0xE5, 0xD2, 0xB0, 0xD3, 0xDF,
    0xE5, 0xF5, 0x02, 0xF6, 0x86, 0xE2, 0xFA, 0xBF, 0xF7, 0xDF, 0x56, 0x4D, 0x05, 0x4E, 0x8A, 0x4C,
    0x4D, 0x49, 0x48, 0x63, 0x8E, 0x55, 0x46, 0x1A, 0x17, 0x1D, 0x05, 0x2D, 0x82, 0x30, 0x1F, 0x21,
    0x03, 0x1E, 0x8C, 0x26, 0x32, 0x2E, 0x47, 0x49, 0x2B, 0x52, 0x56, 0x29, 0x2F, 0x2D, 0x19, 0x16,
    0x02, 0x1D, 0x94, 0x30, 0x1A, 0x1E, 0x23, 0x25, 0x29, 0x61, 0x82, 0x87, 0x83, 0x55, 0x2E, 0x32,
    0x23, 0x19, 0x28, 0x13, 0x2F, 0x29, 0x48, 0x60, 0x02, 0x61, 0x89, 0x63, 0x8A, 0x63, 0x62, 0x49,
    0x46, 0x2C, 0x29, 0x2C, 0x40, 0x02, 0x34, 0x80, 0x2F, 0x02, 0x2C, 0x85, 0x49, 0x62, 0x46, 0x40,
    0x39, 0x3D, 0x02, 0x43, 0x03, 0x4A, 0x83, 0x44, 0x4A, 0x4C, 0x44, 0x02, 0x47, 0x8D, 0x46, 0x62,
    0x55, 0x47, 0x34, 0x62, 0xAE, 0xEB, 0xFE, 0xF2, 0x91, 0x7E, 0x95, 0xD5, 0x02, 0xFF, 0x85, 0xFB,
    0xDB, 0x67, 0x19, 0x16, 0x1E, 0x02, 0x23, 0x95, 0x37, 0xAC, 0xBA, 0xD8, 0xFC, 0xF6, 0xFF, 0xF0,
    0xC4, 0xC5, 0xBC, 0xB9, 0xB8, 0xD6, 0xD8, 0xD4, 0xDF, 0xF1, 0xA5, 0xBA, 0xA7, 0xA1, 0x02, 0x9F,
    0x84, 0xBB, 0xFF, 0xBE, 0x9A, 0x79, 0x02, 0x7A, 0x88, 0x7B, 0x79, 0xAC, 0xD6, 0x3C, 0x26, 0x1F,
    0x1E, 0x26, 0x05, 0x1E, 0x80, 0x26, 0x06, 0x1E, 0x81, 0x18, 0x1E, 0x05, 0x6C, 0x03, 0x6F, 0x80,
    0x71, 0x02, 0x73, 0x80, 0x75, 0x02, 0x76, 0x02, 0x75, 0x80, 0x76, 0x02, 0x73, 0x81, 0x74, 0x93,
    0x02, 0x74, 0x03, 0x73, 0x82, 0x72, 0x73, 0x72, 0x07, 0x6F, 0x83, 0x6E, 0x6F, 0x6B, 0x77, 0x02,
    0x67, 0x85, 0x78, 0x68, 0x78, 0x94, 0x93, 0x78, 0x05, 0x67, 0x03, 0x6A, 0x02, 0x65, 0x86, 0x5B,
    0x5A, 0x5B, 0x7B, 0xC7, 0xBC, 0xC8, 0x02, 0x04, 0x14, 0x00, 0x03, 0x04, 0x85, 0x06, 0x07, 0x40,
    0xA9, 0x0D, 0x04, 0x02, 0x06, 0x83, 0x02, 0x33, 0xA7, 0xE6, 0x05, 0xFF, 0x8A, 0xF4, 0xD3, 0x90,
    0x7F, 0x87, 0x84, 0x89, 0x90, 0xB1, 0xEB, 0xE5, 0x02, 0xF6, 0x82, 0xDB, 0xE2, 0xDB, 0x02, 0xFF,
    0x80, 0xF2, 0x03, 0xF0, 0x8F, 0xE6, 0xE8, 0xB0, 0xD3, 0xE6, 0xE5, 0xF5, 0xFE, 0xFF, 0xFA, 0xF4,
    0xEE, 0xFF, 0xDE, 0x58, 0x4F, 0x04, 0x4E, 0x03, 0x50, 0x02, 0x4E, 0x87, 0x4D, 0x49, 0x63, 0x8F,
    0x63, 0x46, 0x2C, 0x28, 0x03, 0x17, 0x83, 0x30, 0x2E, 0x27, 0x1A, 0x03, 0x1E, 0x87, 0x26, 0x18,
    0x17, 0x36, 0x2A, 0x4F, 0x49, 0x2B, 0x02, 0x57, 0x90, 0x2C, 0x2E, 0x27, 0x1B, 0x1D, 0x25, 0x32,
    0x1F, 0x30, 0x31, 0x22, 0x54, 0x80, 0x88, 0x83, 0x60, 0x2E, 0x02, 0x26, 0x87, 0x20, 0x38, 0x20,
    0x18, 0x21, 0x32, 0x34, 0x29, 0x02, 0x2B, 0x03, 0x2C, 0x81, 0x46, 0x48, 0x02, 0x62, 0x81, 0x63,
    0x8E, 0x02, 0x63, 0x87, 0x62, 0x63, 0x62, 0x45, 0x3F, 0x37, 0x3E, 0x43, 0x05, 0x44, 0x81, 0x47,
    0x44, 0x03, 0x4A, 0x80, 0x44, 0x02, 0x43, 0x8B, 0x46, 0x62, 0x4F, 0x3F, 0x91, 0xD3, 0xF4, 0xE9,
    0xEE, 0x91, 0x8D, 0x96, 0x02, 0xFB, 0x02, 0xFF, 0xAA, 0xD7, 0x56, 0x1E, 0x19, 0x23, 0x33, 0x4E,
    0xC1, 0xD8, 0xE7, 0xFC, 0xFF, 0xF2, 0xFF, 0xCE, 0xED, 0xBF, 0xC3, 0xBD, 0xC1, 0xC2, 0xD2, 0xE7,
    0xDF, 0xC7, 0xC3, 0xA4, 0xA7, 0xA3, 0xA1, 0xA3, 0xFF, 0xF0, 0x9A, 0x9E, 0x7A, 0x7B, 0x7C, 0x58,
    0x9B, 0xBD, 0xA0, 0x1C, 0x02, 0x26, 0x10, 0x1E, 0x05, 0x6C, 0x86, 0x6E, 0x6D, 0x6F, 0x72, 0x73,
    0x72, 0x73, 0x03, 0x75, 0x85, 0x76, 0x75, 0x73, 0x72, 0x7B, 0x77, 0x02, 0x74, 0x05, 0x73, 0x03,
    0x6F, 0x04, 0x6E, 0x81, 0x6F, 0x6E, 0x02, 0x6F, 0x84, 0x64, 0x78, 0x93, 0x78, 0x92, 0x02, 0x67,
    0x02, 0x5F, 0x80, 0x5B, 0x02, 0x69, 0x82, 0x65, 0x6A, 0x65, 0x02, 0x5F, 0x80, 0x66, 0x02, 0x5D,
    0x86, 0x69, 0x5D, 0x6C, 0xFF, 0xF6, 0x7A, 0x10, 0x15, 0x00, 0x82, 0x02, 0x00, 0x05, 0x02, 0x04,
    0x02, 0x06, 0x81, 0x58, 0x67, 0x02, 0x06, 0x86, 0x04, 0x06, 0x0B, 0x9C, 0xFC, 0xFF, 0xF6, 0x02,
    0xFF, 0x83, 0xF3, 0xD3, 0x90, 0x7F, 0x02, 0x84, 0x84, 0x82, 0x90, 0xB1, 0xEB, 0xDD, 0x02, 0xF6,
    0x8F, 0xFF, 0xDA, 0xC7, 0xF9, 0xED, 0xF0, 0xE1, 0xCE, 0xDA, 0xE7, 0xE6, 0xD7, 0xB1, 0xE8, 0xE6,
    0xFC, 0x02, 0xFF, 0x86, 0xFA, 0xF4, 0xEE, 0xF8, 0xDF, 0x59, 0x4F, 0x03, 0x4E, 0x06, 0x50, 0x89,
    0x4E, 0x4D, 0x4F, 0x46, 0x55, 0x8F, 0x63, 0x48, 0x29, 0x2E, 0x02, 0x17, 0x82, 0x1B, 0x27, 0x23,
    0x05, 0x1E, 0x84, 0x17, 0x1B, 0x23, 0x22, 0x2F, 0x02, 0x49, 0x80, 0x3F, 0x02, 0x57, 0x86, 0x29,
    0x2A, 0x22, 0x20, 0x38, 0x21, 0x24, 0x02, 0x35, 0x88, 0x45, 0x8B, 0x88, 0x83, 0x60, 0x2A, 0x25,
    0x26, 0x19, 0x02, 0x20, 0x83, 0x32, 0x2E, 0x27, 0x19, 0x02, 0x30, 0x80, 0x21, 0x02, 0x17, 0x83,
    0x38, 0x34, 0x38, 0x39, 0x02, 0x34, 0x04, 0x2C, 0x85, 0x34, 0x2E, 0x39, 0x3B, 0x41, 0x47, 0x02,
    0x52, 0x02, 0x4F, 0x80, 0x47, 0x03, 0x4F, 0x80, 0x43, 0x03, 0x4A, 0xA0, 0x44, 0x4B, 0x47, 0x49,
    0x4F, 0x55, 0x96, 0xFF, 0xFA, 0xF3, 0xF7, 0x91, 0x95, 0xB1, 0xEF, 0xFF, 0xF9, 0xFF, 0xD7, 0x4F,
    0x1E, 0x35, 0x13, 0x70, 0xDC, 0xD8, 0xFC, 0xFF, 0xF2, 0xE7, 0xFF, 0xED, 0xCE, 0x02, 0xC5, 0x90,
    0xBD, 0xC1, 0xD4, 0xDF, 0xF7, 0xFC, 0xE6, 0xC3, 0xBA, 0xAC, 0xAA, 0xA4, 0xAA, 0xF6, 0xE1, 0xC8,
    0x7C, 0x03, 0x7A, 0x02, 0x79, 0x85, 0xC3, 0xC1, 0x4D, 0x32, 0x1E, 0x18, 0x10, 0x1E, 0x04, 0x6C,
    0x81, 0x6D, 0x6E, 0x02, 0x6F, 0x02, 0x73, 0x83, 0x72, 0x73, 0x75, 0x76, 0x04, 0x73, 0x84, 0x79,
    0x77, 0x74, 0x76, 0x72, 0x05, 0x73, 0x03, 0x6F, 0x04, 0x6E, 0x80, 0x6D, 0x03, 0x6F, 0x82, 0x6B,
    0x67, 0x64, 0x02, 0x67, 0x84, 0x93, 0x67, 0x66, 0x69, 0x5D, 0x02, 0x69, 0x80, 0x66, 0x02, 0x5F,
    0x02, 0x65, 0x81, 0x6A, 0x5F, 0x02, 0x69, 0x85, 0x65, 0x5B, 0x9B, 0xE1, 0x9D, 0x53, 0x15, 0x00,
    0x82, 0x02, 0x03, 0x05, 0x02, 0x04, 0x84, 0x05, 0x04, 0x07, 0x0A, 0xA6, 0x02, 0x07, 0x02, 0x06,
    0x82, 0x11, 0xA4, 0xF6, 0x03, 0xFF, 0x8A, 0xF3, 0xD3, 0x90, 0x7F, 0x86, 0x84, 0x82, 0x90, 0xB1,
    0xEB, 0xD2, 0x02, 0xF6, 0x8E, 0xFC, 0xE7, 0xD6, 0xB4, 0xCA, 0xEB, 0xF0, 0xBF, 0xD6, 0xDA, 0xD7,
    0xD3, 0xAF, 0xDB, 0xE5, 0x03, 0xFF, 0x86, 0xFA, 0xF4, 0xEE, 0xED, 0xE6, 0x58, 0x4E, 0x02, 0x50,
    0x80, 0x4E, 0x03, 0x50, 0x80, 0x51, 0x02, 0x50, 0x03, 0x51, 0x8B, 0x4E, 0x4D, 0x46, 0x55, 0x8A,
    0x8E, 0x55, 0x3F, 0x2A, 0x27, 0x1B, 0x30, 0x02, 0x1E, 0x80, 0x1D, 0x02, 0x1E, 0x02, 0x1D, 0x9A,
    0x16, 0x28, 0x1A, 0x32, 0x22, 0x40, 0x49, 0x45, 0x63, 0x55, 0x2C, 0x2A, 0x31, 0x28, 0x37, 0x38,
    0x3A, 0x3F, 0x8A, 0x88, 0x82, 0x63, 0x2A, 0x16, 0x31, 0x35, 0x32, 0x04, 0x35, 0x80, 0x33, 0x03,
    0x35, 0x88, 0x37, 0x34, 0x38, 0x3A, 0x39, 0x37, 0x34, 0x37, 0x38, 0x02, 0x3A, 0x8A, 0x37, 0x3B,
    0x3C, 0x4D, 0x52, 0x4F, 0x47, 0x44, 0x4A, 0x44, 0x4B, 0x02, 0x44, 0x02, 0x47, 0x80, 0x4D, 0x04,
    0x4A, 0x8D, 0x47, 0x52, 0x40, 0x49, 0x8E, 0xD3, 0xE7, 0xFA, 0xF3, 0xE2, 0x91, 0x96, 0xEA, 0xE5,
    0x03, 0xFF, 0x8D, 0xDB, 0x34, 0x14, 0x4B, 0xC6, 0xC2, 0xC3, 0xFC, 0xF2, 0xF0, 0xF2, 0xDE, 0xFF,
    0xE1, 0x02, 0xCA, 0x83, 0xC5, 0xBD, 0xDC, 0xF7, 0x02, 0xFF, 0x82, 0xF6, 0xC9, 0xC3, 0x02, 0xBD,
    0x82, 0xB6, 0xB2, 0xCA, 0x02, 0xFF, 0x8A, 0x9D, 0xA3, 0x7A, 0x71, 0x7B, 0x59, 0x7C, 0xBF, 0xC2,
    0x3C, 0x26, 0x12, 0x1E, 0x03, 0x6C, 0x02, 0x6D, 0x81, 0x6F, 0x6E, 0x04, 0x73, 0x02, 0x75, 0x02,
    0x76, 0x02, 0x73, 0x83, 0x75, 0x76, 0x72, 0x75, 0x05, 0x73, 0x02, 0x72, 0x08, 0x6F, 0x8C, 0x6E,
    0x6D, 0x6E, 0x6F, 0x6A, 0x5D, 0x5C, 0x5F, 0x67, 0x78, 0x66, 0x69, 0x5C, 0x02, 0x5D, 0x02, 0x69,
    0x80, 0x5D, 0x02, 0x5C, 0x02, 0x5F, 0x80, 0x5E, 0x02, 0x5F, 0x87, 0x5B, 0x6B, 0xA4, 0xBB, 0xA1,
    0x06, 0x00, 0x04, 0x12, 0x00, 0x80, 0x03, 0x03, 0x00, 0x80, 0x02, 0x02, 0x00, 0x80, 0x04, 0x02,
    0x06, 0x82, 0x93, 0x08, 0x06, 0x02, 0x08, 0xA4, 0x11, 0x99, 0xDF, 0xFB, 0xF3, 0xF6, 0xB1, 0x95,
    0x7F, 0x87, 0x82, 0x89, 0x90, 0xB1, 0xEF, 0xE9, 0xDA, 0xE9, 0xF7, 0xF8, 0xFF, 0xC1, 0xA1, 0xF0,
    0xB9, 0xF1, 0x9B, 0xBB, 0xE9, 0xBD, 0xD5, 0xB0, 0xDB, 0xFC, 0xF3, 0xF8, 0xFC, 0x02, 0xF2, 0x85,
    0xFF, 0xE9, 0x59, 0x4D, 0x4C, 0x4E, 0x07, 0x50, 0x05, 0x51, 0x88, 0x50, 0x4D, 0x47, 0x49, 0x63,
    0x8E, 0x63, 0x45, 0x2A, 0x02, 0x17, 0x80, 0x27, 0x02, 0x24, 0x81, 0x1A, 0x23, 0x02, 0x17, 0x82,
    0x2E, 0x2D, 0x2E, 0x02, 0x30, 0x91, 0x29, 0x63, 0x55, 0x45, 0x49, 0x57, 0x46, 0x40, 0x2E, 0x3B,
    0x3C, 0x34, 0x55, 0x7F, 0x84, 0x63, 0x29, 0x30, 0x02, 0x32, 0x87, 0x35, 0x21, 0x28, 0x1D, 0x26,
    0x31, 0x20, 0x28, 0x02, 0x36, 0x81, 0x35, 0x36, 0x03, 0x38, 0x80, 0x37, 0x02, 0x34, 0x81, 0x2F,
    0x40, 0x03, 0x47, 0x03, 0x44, 0x03, 0x4A, 0x03, 0x44, 0x82, 0x4A, 0x4D, 0x4F, 0x02, 0x4B, 0x02,
    0x4A, 0x02, 0x44, 0x8C, 0x52, 0x40, 0x49, 0x98, 0xE9, 0xFF, 0xFC, 0xF4, 0xDD, 0x97, 0xAE, 0xE9,
    0xFA, 0x02, 0xF6, 0x85, 0xF7, 0xD7, 0x34, 0x79, 0xC4, 0xF5, 0x07, 0xFF, 0x86, 0xF0, 0xE1, 0xCE,
    0xCA, 0xC8, 0xCE, 0xF6, 0x02, 0xFF, 0x95, 0xFC, 0xE5, 0xDA, 0xC7, 0xBD, 0xBE, 0xBB, 0xCA, 0xFF,
    0xF0, 0xCE, 0x9A, 0x99, 0x79, 0x7A, 0x58, 0x7B, 0xBA, 0xC2, 0x77, 0x23, 0x35, 0x12, 0x1E, 0x02,
    0x6C, 0x82, 0x6D, 0x6E, 0x6D, 0x02, 0x6F, 0x03, 0x73, 0x03, 0x75, 0x82, 0x76, 0x75, 0x72, 0x02,
    0x75, 0x81, 0x72, 0x73, 0x05, 0x72, 0x82, 0x73, 0x72, 0x71, 0x02, 0x6F, 0x08, 0x6E, 0x02, 0x6F,
    0x87, 0x6B, 0x65, 0x5C, 0x5F, 0x67, 0x94, 0x67, 0x65, 0x02, 0x69, 0x83, 0x5D, 0x5C, 0x5F, 0x5C,
    0x02, 0x5E, 0x80, 0x5B, 0x03, 0x5E, 0x88, 0x5F, 0x6A, 0x5E, 0x58, 0xA3, 0x9A, 0x53, 0x04, 0x03,
    0x14, 0x00, 0x80, 0x01, 0x05, 0x00, 0x02, 0x06, 0xAF, 0x07, 0x93, 0x08, 0x07, 0x09, 0x07, 0x08,
    0x79, 0xE9, 0xDB, 0xF9, 0xB1, 0x95, 0x7F, 0x87, 0x86, 0x89, 0x90, 0xB1, 0xEC, 0xE9, 0xD2, 0xDF,
    0xE9, 0xF8, 0xFF, 0xD2, 0xA7, 0xBD, 0xB8, 0xB5, 0xEB, 0xCE, 0xD6, 0xD2, 0xA9, 0xB1, 0xD5, 0xE9,
    0xF2, 0xF8, 0xE7, 0xF6, 0xF2, 0xFF, 0xE9, 0x58, 0x4D, 0x03, 0x4B, 0x80, 0x4D, 0x05, 0x50, 0x08,
    0x51, 0x98, 0x4F, 0x47, 0x49, 0x60, 0x8F, 0x8E, 0x55, 0x2C, 0x2A, 0x36, 0x1B, 0x30, 0x2D, 0x32,
    0x27, 0x22, 0x1D, 0x32, 0x28, 0x1B, 0x11, 0x2C, 0x29, 0x40, 0x52, 0x02, 0x46, 0x02, 0x55, 0x89,
    0x52, 0x47, 0x2C, 0x48, 0x7E, 0x84, 0x8A, 0x2C, 0x1D, 0x30, 0x02, 0x32, 0x81, 0x35, 0x33, 0x03,
    0x35, 0x03, 0x37, 0x81, 0x36, 0x37, 0x04, 0x38, 0x81, 0x37, 0x41, 0x02, 0x47, 0x02, 0x41, 0x02,
    0x44, 0x04, 0x4A, 0x80, 0x44, 0x02, 0x47, 0x86, 0x4F, 0x4D, 0x44, 0x41, 0x52, 0x44, 0x4B, 0x03,
    0x4A, 0x94, 0x47, 0x49, 0x40, 0x68, 0xB1, 0xF7, 0xF6, 0xE8, 0xF4, 0xE5, 0xAD, 0xB1, 0xE9, 0xF4,
    0xF2, 0xF0, 0xE9, 0xA7, 0xC1, 0xCB, 0xF6, 0x07, 0xFF, 0x82, 0xF6, 0xF0, 0xE1, 0x02, 0xCE, 0x81,
    0xE1, 0xF0, 0x03, 0xFF, 0x86, 0xE7, 0xDD, 0xD6, 0xDA, 0xCC, 0xBF, 0xE1, 0x02, 0xFF, 0x85, 0xF6,
    0xA5, 0xB3, 0x9B, 0x9A, 0x71, 0x02, 0x99, 0x86, 0xD8, 0xE4, 0x3C, 0x33, 0x35, 0x1E, 0x26, 0x10,
    0x1E, 0x05, 0x6D, 0x02, 0x6F, 0x80, 0x75, 0x03, 0x73, 0x03, 0x75, 0x02, 0x72, 0x84, 0x76, 0x72,
    0x73, 0x71, 0x72, 0x04, 0x71, 0x82, 0x72, 0x73, 0x71, 0x02, 0x6F, 0x06, 0x6D, 0x02, 0x6E, 0x80,
    0x6F, 0x02, 0x6C, 0x8A, 0x5E, 0x5C, 0x6A, 0x64, 0x67, 0x92, 0x64, 0x5F, 0x69, 0x5D, 0x66, 0x09,
    0x5E, 0x87, 0x66, 0x5B, 0x6A, 0x7C, 0x9F, 0x76, 0x03, 0x05, 0x17, 0x00, 0x80, 0x03, 0x02, 0x00,
    0x98, 0x02, 0x06, 0x07, 0x08, 0x78, 0x07, 0x04, 0x06, 0x04, 0x08, 0x59, 0xD5, 0xDF, 0xD1, 0x95,
    0x7F, 0x87, 0x86, 0x89, 0x90, 0xB1, 0xEF, 0xE6, 0xE9, 0xC3, 0x03, 0xE9, 0x94, 0xE6, 0xD4, 0x59,
    0xBF, 0x76, 0xEB, 0x7C, 0xDB, 0xDE, 0xA7, 0xD1, 0xD2, 0xDF, 0xFC, 0xF8, 0xE7, 0xF6, 0xEE, 0xFF,
    0xE9, 0x56, 0x02, 0x4B, 0x03, 0x4C, 0x82, 0x4B, 0x4C, 0x4E, 0x0C, 0x51, 0x8D, 0x50, 0x4E, 0x49,
    0x55, 0x63, 0x8E, 0x62, 0x46, 0x2E, 0x17, 0x1B, 0x17, 0x24, 0x2D, 0x02, 0x17, 0x88, 0x21, 0x1D,
    0x25, 0x36, 0x19, 0x33, 0x2A, 0x40, 0x52, 0x03, 0x2C, 0x90, 0x46, 0x57, 0x62, 0x8A, 0x82, 0x8B,
    0x46, 0x3A, 0x38, 0x35, 0x21, 0x3B, 0x41, 0x39, 0x35, 0x26, 0x35, 0x03, 0x37, 0x02, 0x36, 0x02,
    0x37, 0x83, 0x47, 0x41, 0x34, 0x3C, 0x02, 0x3D, 0x83, 0x43, 0x44, 0x4A, 0x4B, 0x02, 0x44, 0x02,
    0x47, 0x83, 0x4F, 0x52, 0x47, 0x4F, 0x02, 0x47, 0x80, 0x4F, 0x02, 0x4B, 0x02, 0x4A, 0x94, 0x44,
    0x52, 0x49, 0x46, 0x95, 0xDF, 0xEB, 0xF6, 0xE7, 0xF4, 0xF9, 0xB0, 0xD8, 0xF6, 0xF4, 0xF2, 0xF6,
    0xE9, 0xC1, 0xD7, 0xF6, 0x02, 0xED, 0x07, 0xFF, 0x81, 0xF0, 0xE1, 0x02, 0xCE, 0x80, 0xF0, 0x03,
    0xFF, 0x87, 0xFE, 0xE7, 0xDD, 0xDB, 0xE2, 0xC7, 0xF0, 0xF6, 0x02, 0xFF, 0x8C, 0xED, 0xAA, 0xA2,
    0x99, 0x79, 0x7A, 0x99, 0xD6, 0xAC, 0x5A, 0x31, 0x26, 0x18, 0x12, 0x1E, 0x81, 0x6D, 0x6E, 0x02,
    0x6F, 0x02, 0x6E, 0x81, 0x71, 0x75, 0x03, 0x73, 0x02, 0x75, 0x82, 0x70, 0x74, 0x79, 0x04, 0x72,
    0x81, 0x73, 0x71, 0x05, 0x72, 0x80, 0x71, 0x02, 0x6F, 0x06, 0x6D, 0x04, 0x6E, 0x8A, 0x6C, 0x6B,
    0x5E, 0x5F, 0x66, 0x65, 0x68, 0x93, 0x64, 0x6A, 0x65, 0x0D, 0x5E, 0x84, 0x79, 0x9F, 0x58, 0x0B,
    0x05, 0x11, 0x00, 0x80, 0x03, 0x0A, 0x00, 0x8D, 0x05, 0x07, 0x2A, 0x67, 0x06, 0x04, 0x01, 0x02,
    0x07, 0x50, 0xBD, 0xB1, 0x95, 0x7F, 0x02, 0x87, 0x9F, 0x89, 0x90, 0xB1, 0xEF, 0xF7, 0xFC, 0xF1,
    0xDA, 0xDF, 0xE6, 0xFF, 0xD6, 0xA9, 0x7A, 0xF8, 0x9A, 0xC7, 0x79, 0x74, 0xC2, 0xA2, 0xC1, 0xD4,
    0xFD, 0xF1, 0xE7, 0xF6, 0xF2, 0xFF, 0xE9, 0x56, 0x3D, 0x08, 0x4C, 0x0E, 0x51, 0x98, 0x50, 0x4F,
    0x49, 0x62, 0x8E, 0x62, 0x45, 0x2E, 0x15, 0x36, 0x2D, 0x22, 0x1A, 0x30, 0x2D, 0x30, 0x21, 0x17,
    0x1B, 0x26, 0x2E, 0x2A, 0x46, 0x52, 0x49, 0x02, 0x46, 0x81, 0x3F, 0x54, 0x02, 0x8C, 0x80, 0x48,
    0x02, 0x3C, 0x80, 0x3A, 0x03, 0x3E, 0x02, 0x3D, 0x80, 0x39, 0x02, 0x35, 0x80, 0x38, 0x02, 0x36,
    0x82, 0x37, 0x38, 0x41, 0x02, 0x34, 0x89, 0x3B, 0x3C, 0x3E, 0x42, 0x44, 0x4A, 0x44, 0x47, 0x4F,
    0x52, 0x02, 0x4F, 0x03, 0x47, 0x88, 0x52, 0x47, 0x4F, 0x47, 0x4B, 0x4A, 0x4B, 0x44, 0x47, 0x02,
    0x49, 0x90, 0x62, 0x96, 0xF6, 0xEE, 0xF7, 0xDE, 0xF2, 0xF6, 0xDF, 0xFF, 0xF3, 0xFB, 0xF2, 0xF6,
    0xE9, 0xC1, 0xDF, 0x05, 0xFF, 0x80, 0xF6, 0x03, 0xFF, 0x82, 0xF6, 0xE4, 0xF0, 0x02, 0xED, 0x05,
    0xFF, 0x82, 0xE4, 0xDC, 0xF5, 0x02, 0xE4, 0x02, 0xFF, 0x81, 0xFE, 0xFF, 0x02, 0xCE, 0x88, 0xA1,
    0x9A, 0x7A, 0xA1, 0xB6, 0xC3, 0x7B, 0x14, 0x26, 0x03, 0x19, 0x11, 0x1E, 0x06, 0x6F, 0x05, 0x73,
    0x84, 0x75, 0x72, 0x74, 0x79, 0x71, 0x02, 0x72, 0x08, 0x71, 0x80, 0x72, 0x03, 0x6F, 0x0A, 0x6D,
    0x02, 0x6B, 0x02, 0x66, 0x02, 0x5D, 0x85, 0x6B, 0x68, 0x92, 0x5A, 0x65, 0x69, 0x04, 0x5E, 0x82,
    0x5C, 0x5E, 0x5B, 0x02, 0x5E, 0x80, 0x66, 0x02, 0x5E, 0x84, 0x6F, 0x9E, 0x73, 0x18, 0x04, 0x1C,
    0x00, 0xAF, 0x05, 0x02, 0x07, 0x4F, 0x47, 0x06, 0x03, 0x01, 0x06, 0x07, 0x33, 0x94, 0x95, 0x80,
    0x87, 0x86, 0x89, 0x90, 0xB1, 0xEC, 0xF7, 0xF1, 0xF7, 0xDC, 0xC2, 0xDE, 0xF6, 0xDF, 0xC1, 0x52,
    0xE3, 0x79, 0xFF, 0xA1, 0xAC, 0xD7, 0x5A, 0xC1, 0xD7, 0xDF, 0xF1, 0xE7, 0xF6, 0xF2, 0xFB, 0xE9,
    0x58, 0x23, 0x04, 0x4B, 0x04, 0x4C, 0x81, 0x4D, 0x50, 0x0F, 0x51, 0x88, 0x52, 0x49, 0x55, 0x8F,
    0x55, 0x29, 0x34, 0x22, 0x2E, 0x02, 0x27, 0x02, 0x24, 0x94, 0x27, 0x23, 0x26, 0x20, 0x26, 0x1C,
    0x33, 0x22, 0x2A, 0x2C, 0x46, 0x52, 0x55, 0x61, 0x7E, 0x63, 0x62, 0x46, 0x40, 0x3D, 0x3E, 0x02,
    0x42, 0x03, 0x3D, 0x02, 0x39, 0x85, 0x3B, 0x38, 0x37, 0x38, 0x40, 0x41, 0x02, 0x39, 0x84, 0x3A,
    0x3D, 0x43, 0x44, 0x4B, 0x02, 0x4F, 0x02, 0x47, 0x04, 0x4B, 0x84, 0x47, 0x52, 0x47, 0x52, 0x47,
    0x02, 0x4A, 0x81, 0x44, 0x47, 0x02, 0x52, 0x84, 0x45, 0x63, 0x97, 0xF4, 0xEF, 0x02, 0xDF, 0x8A,
    0xEE, 0xFF, 0xE9, 0xFF, 0xF3, 0xE9, 0xF2, 0xF6, 0xE9, 0xC1, 0xDF, 0x02, 0xF9, 0x07, 0xFF, 0x81,
    0xF6, 0xF0, 0x02, 0xF6, 0x80, 0xF0, 0x04, 0xFF, 0x96, 0xF5, 0xDB, 0xDC, 0xE7, 0xFC, 0xF5, 0xFF,
    0xF6, 0xFF, 0xF0, 0xC8, 0x7C, 0x79, 0x9B, 0xA4, 0xAB, 0xD6, 0x99, 0x0F, 0x13, 0x18, 0x19, 0x20,
    0x12, 0x1E, 0x05, 0x6F, 0x81, 0x71, 0x75, 0x02, 0x73, 0x84, 0x75, 0x73, 0x75, 0x74, 0x7B, 0x02,
    0x74, 0x03, 0x71, 0x82, 0x72, 0x71, 0x6F, 0x05, 0x71, 0x03, 0x6E, 0x09, 0x6D, 0x80, 0x6C, 0x02,
    0x6A, 0x03, 0x66, 0x81, 0x5C, 0x69, 0x02, 0x67, 0x87, 0x93, 0x67, 0x66, 0x69, 0x5C, 0x5F, 0x65,
    0x5F, 0x03, 0x5E, 0x80, 0x5B, 0x03, 0x5E, 0x84, 0x6B, 0x7B, 0x99, 0x12, 0x06, 0x1C, 0x00, 0x86,
    0x04, 0x03, 0x04, 0x06, 0x68, 0x08, 0x04, 0x02, 0x05, 0x80, 0x02, 0x02, 0x08, 0x88, 0x91, 0x80,
    0x87, 0x86, 0x89, 0x90, 0xB1, 0xEB, 0xDF, 0x02, 0xFF, 0x99, 0xE9, 0xD8, 0xC2, 0xFF, 0xD8, 0xDC,
    0x7B, 0x6B, 0xD0, 0x76, 0xFF, 0xBD, 0xC2, 0xBD, 0xE6, 0xC1, 0xDF, 0xE7, 0xF1, 0xFE, 0xF6, 0xFF,
    0xE5, 0x56, 0x22, 0x3B, 0x02, 0x4C, 0x80, 0x4B, 0x07, 0x4C, 0x80, 0x50, 0x0D, 0x51, 0x93, 0x52,
    0x4D, 0x47, 0x3F, 0x8E, 0x8F, 0x48, 0x68, 0x13, 0x19, 0x22, 0x28, 0x17, 0x30, 0x2D, 0x26, 0x20,
    0x19, 0x1E, 0x26, 0x03, 0x1F, 0x8D, 0x27, 0x32, 0x2A, 0x55, 0x7E, 0x60, 0x34, 0x57, 0x62, 0x3F,
    0x47, 0x3D, 0x42, 0x3D, 0x02, 0x42, 0x87, 0x41, 0x42, 0x3E, 0x3B, 0x37, 0x39, 0x41, 0x4B, 0x02,
    0x39, 0x82, 0x3B, 0x38, 0x42, 0x02, 0x4B, 0x81, 0x4F, 0x4D, 0x02, 0x47, 0x91, 0x4B, 0x4A, 0x41,
    0x4F, 0x52, 0x47, 0x40, 0x4F, 0x4B, 0x44, 0x4B, 0x47, 0x57, 0x49, 0x46, 0x55, 0x49, 0xB0, 0x0B,
    0xFF, 0x83, 0xF8, 0xDF, 0xC2, 0xF7, 0x0B, 0xFF, 0x8A, 0xF6, 0xFF, 0xF6, 0xFF, 0xF6, 0xF7, 0xDC,
    0xE2, 0xFC, 0xFF, 0xF9, 0x03, 0xFF, 0x85, 0xF6, 0xDB, 0xC6, 0xB8, 0x6A, 0xAA, 0x02, 0xBD, 0x82,
    0xC7, 0x58, 0x32, 0x03, 0x26, 0x02, 0x20, 0x12, 0x1E, 0x87, 0x6C, 0x71, 0x6F, 0x71, 0x6F, 0x72,
    0x73, 0x75, 0x02, 0x73, 0x83, 0x76, 0x74, 0x79, 0x77, 0x02, 0x72, 0x04, 0x71, 0x03, 0x6F, 0x02,
    0x71, 0x81, 0x6F, 0x71, 0x03, 0x6D, 0x81, 0x6C, 0x6D, 0x04, 0x6C, 0x03, 0x6D, 0x80, 0x6B, 0x03,
    0x66, 0x03, 0x5E, 0x87, 0x69, 0x5F, 0x64, 0x67, 0x94, 0x64, 0x6C, 0x5B, 0x02, 0x5F, 0x8B, 0x66,
    0x5E, 0x66, 0x5E, 0x5B, 0x5E, 0x65, 0x5E, 0x6B, 0x6F, 0x79, 0x51, 0x1D, 0x00, 0xB2, 0x02, 0x00,
    0x03, 0x06, 0x02, 0x93, 0x07, 0x04, 0x05, 0x04, 0x06, 0x07, 0x91, 0x80, 0x87, 0x88, 0x82, 0x8D,
    0xB1, 0xEA, 0xDD, 0xF2, 0xFF, 0xDD, 0xD8, 0xD4, 0xD6, 0xE6, 0xD8, 0xC1, 0xA9, 0xC6, 0xBE, 0xEB,
    0xDB, 0xB0, 0xF1, 0x76, 0xAC, 0xD7, 0xDD, 0xF7, 0xFF, 0xF6, 0xFF, 0xE9, 0x74, 0x41, 0x33, 0x4C,
    0x4A, 0x09, 0x4C, 0x84, 0x4D, 0x50, 0x51, 0x4E, 0x50, 0x09, 0x51, 0x83, 0x4C, 0x3D, 0x2C, 0x60,
    0x02, 0x8C, 0x85, 0x8A, 0x3F, 0x33, 0x17, 0x35, 0x2D, 0x02, 0x27, 0x09, 0x1E, 0x8A, 0x1F, 0x1C,
    0x2C, 0x8A, 0x61, 0x4F, 0x46, 0x45, 0x62, 0x57, 0x40, 0x02, 0x41, 0x80, 0x43, 0x02, 0x42, 0x02,
    0x41, 0x80, 0x42, 0x04, 0x3D, 0x84, 0x4B, 0x3C, 0x39, 0x3D, 0x4A, 0x02, 0x4B, 0x87, 0x47, 0x52,
    0x4D, 0x47, 0x4D, 0x47, 0x52, 0x4F, 0x02, 0x44, 0x80, 0x4F, 0x02, 0x47, 0x88, 0x4B, 0x47, 0x57,
    0x3F, 0x52, 0x40, 0x8E, 0x46, 0xD3, 0x0A, 0xFF, 0x84, 0xF4, 0xF3, 0xDF, 0xD1, 0xFC, 0x0B, 0xFF,
    0x80, 0xF6, 0x02, 0xFF, 0x84, 0xFC, 0xE5, 0xD4, 0xDB, 0xE7, 0x06, 0xFF, 0x84, 0xFE, 0xDB, 0xFE,
    0x58, 0xD0, 0x02, 0xBD, 0x84, 0xAC, 0x3C, 0x37, 0x14, 0x26, 0x16, 0x1E, 0x03, 0x75, 0x84, 0x72,
    0x71, 0x75, 0x73, 0x75, 0x02, 0x73, 0x85, 0x74, 0x77, 0x79, 0x72, 0x71, 0x72, 0x04, 0x71, 0x03,
    0x6F, 0x04, 0x71, 0x80, 0x6C, 0x02, 0x6D, 0x09, 0x6C, 0x80, 0x6A, 0x03, 0x66, 0x03, 0x5E, 0x02,
    0x69, 0x8A, 0x5F, 0x6B, 0x64, 0x94, 0x68, 0x67, 0x65, 0x69, 0x5C, 0x5E, 0x65, 0x03, 0x5E, 0x81,
    0x65, 0x5E, 0x02, 0x5B, 0x82, 0x7A, 0x6E, 0x04, 0x1C, 0x00, 0x82, 0x03, 0x00, 0x03, 0x02, 0x05,
    0x83, 0x2E, 0x58, 0x07, 0x04, 0x02, 0x05, 0x83, 0x07, 0x8E, 0x80, 0x87, 0x02, 0x82, 0x83, 0x8D,
    0xB1, 0xEA, 0xDC, 0x02, 0xFF, 0x83, 0xE5, 0xE7, 0xDE, 0xC3, 0x02, 0xDE, 0x94, 0xD2, 0x67, 0x7C,
    0xC6, 0xBF, 0xDB, 0xD4, 0xBD, 0x9C, 0xDF, 0xD4, 0xDF, 0xFE, 0xFF, 0xF6, 0xFF, 0xE9, 0x93, 0x64,
    0x44, 0x3C, 0x10, 0x4C, 0x81, 0x4E, 0x50, 0x06, 0x51, 0x8B, 0x4E, 0x46, 0x55, 0x8F, 0x63, 0x8A,
    0x8B, 0x8E, 0x54, 0x29, 0x17, 0x1D, 0x02, 0x1A, 0x81, 0x1E, 0x23, 0x08, 0x1E, 0x8C, 0x28, 0x2E,
    0x55, 0x8D, 0x2B, 0x4F, 0x52, 0x46, 0x45, 0x62, 0x52, 0x40, 0x41, 0x04, 0x42, 0x80, 0x3E, 0x02,
    0x42, 0x03, 0x3D, 0x84, 0x4B, 0x41, 0x3B, 0x3D, 0x4A, 0x02, 0x4B, 0x85, 0x4F, 0x4D, 0x4C, 0x4B,
    0x52, 0x47, 0x02, 0x4B, 0x8C, 0x4D, 0x52, 0x47, 0x4B, 0x47, 0x57, 0x3F, 0x52, 0x40, 0x46, 0x63,
    0x49, 0xDA, 0x0A, 0xFF, 0x84, 0xF4, 0xF2, 0xD7, 0xD1, 0xFA, 0x02, 0xFF, 0x80, 0xF9, 0x08, 0xFF,
    0x86, 0xF6, 0xFF, 0xFC, 0xE7, 0xDA, 0xE8, 0xE7, 0x02, 0xFF, 0x80, 0xF9, 0x05, 0xFF, 0x89, 0xF3,
    0x75, 0xF1, 0xDF, 0xD4, 0x65, 0x11, 0x32, 0x18, 0x31, 0x17, 0x1E, 0x04, 0x75, 0x04, 0x73, 0x86,
    0x76, 0x74, 0x77, 0x7B, 0x74, 0x72, 0x73, 0x04, 0x72, 0x80, 0x71, 0x04, 0x6F, 0x02, 0x71, 0x81,
    0x6F, 0x6D, 0x08, 0x6C, 0x02, 0x6D, 0x81, 0x6C, 0x66, 0x06, 0x5E, 0x02, 0x69, 0x03, 0x5F, 0x80,
    0x64, 0x02, 0x78, 0x82, 0x67, 0x5F, 0x5C, 0x06, 0x5E, 0x88, 0x5B, 0x66, 0x5B, 0x79, 0x71, 0x26,
    0x04, 0x06, 0x04, 0x19, 0x00, 0x05, 0x03, 0x89, 0x07, 0x67, 0x0A, 0x02, 0x06, 0x05, 0x07, 0x8E,
    0x7F, 0x87, 0x02, 0x82, 0x83, 0x8D, 0xAF, 0xF4, 0xDF, 0x04, 0xFF, 0x98, 0xFC, 0xE9, 0xC1, 0xD8,
    0xDF, 0xA0, 0xDE, 0xF7, 0xE6, 0xDB, 0xD2, 0xFF, 0xDB, 0xBA, 0xBD, 0xDF, 0xF7, 0xFF, 0xF6, 0xFF,
    0xE5, 0xB0, 0xA0, 0x58, 0x41, 0x0E, 0x4C, 0x05, 0x4D, 0x80, 0x50, 0x02, 0x51, 0x85, 0x52, 0x49,
    0x48, 0x8E, 0x63, 0x29, 0x02, 0x2C, 0x02, 0x2B, 0x85, 0x62, 0x63, 0x2B, 0x23, 0x15, 0x19, 0x02,
    0x1E, 0x80, 0x18, 0x07, 0x1E, 0x8C, 0x1D, 0x17, 0x3F, 0x8E, 0x45, 0x2E, 0x34, 0x52, 0x56, 0x45,
    0x48, 0x62, 0x49, 0x02, 0x40, 0x84, 0x4A, 0x3E, 0x4A, 0x43, 0x41, 0x02, 0x42, 0x82, 0x3D, 0x42,
    0x4C, 0x02, 0x44, 0x02, 0x4A, 0x82, 0x4B, 0x4F, 0x47, 0x04, 0x4C, 0x87, 0x44, 0x47, 0x52, 0x44,
    0x4B, 0x47, 0x62, 0x46, 0x02, 0x49, 0x84, 0x41, 0x46, 0x62, 0x49, 0xE0, 0x0A, 0xFF, 0x83, 0xF4,
    0xF3, 0xDB, 0xD1, 0x0E, 0xFF, 0x86, 0xF7, 0xDC, 0xDA, 0xE5, 0xF5, 0xFF, 0xF6, 0x02, 0xFF, 0x81,
    0xFE, 0xFF, 0x02, 0xF6, 0x89, 0x79, 0xC6, 0xBD, 0x9C, 0x41, 0x33, 0x18, 0x26, 0x20, 0x19, 0x17,
    0x1E, 0x02, 0x75, 0x02, 0x76, 0x04, 0x73, 0x02, 0x74, 0x84, 0x93, 0x74, 0x72, 0x73, 0x74, 0x04,
    0x72, 0x81, 0x6F, 0x6E, 0x04, 0x6F, 0x81, 0x71, 0x6E, 0x09, 0x6C, 0x80, 0x6D, 0x02, 0x6C, 0x07,
    0x5E, 0x82, 0x69, 0x5D, 0x5C, 0x02, 0x5D, 0x94, 0x5F, 0x67, 0x68, 0x94, 0x64, 0x5F, 0x5C, 0x5E,
    0x5B, 0x5C, 0x5E, 0x5C, 0x5D, 0x5E, 0x66, 0x6A, 0x76, 0x75, 0x04, 0x03, 0x05, 0x1A, 0x00, 0x03,
    0x03, 0x80, 0x02, 0x02, 0x06, 0x81, 0x9C, 0x07, 0x02, 0x05, 0x83, 0x07, 0x8F, 0x89, 0x87, 0x02,
    0x82, 0x83, 0x8D, 0xAF, 0xEA, 0xDF, 0x03, 0xFF, 0x91, 0xFC, 0xFF, 0xE9, 0xDE, 0xD2, 0xDF, 0xD2,
    0x7B, 0xDE, 0xE9, 0xE6, 0xD2, 0xE2, 0xE9, 0x70, 0xC1, 0xDF, 0xF7, 0x03, 0xFF, 0x86, 0xE5, 0xC2,
    0xDF, 0xD1, 0x56, 0x41, 0x4B, 0x0C, 0x4C, 0x04, 0x4D, 0x85, 0x4E, 0x4D, 0x4E, 0x47, 0x55, 0x8E,
    0x02, 0x55, 0x81, 0x29, 0x24, 0x02, 0x17, 0x8A, 0x31, 0x19, 0x2E, 0x45, 0x8E, 0x55, 0x29, 0x26,
    0x1F, 0x1D, 0x26, 0x04, 0x1E, 0x8B, 0x19, 0x1E, 0x26, 0x33, 0x17, 0x2E, 0x62, 0x48, 0x1C, 0x30,
    0x37, 0x2F, 0x02, 0x52, 0x86, 0x45, 0x46, 0x62, 0x57, 0x46, 0x40, 0x44, 0x03, 0x43, 0x02, 0x42,
    0x83, 0x43, 0x44, 0x4A, 0x44, 0x02, 0x4A, 0x83, 0x4B, 0x47, 0x52, 0x4D, 0x02, 0x47, 0x82, 0x4D,
    0x52, 0x4F, 0x02, 0x47, 0x8A, 0x49, 0x62, 0x46, 0x49, 0x47, 0x39, 0x42, 0x49, 0x55, 0x59, 0xEF,
    0x0A, 0xFF, 0x83, 0xF4, 0xF3, 0xDB, 0xD3, 0x0D, 0xFF, 0x80, 0xE7, 0x02, 0xD6, 0x81, 0xF7, 0xFE,
    0x02, 0xFF, 0x81, 0xF6, 0xF4, 0x02, 0xFF, 0x8D, 0xF6, 0xB9, 0xE2, 0xC1, 0xC3, 0x56, 0x0E, 0x33,
    0x23, 0x18, 0x1E, 0x19, 0x20, 0x26, 0x02, 0x1E, 0x03, 0x19, 0x11, 0x1E, 0x02, 0x75, 0x81, 0x76,
    0x75, 0x04, 0x73, 0x82, 0x74, 0x93, 0x74, 0x02, 0x75, 0x80, 0x73, 0x04, 0x72, 0x80, 0x71, 0x02,
    0x6D, 0x80, 0x6E, 0x05, 0x6F, 0x04, 0x6C, 0x80, 0x6D, 0x06, 0x6C, 0x80, 0x6B, 0x02, 0x66, 0x02,
    0x5E, 0x80, 0x66, 0x02, 0x5E, 0x81, 0x5F, 0x5E, 0x02, 0x5C, 0x82, 0x5F, 0x69, 0x5F, 0x02, 0x67,
    0x85, 0x94, 0x64, 0x67, 0x5F, 0x5C, 0x5B, 0x02, 0x5D, 0x86, 0x65, 0x66, 0x5D, 0x69, 0x6F, 0x79,
    0x51, 0x02, 0x07, 0x1A, 0x00, 0x83, 0x03, 0x04, 0x02, 0x03, 0x02, 0x04, 0x81, 0x3C, 0x47, 0x02,
    0x06, 0xA9, 0x29, 0x90, 0x88, 0x86, 0x88, 0x81, 0x8C, 0x68, 0xDB, 0xFA, 0xFC, 0xF3, 0xF6, 0xF9,
    0xF6, 0xF8, 0xFC, 0xC3, 0xD4, 0xD9, 0x74, 0xD4, 0xF7, 0xDB, 0xD7, 0xFC, 0xF5, 0xC3, 0xAC, 0xC1,
    0xE9, 0xFF, 0xF6, 0xF8, 0xFD, 0xC3, 0xE9, 0xDF, 0xC1, 0x52, 0x4B, 0x4D, 0x02, 0x4C, 0x02, 0x4D,
    0x06, 0x4C, 0x03, 0x4D, 0x02, 0x4E, 0x9A, 0x4D, 0x4F, 0x52, 0x93, 0x57, 0x47, 0x40, 0x2A, 0x2D,
    0x1C, 0x30, 0x35, 0x25, 0x20, 0x17, 0x32, 0x2B, 0x62, 0x63, 0x3F, 0x2A, 0x17, 0x25, 0x2D, 0x24,
    0x27, 0x1A, 0x03, 0x27, 0x88, 0x32, 0x17, 0x38, 0x46, 0x52, 0x41, 0x3B, 0x35, 0x33, 0x02, 0x34,
    0x8B, 0x52, 0x57, 0x46, 0x45, 0x55, 0x62, 0x57, 0x46, 0x40, 0x44, 0x43, 0x4A, 0x02, 0x42, 0x80,
    0x43, 0x03, 0x4A, 0x83, 0x4B, 0x4D, 0x47, 0x4F, 0x02, 0x52, 0x85, 0x49, 0x47, 0x4C, 0x47, 0x55,
    0x62, 0x02, 0x49, 0x88, 0x47, 0x41, 0x3D, 0x44, 0x49, 0x55, 0x78, 0xEC, 0xF9, 0x09, 0xFF, 0x85,
    0xF4, 0xFC, 0xD4, 0xD7, 0xFB, 0xF9, 0x06, 0xFF, 0x80, 0xF6, 0x02, 0xFF, 0x82, 0xF6, 0xD0, 0xDA,
    0x02, 0xE9, 0x87, 0xFC, 0xFF, 0xF8, 0xFF, 0xF8, 0xFF, 0xDF, 0xD7, 0x02, 0xC1, 0x86, 0x64, 0x3B,
    0x4D, 0x24, 0x27, 0x1F, 0x26, 0x02, 0x1E, 0x83, 0x20, 0x19, 0x1E, 0x26, 0x15, 0x1E, 0x02, 0x75,
    0x83, 0x76, 0x75, 0x73, 0x75, 0x02, 0x74, 0x81, 0x7B, 0x77, 0x02, 0x73, 0x83, 0x75, 0x73, 0x72,
    0x71, 0x02, 0x73, 0x82, 0x6F, 0x6D, 0x6C, 0x02, 0x6E, 0x03, 0x6F, 0x80, 0x6E, 0x06, 0x6C, 0x80,
    0x6B, 0x04, 0x6C, 0x82, 0x6A, 0x5E, 0x66, 0x05, 0x5E, 0x80, 0x5F, 0x02, 0x5E, 0x80, 0x5F, 0x02,
    0x5E, 0x02, 0x69, 0x82, 0x6B, 0x5A, 0x94, 0x02, 0x67, 0x81, 0x5C, 0x69, 0x04, 0x5D, 0x02, 0x69,
    0x82, 0x6C, 0x7B, 0x71, 0x02, 0x03, 0x18, 0x00, 0x80, 0x03, 0x02, 0x00, 0x82, 0x03, 0x00, 0x03,
    0x02, 0x05, 0x81, 0x07, 0x92, 0x02, 0x07, 0x98, 0x8E, 0x80, 0x88, 0x84, 0x82, 0x88, 0x7F, 0x90,
    0x55, 0xAF, 0xD5, 0xF8, 0xFF, 0xF7, 0xEE, 0xF2, 0xF0, 0xE5, 0xC2, 0xD8, 0xC1, 0xDF, 0xE9, 0xDB,
    0xD5, 0x02, 0xFC, 0x8E, 0xF8, 0xAC, 0xD5, 0xDF, 0xF8, 0xF3, 0xF1, 0xDF, 0xC1, 0xE8, 0xFF, 0xDB,
    0xAC, 0x4F, 0x4D, 0x02, 0x4C, 0x02, 0x4D, 0x05, 0x4C, 0x04, 0x4D, 0x8C, 0x4E, 0x4F, 0x47, 0x93,
    0x59, 0x4D, 0x4E, 0x4D, 0x42, 0x31, 0x18, 0x1E, 0x23, 0x03, 0x1E, 0x8D, 0x32, 0x1B, 0x26, 0x2C,
    0x45, 0x90, 0x55, 0x2B, 0x32, 0x16, 0x30, 0x1F, 0x20, 0x1A, 0x02, 0x24, 0x02, 0x20, 0x83, 0x3B,
    0x3C, 0x41, 0x42, 0x03, 0x3D, 0x90, 0x3B, 0x37, 0x34, 0x2F, 0x49, 0x57, 0x52, 0x46, 0x45, 0x55,
    0x62, 0x52, 0x47, 0x41, 0x44, 0x43, 0x4A, 0x02, 0x44, 0x81, 0x4A, 0x4B, 0x04, 0x4C, 0x83, 0x4B,
    0x4C, 0x47, 0x46, 0x02, 0x57, 0x8A, 0x46, 0x52, 0x49, 0x41, 0x3D, 0x43, 0x41, 0x48, 0x60, 0xA8,
    0xEE, 0x0A, 0xFF, 0x84, 0xF4, 0xE9, 0xD2, 0xDF, 0xFB, 0x07, 0xFF, 0x85, 0xF6, 0xFC, 0xE9, 0xE6,
    0xDB, 0xFF, 0x02, 0xE9, 0x80, 0xF7, 0x02, 0xFF, 0x87, 0xD0, 0xE6, 0xE9, 0xC2, 0x77, 0x47, 0x11,
    0x34, 0x04, 0x1E, 0x80, 0x1F, 0x02, 0x1E, 0x80, 0x23, 0x19, 0x1E, 0x02, 0x75, 0x81, 0x76, 0x75,
    0x02, 0x73, 0x83, 0x74, 0x78, 0x77, 0x75, 0x03, 0x73, 0x80, 0x72, 0x04, 0x71, 0x80, 0x6F, 0x02,
    0x6D, 0x02, 0x6E, 0x03, 0x6F, 0x80, 0x6D, 0x06, 0x6C, 0x05, 0x6B, 0x81, 0x66, 0x5B, 0x04, 0x5E,
    0x80, 0x5C, 0x03, 0x5E, 0x80, 0x5B, 0x02, 0x5E, 0x85, 0x5B, 0x5D, 0x69, 0x5F, 0x65, 0x67, 0x02,
    0x78, 0x81, 0x67, 0x6A, 0x02, 0x69, 0x80, 0x66, 0x03, 0x5D, 0x84, 0x5A, 0x9F, 0x7C, 0x50, 0x05,
    0x1B, 0x00, 0x02, 0x01, 0x81, 0x00, 0x02, 0x02, 0x06, 0x85, 0x0D, 0x57, 0x63, 0x8C, 0x83, 0x88,
    0x02, 0x82, 0x91, 0x87, 0x88, 0x80, 0x90, 0x62, 0x93, 0xDE, 0xE8, 0xF7, 0xEE, 0xF2, 0xF6, 0xFE,
    0xDD, 0xD4, 0xC1, 0xA0, 0xDF, 0x02, 0xD7, 0x8F, 0xE7, 0xF6, 0xF8, 0x7B, 0xB0, 0xDF, 0xF1, 0xF3,
    0xF1, 0xDF, 0xC1, 0xE9, 0xF6, 0xFC, 0xDF, 0xA7, 0x02, 0x4D, 0x02, 0x4C, 0x80, 0x4D, 0x06, 0x4C,
    0x02, 0x4E, 0x02, 0x4D, 0x89, 0x57, 0x93, 0x4F, 0x4E, 0x4C, 0x3D, 0x18, 0x31, 0x1E, 0x19, 0x05,
    0x1E, 0x8D, 0x2D, 0x19, 0x17, 0x36, 0x1A, 0x29, 0x60, 0x8E, 0x48, 0x2A, 0x21, 0x16, 0x1B, 0x21,
    0x03, 0x30, 0x81, 0x35, 0x3C, 0x03, 0x3D, 0x80, 0x42, 0x03, 0x3D, 0x8D, 0x3E, 0x42, 0x37, 0x41,
    0x34, 0x40, 0x49, 0x52, 0x57, 0x52, 0x46, 0x49, 0x56, 0x52, 0x02, 0x47, 0x81, 0x40, 0x41, 0x02,
    0x47, 0x02, 0x4C, 0x80, 0x4D, 0x03, 0x47, 0x85, 0x52, 0x62, 0x49, 0x47, 0x52, 0x56, 0x02, 0x47,
    0x86, 0x42, 0x3E, 0x41, 0x55, 0x63, 0xB1, 0xEB, 0x0A, 0xFF, 0x87, 0xFB, 0xE9, 0xC2, 0xDF, 0xFB,
    0xF9, 0xFF, 0xF9, 0x02, 0xFF, 0x80, 0xFC, 0x02, 0xFF, 0x83, 0xDC, 0xD4, 0xDC, 0xF7, 0x04, 0xE9,
    0x86, 0xDE, 0xD4, 0xDC, 0x7B, 0x4E, 0x11, 0x36, 0x02, 0x14, 0x83, 0x39, 0x26, 0x1E, 0x23, 0x1E,
    0x1E, 0x80, 0x76, 0x03, 0x75, 0x84, 0x73, 0x75, 0x79, 0x78, 0x74, 0x05, 0x73, 0x80, 0x72, 0x03,
    0x71, 0x80, 0x6F, 0x04, 0x6D, 0x03, 0x6F, 0x06, 0x6C, 0x81, 0x6B, 0x6C, 0x04, 0x6B, 0x81, 0x66,
    0x5E, 0x02, 0x5B, 0x80, 0x66, 0x03, 0x5E, 0x80, 0x5B, 0x04, 0x5E, 0x81, 0x65, 0x5D, 0x04, 0x69,
    0x82, 0x6B, 0x68, 0x94, 0x02, 0x67, 0x82, 0x5F, 0x6A, 0x5C, 0x02, 0x5D, 0x80, 0x66, 0x02, 0x76,
    0x82, 0x66, 0x06, 0x03, 0x1A, 0x00, 0x80, 0x01, 0x02, 0x00, 0x80, 0x04, 0x02, 0x02, 0x86, 0x07,
    0x91, 0x8F, 0x7F, 0x81, 0x85, 0x84, 0x02, 0x88, 0x90, 0x86, 0x7E, 0x90, 0x62, 0x07, 0x70, 0xC2,
    0xE8, 0xEE, 0xFF, 0xF6, 0xFF, 0xFE, 0xF5, 0xDE, 0x7B, 0xC2, 0x02, 0xD7, 0x80, 0xF5, 0x02, 0xFF,
    0x8E, 0xC2, 0xA9, 0xDF, 0xFF, 0xF6, 0xF1, 0xE9, 0xC1, 0xDB, 0xFF, 0xF8, 0xE9, 0xD8, 0x93, 0x4D,
    0x02, 0x4B, 0x09, 0x4C, 0x86, 0x47, 0x92, 0x57, 0x47, 0x4B, 0x3B, 0x21, 0x0A, 0x1E, 0x87, 0x24,
    0x23, 0x1B, 0x21, 0x1D, 0x25, 0x2E, 0x45, 0x02, 0x63, 0x8A, 0x2B, 0x2F, 0x1C, 0x1B, 0x28, 0x16,
    0x1C, 0x37, 0x3B, 0x3D, 0x3E, 0x04, 0x3D, 0x07, 0x3E, 0x81, 0x3B, 0x34, 0x02, 0x40, 0x87, 0x49,
    0x57, 0x49, 0x3F, 0x49, 0x52, 0x57, 0x62, 0x02, 0x57, 0x02, 0x55, 0x81, 0x49, 0x55, 0x02, 0x62,
    0x84, 0x48, 0x46, 0x47, 0x56, 0x52, 0x02, 0x47, 0x87, 0x44, 0x4A, 0x3E, 0x41, 0x63, 0x8E, 0xD3,
    0xFA, 0x0A, 0xFF, 0x84, 0xEF, 0xE5, 0xD2, 0xDF, 0xFA, 0x04, 0xFF, 0x8E, 0xF9, 0xF7, 0xFF, 0xE7,
    0xD6, 0xD8, 0xE9, 0xC7, 0xDB, 0xE6, 0xDA, 0xE9, 0x7B, 0x50, 0x22, 0x02, 0x33, 0x80, 0x18, 0x04,
    0x1F, 0x21, 0x1E, 0x87, 0x76, 0x73, 0x75, 0x72, 0x73, 0x77, 0x7B, 0x70, 0x02, 0x75, 0x03, 0x73,
    0x02, 0x71, 0x03, 0x6F, 0x82, 0x6E, 0x6D, 0x6E, 0x02, 0x6D, 0x80, 0x6F, 0x02, 0x6E, 0x06, 0x6C,
    0x81, 0x6B, 0x6C, 0x04, 0x6B, 0x81, 0x66, 0x5E, 0x03, 0x5B, 0x03, 0x5E, 0x80, 0x5B, 0x04, 0x5E,
    0x02, 0x5B, 0x81, 0x5D, 0x66, 0x03, 0x69, 0x86, 0x6B, 0x64, 0x92, 0x78, 0x64, 0x67, 0x5E, 0x02,
    0x5D, 0x84, 0x66, 0x5B, 0x7B, 0x9A, 0x06, 0x1D, 0x00, 0x80, 0x03, 0x02, 0x04, 0x90, 0x03, 0x05,
    0x0D, 0x95, 0x8D, 0x83, 0x84, 0x88, 0x87, 0x86, 0x7F, 0x8D, 0x55, 0x07, 0x08, 0x06, 0x56, 0x02,
    0xD8, 0x03, 0xFF, 0x93, 0xF6, 0xEE, 0xC7, 0xC1, 0xD3, 0xD7, 0xDC, 0xF5, 0xF6, 0xFF, 0xD4, 0xD1,
    0xDF, 0xFF, 0xF6, 0xF1, 0xF7, 0xC2, 0xE6, 0xFF, 0x02, 0xF3, 0x82, 0xF9, 0xDB, 0x7B, 0x02, 0x4D,
    0x06, 0x4C, 0x8A, 0x4D, 0x47, 0x4D, 0x94, 0x4F, 0x4B, 0x13, 0x36, 0x1A, 0x33, 0x1F, 0x07, 0x1E,
    0x87, 0x23, 0x1E, 0x1B, 0x1F, 0x2D, 0x22, 0x23, 0x33, 0x02, 0x17, 0x8C, 0x29, 0x48, 0x8F, 0x55,
    0x2B, 0x2C, 0x27, 0x1B, 0x19, 0x39, 0x3C, 0x3D, 0x3E, 0x05, 0x3D, 0x81, 0x42, 0x3D, 0x03, 0x3E,
    0x83, 0x3D, 0x3E, 0x4A, 0x3B, 0x02, 0x3C, 0x81, 0x40, 0x47, 0x02, 0x52, 0x02, 0x49, 0x80, 0x46,
    0x02, 0x49, 0x80, 0x48, 0x03, 0x49, 0x03, 0x57, 0x02, 0x52, 0x02, 0x4D, 0x03, 0x4C, 0x87, 0x4A,
    0x42, 0x2C, 0x8B, 0x90, 0xF1, 0xE2, 0xFB, 0x09, 0xFF, 0x84, 0xF4, 0xE5, 0xC2, 0xDF, 0xFB, 0x02,
    0xFF, 0x80, 0xF9, 0x02, 0xFF, 0x03, 0xD8, 0x8C, 0xE5, 0xF7, 0xE6, 0xBD, 0xDA, 0xA1, 0x53, 0x13,
    0x11, 0x32, 0x1F, 0x1C, 0x36, 0x26, 0x1E, 0x88, 0x76, 0x73, 0x75, 0x76, 0x77, 0x93, 0x70, 0x72,
    0x75, 0x04, 0x73, 0x81, 0x72, 0x71, 0x03, 0x6F, 0x02, 0x6D, 0x80, 0x6E, 0x03, 0x6D, 0x02, 0x6E,
    0x80, 0x6B, 0x05, 0x6C, 0x06, 0x6B, 0x81, 0x66, 0x5E, 0x03, 0x5B, 0x87, 0x66, 0x5E, 0x66, 0x5E,
    0x66, 0x65, 0x5E, 0x5F, 0x02, 0x5D, 0x86, 0x65, 0x5D, 0x5E, 0x65, 0x5B, 0x66, 0x5F, 0x02, 0x67,
    0x84, 0x94, 0x68, 0x64, 0x5F, 0x69, 0x02, 0x5B, 0x84, 0x6B, 0x6F, 0x31, 0x04, 0x03, 0x16, 0x00,
    0x80, 0x01, 0x03, 0x00, 0x02, 0x03, 0x02, 0x04, 0x8E, 0x03, 0x08, 0x07, 0x67, 0x55, 0x8D, 0x7F,
    0x88, 0x87, 0x82, 0x8B, 0x63, 0x06, 0x05, 0x08, 0x02, 0x07, 0x8B, 0x34, 0xA7, 0xFF, 0xF3, 0xFF,
    0xF6, 0xEE, 0xF7, 0xE9, 0x9C, 0xD5, 0xE3, 0x02, 0xF6, 0x83, 0xFF, 0xDF, 0x7B, 0xD8, 0x02, 0xF6,
    0x8E, 0xF7, 0xFD, 0xC2, 0xFD, 0xFF, 0xF3, 0xF6, 0xF1, 0xF7, 0xDF, 0x7B, 0x47, 0x4B, 0x4C, 0x4D,
    0x02, 0x4C, 0x8A, 0x4D, 0x47, 0x5A, 0x77, 0x40, 0x32, 0x21, 0x13, 0x28, 0x1A, 0x2E, 0x03, 0x1E,
    0x80, 0x19, 0x03, 0x1E, 0x98, 0x1D, 0x1E, 0x26, 0x20, 0x24, 0x2E, 0x23, 0x21, 0x17, 0x33, 0x2D,
    0x21, 0x32, 0x2B, 0x55, 0x8E, 0x55, 0x2B, 0x2E, 0x28, 0x39, 0x3C, 0x3D, 0x3E, 0x42, 0x02, 0x41,
    0x02, 0x3E, 0x04, 0x41, 0x81, 0x3C, 0x41, 0x02, 0x42, 0x84, 0x3E, 0x3D, 0x3E, 0x3D, 0x41, 0x02,
    0x3C, 0x80, 0x40, 0x02, 0x47, 0x84, 0x4F, 0x49, 0x4F, 0x49, 0x4F, 0x03, 0x47, 0x04, 0x4D, 0x02,
    0x4C, 0x88, 0x4E, 0x4C, 0x4B, 0x42, 0x45, 0x8D, 0x95, 0xEB, 0xD8, 0x08, 0xFF, 0x85, 0xF6, 0xFF,
    0xFB, 0xDE, 0xC2, 0xF7, 0x05, 0xFF, 0x8A, 0xFC, 0xC1, 0xD6, 0xDD, 0xDB, 0xF0, 0xB8, 0x5B, 0x14,
    0x1F, 0x37, 0x02, 0x18, 0x83, 0x32, 0x19, 0x1F, 0x32, 0x05, 0x26, 0x21, 0x1E, 0x89, 0x75, 0x73,
    0x76, 0x74, 0x93, 0x72, 0x73, 0x76, 0x75, 0x73, 0x04, 0x72, 0x80, 0x71, 0x03, 0x6F, 0x02, 0x6D,
    0x80, 0x6E, 0x05, 0x6D, 0x80, 0x6B, 0x04, 0x6C, 0x04, 0x6B, 0x84, 0x6A, 0x6C, 0x6B, 0x66, 0x5B,
    0x03, 0x5E, 0x82, 0x66, 0x5E, 0x66, 0x05, 0x5E, 0x80, 0x5F, 0x09, 0x5E, 0x84, 0x65, 0x5A, 0x78,
    0x93, 0x67, 0x02, 0x6A, 0x02, 0x5B, 0x83, 0x79, 0x6D, 0x00, 0x03, 0x1A, 0x00, 0x02, 0x03, 0x80,
    0x04, 0x03, 0x03, 0x8C, 0x00, 0x08, 0x68, 0x55, 0x8D, 0x89, 0x81, 0x7E, 0x91, 0x07, 0x06, 0x05,
    0x06, 0x03, 0x07, 0x85, 0x0B, 0x6E, 0xE6, 0xF7, 0xFF, 0xF3, 0x02, 0xF7, 0x83, 0x93, 0xD3, 0xDB,
    0xFF, 0x02, 0xF0, 0x91, 0xD8, 0x93, 0xD2, 0xE6, 0xFB, 0xF6, 0xDC, 0xC2, 0xE9, 0xED, 0xF2, 0xFA,
    0xE9, 0xFF, 0xFC, 0xD7, 0x78, 0x47, 0x02, 0x4C, 0x87, 0x4B, 0x4D, 0x4F, 0x94, 0x47, 0x2E, 0x31,
    0x15, 0x04, 0x1E, 0x80, 0x26, 0x09, 0x1E, 0x80, 0x23, 0x06, 0x1E, 0x80, 0x25, 0x03, 0x1E, 0x89,
    0x17, 0x2A, 0x45, 0x60, 0x8E, 0x55, 0x3F, 0x40, 0x42, 0x3E, 0x02, 0x3C, 0x83, 0x3D, 0x3E, 0x42,
    0x3D, 0x05, 0x3E, 0x05, 0x42, 0x05, 0x3D, 0x80, 0x44, 0x04, 0x4B, 0x0B, 0x4C, 0x80, 0x4D, 0x02,
    0x4C, 0x86, 0x42, 0x40, 0x63, 0x8D, 0xAE, 0xEF, 0xDF, 0x0A, 0xFF, 0x84, 0xF7, 0xD3, 0xC1, 0xF3,
    0xF8, 0x03, 0xFF, 0x89, 0xDA, 0xDB, 0xDA, 0xDB, 0xE5, 0x7A, 0x50, 0x13, 0x38, 0x18, 0x09, 0x1E,
    0x80, 0x18, 0x24, 0x1E, 0x84, 0x76, 0x73, 0x74, 0x7B, 0x77, 0x02, 0x75, 0x82, 0x76, 0x75, 0x73,
    0x05, 0x72, 0x80, 0x6F, 0x02, 0x6E, 0x05, 0x6D, 0x03, 0x6C, 0x0A, 0x6B, 0x82, 0x6C, 0x6B, 0x66,
    0x06, 0x5E, 0x80, 0x66, 0x03, 0x5E, 0x80, 0x5C, 0x0A, 0x5E, 0x8D, 0x5D, 0x66, 0x5A, 0x67, 0x64,
    0x93, 0x78, 0x64, 0x67, 0x65, 0x6C, 0x7A, 0x35, 0x06, 0x04, 0x00, 0x80, 0x03, 0x15, 0x00, 0x02,
    0x03, 0x02, 0x00, 0x02, 0x03, 0x88, 0x00, 0x07, 0x5A, 0x0D, 0x62, 0x7D, 0x7E, 0x95, 0x08, 0x04,
    0x05, 0x80, 0x06, 0x03, 0x07, 0x84, 0x0A, 0x53, 0xB8, 0xDB, 0xE6, 0x02, 0xE3, 0x83, 0xA6, 0xAF,
    0xD4, 0xF0, 0x02, 0xEE, 0x8C, 0xF7, 0xA0, 0xC1, 0xE9, 0xF4, 0xF6, 0xE9, 0xC2, 0xF7, 0xEF, 0xF2,
    0xFB, 0xFC, 0x03, 0xFF, 0x81, 0xD5, 0x77, 0x03, 0x47, 0x86, 0x74, 0x67, 0x22, 0x3B, 0x24, 0x36,
    0x1D, 0x03, 0x1E, 0x85, 0x26, 0x1D, 0x1E, 0x19, 0x1E, 0x30, 0x03, 0x1E, 0x80, 0x1F, 0x05, 0x1E,
    0x80, 0x26, 0x04, 0x1E, 0x8D, 0x1F, 0x1E, 0x1D, 0x16, 0x36, 0x2E, 0x2B, 0x48, 0x8E, 0x63, 0x49,
    0x46, 0x40, 0x3E, 0x02, 0x3D, 0x02, 0x3E, 0x02, 0x3D, 0x80, 0x3E, 0x04, 0x3D, 0x02, 0x42, 0x80,
    0x43, 0x03, 0x42, 0x81, 0x3D, 0x43, 0x02, 0x4B, 0x81, 0x4C, 0x4B, 0x0C, 0x4C, 0x89, 0x4D, 0x47,
    0x3E, 0x41, 0x49, 0x8E, 0x96, 0xB1, 0xCF, 0xEE, 0x06, 0xFF, 0x80, 0xF6, 0x03, 0xFF, 0x84, 0xC9,
    0xD1, 0xD7, 0xEE, 0xF8, 0x02, 0xFF, 0x8C, 0xDA, 0xED, 0xDA, 0xAC, 0x6A, 0x3D, 0x23, 0x37, 0x1E,
    0x31, 0x18, 0x1E, 0x19, 0x03, 0x1E, 0x80, 0x23, 0x04, 0x1E, 0x80, 0x18, 0x23, 0x1E, 0x84, 0x76,
    0x74, 0x79, 0x78, 0x77, 0x03, 0x75, 0x81, 0x76, 0x75, 0x03, 0x71, 0x82, 0x72, 0x71, 0x6F, 0x03,
    0x6E, 0x04, 0x6D, 0x03, 0x6C, 0x0A, 0x6B, 0x80, 0x6C, 0x02, 0x6A, 0x80, 0x5B, 0x12, 0x5E, 0x80,
    0x65, 0x02, 0x5E, 0x80, 0x5D, 0x02, 0x69, 0x83, 0x6A, 0x64, 0x68, 0xA6, 0x02, 0x67, 0x83, 0x5B,
    0xA3, 0x58, 0x03, 0x08, 0x00, 0x02, 0x04, 0x80, 0x03, 0x10, 0x00, 0x06, 0x03, 0x86, 0x04, 0x07,
    0x70, 0x07, 0x95, 0x8D, 0x49, 0x02, 0x05, 0x81, 0x06, 0x05, 0x02, 0x04, 0xA9, 0x03, 0x05, 0x06,
    0x09, 0x33, 0x39, 0x77, 0x9C, 0xFC, 0xEE, 0xD5, 0xA8, 0xD3, 0xE7, 0xCA, 0xFB, 0xFF, 0xDC, 0xB0,
    0xE9, 0xF2, 0xF6, 0xF7, 0xC1, 0xF7, 0xF0, 0xF2, 0xF4, 0xFA, 0xFF, 0xF3, 0xFF, 0xFC, 0xD5, 0x93,
    0x52, 0x93, 0x40, 0x2F, 0x1A, 0x27, 0x1F, 0x02, 0x1E, 0x80, 0x18, 0x03, 0x1E, 0x80, 0x23, 0x03,
    0x1E, 0x80, 0x1D, 0x0B, 0x1E, 0x80, 0x23, 0x04, 0x1E, 0x02, 0x2D, 0x80, 0x25, 0x03, 0x17, 0x89,
    0x2E, 0x45, 0x60, 0x8B, 0x63, 0x48, 0x46, 0x41, 0x43, 0x3B, 0x03, 0x3D, 0x81, 0x41, 0x40, 0x02,
    0x3D, 0x03, 0x42, 0x80, 0x43, 0x03, 0x42, 0x80, 0x4A, 0x05, 0x4C, 0x80, 0x4B, 0x0A, 0x4C, 0x89,
    0x4A, 0x39, 0x3B, 0x3F, 0x8E, 0x98, 0xD6, 0xEF, 0xE2, 0xF3, 0x0A, 0xFF, 0x8C, 0xC4, 0xD1, 0xD8,
    0xF3, 0xF7, 0xE5, 0xDA, 0xC5, 0xA4, 0x53, 0x3C, 0x31, 0x26, 0x02, 0x23, 0x82, 0x26, 0x1E, 0x18,
    0x03, 0x1E, 0x80, 0x26, 0x2A, 0x1E, 0x84, 0x79, 0x77, 0x93, 0x74, 0x73, 0x03, 0x75, 0x84, 0x76,
    0x75, 0x71, 0x72, 0x71, 0x02, 0x72, 0x80, 0x6F, 0x03, 0x6E, 0x05, 0x6D, 0x02, 0x6C, 0x0B, 0x6B,
    0x02, 0x6A, 0x80, 0x5B, 0x0D, 0x5E, 0x82, 0x5C, 0x5F, 0x5E, 0x02, 0x66, 0x03, 0x5E, 0x02, 0x5D,
    0x84, 0x66, 0x5B, 0x5F, 0x6A, 0x67, 0x02, 0x78, 0x83, 0x67, 0x79, 0x6B, 0x08, 0x03, 0x00, 0x80,
    0x03, 0x04, 0x00, 0x03, 0x04, 0x80, 0x03, 0x0F, 0x00, 0x06, 0x03, 0x86, 0x05, 0x06, 0x5A, 0x0D,
    0x68, 0x95, 0x0D, 0x02, 0x05, 0x81, 0x06, 0x05, 0x02, 0x04, 0x81, 0x03, 0x04, 0x02, 0x06, 0x80,
    0x09, 0x02, 0x06, 0x93, 0x51, 0xC1, 0xDB, 0xDE, 0x93, 0xD1, 0xE7, 0xED, 0xF6, 0xF2, 0xCE, 0xA9,
    0xDF, 0xFB, 0xF6, 0xF7, 0xC3, 0xF7, 0xF0, 0xF2, 0x02, 0xF4, 0x8B, 0xF9, 0xFF, 0xE5, 0xD9, 0xB1,
    0xAF, 0x58, 0x2E, 0x33, 0x36, 0x1D, 0x20, 0x02, 0x19, 0x84, 0x27, 0x1E, 0x18, 0x1F, 0x23, 0x04,
    0x1E, 0x80, 0x19, 0x05, 0x1E, 0x80, 0x19, 0x05, 0x1E, 0x80, 0x23, 0x02, 0x1E, 0x81, 0x18, 0x19,
    0x02, 0x17, 0x81, 0x30, 0x2D, 0x03, 0x30, 0x8A, 0x36, 0x34, 0x29, 0x45, 0x60, 0x8E, 0x63, 0x48,
    0x46, 0x40, 0x41, 0x03, 0x3E, 0x02, 0x3D, 0x05, 0x42, 0x82, 0x43, 0x44, 0x4B, 0x02, 0x4C, 0x80,
    0x4B, 0x0B, 0x4C, 0x8B, 0x4A, 0x3D, 0x3B, 0x34, 0x3F, 0x8E, 0x96, 0xE8, 0xC0, 0xFC, 0xE6, 0xF4,
    0x06, 0xFF, 0x02, 0xF6, 0x80, 0xED, 0x02, 0xFF, 0x8B, 0xC2, 0xDE, 0xEE, 0xF7, 0xC3, 0xBD, 0x50,
    0x26, 0x36, 0x26, 0x32, 0x31, 0x10, 0x1E, 0x82, 0x1D, 0x1E, 0x19, 0x20, 0x1E, 0x81, 0x74, 0x93,
    0x02, 0x74, 0x02, 0x76, 0x81, 0x73, 0x75, 0x02, 0x76, 0x03, 0x71, 0x82, 0x72, 0x71, 0x6F, 0x03,
    0x6E, 0x04, 0x6D, 0x82, 0x6E, 0x6C, 0x6D, 0x07, 0x6B, 0x04, 0x6A, 0x02, 0x6B, 0x80, 0x5B, 0x0E,
    0x5E, 0x82, 0x5D, 0x5E, 0x5F, 0x02, 0x5E, 0x85, 0x66, 0x5E, 0x69, 0x5C, 0x65, 0x66, 0x02, 0x69,
    0x86, 0x65, 0x64, 0x67, 0x94, 0x64, 0x70, 0x56, 0x04, 0x00, 0x80, 0x03, 0x03, 0x00, 0x04, 0x04,
    0x0C, 0x00, 0x02, 0x03, 0x80, 0x00, 0x06, 0x03, 0x86, 0x05, 0x06, 0x07, 0x67, 0x29, 0x95, 0x07,
    0x02, 0x05, 0x83, 0x06, 0x05, 0x04, 0x05, 0x02, 0x03, 0x80, 0x02, 0x02, 0x05, 0xA6, 0x09, 0x0A,
    0x09, 0x34, 0x7B, 0xD2, 0x93, 0xD5, 0xDB, 0xE1, 0xEB, 0xF2, 0xED, 0xB0, 0xDF, 0xF4, 0xF6, 0xF7,
    0xC2, 0xF7, 0xEE, 0xF2, 0xE4, 0xE0, 0xF2, 0xFC, 0xDE, 0xB0, 0xA6, 0x40, 0x34, 0x1C, 0x21, 0x38,
    0x1D, 0x1E, 0x19, 0x16, 0x1F, 0x04, 0x1E, 0x02, 0x1F, 0x11, 0x1E, 0x85, 0x1F, 0x1D, 0x27, 0x32,
    0x20, 0x16, 0x02, 0x21, 0x81, 0x17, 0x31, 0x02, 0x2D, 0x88, 0x13, 0x38, 0x29, 0x45, 0x60, 0x8B,
    0x8E, 0x62, 0x45, 0x02, 0x40, 0x02, 0x3D, 0x80, 0x3E, 0x03, 0x42, 0x05, 0x43, 0x81, 0x4A, 0x4B,
    0x07, 0x4C, 0x81, 0x4B, 0x44, 0x03, 0x3D, 0x8C, 0x3B, 0x2F, 0x45, 0x8E, 0x95, 0xC2, 0xE7, 0xD4,
    0xDE, 0xF8, 0xEC, 0xFF, 0xFB, 0x04, 0xFF, 0x90, 0xF6, 0xFF, 0xC4, 0xBF, 0xD0, 0xC2, 0xD7, 0xF6,
    0xBE, 0x51, 0x23, 0x11, 0x1E, 0x19, 0x31, 0x18, 0x26, 0x07, 0x1E, 0x80, 0x18, 0x03, 0x1E, 0x80,
    0x1D, 0x04, 0x1E, 0x80, 0x26, 0x22, 0x1E, 0x81, 0x93, 0x77, 0x03, 0x76, 0x03, 0x75, 0x02, 0x76,
    0x81, 0x75, 0x72, 0x03, 0x71, 0x80, 0x6F, 0x03, 0x6E, 0x05, 0x6D, 0x02, 0x6C, 0x06, 0x6B, 0x06,
    0x6A, 0x80, 0x6B, 0x19, 0x5E, 0x81, 0x66, 0x5E, 0x02, 0x66, 0x88, 0x5F, 0x6B, 0x5A, 0x94, 0x77,
    0x7B, 0x3B, 0x06, 0x04, 0x05, 0x00, 0x84, 0x03, 0x05, 0x04, 0x06, 0x04, 0x0D, 0x00, 0x04, 0x03,
    0x81, 0x00, 0x04, 0x02, 0x03, 0x84, 0x04, 0x06, 0x67, 0x08, 0x91, 0x02, 0x06, 0x80, 0x05, 0x03,
    0x04, 0x80, 0x03, 0x03, 0x04, 0xA1, 0x05, 0x03, 0x09, 0x0A, 0x0B, 0x0A, 0x0D, 0x58, 0xA6, 0xD1,
    0xE4, 0xCB, 0xEA, 0xF0, 0xFF, 0xA9, 0xDE, 0xF4, 0xFB, 0xE9, 0xC2, 0xE9, 0xF8, 0xF3, 0xFE, 0xF4,
    0xE5, 0xD7, 0xD1, 0xB1, 0x58, 0x31, 0x18, 0x1F, 0x2B, 0x1E, 0x8E, 0x1D, 0x20, 0x33, 0x2F, 0x29,
    0x3F, 0x55, 0x8E, 0x8F, 0x8D, 0x55, 0x48, 0x3F, 0x40, 0x44, 0x02, 0x41, 0x81, 0x42, 0x43, 0x06,
    0x41, 0x80, 0x42, 0x02, 0x41, 0x93, 0x43, 0x41, 0x3E, 0x43, 0x3A, 0x3E, 0x2E, 0x2B, 0x62, 0x8D,
    0x95, 0xD1, 0xEF, 0xDF, 0xC3, 0xE5, 0xFE, 0xFC, 0xFF, 0xF5, 0x06, 0xFF, 0x86, 0xA3, 0xBF, 0xDF,
    0xBD, 0xF7, 0x53, 0x13, 0x3B, 0x1E, 0x81, 0x78, 0x77, 0x02, 0x76, 0x80, 0x75, 0x02, 0x76, 0x80,
    0x75, 0x03, 0x76, 0x04, 0x71, 0x02, 0x6F, 0x02, 0x6E, 0x05, 0x6D, 0x02, 0x6C, 0x06, 0x6B, 0x04,
    0x6A, 0x83, 0x6B, 0x66, 0x6B, 0x66, 0x19, 0x5E, 0x80, 0x5D, 0x02, 0x66, 0x02, 0x69, 0x02, 0x67,
    0x84, 0x7B, 0xA0, 0x6B, 0x08, 0x06, 0x06, 0x00, 0x02, 0x03, 0x82, 0x05, 0x04, 0x03, 0x0D, 0x00,
    0x06, 0x03, 0x86, 0x04, 0x05, 0x06, 0x08, 0x68, 0x29, 0x07, 0x02, 0x05, 0x02, 0x04, 0x07, 0x05,
    0x9E, 0x08, 0x0A, 0x13, 0x10, 0x14, 0x0D, 0x52, 0xAD, 0xD5, 0xE9, 0xFF, 0xF6, 0xF9, 0xA9, 0xDC,
    0xF4, 0xFB, 0xE9, 0xC2, 0xE9, 0xF8, 0xF3, 0xFC, 0xFF, 0xDF, 0xB0, 0x67, 0x7A, 0x0E, 0x32, 0x14,
    0x02, 0x1E, 0x81, 0x18, 0x19, 0x28, 0x1E, 0x8B, 0x25, 0x1B, 0x35, 0x2E, 0x2A, 0x31, 0x1A, 0x29,
    0x45, 0x61, 0x7E, 0x8C, 0x02, 0x8D, 0x83, 0x63, 0x62, 0x49, 0x46, 0x04, 0x40, 0x80, 0x41, 0x05,
    0x3E, 0x81, 0x3A, 0x3B, 0x02, 0x39, 0x8F, 0x2C, 0x48, 0x63, 0x8D, 0x8B, 0x8F, 0xB1, 0xEC, 0xCF,
    0xDF, 0xC3, 0xE5, 0xC7, 0xB6, 0x3C, 0xE1, 0x06, 0xFF, 0x86, 0x79, 0x9E, 0xDE, 0x9C, 0x33, 0x18,
    0x23, 0x3B, 0x1E, 0x80, 0x77, 0x0A, 0x76, 0x80, 0x72, 0x03, 0x71, 0x02, 0x6F, 0x02, 0x6E, 0x06,
    0x6D, 0x80, 0x6C, 0x06, 0x6B, 0x81, 0x6A, 0x6B, 0x02, 0x6A, 0x03, 0x66, 0x1B, 0x5E, 0x02, 0x5D,
    0x02, 0x69, 0x02, 0x5F, 0x85, 0x64, 0x70, 0xBD, 0x6E, 0x08, 0x05, 0x05, 0x00, 0x80, 0x03, 0x12,
    0x00, 0x05, 0x03, 0x03, 0x05, 0x86, 0x07, 0x78, 0x07, 0x06, 0x05, 0x06, 0x04, 0x03, 0x05, 0x03,
    0x06, 0x9E, 0x04, 0x06, 0x08, 0x09, 0x10, 0x12, 0x13, 0x22, 0x40, 0x93, 0xB0, 0xD8, 0xDE, 0xF7,
    0xFF, 0xA9, 0xD7, 0xFB, 0xEF, 0xDF, 0xC2, 0xDC, 0xF9, 0xEE, 0xFC, 0xE6, 0xD2, 0x93, 0x2A, 0x24,
    0x21, 0x05, 0x1E, 0x80, 0x18, 0x28, 0x1E, 0x8E, 0x1D, 0x1B, 0x17, 0x28, 0x26, 0x1D, 0x21, 0x1D,
    0x2D, 0x2A, 0x2B, 0x48, 0x60, 0x8A, 0x8B, 0x02, 0x80, 0x02, 0x8C, 0x85, 0x8D, 0x8E, 0x63, 0x55,
    0x48, 0x45, 0x04, 0x3F, 0x95, 0x45, 0x48, 0x54, 0x8E, 0x8F, 0x8D, 0x8B, 0x95, 0xB1, 0xEE, 0xFF,
    0xDE, 0xD8, 0xCC, 0xE6, 0xED, 0x4C, 0x23, 0x51, 0xF5, 0xDA, 0xF5, 0x02, 0xF0, 0x85, 0xF6, 0x6A,
    0x7A, 0xBD, 0x52, 0x1C, 0x02, 0x23, 0x82, 0x1E, 0x27, 0x19, 0x38, 0x1E, 0x0B, 0x76, 0x80, 0x75,
    0x03, 0x71, 0x02, 0x6F, 0x02, 0x6E, 0x05, 0x6D, 0x02, 0x6C, 0x06, 0x6B, 0x04, 0x6A, 0x80, 0x5E,
    0x02, 0x66, 0x1B, 0x5E, 0x04, 0x5D, 0x89, 0x66, 0x5F, 0x6A, 0x65, 0x6C, 0xBD, 0x6E, 0x10, 0x06,
    0x03, 0x16, 0x00, 0x05, 0x03, 0x80, 0x04, 0x02, 0x05, 0x82, 0x04, 0x07, 0x64, 0x03, 0x06, 0x80,
    0x04, 0x03, 0x05, 0x81, 0x06, 0x05, 0x02, 0x06, 0x02, 0x08, 0x81, 0x0A, 0x11, 0x02, 0x10, 0x83,
    0x11, 0x47, 0x77, 0xD5, 0x02, 0xD1, 0x83, 0xD8, 0xE9, 0xA9, 0xD7, 0x02, 0xF4, 0x8B, 0xDF, 0xC1,
    0xE6, 0xFF, 0xF3, 0xFC, 0xD9, 0xAF, 0x40, 0x2E, 0x26, 0x1D, 0x2E, 0x1E, 0x03, 0x1D, 0x02, 0x21,
    0x82, 0x27, 0x32, 0x25, 0x04, 0x17, 0x85, 0x32, 0x2A, 0x29, 0x3F, 0x48, 0x54, 0x02, 0x61, 0x02,
    0x8B, 0x05, 0x8C, 0x81, 0x8D, 0x90, 0x03, 0x8F, 0x93, 0x95, 0xAE, 0xD3, 0xAF, 0xD7, 0xEA, 0xEF,
    0xDE, 0xDC, 0xD8, 0xD6, 0xFD, 0xC7, 0x26, 0x31, 0x11, 0xFC, 0xE4, 0xE2, 0xFF, 0x02, 0xE1, 0x84,
    0x6D, 0x79, 0xDF, 0x52, 0x33, 0x02, 0x23, 0x82, 0x1E, 0x1D, 0x18, 0x38, 0x1E, 0x07, 0x76, 0x80,
    0x75, 0x02, 0x76, 0x81, 0x71, 0x75, 0x03, 0x71, 0x80, 0x6F, 0x03, 0x6E, 0x06, 0x6D, 0x80, 0x6C,
    0x06, 0x6B, 0x81, 0x6A, 0x6B, 0x02, 0x6A, 0x82, 0x66, 0x5E, 0x66, 0x1B, 0x5E, 0x03, 0x5D, 0x80,
    0x5E, 0x02, 0x65, 0x86, 0x66, 0x65, 0x64, 0x6B, 0xBD, 0x79, 0x4B, 0x17, 0x00, 0x02, 0x03, 0x80,
    0x02, 0x02, 0x03, 0x82, 0x04, 0x06, 0x03, 0x02, 0x08, 0x80, 0x78, 0x05, 0x06, 0x02, 0x05, 0x02,
    0x06, 0x85, 0x05, 0x06, 0x07, 0x09, 0x08, 0x0C, 0x02, 0x10, 0x95, 0x0F, 0x47, 0x67, 0xDF, 0xD9,
    0xA6, 0xB1, 0xD3, 0xAF, 0xDD, 0xF9, 0xF2, 0xDF, 0xC1, 0xE6, 0xFF, 0xF3, 0xFC, 0xB1, 0x68, 0x34,
    0x1A, 0x02, 0x30, 0x82, 0x23, 0x1E, 0x19, 0x2B, 0x1E, 0x02, 0x1D, 0x80, 0x30, 0x02, 0x1D, 0x84,
    0x21, 0x17, 0x1A, 0x2E, 0x2A, 0x02, 0x2D, 0x84, 0x30, 0x33, 0x2F, 0x1D, 0x30, 0x02, 0x2F, 0x02,
    0x2A, 0xA7, 0x29, 0x2B, 0x3F, 0x45, 0x48, 0x54, 0x55, 0xAE, 0xDA, 0xCF, 0xDA, 0xD6, 0xEF, 0xE2,
    0xD2, 0xF1, 0xCB, 0xD8, 0xFA, 0xEB, 0xD8, 0xD6, 0xE5, 0xA1, 0x31, 0x35, 0x31, 0x7A, 0xF5, 0xBE,
    0xF0, 0x7C, 0xF0, 0x79, 0x6E, 0xDE, 0x4D, 0x33, 0x23, 0x18, 0x3B, 0x1E, 0x08, 0x76, 0x02, 0x75,
    0x81, 0x73, 0x75, 0x02, 0x71, 0x05, 0x6F, 0x80, 0x6E, 0x04, 0x6D, 0x02, 0x6C, 0x06, 0x6B, 0x84,
    0x6A, 0x6B, 0x6A, 0x66, 0x6A, 0x02, 0x66, 0x1C, 0x5E, 0x82, 0x65, 0x5E, 0x5B, 0x03, 0x5E, 0x88,
    0x5C, 0x66, 0x6A, 0x6B, 0xC3, 0xAA, 0x58, 0x00, 0x05, 0x15, 0x00, 0x83, 0x03, 0x04, 0x03, 0x04,
    0x03, 0x03, 0x85, 0x07, 0x06, 0x0A, 0x57, 0x07, 0x05, 0x06, 0x06, 0x82, 0x05, 0x06, 0x07, 0x02,
    0x08, 0x97, 0x0B, 0x10, 0x0C, 0x0E, 0x47, 0x59, 0xE5, 0xE7, 0xD7, 0xB0, 0xAF, 0xB0, 0xE7, 0xEA,
    0xEE, 0xD9, 0xC1, 0xDF, 0xFF, 0xF1, 0xD7, 0xAD, 0x2F, 0x1C, 0x02, 0x21, 0x80, 0x19, 0x05, 0x1E,
    0x80, 0x19, 0x2B, 0x1E, 0x80, 0x26, 0x02, 0x1E, 0x80, 0x26, 0x02, 0x23, 0x81, 0x26, 0x18, 0x03,
    0x1E, 0x82, 0x23, 0x1E, 0x1F, 0x03, 0x1E, 0x81, 0x1A, 0x1E, 0x02, 0x25, 0x8E, 0x31, 0x3F, 0x49,
    0xA6, 0xDF, 0xF3, 0xFF, 0xFA, 0xF6, 0xFF, 0xD8, 0xDB, 0xFB, 0xE2, 0xFE, 0x02, 0xFF, 0x84, 0xDB,
    0xF1, 0xE1, 0x72, 0x31, 0x02, 0x23, 0x8A, 0x53, 0xE4, 0x79, 0xBF, 0x79, 0xC8, 0x6D, 0x5A, 0xD7,
    0x41, 0x25, 0x02, 0x1D, 0x81, 0x1E, 0x23, 0x39, 0x1E, 0x08, 0x76, 0x82, 0x75, 0x73, 0x76, 0x02,
    0x73, 0x80, 0x71, 0x05, 0x6F, 0x80, 0x6E, 0x04, 0x6D, 0x02, 0x6C, 0x06, 0x6B, 0x03, 0x6A, 0x04,
    0x66, 0x21, 0x5E, 0x8A, 0x5F, 0x5E, 0x5B, 0x66, 0x5B, 0x5A, 0xBD, 0x9F, 0x58, 0x03, 0x04, 0x04,
    0x00, 0x80, 0x03, 0x10, 0x00, 0x02, 0x03, 0x80, 0x00, 0x03, 0x03, 0x85, 0x05, 0x04, 0x06, 0x93,
    0x07, 0x05, 0x06, 0x06, 0x03, 0x07, 0x03, 0x08, 0x90, 0x0C, 0x10, 0x0E, 0x47, 0x56, 0xA4, 0xF0,
    0xBB, 0xD5, 0xB1, 0xAD, 0xD1, 0xF7, 0xF8, 0xDE, 0xB0, 0xE6, 0x02, 0xEE, 0x84, 0xB1, 0x56, 0x34,
    0x19, 0x28, 0x02, 0x19, 0x36, 0x1E, 0x80, 0x19, 0x04, 0x1E, 0x81, 0x26, 0x1D, 0x06, 0x1E, 0x94,
    0x1B, 0x17, 0x33, 0x2C, 0x62, 0x68, 0xC1, 0xEE, 0xF9, 0xF6, 0xFB, 0xF6, 0xFF, 0xDC, 0xDB, 0xFF,
    0xE2, 0xFF, 0xF9, 0xF6, 0xDB, 0x02, 0xF5, 0x81, 0x58, 0x32, 0x02, 0x23, 0x85, 0x44, 0xFF, 0x59,
    0xA1, 0x76, 0xF0, 0x02, 0x6F, 0x82, 0xD2, 0x34, 0x26, 0x02, 0x1D, 0x81, 0x1E, 0x23, 0x39, 0x1E,
    0x06, 0x76, 0x04, 0x75, 0x83, 0x76, 0x72, 0x73, 0x71, 0x05, 0x6F, 0x80, 0x6E, 0x04, 0x6D, 0x02,
    0x6C, 0x07, 0x6B, 0x02, 0x6A, 0x80, 0x66, 0x1E, 0x5E, 0x02, 0x65, 0x83, 0x5E, 0x5B, 0x5E, 0x5F,
    0x02, 0x5E, 0x02, 0x5F, 0x89, 0x66, 0x5B, 0x65, 0xB7, 0xA4, 0x59, 0x04, 0x07, 0x00, 0x03, 0x13,
    0x00, 0x03, 0x03, 0x80, 0x02, 0x02, 0x03, 0x83, 0x05, 0x06, 0x2E, 0x52, 0x02, 0x07, 0x04, 0x06,
    0x84, 0x07, 0x08, 0x07, 0x06, 0x07, 0x02, 0x08, 0x85, 0x0A, 0x0C, 0x0E, 0x4D, 0x52, 0xDA, 0x02,
    0xEE, 0x81, 0xDF, 0xD3, 0x02, 0xAF, 0x8D, 0xD1, 0xDF, 0xE6, 0xB0, 0xFB, 0xEA, 0xDF, 0xA8, 0x2A,
    0x26, 0x21, 0x20, 0x19, 0x26, 0x04, 0x1E, 0x81, 0x18, 0x1D, 0x29, 0x1E, 0x83, 0x1F, 0x1E, 0x23,
    0x1D, 0x02, 0x1E, 0x81, 0x1F, 0x19, 0x02, 0x1E, 0x84, 0x1F, 0x1E, 0x1F, 0x1E, 0x1F, 0x04, 0x1E,
    0x80, 0x23, 0x02, 0x17, 0x96, 0x2F, 0x55, 0x49, 0xD1, 0xEE, 0xEB, 0xF7, 0xE7, 0xFB, 0xF6, 0xFF,
    0xD2, 0xDF, 0xFF, 0xE2, 0xF6, 0xFF, 0xF6, 0xDB, 0xF5, 0xF6, 0x4E, 0x26, 0x02, 0x23, 0x8A, 0x35,
    0xF6, 0x53, 0x71, 0x7B, 0xFF, 0x7A, 0x59, 0xD2, 0x22, 0x31, 0x02, 0x1D, 0x81, 0x1E, 0x1D, 0x39,
    0x1E,
};
// clang-format on
