{
    "name": "minizone",
    "matrix": {"rows": 6, "cols": 7},
    "layouts": {
      "keymap" :
      [
        [
          {
            "r": 9,
            "rx": 1,
            "y": 0.15,
            "x": 2
          },
          "0,2"
        ],
        [
          {
            "y": -0.8999999999999999,
            "x": 1
          },
          "0,1",
          {
            "x": 1
          },
          "0,3"
        ],
        [
          {
            "y": -0.75
          },
          "0,0"
        ],
        [
          {
            "y": -0.9,
            "x": 4
          },
          "0,4"
        ],
        [
          {
            "y": -0.4500000000000002,
            "x": 2
          },
          "1,5"
        ],
        [
          {
            "y": -0.8999999999999999,
            "x": 1
          },
          "1,4",
          {
            "x": 1
          },
          "1,6"
        ],
        [
          {
            "y": -0.75
          },
          "1,3"
        ],
        [
          {
            "y": -0.8999999999999999,
            "x": 4
          },
          "2,0"
        ],
        [
          {
            "y": -0.4500000000000002,
            "x": 2
          },
          "3,1"
        ],
        [
          {
            "y": -0.8999999999999999,
            "x": 1
          },
          "3,0",
          {
            "x": 1
          },
          "3,2"
        ],
        [
          {
            "y": -0.75
          },
          "2,6"
        ],
        [
          {
            "y": -0.8999999999999999,
            "x": 4
          },
          "3,3"
        ],
        [
          {
            "y": -0.4500000000000002,
            "x": 2
          },
          "4,2"
        ],
        [
          {
            "y": -0.9000000000000004,
            "x": 3
          },
          "4,3"
        ],
        [
          {
            "y": -0.6499999999999999,
            "x": 4
          },
          "4,4",
          "4,5"
        ],
        [
          {
            "r": -9,
            "rx": 7,
            "ry": 0.965,
            "y": 0.04500000000000004,
            "x": 2
          },
          "1,0"
        ],
        [
          {
            "y": -0.895,
            "x": 1
          },
          "0,6",
          {
            "x": 1
          },
          "1,1"
        ],
        [
          {
            "y": -0.75,
            "x": 4
          },
          "1,2"
        ],
        [
          {
            "y": -0.8999999999999999
          },
          "0,5"
        ],
        [
          {
            "y": -0.45500000000000007,
            "x": 2
          },
          "2,3"
        ],
        [
          {
            "y": -0.895,
            "x": 1
          },
          "2,2",
          {
            "x": 1
          },
          "2,4"
        ],
        [
          {
            "y": -0.75,
            "x": 4
          },
          "2,5"
        ],
        [
          {
            "y": -0.8999999999999999
          },
          "2,1"
        ],
        [
          {
            "y": -0.45500000000000007,
            "x": 2
          },
          "3,6"
        ],
        [
          {
            "y": -0.895,
            "x": 1
          },
          "3,5",
          {
            "x": 1
          },
          "4,0"
        ],
        [
          {
            "y": -0.7500000000000004,
            "x": 4
          },
          "4,1"
        ],
        [
          {
            "y": -0.9000000000000004
          },
          "3,4"
        ],
        [
          {
            "y": -0.4450000000000003,
            "x": 2
          },
          "5,2"
        ],
        [
          {
            "y": -0.9049999999999994,
            "x": 1
          },
          "5,1"
        ],
        [
          {
            "y": -0.6500000000000004
          },
          "5,0"
        ],
        [
          {
            "y": -0.9950000000000001,
            "x": -1
          },
          "4,6"
        ]
      ]
    }
}
