{
  "name": "Keyboardio Atreus",
  "vendorId": "0x1209",
  "productId": "0x2303",
  "firmwareVersion": 0,
  "lighting": "none",
  "keycodes": [
    "via/keycodes"
  ],
  "menus": [
    "via/keymap",
    "via/layouts",
    "via/macros",
    "via/save_load"
  ],
  "matrix": {
    "rows": 4,
    "cols": 12
  },
  "layouts": {
    "keymap": [
      [
        {
          "r": 10,
          "rx": 1,
          "y": -0.09999999999999998,
          "x": 2
        },
        "0,2"
      ],
      [
        {
          "y": -0.65,
          "x": 1
        },
        "0,1",
        {
          "x": 1
        },
        "0,3"
      ],
      [
        {
          "y": -0.75
        },
        "0,0"
      ],
      [
        {
          "y": -0.9,
          "x": 4
        },
        "0,4"
      ],
      [
        {
          "y": -0.7000000000000001,
          "x": 2
        },
        "1,2"
      ],
      [
        {
          "y": -0.6499999999999999,
          "x": 1
        },
        "1,1",
        {
          "x": 1
        },
        "1,3"
      ],
      [
        {
          "y": -0.75
        },
        "1,0"
      ],
      [
        {
          "y": -0.8999999999999999,
          "x": 4
        },
        "1,4"
      ],
      [
        {
          "y": -0.7000000000000002,
          "x": 2
        },
        "2,2"
      ],
      [
        {
          "y": -0.6499999999999999,
          "x": 1
        },
        "2,1",
        {
          "x": 1
        },
        "2,3"
      ],
      [
        {
          "y": -0.8999999999999999,
          "x": 5
        },
        "2,5"
      ],
      [
        {
          "y": -0.8500000000000001
        },
        "2,0"
      ],
      [
        {
          "y": -0.8999999999999999,
          "x": 4
        },
        "2,4"
      ],
      [
        {
          "y": -0.7000000000000002,
          "x": 2
        },
        "3,2"
      ],
      [
        {
          "y": -0.6499999999999999,
          "x": 1
        },
        "3,1",
        {
          "x": 1
        },
        "3,3"
      ],
      [
        {
          "y": -0.8999999999999999,
          "x": 5
        },
        "3,5"
      ],
      [
        {
          "y": -0.8499999999999996
        },
        "3,0"
      ],
      [
        {
          "y": -0.8999999999999999,
          "x": 4
        },
        "3,4"
      ],
      [
        {
          "r": -10,
          "rx": 7,
          "ry": 0.965,
          "y": -0.20499999999999996,
          "x": 2.25
        },
        "0,9"
      ],
      [
        {
          "y": -0.6499999999999999,
          "x": 1.25
        },
        "0,8",
        {
          "x": 1
        },
        "0,10"
      ],
      [
        {
          "y": -0.7500000000000002,
          "x": 4.25
        },
        "0,11"
      ],
      [
        {
          "y": -0.8900000000000003,
          "x": 0.25
        },
        "0,7"
      ],
      [
        {
          "y": -0.7099999999999997,
          "x": 2.25
        },
        "1,9"
      ],
      [
        {
          "y": -0.6499999999999999,
          "x": 1.25
        },
        "1,8",
        {
          "x": 1
        },
        "1,10"
      ],
      [
        {
          "y": -0.75,
          "x": 4.25
        },
        "1,11"
      ],
      [
        {
          "y": -0.8899999999999997,
          "x": 0.25
        },
        "1,7"
      ],
      [
        {
          "y": -0.7100000000000004,
          "x": 2.25
        },
        "2,9"
      ],
      [
        {
          "y": -0.6399999999999997,
          "x": 1.25
        },
        "2,8",
        {
          "x": 1
        },
        "2,10"
      ],
      [
        {
          "y": -0.8999999999999999,
          "x": -0.75
        },
        "2,6"
      ],
      [
        {
          "y": -0.8500000000000005,
          "x": 4.25
        },
        "2,11"
      ],
      [
        {
          "y": -0.8999999999999999,
          "x": 0.25
        },
        "2,7"
      ],
      [
        {
          "y": -0.7000000000000006,
          "x": 2.25
        },
        "3,9"
      ],
      [
        {
          "y": -0.6499999999999995,
          "x": 1.25
        },
        "3,8",
        {
          "x": 1
        },
        "3,10"
      ],
      [
        {
          "y": -0.9000000000000004,
          "x": -0.75
        },
        "3,6"
      ],
      [
        {
          "y": -0.8499999999999996,
          "x": 4.25
        },
        "3,11"
      ],
      [
        {
          "y": -0.9000000000000004,
          "x": 0.25
        },
        "3,7"
      ]
    ]
  }
}
