{
  "name": "Basketweave",
  "vendorId": "0x6B62",
  "productId": "0x6869",
  "lighting": "none",
  "matrix": {
    "rows": 5,
    "cols": 16
  },
  "layouts": {
    "labels": [
      "Split Backspace"
    ],
    "keymap": [
      {
        "name": "Basketweave"
      },
      [
        {
          "y": 0.25,
          "x": 16.15,
          "c": "#aaaaaa"
        },
        "0,14\n\n\n0,1",
        "3,15\n\n\n0,1"
      ],
      [
        {
          "y": -0.10000000000000009,
          "x": 1.5,
          "c": "#777777"
        },
        "0,0",
        {
          "x": 16,
          "c": "#aaaaaa"
        },
        "0,15"
      ],
      [
        {
          "y": -0.95,
          "x": 4.75,
          "c": "#cccccc"
        },
        "0,3",
        {
          "x": 8.4
        },
        "0,12"
      ],
      [
        {
          "y": -0.9500000000000002,
          "x": 2.75
        },
        "0,1",
        "0,2",
        {
          "x": 10.4
        },
        "0,13",
        {
          "c": "#aaaaaa",
          "w": 2
        },
        "0,14\n\n\n0,0"
      ],
      [
        {
          "y": -0.75,
          "x": 0.25,
          "c": "#cccccc"
        },
        "0,1\n\n\n\n\n\n\n\n\ne",
        {
          "x": 18.5
        },
        "1,1\n\n\n\n\n\n\n\n\ne"
      ],
      [
        {
          "y": -0.3500000000000001,
          "x": 1.25
        },
        "1,0",
        {
          "x": 16.5,
          "c": "#aaaaaa"
        },
        "1,15"
      ],
      [
        {
          "y": -0.9499999999999997,
          "x": 14,
          "c": "#cccccc"
        },
        "1,11"
      ],
      [
        {
          "y": -0.9500000000000002,
          "x": 2.5,
          "c": "#aaaaaa",
          "w": 1.5
        },
        "1,1",
        {
          "c": "#cccccc"
        },
        "1,2",
        {
          "x": 10
        },
        "1,12",
        "1,13",
        {
          "w": 1.5
        },
        "1,14"
      ],
      [
        {
          "y": -0.75
        },
        "0,0\n\n\n\n\n\n\n\n\ne",
        {
          "x": 19
        },
        "1,0\n\n\n\n\n\n\n\n\ne"
      ],
      [
        {
          "y": -0.3500000000000001,
          "x": 1
        },
        "2,0",
        {
          "x": 17,
          "c": "#aaaaaa"
        },
        "2,15"
      ],
      [
        {
          "y": -0.9000000000000004,
          "x": 2.25,
          "w": 1.75
        },
        "2,1",
        {
          "c": "#cccccc"
        },
        "2,2",
        {
          "x": 9.4
        },
        "2,11",
        "2,12",
        {
          "c": "#777777",
          "w": 2.25
        },
        "2,13"
      ],
      [
        {
          "x": 2,
          "c": "#aaaaaa",
          "w": 2.25
        },
        "3,1",
        {
          "c": "#cccccc"
        },
        "3,2",
        {
          "x": 8.85
        },
        "3,11",
        "3,12",
        {
          "c": "#aaaaaa",
          "w": 1.75
        },
        "3,13"
      ],
      [
        {
          "y": -0.75,
          "x": 18.1,
          "c": "#777777"
        },
        "2,14"
      ],
      [
        {
          "y": -0.25,
          "x": 2,
          "c": "#aaaaaa",
          "w": 1.5
        },
        "4,1",
        {
          "x": 11.85,
          "w": 1.5
        },
        "4,11"
      ],
      [
        {
          "y": -0.75,
          "x": 17.1,
          "c": "#777777"
        },
        "4,12",
        {
          "x": 1
        },
        "3,14"
      ],
      [
        {
          "ry": 0.25,
          "y": 5.25,
          "x": 18.1
        },
        "4,13"
      ],
      [
        {
          "r": 12,
          "ry": 0,
          "x": 6.1,
          "c": "#cccccc"
        },
        "0,4",
        "0,5",
        "0,6",
        "0,7"
      ],
      [
        {
          "x": 5.6
        },
        "1,3",
        "1,4",
        "1,5",
        "1,6"
      ],
      [
        {
          "x": 5.85
        },
        "2,3",
        "2,4",
        "2,5",
        "2,6"
      ],
      [
        {
          "x": 6.3
        },
        "3,3",
        "3,4",
        "3,5",
        "3,6"
      ],
      [
        {
          "x": 7.55,
          "w": 2
        },
        "4,4",
        {
          "x": 0.049999999999998934,
          "c": "#aaaaaa",
          "w": 1.25
        },
        "4,6"
      ],
      [
        {
          "y": -0.8899999999999997,
          "x": 6,
          "w": 1.5
        },
        "4,2"
      ],
      [
        {
          "r": -12,
          "y": -1.0100000000000007,
          "x": 9.45,
          "c": "#cccccc"
        },
        "0,8",
        "0,9",
        "0,10",
        "0,11"
      ],
      [
        {
          "x": 9.05
        },
        "1,7",
        "1,8",
        "1,9",
        "1,10"
      ],
      [
        {
          "x": 9.2
        },
        "2,7",
        "2,8",
        "2,9",
        "2,10"
      ],
      [
        {
          "x": 8.75
        },
        "3,7",
        "3,8",
        "3,9",
        "3,10"
      ],
      [
        {
          "x": 8.75,
          "w": 2.75
        },
        "4,8"
      ],
      [
        {
          "y": -0.9000000000000004,
          "x": 11.55,
          "c": "#aaaaaa",
          "w": 1.5
        },
        "4,10"
      ]
    ]
  }
}
