{
    "lighting": "none",
    "matrix": {
        "rows": 10,
        "cols": 7
    },
    "layouts": {
        "keymap": [
            [
                {
                    "x": 4
                },
                "0,3",
                {
                    "x": 10.5
                },
                "5,3"
            ],
            [
                {
                    "y": -0.87,
                    "x": 3
                },
                "0,2",
                {
                    "x": 1
                },
                "0,4",
                {
                    "x": 8.5
                },
                "5,4",
                {
                    "x": 1
                },
                "5,2"
            ],
            [
                {
                    "y": -0.8799999999999999,
                    "x": 6
                },
                "0,5",
                {
                    "x": 6.5
                },
                "5,5"
            ],
            [
                {
                    "y": -0.87,
                    "x": 1
                },
                "0,0",
                "0,1",
                {
                    "x": 14.5
                },
                "5,1",
                "5,0"
            ],
            [
                {
                    "y": -0.3799999999999999,
                    "x": 4
                },
                "1,3",
                {
                    "x": 10.5
                },
                "6,3"
            ],
            [
                {
                    "y": -0.8700000000000001,
                    "x": 3
                },
                "1,2",
                {
                    "x": 1
                },
                "1,4",
                {
                    "x": 8.5
                },
                "6,4",
                {
                    "x": 1
                },
                "6,2"
            ],
            [
                {
                    "y": -0.8799999999999999,
                    "x": 6
                },
                "1,5",
                {
                    "x": 6.5
                },
                "6,5"
            ],
            [
                {
                    "y": -0.8700000000000001,
                    "x": 1
                },
                "1,0",
                "1,1",
                {
                    "x": 14.5
                },
                "6,1",
                "6,0"
            ],
            [
                {
                    "y": -0.3799999999999999,
                    "x": 4
                },
                "2,3",
                {
                    "x": 10.5
                },
                "7,3"
            ],
            [
                {
                    "y": -0.8700000000000001,
                    "x": 3
                },
                "2,2",
                {
                    "x": 1
                },
                "2,4",
                {
                    "x": 8.5
                },
                "7,4",
                {
                    "x": 1
                },
                "7,2"
            ],
            [
                {
                    "y": -0.8799999999999999,
                    "x": 6
                },
                "2,5",
                {
                    "x": 6.5
                },
                "7,5"
            ],
            [
                {
                    "y": -0.8700000000000001
                },
                "4,0",
                "2,0",
                "2,1",
                {
                    "x": 14.5
                },
                "7,1",
                "7,0",
                "9,0"
            ],
            [
                {
                    "y": -0.3799999999999999,
                    "x": 4
                },
                "3,3",
                {
                    "x": 10.5
                },
                "8,3"
            ],
            [
                {
                    "y": -0.8700000000000001,
                    "x": 3
                },
                "3,2",
                {
                    "x": 1
                },
                "3,4",
                {
                    "x": 8.5
                },
                "8,4",
                {
                    "x": 1
                },
                "8,2"
            ],
            [
                {
                    "y": -0.8799999999999999,
                    "x": 6
                },
                "3,5",
                {
                    "x": 6.5
                },
                "8,5"
            ],
            [
                {
                    "y": -0.8700000000000001,
                    "x": 1
                },
                "3,0",
                "3,1",
                {
                    "x": 14.5
                },
                "8,1",
                "8,0"
            ],
            [
                {
                    "y": -0.22999999999999954,
                    "x": 3.4
                },
                "4,2",
                {
                    "x": 0.09999999999999964
                },
                "4,3",
                {
                    "x": 10.600000000000001
                },
                "9,2"
            ],
            [
                {
                    "x": 2.9
                },
                "0,0\n\n\n\n\n\n\n\n\ne",
                "0,1\n\n\n\n\n\n\n\n\ne",
                {
                    "x": 10.6
                },
                "1,0\n\n\n\n\n\n\n\n\ne",
                "1,1\n\n\n\n\n\n\n\n\ne"
            ],
            [
                {
                    "rx": 13,
                    "ry": 4.25,
                    "y": -0.09999999999999964,
                    "x": 2
                },
                "9,3"
            ],
            [
                {
                    "r": 15,
                    "rx": 5.25,
                    "ry": 5.25,
                    "y": -1.12,
                    "x": 0.25
                },
                "4,4"
            ],
            [
                {
                    "r": 30,
                    "rx": 6.5,
                    "ry": 4.25,
                    "y": -1.0499999999999998,
                    "x": 0.5999999999999996
                },
                "3,6"
            ],
            [
                {
                    "ry": 5.5,
                    "y": -1.0499999999999998
                },
                "4,5"
            ],
            [
                {
                    "r": 45,
                    "y": -1.25,
                    "x": 1
                },
                "4,6"
            ],
            [
                {
                    "rx": 7.6,
                    "ry": 4.25,
                    "y": -0.75,
                    "x": 1.0999999999999996
                },
                "2,6"
            ],
            [
                {
                    "r": -45,
                    "rx": 12.25,
                    "y": -0.2999999999999998,
                    "x": -1.6999999999999993,
                    "w2": 0.75
                },
                "7,6"
            ],
            [
                {
                    "rx": 12.5,
                    "ry": 5.5,
                    "y": -0.25,
                    "x": -0.9499999999999993
                },
                "9,6"
            ],
            [
                {
                    "r": -30,
                    "rx": 13,
                    "ry": 3.25,
                    "y": 1.4500000000000002,
                    "x": -1.25
                },
                "9,5"
            ],
            [
                {
                    "ry": 4.25,
                    "y": -0.5499999999999998,
                    "x": -0.6999999999999993
                },
                "8,6"
            ],
            [
                {
                    "r": -15,