{
  "matrix": {
    "rows": 8,
    "cols": 6
  },
  "layouts": {
    "keymap": [
  [
    {
      "x": 3
    },
    "0,3",
    {
      "x": 7.5
    },
    "4,3"
  ],
  [
    {
      "y": -0.6799999999999999,
      "x": 4
    },
    "0,4",
    {
      "x": 5.5
    },
    "4,4"
  ],
  [
    {
      "y": -0.9100000000000001,
      "x": 2
    },
    "0,2",
    {
      "x": 9.5
    },
    "4,2"
  ],
  [
    {
      "y": -0.94,
      "x": 5
    },
    "0,5",
    {
      "x": 3.5
    },
    "4,5"
  ],
  [
    {
      "y": -0.47,
      "x": 3
    },
    "1,3",
    {
      "x": 7.5
    },
    "5,3"
  ],
  [
    {
      "y": -0.8799999999999999
    },
    "0,0",
    "0,1",
    {
      "x": 11.5
    },
    "4,1",
    "4,0"
  ],
  [
    {
      "y": -0.8,
      "x": 4
    },
    "1,4",
    {
      "x": 5.5
    },
    "5,4"
  ],
  [
    {
      "y": -0.9100000000000004,
      "x": 2
    },
    "1,2",
    {
      "x": 9.5
    },
    "5,2"
  ],
  [
    {
      "y": -0.9400000000000002,
      "x": 5
    },
    "1,5",
    {
      "x": 3.5
    },
    "5,5"
  ],
  [
    {
      "y": -0.46999999999999975,
      "x": 3
    },
    "2,3",
    {
      "x": 7.5
    },
    "6,3"
  ],
  [
    {
      "y": -0.8799999999999999
    },
    "1,0",
    "1,1",
    {
      "x": 11.5
    },
    "5,1",
    "5,0"
  ],
  [
    {
      "y": -0.8000000000000003,
      "x": 4
    },
    "2,4",
    {
      "x": 5.5
    },
    "6,4"
  ],
  [
    {
      "y": -0.9099999999999997,
      "x": 2
    },
    "2,2",
    {
      "x": 9.5
    },
    "6,2"
  ],
  [
    {
      "y": -0.94,
      "x": 5
    },
    "2,5",
    {
      "x": 3.5
    },
    "6,5"
  ],
  [
    {
      "y": -0.3500000000000001
    },
    "2,0",
    "2,1",
    {
      "x": 11.5
    },
    "6,1",
    "6,0"
  ],
  [
    {
      "rx": 3.92,
      "ry": 8.1,
      "y": -4.779999999999999,
      "x": -0.5
    },
    "3,1"
  ],
  [
    {
      "rx": 11.6,
      "y": -4.779999999999999,
      "x": -0.5
    },
    "7,1"
  ],
  [
    {
      "r": 15,
      "rx": 3.92,
      "y": -4.779999999999999,
      "x": -0.5
    },
    "3,2"
  ],
  [
    {
      "r": 30,
      "y": -2.0000000000000004,
      "x": -0.5
    },
    "3,5"
  ],
  [
    {
      "x": -0.5
    },
    "3,3"
  ],
  [
    {
      "r": 45,
      "y": -1.0000000000000004,
      "x": -0.5
    },
    "3,4"
  ],
  [
    {
      "r": -45,
      "rx": 11.6,
      "y": -4.779999999999999,
      "x": -0.5
    },
    "7,4"
  ],
  [
    {
      "r": -30,
      "y": -2.0000000000000004,
      "x": -0.5
    },
    "7,5"
  ],
  [
    {
      "x": -0.5
    },
    "7,3"
  ],
  [
    {
      "r": -15,
      "y": -1.0000000000000004,
      "x": -0.5
    },
    "7,2"
  ]
]
  }
}
