{
	"lighting": "none",
	"matrix": {
		"rows": 6,
		"cols": 15 
	},
	"layouts": {
		"labels": [
			"Split Backspace",
			"Full Right Shift",
			[
				"Bottom Row",
				"2U Left Space",
				"2.25U Left Space"
			]
		],
		"keymap": 
		[
			[
				{
					"y": 0.15,
					"x": 15.15
				},
				"0,13\n\n\n0,1",
				{
					"c": "#aaaaaa"
				},
				"0,14\n\n\n0,1"
			],
			[
				{
					"x": 0.55
				},
				"5,0"
			],
			[
				{
					"y": -0.95,
					"x": 3.7,
					"c": "#cccccc"
				},
				"0,2",
				{
					"x": 8.45
				},
				"0,11"
			],
			[
				{
					"y": -0.9500000000000002,
					"x": 1.7,
					"c": "#777777"
				},
				"0,0",
				{
					"c": "#cccccc"
				},
				"0,1",
				{
					"x": 10.45
				},
				"0,12",
				{
					"x": 1.7763568394002505e-15,
					"c": "#aaaaaa",
					"w": 2
				},
				"0,14\n\n\n0,0"
			],
			[
				{
					"y": -0.10000000000000009,
					"x": 0.35
				},
				"5,1"
			],
			[
				{
					"y": -0.9499999999999997,
					"x": 13,
					"c": "#cccccc"
				},
				"1,10"
			],
			[
				{
					"y": -0.9500000000000002,
					"x": 1.5,
					"c": "#aaaaaa",
					"w": 1.5
				},
				"1,0",
				{
					"c": "#cccccc"
				},
				"1,1",
				{
					"x": 10
				},
				"1,11",
				"1,12",
				{
					"c": "#aaaaaa",
					"w": 1.5
				},
				"1,13"
			],
			[
				{
					"y": -0.10000000000000009,
					"x": 0.15
				},
				"5,2"
			],
			[
				{
					"y": -0.9000000000000004,
					"x": 13.4,
					"c": "#cccccc"
				},
				"2,10",
				"2,11",
				{
					"c": "#777777",
					"w": 2.25
				},
				"2,12"
			],
			[
				{
					"y": -0.9999999999999996,
					"x": 1.3,
					"c": "#aaaaaa",
					"w": 1.75
				},
				"2,0",
				{
					"c": "#cccccc"
				},
				"2,1"
			],
			[
				{
					"x": 1.05,
					"c": "#aaaaaa",
					"w": 2.25
				},
				"3,0",
				{
					"c": "#cccccc"
				},
				"3,1",
				{
					"x": 8.8
				},
				"3,10",
				{
					"x": -1.7763568394002505e-15
				},
				"3,11",
				{
					"c": "#aaaaaa",
					"w": 1.75
				},
				"3,12\n\n\n1,0",
				"3,13\n\n\n1,0",
				{
					"x": 0.14999999999999858,
					"w": 2.75
				},
				"3,12\n\n\n1,1"
			],
			[
				{
					"x": 1.05,
					"w": 1.5
				},
				"4,0",
				{
					"x": 13.45,
					"w": 1.5
				},
				"4,8"
			],
			[
				{
					"r": 12,
					"y": -6,
					"x": 5.05,
					"c": "#cccccc"
				},
				"0,3",
				"0,4",
				"0,5",
				"0,6"
			],
			[
				{
					"x": 4.6
				},
				"1,2",
				"1,3",
				"1,4",
				"1,5"
			],
			[
				{
					"x": 4.85
				},
				"2,2",
				"2,3",
				"2,4",
				"2,5"
			],
			[
				{
					"x": 5.3
				},
				"3,2",
				"3,3",
				"3,4",
				"3,5"
			],
			[
				{
					"x": 6.6,
					"c": "#777777",
					"w": 2
				},
				"4,2\n\n\n2,0",
				{
					"c": "#aaaaaa",
					"w": 1.25
				},
				"4,3\n\n\n2,0"
			],
			[
				{
					"y": -0.9500000000000002,
					"x": 5.05,
					"w": 1.5
				},
				"4,1"
			],
			[
				{
					"y": 0.04999999999999982,
					"x": 6.6,
					"c": "#777777",
					"w": 2.25
				},
				"4,2\n\n\n2,1",
				{
					"c": "#aaaaaa"
				},
				"4,3\n\n\n2,1"
			],
			[
				{
					"r": -12,
					"y": -2.4999999999999996,
					"x": 8.45,
					"c": "#cccccc"
				},
				"0,7",
				"0,8",
				"0,9",
				"0,10"
			],
			[
				{
					"x": 8.05
				},
				"1,6",
				"1,7",
				"1,8",
				"1,9"
			],
			[
				{
					"x": 8.2
				},
				"2,6",
				"2,7",
				"2,8",
				"2,9"
			],
			[
				{
					"x": 7.75
				},
				"3,6",
				"3,7",
				"3,8",
				"3,9"
			],
			[
				{
					"x": 7.75,
					"c": "#777777",
					"w": 2.75
				},
				"4,6"
			],
			[
				{
					"y": -0.9499999999999993,
					"x": 10.55,
					"c": "#aaaaaa",
					"w": 1.5
				},
				"4,7"
			]
		]
	}
}
