{
    "lighting": "vialrgb",
    "matrix": {
        "rows": 8,
        "cols": 6
    },
    "layouts": {
        "keymap":[
            [
              {
                "x": 3
              },
              "0,3",
              {
                "x": 6.5
              },
              "4,2"
            ],
            [
              {
                "y": -0.8900000000000001,
                "x": 4
              },
              "0,4",
              {
                "x": 4.5
              },
              "4,1",
              {
                "x": 1
              },
              "4,3"
            ],
            [
              {
                "y": -0.9999999999999999,
                "x": 2
              },
              "0,2"
            ],
            [
              {
                "y": -0.86,
                "x": 5
              },
              "0,5",
              {
                "x": 2.5
              },
              "4,0"
            ],
            [
              {
                "y": -0.89
              },
              "0,0",
              "0,1",
              {
                "x": 10.5
              },
              "4,4",
              "4,5"
            ],
            [
              {
                "y": -0.36,
                "x": 3
              },
              "1,3",
              {
                "x": 6.5
              },
              "5,2"
            ],
            [
              {
                "y": -0.8900000000000001,
                "x": 2
              },
              "1,2",
              {
                "x": 1
              },
              "1,4",
              {
                "x": 4.5
              },
              "5,1",
              {
                "x": 1
              },
              "5,3"
            ],
            [
              {
                "y": -0.8599999999999999,
                "x": 5
              },
              "1,5",
              {
                "x": 2.5
              },
              "5,0"
            ],
            [
              {
                "y": -0.8900000000000001
              },
              "1,0",
              "1,1",
              {
                "x": 10.5
              },
              "5,4",
              "5,5"
            ],
            [
              {
                "y": -0.3599999999999999,
                "x": 3
              },
              "2,3",
              {
                "x": 6.5
              },
              "6,2"
            ],
            [
              {
                "y": -0.8900000000000001,
                "x": 2
              },
              "2,2",
              {
                "x": 1
              },
              "2,4",
              {
                "x": 4.5
              },
              "6,1",
              {
                "x": 1
              },
              "6,3"
            ],
            [
              {
                "y": -0.8599999999999999,
                "x": 5
              },
              "2,5",
              {
                "x": 2.5
              },
              "6,0"
            ],
            [
              {
                "y": -0.8900000000000001
              },
              "2,0",
              "2,1",
              {
                "x": 10.5
              },
              "6,4",
              "6,5"
            ],
            [
              {
                "y": -0.20999999999999996,
                "x": 3.48
              },
              "3,3",
              {
                "x": 5.539999999999999
              },
              "7,2"
            ],
            [
              {
                "r": 15,
                "rx": 6,
                "ry": 3.2,
                "y": 0.33000000000000007,
                "x": -1.21
              },
              "3,4"
            ],
            [
              {
                "r": 30,
                "y": -1.56,
                "x": 0.13999999999999968,
                "h": 1.5
              },
              "3,5"
            ],
            [
              {
                "r": -30,
                "rx": 8.5,
                "y": -0.22999999999999998,
                "x": -1.1399999999999997,
                "h": 1.5
              },
              "7,0"
            ],
            [
              {
                "r": -15,
                "y": -0.43999999999999995,
                "x": 0.21000000000000085
              },
              "7,1"
            ]
          ]
    }
}